State,County,year,congestion_events,avg_severity,avg_delay_typical,avg_delay_freeflow,slow_events,moderate_events,fast_events,slow_event_percentage
AL,Autauga,2017,29,1.31,3.33,4.01,6,9,14,20.69
AL,Autauga,2018,74,1.42,3.28,3.5,14,19,41,18.92
AL,Autauga,2019,62,1.29,2.74,2.76,16,12,34,25.81
AL,Autauga,2020,15,0.93,2.87,2.87,1,8,6,6.67
AL,Autauga,2021,29,1.38,3.03,3.03,1,10,18,3.45
AL,Autauga,2022,14,1.5,5.5,5.5,0,6,8,0.0
AL,Baldwin,2017,147,1.23,2.53,2.81,13,32,102,8.84
AL,Baldwin,2018,588,1.15,2.2,2.56,23,133,432,3.91
AL,Baldwin,2019,370,1.31,3.12,3.34,122,91,157,32.97
AL,Baldwin,2020,182,0.81,4.41,4.72,18,90,74,9.89
AL,Baldwin,2021,279,1.02,4.0,4.27,26,87,166,9.32
AL,Baldwin,2022,143,1.26,4.43,4.74,7,35,101,4.9
AL,Barbour,2016,13,1.62,3.66,3.78,1,9,3,7.69
AL,Barbour,2017,20,1.55,3.95,4.02,3,10,7,15.0
AL,Barbour,2018,24,1.38,4.05,4.08,5,13,6,20.83
AL,Barbour,2019,14,1.43,4.83,4.92,5,5,4,35.71
AL,Barbour,2020,10,1.0,5.6,5.8,2,1,7,20.0
AL,Barbour,2021,9,1.44,6.44,6.78,1,3,5,11.11
AL,Barbour,2022,6,1.0,5.83,6.0,1,3,2,16.67
AL,Bibb,2017,7,1.43,1.47,1.89,6,0,1,85.71
AL,Bibb,2018,24,1.88,2.94,3.25,6,6,12,25.0
AL,Bibb,2019,8,1.12,4.49,4.62,2,3,3,25.0
AL,Bibb,2020,9,1.56,12.0,12.11,3,2,4,33.33
AL,Bibb,2021,3,1.0,2.33,2.67,2,0,1,66.67
AL,Blount,2017,22,1.73,3.55,3.61,3,11,8,13.64
AL,Blount,2018,28,1.18,2.43,2.46,4,7,17,14.29
AL,Blount,2019,27,1.52,2.85,2.85,6,11,10,22.22
AL,Blount,2020,7,1.14,7.43,7.29,0,1,6,0.0
AL,Blount,2021,8,0.62,4.0,4.12,0,0,8,0.0
AL,Blount,2022,1,1.0,3.0,4.0,0,0,1,0.0
AL,Bullock,2017,1,1.0,9.17,9.05,0,0,1,0.0
AL,Bullock,2018,21,1.62,6.45,6.47,11,6,4,52.38
AL,Bullock,2019,6,1.33,11.73,11.73,2,1,3,33.33
AL,Bullock,2020,6,1.17,6.5,6.67,2,2,2,33.33
AL,Bullock,2021,4,1.0,4.25,4.0,0,1,3,0.0
AL,Bullock,2022,1,1.0,7.0,7.0,0,0,1,0.0
AL,Butler,2017,9,1.22,2.5,2.63,0,4,5,0.0
AL,Butler,2018,84,1.48,2.92,3.0,9,25,50,10.71
AL,Butler,2019,75,1.55,1.94,1.95,44,6,25,58.67
AL,Butler,2020,14,1.29,5.79,5.79,1,4,9,7.14
AL,Butler,2021,29,1.34,4.17,4.21,3,11,15,10.34
AL,Butler,2022,13,1.92,3.46,3.46,4,7,2,30.77
AL,Calhoun,2017,23,1.61,3.67,3.73,6,6,11,26.09
AL,Calhoun,2018,67,1.72,7.66,7.7,20,28,19,29.85
AL,Calhoun,2019,29,1.1,6.15,6.22,14,7,8,48.28
AL,Calhoun,2020,11,1.18,7.36,7.45,5,1,5,45.45
AL,Calhoun,2021,30,1.37,5.07,5.3,2,12,16,6.67
AL,Calhoun,2022,4,1.25,4.75,4.75,0,1,3,0.0
AL,Chambers,2016,2,1.5,0.46,0.51,1,1,0,50.0
AL,Chambers,2017,20,1.6,4.73,4.75,8,3,9,40.0
AL,Chambers,2018,18,1.22,2.84,2.89,1,4,13,5.56
AL,Chambers,2019,6,1.17,8.68,8.68,2,3,1,33.33
AL,Chambers,2020,15,1.6,6.8,6.8,3,5,7,20.0
AL,Chambers,2021,3,1.33,4.0,4.0,0,1,2,0.0
AL,Chambers,2022,3,2.0,9.67,9.67,0,2,1,0.0
AL,Cherokee,2017,11,1.73,5.2,5.25,3,5,3,27.27
AL,Cherokee,2018,12,1.67,7.24,7.43,3,4,5,25.0
AL,Cherokee,2019,8,1.75,8.03,8.05,2,4,2,25.0
AL,Cherokee,2020,4,1.25,13.75,14.25,1,2,1,25.0
AL,Cherokee,2021,3,1.67,6.67,6.67,1,0,2,33.33
AL,Cherokee,2022,4,1.25,5.75,5.75,0,1,3,0.0
AL,Chilton,2017,40,1.7,3.39,3.52,2,9,29,5.0
AL,Chilton,2018,99,1.55,3.82,3.99,5,23,71,5.05
AL,Chilton,2019,102,1.32,3.3,3.39,28,14,60,27.45
AL,Chilton,2020,26,1.42,7.46,7.5,2,9,15,7.69
AL,Chilton,2021,79,1.35,3.8,3.86,0,23,56,0.0
AL,Chilton,2022,38,1.61,6.45,6.45,2,14,22,5.26
AL,Choctaw,2017,4,1.25,2.35,2.35,0,0,4,0.0
AL,Choctaw,2018,10,1.1,2.64,2.65,1,4,5,10.0
AL,Choctaw,2019,6,0.83,8.22,8.56,0,3,3,0.0
AL,Choctaw,2020,6,0.83,4.5,4.67,0,0,6,0.0
AL,Choctaw,2021,2,1.0,4.5,4.5,0,1,1,0.0
AL,Choctaw,2022,3,0.67,6.0,5.67,0,2,1,0.0
AL,Clarke,2017,22,1.55,4.71,4.72,1,8,13,4.55
AL,Clarke,2018,37,1.49,3.71,3.74,3,10,24,8.11
AL,Clarke,2019,17,1.12,4.91,4.99,4,5,8,23.53
AL,Clarke,2020,11,1.36,5.36,5.64,2,2,7,18.18
AL,Clarke,2021,8,1.38,4.38,4.38,1,2,5,12.5
AL,Clarke,2022,3,1.67,10.0,10.0,0,1,2,0.0
AL,Clay,2017,1,2.0,0.0,0.03,1,0,0,100.0
AL,Clay,2018,4,1.25,4.46,4.48,0,0,4,0.0
AL,Clay,2019,2,1.0,4.5,5.0,0,0,2,0.0
AL,Clay,2020,3,0.67,3.67,4.0,1,1,1,33.33
AL,Clay,2021,2,0.5,4.0,4.0,0,0,2,0.0
AL,Cleburne,2017,10,1.5,5.11,5.12,0,6,4,0.0
AL,Cleburne,2018,20,1.4,2.72,2.72,3,0,17,15.0
AL,Cleburne,2019,28,1.57,3.45,3.45,8,5,15,28.57
AL,Cleburne,2020,18,1.39,8.83,8.83,0,11,7,0.0
AL,Cleburne,2021,5,1.6,5.8,6.2,0,3,2,0.0
AL,Cleburne,2022,2,2.0,7.5,7.5,0,1,1,0.0
AL,Coffee,2017,6,1.67,7.39,7.48,5,1,0,83.33
AL,Coffee,2018,21,1.62,5.48,5.55,15,4,2,71.43
AL,Coffee,2019,27,1.11,5.45,5.57,11,9,7,40.74
AL,Coffee,2020,9,0.89,4.67,4.78,1,4,4,11.11
AL,Coffee,2021,9,1.0,4.67,5.11,2,3,4,22.22
AL,Coffee,2022,2,1.0,8.0,8.0,1,1,0,50.0
AL,Colbert,2017,17,1.47,3.83,3.88,5,7,5,29.41
AL,Colbert,2018,46,1.3,3.62,3.68,13,21,12,28.26
AL,Colbert,2019,30,1.07,4.27,4.37,8,3,19,26.67
AL,Colbert,2020,14,0.93,5.86,5.86,0,5,9,0.0
AL,Colbert,2021,21,1.1,2.1,2.24,1,17,3,4.76
AL,Colbert,2022,22,0.77,5.18,5.32,0,6,16,0.0
AL,Conecuh,2017,5,1.8,3.47,3.47,1,2,2,20.0
AL,Conecuh,2018,51,1.76,3.87,3.88,7,14,30,13.73
AL,Conecuh,2019,95,1.64,2.88,2.89,31,12,52,32.63
AL,Conecuh,2020,8,1.25,7.12,7.12,4,2,2,50.0
AL,Conecuh,2021,13,1.46,5.54,5.69,2,3,8,15.38
AL,Conecuh,2022,9,1.0,3.89,4.0,1,3,5,11.11
AL,Coosa,2017,10,1.2,3.48,3.49,1,0,9,10.0
AL,Coosa,2018,6,1.17,3.09,3.09,1,0,5,16.67
AL,Coosa,2019,15,1.27,4.71,4.71,2,4,9,13.33
AL,Coosa,2020,4,0.75,5.0,5.25,1,0,3,25.0
AL,Coosa,2021,2,0.5,5.0,5.5,2,0,0,100.0
AL,Coosa,2022,1,0.0,4.0,4.0,0,0,1,0.0
AL,Covington,2017,15,1.67,4.49,4.55,5,4,6,33.33
AL,Covington,2018,30,1.6,6.12,6.18,4,11,15,13.33
AL,Covington,2019,20,0.95,6.16,6.31,4,7,9,20.0
AL,Covington,2020,16,0.56,3.38,3.56,4,5,7,25.0
AL,Covington,2021,2,1.0,8.0,8.5,2,0,0,100.0
AL,Covington,2022,3,0.33,2.0,2.67,0,1,2,0.0
AL,Crenshaw,2017,7,1.57,6.58,6.61,2,2,3,28.57
AL,Crenshaw,2018,38,1.34,5.34,5.38,5,16,17,13.16
AL,Crenshaw,2019,4,2.0,8.94,8.94,2,2,0,50.0
AL,Crenshaw,2020,10,1.0,7.4,7.5,2,4,4,20.0
AL,Crenshaw,2021,1,2.0,7.0,7.0,0,0,1,0.0
AL,Cullman,2017,67,1.37,3.02,3.18,14,26,27,20.9
AL,Cullman,2018,149,1.3,3.58,3.75,27,63,59,18.12
AL,Cullman,2019,116,1.5,3.05,3.1,43,14,59,37.07
AL,Cullman,2020,40,1.25,5.0,5.22,6,11,23,15.0
AL,Cullman,2021,45,1.53,4.76,4.84,3,15,27,6.67
AL,Cullman,2022,21,1.67,5.52,5.57,1,6,14,4.76
AL,Dale,2017,12,1.5,5.03,5.13,1,4,7,8.33
AL,Dale,2018,27,1.41,2.74,2.93,3,6,18,11.11
AL,Dale,2019,30,1.07,3.26,3.34,6,7,17,20.0
AL,Dale,2020,13,0.69,4.15,4.54,2,5,6,15.38
AL,Dale,2021,2,0.0,4.0,4.0,0,0,2,0.0
AL,Dale,2022,3,1.33,3.0,3.0,0,3,0,0.0
AL,Dallas,2017,15,1.2,6.97,7.22,0,6,9,0.0
AL,Dallas,2018,30,1.53,5.79,5.81,5,8,17,16.67
AL,Dallas,2019,24,1.33,5.69,5.83,5,5,14,20.83
AL,Dallas,2020,9,0.89,6.67,6.78,1,4,4,11.11
AL,Dallas,2021,5,1.4,4.8,6.0,1,3,1,20.0
AL,Dallas,2022,1,1.0,1.0,1.0,0,0,1,0.0
AL,De Kalb,2017,1,1.0,0.0,0.05,0,1,0,0.0
AL,De Kalb,2018,1,1.0,0.8,0.83,0,0,1,0.0
AL,DeKalb,2017,9,1.44,3.78,3.85,1,4,4,11.11
AL,DeKalb,2018,27,1.7,3.21,3.52,7,12,8,25.93
AL,DeKalb,2019,53,1.57,2.7,2.78,21,18,14,39.62
AL,DeKalb,2020,18,1.28,7.39,7.94,1,11,6,5.56
AL,DeKalb,2021,21,1.52,2.86,3.9,0,14,7,0.0
AL,DeKalb,2022,7,1.71,6.29,6.43,0,3,4,0.0
AL,Dekalb,2022,13,0.92,4.92,4.92,3,5,5,23.08
AL,Elmore,2017,15,1.33,4.31,4.6,6,3,6,40.0
AL,Elmore,2018,47,1.3,3.34,3.63,3,17,27,6.38
AL,Elmore,2019,32,1.12,3.11,3.22,13,10,9,40.62
AL,Elmore,2020,24,0.62,3.21,3.46,6,13,5,25.0
AL,Elmore,2021,12,1.0,4.58,5.5,1,7,4,8.33
AL,Elmore,2022,8,0.75,7.38,7.62,1,2,5,12.5
AL,Escambia,2017,38,1.37,2.62,2.7,4,9,25,10.53
AL,Escambia,2018,39,1.72,3.72,3.77,7,5,27,17.95
AL,Escambia,2019,84,1.57,2.85,2.87,32,7,45,38.1
AL,Escambia,2020,24,1.46,5.25,5.46,3,7,14,12.5
AL,Escambia,2021,10,0.7,3.5,3.5,2,1,7,20.0
AL,Escambia,2022,7,1.29,3.0,3.0,2,2,3,28.57
AL,Etowah,2017,27,1.59,3.76,4.23,7,15,5,25.93
AL,Etowah,2018,97,1.71,3.64,4.12,27,40,30,27.84
AL,Etowah,2019,43,1.26,2.35,2.7,17,14,12,39.53
AL,Etowah,2020,11,0.91,4.64,4.91,0,6,5,0.0
AL,Etowah,2021,21,0.57,4.14,4.48,2,10,9,9.52
AL,Etowah,2022,13,1.23,6.69,6.77,2,10,1,15.38
AL,Fayette,2017,2,1.5,4.46,4.93,0,0,2,0.0
AL,Fayette,2018,5,1.4,4.91,4.93,0,3,2,0.0
AL,Fayette,2019,7,1.0,9.77,9.78,2,1,4,28.57
AL,Fayette,2020,7,0.71,5.57,5.71,1,1,5,14.29
AL,Fayette,2022,1,1.0,5.0,5.0,0,1,0,0.0
AL,Franklin,2017,6,1.5,7.04,7.17,2,1,3,33.33
AL,Franklin,2018,9,1.11,2.04,2.11,2,4,3,22.22
AL,Franklin,2019,11,0.91,6.49,6.67,1,4,6,9.09
AL,Franklin,2020,6,1.17,5.5,6.5,1,2,3,16.67
AL,Franklin,2021,11,1.09,3.45,3.55,1,5,5,9.09
AL,Franklin,2022,3,0.67,3.0,5.67,0,2,1,0.0
AL,Geneva,2017,6,1.33,4.7,4.77,1,1,4,16.67
AL,Geneva,2018,12,1.08,7.45,7.5,2,1,9,16.67
AL,Geneva,2019,14,0.93,5.29,5.32,0,2,12,0.0
AL,Geneva,2020,4,0.75,5.5,5.5,1,2,1,25.0
AL,Geneva,2021,2,0.5,4.5,5.0,1,0,1,50.0
AL,Geneva,2022,4,0.5,5.75,5.75,0,2,2,0.0
AL,Greene,2017,3,1.67,10.99,11.17,2,0,1,66.67
AL,Greene,2018,20,1.55,4.03,4.06,5,5,10,25.0
AL,Greene,2019,15,1.4,4.66,4.73,3,3,9,20.0
AL,Greene,2020,14,1.64,6.43,6.43,0,5,9,0.0
AL,Greene,2021,6,1.17,4.17,4.17,0,2,4,0.0
AL,Greene,2022,7,1.29,5.71,6.0,0,3,4,0.0
AL,Hale,2017,4,1.0,5.91,6.02,0,1,3,0.0
AL,Hale,2018,12,1.08,7.23,7.28,1,4,7,8.33
AL,Hale,2019,7,0.43,3.06,3.18,2,2,3,28.57
AL,Hale,2020,12,0.5,4.92,4.92,2,0,10,16.67
AL,Hale,2021,1,0.0,4.0,4.0,0,0,1,0.0
AL,Hale,2022,4,0.25,3.75,4.0,0,1,3,0.0
AL,Henry,2016,1,0.0,0.0,0.0,0,0,1,0.0
AL,Henry,2017,5,1.4,4.6,4.64,0,1,4,0.0
AL,Henry,2018,22,1.45,3.23,3.24,4,4,14,18.18
AL,Henry,2019,7,1.57,10.39,10.53,4,1,2,57.14
AL,Henry,2020,13,0.77,4.77,5.0,3,3,7,23.08
AL,Henry,2021,8,1.0,5.5,5.88,0,0,8,0.0
AL,Henry,2022,2,1.0,6.0,6.0,0,1,1,0.0
AL,Houston,2017,66,1.29,1.94,2.24,10,30,26,15.15
AL,Houston,2018,133,1.28,2.17,2.55,28,79,26,21.05
AL,Houston,2019,51,1.29,3.73,3.95,20,18,13,39.22
AL,Houston,2020,34,1.76,1.47,3.35,0,27,7,0.0
AL,Houston,2021,44,1.73,2.2,3.7,0,30,14,0.0
AL,Houston,2022,3,1.0,4.0,4.67,1,1,1,33.33
AL,Jackson,2017,20,1.5,4.38,4.42,9,5,6,45.0
AL,Jackson,2018,27,1.41,5.57,5.71,6,11,10,22.22
AL,Jackson,2019,37,1.22,3.93,4.0,10,11,16,27.03
AL,Jackson,2020,29,1.24,5.52,5.55,1,10,18,3.45
AL,Jackson,2021,7,0.71,4.71,4.71,2,3,2,28.57
AL,Jackson,2022,14,0.57,4.14,4.21,0,1,13,0.0
AL,Jefferson,2017,384,1.4,3.13,3.99,121,180,83,31.51
AL,Jefferson,2018,941,1.45,3.15,4.17,258,433,250,27.42
AL,Jefferson,2019,781,0.99,2.59,3.48,242,290,249,30.99
AL,Jefferson,2020,335,0.74,2.5,3.75,78,196,61,23.28
AL,Jefferson,2021,630,1.1,3.13,3.91,100,315,215,15.87
AL,Jefferson,2022,323,1.5,4.69,5.31,69,115,139,21.36
AL,Lamar,2017,3,2.0,0.0,0.01,0,3,0,0.0
AL,Lamar,2018,5,1.8,3.04,3.25,0,3,2,0.0
AL,Lamar,2019,1,2.0,12.3,12.3,1,0,0,100.0
AL,Lamar,2020,5,1.2,7.8,7.6,1,2,2,20.0
AL,Lamar,2021,4,0.75,5.0,5.25,0,1,3,0.0
AL,Lauderdale,2017,10,1.4,2.17,2.45,1,3,6,10.0
AL,Lauderdale,2018,45,1.33,3.35,3.62,13,15,17,28.89
AL,Lauderdale,2019,24,1.12,6.07,6.22,10,5,9,41.67
AL,Lauderdale,2020,9,0.56,5.67,6.33,2,3,4,22.22
AL,Lauderdale,2021,28,0.61,2.86,3.57,2,21,5,7.14
AL,Lauderdale,2022,6,1.0,4.67,4.83,1,2,3,16.67
AL,Lawrence,2017,7,1.43,3.5,3.54,2,2,3,28.57
AL,Lawrence,2018,22,1.5,4.48,4.5,5,9,8,22.73
AL,Lawrence,2019,24,1.25,4.02,4.03,10,6,8,41.67
AL,Lawrence,2020,7,1.0,6.0,5.86,0,1,6,0.0
AL,Lawrence,2021,4,1.5,6.0,6.25,1,1,2,25.0
AL,Lawrence,2022,5,1.0,7.4,7.8,1,1,3,20.0
AL,Lee,2016,2,2.0,3.51,3.54,0,2,0,0.0
AL,Lee,2017,55,1.35,2.31,2.83,18,21,16,32.73
AL,Lee,2018,68,1.37,3.71,4.0,21,27,20,30.88
AL,Lee,2019,57,1.19,3.3,3.5,27,20,10,47.37
AL,Lee,2020,23,1.35,2.78,3.65,7,14,2,30.43
AL,Lee,2021,36,1.33,2.56,3.14,8,18,10,22.22
AL,Lee,2022,19,1.53,5.47,5.84,6,9,4,31.58
AL,Limestone,2017,37,1.46,3.51,3.92,2,9,26,5.41
AL,Limestone,2018,138,1.54,4.01,4.32,18,37,83,13.04
AL,Limestone,2019,155,1.28,2.83,3.08,62,34,59,40.0
AL,Limestone,2020,68,1.32,4.03,4.4,5,41,22,7.35
AL,Limestone,2021,96,1.31,3.92,4.65,19,29,48,19.79
AL,Limestone,2022,39,0.87,4.0,4.72,7,9,23,17.95
AL,Lowndes,2017,4,1.75,3.09,3.13,0,1,3,0.0
AL,Lowndes,2018,47,1.57,3.3,3.52,10,9,28,21.28
AL,Lowndes,2019,51,1.47,1.85,1.85,29,4,18,56.86
AL,Lowndes,2020,22,1.05,4.27,4.27,1,9,12,4.55
AL,Lowndes,2021,19,1.11,3.21,3.26,2,6,11,10.53
AL,Lowndes,2022,11,1.91,3.91,4.0,2,3,6,18.18
AL,Macon,2017,3,1.0,0.78,0.77,1,2,0,33.33
AL,Macon,2018,17,1.71,6.54,7.03,5,6,6,29.41
AL,Macon,2019,1,0.0,4.0,4.0,0,0,1,0.0
AL,Macon,2020,8,1.25,5.88,5.88,0,3,5,0.0
AL,Macon,2021,13,1.15,4.77,4.77,0,2,11,0.0
AL,Macon,2022,16,2.0,9.81,9.88,1,7,8,6.25
AL,Madison,2017,103,1.18,2.43,3.3,22,62,19,21.36
AL,Madison,2018,308,1.22,3.11,3.64,92,128,88,29.87
AL,Madison,2019,233,0.92,3.45,4.05,72,101,60,30.9
AL,Madison,2020,88,1.02,3.93,4.53,19,54,15,21.59
AL,Madison,2021,128,0.95,3.52,4.15,9,76,43,7.03
AL,Madison,2022,82,0.99,4.87,5.55,11,46,25,13.41
AL,Marengo,2017,21,1.14,5.66,5.7,0,5,16,0.0
AL,Marengo,2018,32,1.5,4.36,4.41,1,11,20,3.12
AL,Marengo,2019,42,1.29,4.55,4.61,2,7,33,4.76
AL,Marengo,2020,18,0.94,6.78,6.78,1,4,13,5.56
AL,Marengo,2021,5,0.8,5.0,6.2,0,2,3,0.0
AL,Marengo,2022,8,1.12,6.38,5.88,0,3,5,0.0
AL,Marion,2017,7,1.57,3.12,3.15,2,3,2,28.57
AL,Marion,2018,22,1.55,7.13,7.13,5,7,10,22.73
AL,Marion,2019,17,1.0,2.14,2.14,10,4,3,58.82
AL,Marion,2020,19,0.89,6.84,7.05,8,5,6,42.11
AL,Marion,2021,7,0.86,4.0,4.29,0,4,3,0.0
AL,Marion,2022,1,1.0,5.0,5.0,1,0,0,100.0
AL,Marshall,2017,25,1.24,2.73,2.86,6,9,10,24.0
AL,Marshall,2018,51,1.47,3.2,3.35,14,22,15,27.45
AL,Marshall,2019,29,1.17,4.83,4.93,5,10,14,17.24
AL,Marshall,2020,24,1.38,3.54,4.21,1,13,10,4.17
AL,Marshall,2021,25,1.36,2.32,3.04,0,16,9,0.0
AL,Marshall,2022,9,1.56,5.33,5.89,0,7,2,0.0
AL,Mobile,2017,177,1.25,3.03,3.39,52,65,60,29.38
AL,Mobile,2018,516,1.26,2.68,3.09,154,173,189,29.84
AL,Mobile,2019,301,1.24,3.63,4.0,97,100,104,32.23
AL,Mobile,2020,131,0.8,3.26,4.17,19,73,39,14.5
AL,Mobile,2021,207,1.06,3.74,4.4,21,117,69,10.14
AL,Mobile,2022,116,1.4,5.33,6.03,14,55,47,12.07
AL,Monroe,2017,4,1.75,6.1,6.18,2,0,2,50.0
AL,Monroe,2018,20,1.05,3.82,4.03,3,9,8,15.0
AL,Monroe,2019,15,1.13,7.5,7.5,4,6,5,26.67
AL,Monroe,2020,5,1.2,7.6,7.8,0,2,3,0.0
AL,Monroe,2021,3,1.33,6.33,6.33,1,1,1,33.33
AL,Montgomery,2017,64,1.2,1.95,2.34,15,29,20,23.44
AL,Montgomery,2018,232,1.3,2.71,2.98,52,101,79,22.41
AL,Montgomery,2019,139,1.31,3.07,3.38,36,61,42,25.9
AL,Montgomery,2020,59,1.27,5.34,5.61,13,25,21,22.03
AL,Montgomery,2021,63,1.17,4.17,4.44,12,28,23,19.05
AL,Montgomery,2022,35,1.57,6.6,7.51,8,17,10,22.86
AL,Morgan,2017,84,1.57,3.78,3.84,22,40,22,26.19
AL,Morgan,2018,117,1.17,2.83,2.92,17,53,47,14.53
AL,Morgan,2019,71,1.42,4.51,4.59,21,18,32,29.58
AL,Morgan,2020,33,1.24,4.09,4.3,3,14,16,9.09
AL,Morgan,2021,43,1.21,3.79,4.07,4,25,14,9.3
AL,Morgan,2022,27,1.41,4.81,5.15,2,14,11,7.41
AL,Perry,2017,1,2.0,6.95,6.93,0,0,1,0.0
AL,Perry,2018,12,1.42,5.43,5.43,5,2,5,41.67
AL,Perry,2019,10,0.6,6.2,6.2,3,2,5,30.0
AL,Perry,2020,7,1.0,7.29,7.57,0,2,5,0.0
AL,Pickens,2017,11,1.0,3.51,3.51,0,2,9,0.0
AL,Pickens,2018,8,1.62,9.68,9.78,3,2,3,37.5
AL,Pickens,2019,20,1.05,3.06,3.08,4,5,11,20.0
AL,Pickens,2020,5,1.0,5.4,5.4,0,2,3,0.0
AL,Pickens,2021,5,1.2,8.0,8.2,3,0,2,60.0
AL,Pickens,2022,4,1.25,8.5,8.75,0,1,3,0.0
AL,Pike,2017,5,0.8,1.75,1.8,1,3,1,20.0
AL,Pike,2018,55,1.36,3.9,4.16,12,13,30,21.82
AL,Pike,2019,18,0.89,3.65,3.87,8,1,9,44.44
AL,Pike,2020,13,1.0,5.85,6.08,4,4,5,30.77
AL,Pike,2021,5,1.0,5.2,5.6,2,1,2,40.0
AL,Pike,2022,7,0.71,3.71,3.71,0,2,5,0.0
AL,Randolph,2017,33,1.55,4.85,4.87,9,3,21,27.27
AL,Randolph,2018,30,1.5,4.3,4.35,5,2,23,16.67
AL,Randolph,2019,9,1.22,4.12,4.3,2,1,6,22.22
AL,Randolph,2020,4,1.25,8.25,8.25,2,1,1,50.0
AL,Randolph,2021,2,1.5,5.0,4.5,0,1,1,0.0
AL,Randolph,2022,2,1.0,9.5,9.5,0,1,1,0.0
AL,Russell,2016,15,1.27,1.45,1.77,2,11,2,13.33
AL,Russell,2017,29,1.34,3.34,3.63,7,14,8,24.14
AL,Russell,2018,42,1.43,4.17,4.28,11,14,17,26.19
AL,Russell,2019,10,1.3,4.99,5.2,7,2,1,70.0
AL,Russell,2020,6,1.67,5.17,5.5,1,4,1,16.67
AL,Russell,2021,5,1.2,4.4,5.0,2,1,2,40.0
AL,Russell,2022,3,0.67,3.67,3.67,0,1,2,0.0
AL,Saint Clair,2017,9,1.22,1.63,2.39,0,3,6,0.0
AL,Saint Clair,2018,4,2.0,2.93,3.31,1,1,2,25.0
AL,Shelby,2017,194,1.2,2.79,4.04,20,92,82,10.31
AL,Shelby,2018,728,1.16,2.94,3.95,106,329,293,14.56
AL,Shelby,2019,359,0.91,2.37,3.55,59,144,156,16.43
AL,Shelby,2020,122,1.16,3.77,4.76,20,65,37,16.39
AL,Shelby,2021,369,1.24,4.14,4.98,49,190,130,13.28
AL,Shelby,2022,148,1.28,5.17,5.89,19,75,54,12.84
AL,St Clair,2022,12,2.08,9.25,9.25,1,9,2,8.33
AL,St. Clair,2017,8,1.5,3.62,4.2,2,2,4,25.0
AL,St. Clair,2018,116,1.69,2.86,2.95,16,40,60,13.79
AL,St. Clair,2019,64,1.45,4.31,4.36,13,23,28,20.31
AL,St. Clair,2020,20,0.95,6.95,7.05,4,6,10,20.0
AL,St. Clair,2021,33,1.33,5.42,5.48,2,12,19,6.06
AL,St. Clair,2022,10,1.9,8.6,8.6,2,4,4,20.0
AL,Sumter,2017,8,1.5,4.04,4.04,1,3,4,12.5
AL,Sumter,2018,27,1.85,6.81,6.82,5,13,9,18.52
AL,Sumter,2019,16,1.12,5.25,5.18,4,4,8,25.0
AL,Sumter,2020,15,0.87,5.93,5.93,3,6,6,20.0
AL,Sumter,2021,3,0.67,4.0,4.0,0,0,3,0.0
AL,Sumter,2022,2,1.5,5.5,5.5,0,1,1,0.0
AL,Talladega,2017,14,1.5,4.3,4.39,3,5,6,21.43
AL,Talladega,2018,62,1.48,4.74,4.85,15,23,24,24.19
AL,Talladega,2019,30,1.1,4.25,4.25,6,11,13,20.0
AL,Talladega,2020,6,1.67,4.17,4.17,0,2,4,0.0
AL,Talladega,2021,7,1.57,6.14,6.29,0,4,3,0.0
AL,Talladega,2022,8,1.38,5.88,6.12,0,4,4,0.0
AL,Tallapoosa,2017,14,1.14,2.54,2.7,2,3,9,14.29
AL,Tallapoosa,2018,19,1.53,4.12,4.15,0,6,13,0.0
AL,Tallapoosa,2019,16,1.19,3.79,3.81,7,2,7,43.75
AL,Tallapoosa,2020,10,0.6,4.2,4.3,1,6,3,10.0
AL,Tallapoosa,2022,1,1.0,6.0,6.0,0,0,1,0.0
AL,Tuscaloosa,2017,64,1.16,2.83,3.83,24,32,8,37.5
AL,Tuscaloosa,2018,212,1.27,4.01,4.69,66,110,36,31.13
AL,Tuscaloosa,2019,151,1.05,3.42,3.97,51,72,28,33.77
AL,Tuscaloosa,2020,42,1.02,3.55,4.93,12,17,13,28.57
AL,Tuscaloosa,2021,91,1.0,3.52,4.46,20,62,9,21.98
AL,Tuscaloosa,2022,48,1.23,6.75,7.31,18,21,9,37.5
AL,Walker,2017,5,1.6,3.58,4.43,2,2,1,40.0
AL,Walker,2018,84,1.55,4.96,5.05,38,21,25,45.24
AL,Walker,2019,42,1.14,4.58,4.6,19,15,8,45.24
AL,Walker,2020,9,0.56,8.44,8.67,2,6,1,22.22
AL,Walker,2021,12,0.75,3.42,3.75,2,4,6,16.67
AL,Walker,2022,1,2.0,5.0,5.0,1,0,0,100.0
AL,Washington,2017,1,0.0,0.97,1.0,0,0,1,0.0
AL,Washington,2018,47,1.77,5.52,5.53,0,14,33,0.0
AL,Washington,2019,20,1.4,5.03,5.04,7,5,8,35.0
AL,Washington,2020,5,1.6,11.6,11.6,3,1,1,60.0
AL,Washington,2022,1,1.0,11.0,12.0,0,1,0,0.0
AL,Wilcox,2017,15,1.27,4.82,4.93,1,3,11,6.67
AL,Wilcox,2018,16,1.56,6.87,7.1,1,7,8,6.25
AL,Wilcox,2019,3,1.0,10.74,10.73,0,1,2,0.0
AL,Wilcox,2020,10,1.0,8.3,8.2,0,5,5,0.0
AL,Wilcox,2021,5,1.0,8.0,8.0,0,2,3,0.0
AL,Wilcox,2022,2,0.5,4.5,4.5,0,0,2,0.0
AL,Winston,2017,6,1.5,5.35,5.36,0,2,4,0.0
AL,Winston,2018,23,1.52,4.41,4.43,2,6,15,8.7
AL,Winston,2019,6,1.17,7.53,7.54,2,1,3,33.33
AL,Winston,2020,2,1.0,7.5,7.5,0,0,2,0.0
AL,Winston,2021,3,0.67,2.33,2.67,0,2,1,0.0
AL,Winston,2022,1,1.0,6.0,6.0,1,0,0,100.0
AR,Arkansas,2017,4,2.0,8.86,8.88,1,2,1,25.0
AR,Arkansas,2018,12,1.75,5.87,5.88,3,5,4,25.0
AR,Arkansas,2019,8,0.62,3.5,3.5,0,6,2,0.0
AR,Arkansas,2020,6,0.5,4.5,4.5,0,6,0,0.0
AR,Arkansas,2021,7,1.0,4.14,4.57,1,3,3,14.29
AR,Arkansas,2022,14,0.57,4.07,4.36,0,4,10,0.0
AR,Ashley,2017,2,2.0,9.39,9.39,0,0,2,0.0
AR,Ashley,2018,14,1.71,6.45,6.48,4,4,6,28.57
AR,Ashley,2019,29,1.28,3.32,3.32,12,10,7,41.38
AR,Ashley,2020,12,1.5,7.17,7.08,2,4,6,16.67
AR,Ashley,2021,36,1.25,2.78,2.83,1,14,21,2.78
AR,Ashley,2022,1,2.0,6.0,6.0,0,0,1,0.0
AR,Baxter,2017,13,1.38,1.78,1.94,4,5,4,30.77
AR,Baxter,2018,3,1.33,2.07,2.18,1,0,2,33.33
AR,Baxter,2019,1,1.0,1.28,1.28,0,0,1,0.0
AR,Baxter,2020,2,1.0,15.0,16.0,1,1,0,50.0
AR,Baxter,2021,5,0.4,3.0,3.8,0,3,2,0.0
AR,Baxter,2022,6,0.67,3.0,3.33,0,1,5,0.0
AR,Benton,2017,117,1.53,3.54,4.5,53,38,26,45.3
AR,Benton,2018,150,1.54,4.4,5.24,64,59,27,42.67
AR,Benton,2019,77,1.17,3.51,4.38,31,38,8,40.26
AR,Benton,2020,21,1.43,4.57,4.9,7,10,4,33.33
AR,Benton,2021,23,1.17,4.48,5.17,7,13,3,30.43
AR,Benton,2022,53,0.66,3.74,3.98,8,16,29,15.09
AR,Boone,2017,10,1.3,2.78,3.01,1,4,5,10.0
AR,Boone,2018,18,1.61,3.7,4.02,6,5,7,33.33
AR,Boone,2019,20,1.2,3.41,3.79,9,4,7,45.0
AR,Boone,2020,10,1.2,5.0,5.3,2,4,4,20.0
AR,Boone,2021,3,1.33,1.33,3.0,1,2,0,33.33
AR,Boone,2022,13,1.08,3.62,3.69,0,8,5,0.0
AR,Bradley,2017,2,2.0,21.4,21.43,2,0,0,100.0
AR,Bradley,2018,7,1.29,4.09,4.13,1,1,5,14.29
AR,Bradley,2019,7,0.71,4.0,4.0,2,3,2,28.57
AR,Bradley,2020,4,0.5,5.5,5.75,1,0,3,25.0
AR,Bradley,2021,5,0.6,4.8,5.2,1,3,1,20.0
AR,Bradley,2022,1,1.0,4.0,5.0,0,0,1,0.0
AR,Calhoun,2017,7,1.86,8.75,8.82,1,5,1,14.29
AR,Calhoun,2018,32,1.78,6.58,6.59,2,20,10,6.25
AR,Calhoun,2019,16,1.25,7.0,7.08,2,4,10,12.5
AR,Calhoun,2020,4,0.75,7.0,7.25,2,2,0,50.0
AR,Calhoun,2021,3,1.0,3.0,3.0,0,0,3,0.0
AR,Calhoun,2022,1,1.0,5.0,5.0,0,0,1,0.0
AR,Carroll,2017,12,1.42,3.4,3.47,2,4,6,16.67
AR,Carroll,2018,13,2.0,6.5,7.09,5,7,1,38.46
AR,Carroll,2019,6,0.83,2.27,2.27,1,1,4,16.67
AR,Carroll,2020,6,1.17,4.67,4.83,0,2,4,0.0
AR,Carroll,2021,3,1.33,1.67,2.0,0,2,1,0.0
AR,Carroll,2022,17,0.94,5.24,5.24,1,6,10,5.88
AR,Chicot,2017,10,1.6,7.36,7.38,4,3,3,40.0
AR,Chicot,2018,15,1.73,6.29,6.31,1,8,6,6.67
AR,Chicot,2019,6,1.17,5.05,5.05,4,0,2,66.67
AR,Chicot,2020,10,1.0,5.0,6.2,2,6,2,20.0
AR,Chicot,2021,30,1.3,3.47,3.43,1,12,17,3.33
AR,Chicot,2022,1,2.0,7.0,8.0,0,0,1,0.0
AR,Clark,2017,4,1.5,2.25,2.27,3,1,0,75.0
AR,Clark,2018,12,1.75,4.91,4.91,5,2,5,41.67
AR,Clark,2019,35,1.63,3.47,3.56,11,7,17,31.43
AR,Clark,2020,10,1.5,6.7,6.7,1,4,5,10.0
AR,Clark,2021,51,1.25,4.65,4.75,6,11,34,11.76
AR,Clark,2022,18,1.56,10.11,10.39,1,8,9,5.56
AR,Clay,2017,4,1.5,3.88,4.07,1,2,1,25.0
AR,Clay,2018,6,1.67,8.19,8.21,0,1,5,0.0
AR,Clay,2019,13,0.85,4.77,4.86,1,4,8,7.69
AR,Clay,2020,16,0.75,5.75,6.06,0,7,9,0.0
AR,Clay,2021,7,0.71,6.14,6.43,1,1,5,14.29
AR,Clay,2022,7,0.43,3.57,4.0,1,0,6,14.29
AR,Cleburne,2017,6,1.83,10.74,10.79,4,2,0,66.67
AR,Cleburne,2018,16,1.88,7.43,7.43,6,7,3,37.5
AR,Cleburne,2019,2,1.0,14.33,14.38,1,1,0,50.0
AR,Cleburne,2020,1,2.0,15.0,15.0,1,0,0,100.0
AR,Cleburne,2022,6,0.17,2.5,3.17,0,1,5,0.0
AR,Cleveland,2017,6,1.67,7.18,10.12,0,2,4,0.0
AR,Cleveland,2018,6,1.83,7.63,7.68,1,2,3,16.67
AR,Cleveland,2019,4,1.5,0.89,0.9,1,2,1,25.0
AR,Cleveland,2020,1,1.0,4.0,5.0,0,1,0,0.0
AR,Cleveland,2021,5,1.4,4.4,4.4,0,2,3,0.0
AR,Cleveland,2022,3,1.33,6.67,7.0,0,0,3,0.0
AR,Columbia,2017,3,1.67,6.34,6.41,0,1,2,0.0
AR,Columbia,2018,9,1.89,8.96,9.0,3,4,2,33.33
AR,Columbia,2019,13,1.08,5.04,5.05,4,4,5,30.77
AR,Columbia,2020,7,0.43,2.57,2.71,1,1,5,14.29
AR,Columbia,2021,38,0.55,2.66,2.89,1,16,21,2.63
AR,Columbia,2022,2,1.5,10.0,10.5,0,2,0,0.0
AR,Conway,2017,6,1.67,3.63,3.63,3,1,2,50.0
AR,Conway,2018,11,1.73,3.29,3.29,0,2,9,0.0
AR,Conway,2019,23,1.65,2.79,2.79,3,6,14,13.04
AR,Conway,2021,11,2.0,9.36,9.55,1,6,4,9.09
AR,Conway,2022,12,0.67,3.08,3.08,0,0,12,0.0
AR,Craighead,2017,22,1.68,4.18,4.64,11,9,2,50.0
AR,Craighead,2018,36,1.72,4.54,4.88,18,15,3,50.0
AR,Craighead,2019,24,0.83,5.62,5.9,7,14,3,29.17
AR,Craighead,2020,37,0.43,4.35,4.62,8,22,7,21.62
AR,Craighead,2021,30,0.67,3.43,4.5,12,14,4,40.0
AR,Craighead,2022,65,0.57,5.18,5.34,11,18,36,16.92
AR,Crawford,2017,18,1.44,3.16,3.55,5,7,6,27.78
AR,Crawford,2018,38,1.82,2.7,5.98,9,9,20,23.68
AR,Crawford,2019,67,1.75,3.18,3.18,26,19,22,38.81
AR,Crawford,2020,9,1.22,5.0,5.78,1,5,3,11.11
AR,Crawford,2021,15,2.07,8.2,8.33,1,5,9,6.67
AR,Crawford,2022,43,1.23,5.37,5.47,0,5,38,0.0
AR,Crittenden,2017,33,1.82,5.78,5.8,13,9,11,39.39
AR,Crittenden,2018,41,1.63,4.18,4.27,18,13,10,43.9
AR,Crittenden,2019,58,1.29,4.93,4.97,23,19,16,39.66
AR,Crittenden,2020,41,1.1,4.93,5.56,14,19,8,34.15
AR,Crittenden,2021,69,1.2,4.3,4.43,7,30,32,10.14
AR,Crittenden,2022,34,1.29,7.71,7.82,7,12,15,20.59
AR,Cross,2017,4,2.0,9.15,9.15,1,2,1,25.0
AR,Cross,2018,26,1.69,5.65,5.69,6,9,11,23.08
AR,Cross,2019,4,1.0,5.88,5.88,1,2,1,25.0
AR,Cross,2020,3,0.67,3.67,4.0,0,1,2,0.0
AR,Cross,2021,2,0.0,3.0,3.5,0,0,2,0.0
AR,Cross,2022,8,0.12,2.38,2.62,0,1,7,0.0
AR,Dallas,2017,1,2.0,12.82,12.82,0,0,1,0.0
AR,Dallas,2018,7,1.57,4.49,4.49,1,1,5,14.29
AR,Dallas,2019,6,1.5,2.92,2.92,5,1,0,83.33
AR,Dallas,2020,4,1.25,4.75,5.0,3,1,0,75.0
AR,Dallas,2021,3,0.67,1.0,3.0,0,1,2,0.0
AR,Dallas,2022,1,1.0,7.0,7.0,0,0,1,0.0
AR,Desha,2017,8,1.75,10.44,10.46,3,5,0,37.5
AR,Desha,2018,21,1.71,8.36,8.39,11,4,6,52.38
AR,Desha,2019,11,0.82,4.36,4.38,5,2,4,45.45
AR,Desha,2020,10,0.5,4.1,4.2,4,4,2,40.0
AR,Desha,2021,20,0.6,3.45,3.75,5,8,7,25.0
AR,Desha,2022,4,0.75,5.75,5.75,1,1,2,25.0
AR,Drew,2017,4,2.0,3.34,3.33,2,2,0,50.0
AR,Drew,2018,7,1.57,6.78,6.75,3,2,2,42.86
AR,Drew,2019,3,0.67,7.88,7.89,1,2,0,33.33
AR,Drew,2020,3,1.67,8.0,8.0,0,1,2,0.0
AR,Drew,2021,5,0.8,5.2,5.2,2,2,1,40.0
AR,Drew,2022,3,0.33,5.33,5.33,0,0,3,0.0
AR,Faulkner,2017,13,1.46,4.81,4.99,3,7,3,23.08
AR,Faulkner,2018,34,1.65,4.25,4.66,15,10,9,44.12
AR,Faulkner,2019,44,1.16,2.29,2.52,14,5,25,31.82
AR,Faulkner,2020,9,1.44,4.11,4.89,1,6,2,11.11
AR,Faulkner,2021,57,1.28,2.33,3.23,24,19,14,42.11
AR,Faulkner,2022,48,0.85,5.52,5.77,8,11,29,16.67
AR,Franklin,2017,3,1.67,0.63,8.7,0,2,1,0.0
AR,Franklin,2018,16,1.62,4.33,6.03,3,3,10,18.75
AR,Franklin,2019,18,1.28,2.8,2.8,5,5,8,27.78
AR,Franklin,2020,5,0.6,4.0,4.0,0,1,4,0.0
AR,Franklin,2021,25,1.84,4.68,4.84,0,7,18,0.0
AR,Franklin,2022,13,1.46,11.62,11.85,1,1,11,7.69
AR,Fulton,2017,3,2.0,5.7,5.7,0,3,0,0.0
AR,Fulton,2018,4,2.0,8.32,8.32,0,4,0,0.0
AR,Fulton,2020,5,1.4,6.4,6.4,0,1,4,0.0
AR,Fulton,2021,2,2.0,3.5,3.5,0,1,1,0.0
AR,Fulton,2022,7,1.14,3.71,3.71,0,0,7,0.0
AR,Garland,2017,16,1.88,7.28,7.73,7,5,4,43.75
AR,Garland,2018,48,1.73,5.01,5.38,26,15,7,54.17
AR,Garland,2019,11,1.27,7.43,7.72,2,8,1,18.18
AR,Garland,2020,11,1.09,5.91,6.55,2,6,3,18.18
AR,Garland,2021,37,0.81,3.62,4.24,3,24,10,8.11
AR,Garland,2022,13,0.92,5.38,5.54,3,4,6,23.08
AR,Grant,2017,7,1.71,10.84,10.87,2,4,1,28.57
AR,Grant,2018,14,1.57,4.13,4.57,4,4,6,28.57
AR,Grant,2019,14,1.29,5.21,5.43,3,5,6,21.43
AR,Grant,2020,2,0.5,4.5,5.0,0,1,1,0.0
AR,Grant,2021,11,1.18,4.27,4.27,0,4,7,0.0
AR,Grant,2022,4,1.5,6.5,6.5,0,0,4,0.0
AR,Greene,2017,5,1.8,1.24,1.31,1,2,2,20.0
AR,Greene,2018,8,1.38,3.56,3.71,1,3,4,12.5
AR,Greene,2019,15,0.53,5.31,5.48,6,4,5,40.0
AR,Greene,2020,16,0.56,5.25,5.25,1,10,5,6.25
AR,Greene,2021,1,1.0,5.0,5.0,0,0,1,0.0
AR,Greene,2022,19,0.58,4.21,4.47,0,1,18,0.0
AR,Hempstead,2017,31,1.55,3.35,3.56,14,8,9,45.16
AR,Hempstead,2018,34,1.79,4.96,5.05,7,13,14,20.59
AR,Hempstead,2019,37,1.24,1.6,1.63,16,5,16,43.24
AR,Hempstead,2020,11,0.73,4.0,4.09,3,3,5,27.27
AR,Hempstead,2021,51,0.9,4.71,5.06,11,15,25,21.57
AR,Hempstead,2022,5,1.4,5.2,5.2,2,1,2,40.0
AR,Hot Spring,2017,14,1.5,3.45,3.46,9,2,3,64.29
AR,Hot Spring,2018,18,2.39,10.57,10.59,4,8,6,22.22
AR,Hot Spring,2019,25,1.72,3.35,3.39,3,6,16,12.0
AR,Hot Spring,2020,15,1.2,7.67,7.87,6,3,6,40.0
AR,Hot Spring,2021,46,1.61,5.0,5.15,3,9,34,6.52
AR,Hot Spring,2022,18,1.61,14.56,14.72,4,6,8,22.22
AR,Howard,2017,8,1.88,6.62,6.61,5,1,2,62.5
AR,Howard,2018,4,2.0,8.74,8.76,3,1,0,75.0
AR,Howard,2019,3,1.33,15.81,15.76,2,1,0,66.67
AR,Howard,2020,4,1.0,9.75,10.0,2,1,1,50.0
AR,Howard,2021,7,0.14,2.0,2.71,1,6,0,14.29
AR,Howard,2022,8,0.75,7.38,7.38,2,4,2,25.0
AR,Independence,2017,18,1.56,4.43,4.48,5,9,4,27.78
AR,Independence,2018,16,1.25,1.82,1.94,3,10,3,18.75
AR,Independence,2019,7,1.0,2.86,2.95,2,1,4,28.57
AR,Independence,2020,3,1.33,4.67,4.67,0,1,2,0.0
AR,Independence,2021,8,1.12,4.62,5.12,1,5,2,12.5
AR,Independence,2022,28,0.93,4.07,4.14,1,0,27,3.57
AR,Izard,2017,3,2.0,12.34,12.33,0,3,0,0.0
AR,Izard,2018,2,1.0,5.98,6.03,0,1,1,0.0
AR,Izard,2019,2,0.5,4.5,4.5,0,0,2,0.0
AR,Izard,2020,2,1.0,7.0,7.0,0,1,1,0.0
AR,Izard,2021,1,1.0,5.0,5.0,0,0,1,0.0
AR,Izard,2022,6,0.5,4.0,4.0,0,1,5,0.0
AR,Jackson,2017,17,1.29,1.77,1.78,6,6,5,35.29
AR,Jackson,2018,13,1.77,6.0,6.02,4,5,4,30.77
AR,Jackson,2019,6,0.67,3.2,3.23,2,2,2,33.33
AR,Jackson,2020,5,0.6,6.0,6.0,1,2,2,20.0
AR,Jackson,2021,5,0.8,5.8,6.0,0,2,3,0.0
AR,Jackson,2022,24,0.58,5.12,5.12,0,4,20,0.0
AR,Jefferson,2017,12,1.75,7.16,7.18,9,2,1,75.0
AR,Jefferson,2018,29,1.66,6.25,6.27,9,8,12,31.03
AR,Jefferson,2019,43,1.42,4.62,4.65,22,16,5,51.16
AR,Jefferson,2020,7,1.0,5.43,5.71,1,4,2,14.29
AR,Jefferson,2021,49,1.02,4.12,4.41,3,21,25,6.12
AR,Jefferson,2022,32,0.81,3.88,4.16,2,8,22,6.25
AR,Johnson,2017,9,1.33,3.23,3.26,3,1,5,33.33
AR,Johnson,2018,18,1.72,3.94,3.97,5,7,6,27.78
AR,Johnson,2019,25,1.68,2.4,2.41,9,4,12,36.0
AR,Johnson,2020,4,1.25,6.0,6.25,0,2,2,0.0
AR,Johnson,2021,13,1.54,3.54,3.62,0,3,10,0.0
AR,Johnson,2022,6,1.0,3.67,3.67,0,1,5,0.0
AR,Lafayette,2017,3,1.67,11.58,11.59,1,2,0,33.33
AR,Lafayette,2018,4,1.5,14.06,14.09,1,1,2,25.0
AR,Lafayette,2019,5,1.6,10.2,10.0,2,2,1,40.0
AR,Lafayette,2020,5,0.8,2.8,3.0,0,2,3,0.0
AR,Lafayette,2021,2,1.0,1.0,1.0,0,0,2,0.0
AR,Lafayette,2022,3,0.67,5.33,5.67,0,1,2,0.0
AR,Lawrence,2017,9,1.56,5.7,5.77,2,2,5,22.22
AR,Lawrence,2018,9,1.33,2.98,4.33,3,1,5,33.33
AR,Lawrence,2019,6,1.67,4.97,4.97,5,1,0,83.33
AR,Lawrence,2020,3,1.0,5.67,5.67,2,0,1,66.67
AR,Lawrence,2021,3,1.33,5.33,5.33,0,1,2,0.0
AR,Lawrence,2022,15,1.13,4.0,4.2,4,1,10,26.67
AR,Lee,2017,4,2.0,9.16,9.26,0,4,0,0.0
AR,Lee,2018,1,2.0,12.85,12.88,0,1,0,0.0
AR,Lee,2019,3,0.67,3.53,3.53,1,0,2,33.33
AR,Lee,2020,4,0.5,3.75,4.0,0,1,3,0.0
AR,Lee,2021,7,0.57,4.29,4.29,0,2,5,0.0
AR,Lee,2022,10,0.3,4.2,4.4,0,1,9,0.0
AR,Lincoln,2017,4,2.0,8.38,8.42,1,1,2,25.0
AR,Lincoln,2018,9,1.78,6.26,6.29,3,1,5,33.33
AR,Lincoln,2019,8,1.12,5.13,5.13,3,2,3,37.5
AR,Lincoln,2020,2,1.0,6.0,6.0,0,1,1,0.0
AR,Lincoln,2021,9,0.89,2.56,2.56,0,7,2,0.0
AR,Lincoln,2022,8,0.62,4.12,4.12,1,2,5,12.5
AR,Little River,2017,5,1.6,3.06,3.06,1,2,2,20.0
AR,Little River,2018,14,1.86,7.54,7.56,3,6,5,21.43
AR,Little River,2019,8,1.62,12.03,12.04,4,1,3,50.0
AR,Little River,2020,5,1.0,6.8,6.8,2,1,2,40.0
AR,Little River,2021,2,1.0,3.0,3.0,0,2,0,0.0
AR,Little River,2022,1,0.0,4.0,4.0,0,0,1,0.0
AR,Logan,2017,3,1.67,1.69,1.69,1,1,1,33.33
AR,Logan,2018,3,2.0,4.11,4.3,0,2,1,0.0
AR,Logan,2019,4,1.5,10.5,10.5,3,1,0,75.0
AR,Logan,2020,5,0.6,6.0,6.0,0,5,0,0.0
AR,Logan,2021,1,0.0,2.0,2.0,0,0,1,0.0
AR,Logan,2022,10,0.3,2.8,3.3,0,0,10,0.0
AR,Lonoke,2017,17,1.76,9.79,9.84,5,6,6,29.41
AR,Lonoke,2018,48,1.77,6.99,7.46,7,14,27,14.58
AR,Lonoke,2019,42,0.79,4.91,5.58,10,13,19,23.81
AR,Lonoke,2020,19,1.21,8.26,8.58,4,7,8,21.05
AR,Lonoke,2021,62,1.26,6.71,6.92,3,16,43,4.84
AR,Lonoke,2022,39,1.33,7.9,8.23,1,13,25,2.56
AR,Madison,2017,2,2.0,19.76,19.82,1,1,0,50.0
AR,Madison,2018,5,1.6,5.26,5.28,3,1,1,60.0
AR,Madison,2019,1,1.0,0.52,0.52,0,1,0,0.0
AR,Madison,2020,7,1.29,6.0,5.86,2,3,2,28.57
AR,Madison,2021,3,2.0,6.33,6.33,0,1,2,0.0
AR,Madison,2022,6,1.17,4.17,4.0,0,0,6,0.0
AR,Marion,2017,4,2.0,17.16,17.21,2,2,0,50.0
AR,Marion,2018,6,1.67,4.2,4.22,2,1,3,33.33
AR,Marion,2019,3,1.0,0.77,0.79,3,0,0,100.0
AR,Marion,2021,1,1.0,12.0,12.0,1,0,0,100.0
AR,Marion,2022,2,1.5,8.5,8.5,1,0,1,50.0
AR,Miller,2017,31,1.52,3.33,3.46,12,7,12,38.71
AR,Miller,2018,19,1.89,6.73,6.73,2,6,11,10.53
AR,Miller,2019,43,1.49,2.43,2.5,11,14,18,25.58
AR,Miller,2020,21,0.76,4.14,4.43,0,8,13,0.0
AR,Miller,2021,47,1.38,3.74,4.21,2,19,26,4.26
AR,Miller,2022,2,1.0,3.5,3.5,0,0,2,0.0
AR,Mississippi,2017,12,1.08,3.53,3.53,11,1,0,91.67
AR,Mississippi,2018,36,1.83,7.11,7.14,16,6,14,44.44
AR,Mississippi,2019,19,1.21,4.74,4.74,4,6,9,21.05
AR,Mississippi,2020,11,0.82,8.09,8.18,7,4,0,63.64
AR,Mississippi,2021,19,1.47,5.11,5.0,0,2,17,0.0
AR,Mississippi,2022,52,0.98,4.58,4.6,9,3,40,17.31
AR,Monroe,2017,10,1.3,3.21,3.27,5,2,3,50.0
AR,Monroe,2018,17,1.88,5.93,5.98,3,4,10,17.65
AR,Monroe,2019,1,3.0,90.33,90.35,1,0,0,100.0
AR,Monroe,2020,6,1.0,3.83,3.83,0,5,1,0.0
AR,Monroe,2021,11,1.0,4.64,5.0,0,1,10,0.0
AR,Monroe,2022,13,1.38,6.23,6.46,1,4,8,7.69
AR,Montgomery,2017,7,1.57,3.95,3.96,1,3,3,14.29
AR,Montgomery,2018,7,1.86,2.79,2.8,2,0,5,28.57
AR,Montgomery,2019,1,2.0,13.0,13.0,0,1,0,0.0
AR,Montgomery,2020,4,1.25,10.0,10.0,1,1,2,25.0
AR,Montgomery,2021,9,0.67,4.44,4.78,0,4,5,0.0
AR,Montgomery,2022,1,0.0,4.0,4.0,0,1,0,0.0
AR,Nevada,2017,11,1.73,7.37,7.39,7,2,2,63.64
AR,Nevada,2018,11,1.82,3.14,3.14,2,5,4,18.18
AR,Nevada,2019,39,1.51,5.8,5.8,7,12,20,17.95
AR,Nevada,2020,12,1.17,9.42,9.5,3,7,2,25.0
AR,Nevada,2021,15,1.27,4.87,5.0,0,7,8,0.0
AR,Nevada,2022,5,1.6,8.0,8.4,0,2,3,0.0
AR,Newton,2017,3,2.0,7.63,8.15,2,1,0,66.67
AR,Newton,2018,13,1.62,11.08,11.19,12,0,1,92.31
AR,Newton,2019,4,1.0,2.56,2.56,0,2,2,0.0
AR,Newton,2020,1,2.0,11.0,11.0,1,0,0,100.0
AR,Newton,2021,2,0.5,6.5,6.5,2,0,0,100.0
AR,Newton,2022,3,0.67,5.67,5.67,1,1,1,33.33
AR,Ouachita,2017,3,1.67,5.3,5.3,1,1,1,33.33
AR,Ouachita,2018,10,1.8,5.08,5.14,4,4,2,40.0
AR,Ouachita,2019,4,1.25,4.5,4.5,1,1,2,25.0
AR,Ouachita,2020,4,1.0,6.25,6.25,0,1,3,0.0
AR,Ouachita,2021,19,0.11,2.47,2.74,2,11,6,10.53
AR,Ouachita,2022,4,0.75,5.5,5.5,0,1,3,0.0
AR,Perry,2017,2,1.5,6.27,7.05,0,2,0,0.0
AR,Perry,2018,3,2.0,8.22,9.98,0,3,0,0.0
AR,Perry,2019,4,0.75,5.51,5.76,1,3,0,25.0
AR,Perry,2022,5,0.6,5.2,5.4,1,0,4,20.0
AR,Phillips,2017,3,2.0,7.68,7.71,1,1,1,33.33
AR,Phillips,2018,8,1.88,6.43,6.47,2,4,2,25.0
AR,Phillips,2019,15,1.07,4.9,5.0,1,8,6,6.67
AR,Phillips,2020,2,1.0,9.0,9.0,1,1,0,50.0
AR,Phillips,2021,7,0.57,1.86,3.57,1,2,4,14.29
AR,Phillips,2022,5,0.6,2.4,2.4,0,0,5,0.0
AR,Pike,2017,1,2.0,0.0,0.0,1,0,0,100.0
AR,Pike,2018,6,1.83,10.22,10.26,3,2,1,50.0
AR,Pike,2019,4,1.0,7.75,7.75,2,2,0,50.0
AR,Pike,2020,7,0.86,6.29,6.29,3,2,2,42.86
AR,Pike,2021,4,0.25,2.5,3.0,0,0,4,0.0
AR,Pike,2022,1,1.0,7.0,7.0,0,1,0,0.0
AR,Poinsett,2017,4,1.25,3.54,3.58,0,2,2,0.0
AR,Poinsett,2018,45,1.78,4.41,4.44,4,26,15,8.89
AR,Poinsett,2019,14,0.64,3.64,3.71,4,8,2,28.57
AR,Poinsett,2020,12,0.5,4.67,4.75,1,7,4,8.33
AR,Poinsett,2021,11,0.27,4.36,4.36,1,3,7,9.09
AR,Poinsett,2022,55,0.53,4.42,4.67,9,10,36,16.36
AR,Polk,2017,5,1.2,7.16,7.17,0,2,3,0.0
AR,Polk,2018,9,1.89,3.7,3.69,2,2,5,22.22
AR,Polk,2019,13,1.0,4.69,4.78,8,2,3,61.54
AR,Polk,2020,5,0.8,9.0,9.2,2,2,1,40.0
AR,Polk,2021,5,0.6,4.0,4.0,1,1,3,20.0
AR,Polk,2022,3,1.67,5.67,5.67,0,0,3,0.0
AR,Pope,2017,22,1.73,5.54,5.59,12,7,3,54.55
AR,Pope,2018,21,1.62,2.87,2.9,6,9,6,28.57
AR,Pope,2019,14,1.43,1.82,1.82,3,0,11,21.43
AR,Pope,2020,2,0.0,2.0,2.0,2,0,0,100.0
AR,Pope,2021,15,1.2,3.73,3.8,0,6,9,0.0
AR,Pope,2022,11,0.55,2.73,3.0,1,1,9,9.09
AR,Prairie,2017,8,2.38,18.43,19.22,2,4,2,25.0
AR,Prairie,2018,40,1.9,10.62,12.73,4,9,27,10.0
AR,Prairie,2019,7,1.43,3.03,3.04,0,2,5,0.0
AR,Prairie,2020,9,1.56,12.0,12.22,2,3,4,22.22
AR,Prairie,2021,33,1.33,7.48,7.58,0,14,19,0.0
AR,Prairie,2022,23,1.57,8.13,8.3,0,5,18,0.0
AR,Pulaski,2017,120,1.51,3.63,4.5,31,55,34,25.83
AR,Pulaski,2018,266,1.7,4.27,4.9,71,112,83,26.69
AR,Pulaski,2019,266,1.2,4.17,4.74,69,87,110,25.94
AR,Pulaski,2020,42,1.26,4.05,4.76,8,22,12,19.05
AR,Pulaski,2021,177,1.14,4.0,4.32,10,70,97,5.65
AR,Pulaski,2022,156,1.17,4.6,4.99,31,50,75,19.87
AR,Randolph,2017,3,1.67,10.53,10.77,1,1,1,33.33
AR,Randolph,2018,16,1.81,4.2,4.72,7,5,4,43.75
AR,Randolph,2019,1,1.0,3.05,3.98,1,0,0,100.0
AR,Randolph,2020,1,1.0,5.0,5.0,0,1,0,0.0
AR,Randolph,2021,1,0.0,1.0,1.0,0,1,0,0.0
AR,Randolph,2022,8,0.75,4.25,4.25,0,0,8,0.0
AR,Saint Francis,2017,1,1.0,1.55,1.62,1,0,0,100.0
AR,Saint Francis,2018,1,2.0,3.85,3.83,0,0,1,0.0
AR,Saline,2017,18,1.56,5.28,5.41,9,3,6,50.0
AR,Saline,2018,37,1.68,5.64,6.02,13,13,11,35.14
AR,Saline,2019,54,1.06,3.83,4.06,16,18,20,29.63
AR,Saline,2020,28,0.82,3.57,4.25,2,13,13,7.14
AR,Saline,2021,98,0.88,5.48,5.87,15,34,49,15.31
AR,Saline,2022,70,1.07,5.56,5.8,5,22,43,7.14
AR,Scott,2017,14,1.29,1.79,1.8,2,3,9,14.29
AR,Scott,2018,4,2.0,5.13,5.13,1,2,1,25.0
AR,Scott,2019,9,0.89,3.73,3.72,0,3,6,0.0
AR,Scott,2020,4,1.0,3.75,3.75,0,1,3,0.0
AR,Scott,2021,12,1.5,4.08,4.5,0,1,11,0.0
AR,Scott,2022,4,1.5,5.25,5.0,0,0,4,0.0
AR,Searcy,2017,10,1.6,1.67,1.66,2,3,5,20.0
AR,Searcy,2018,19,1.79,5.12,5.16,1,6,12,5.26
AR,Searcy,2019,7,1.57,3.92,4.48,3,2,2,42.86
AR,Searcy,2020,1,1.0,2.0,2.0,0,1,0,0.0
AR,Searcy,2021,1,1.0,2.0,2.0,0,1,0,0.0
AR,Searcy,2022,7,1.0,4.29,4.29,1,2,4,14.29
AR,Sebastian,2017,20,1.65,6.15,6.25,10,6,4,50.0
AR,Sebastian,2018,31,1.84,4.99,5.24,17,11,3,54.84
AR,Sebastian,2019,26,1.04,5.58,5.66,17,8,1,65.38
AR,Sebastian,2020,24,0.71,3.79,4.5,8,11,5,33.33
AR,Sebastian,2021,45,0.36,2.49,3.49,3,37,5,6.67
AR,Sebastian,2022,45,0.29,2.62,2.87,8,16,21,17.78
AR,Sevier,2017,6,1.5,1.67,1.66,0,2,4,0.0
AR,Sevier,2018,15,1.73,4.5,4.57,6,3,6,40.0
AR,Sevier,2019,9,1.22,8.19,8.19,2,6,1,22.22
AR,Sevier,2020,2,1.0,6.0,6.0,0,1,1,0.0
AR,Sevier,2021,3,0.67,2.67,2.67,0,2,1,0.0
AR,Sharp,2017,7,1.71,5.54,5.55,3,3,1,42.86
AR,Sharp,2018,12,1.5,4.84,4.85,2,6,4,16.67
AR,Sharp,2021,3,1.67,4.0,4.0,0,2,1,0.0
AR,Sharp,2022,5,1.0,2.2,2.4,0,0,5,0.0
AR,St Francis,2022,22,0.73,6.36,6.64,4,7,11,18.18
AR,St. Francis,2017,30,1.9,4.66,4.69,2,11,17,6.67
AR,St. Francis,2018,40,1.68,5.47,5.5,11,15,14,27.5
AR,St. Francis,2019,43,1.26,7.34,7.76,20,16,7,46.51
AR,St. Francis,2020,38,0.87,4.5,5.55,21,13,4,55.26
AR,St. Francis,2021,15,0.2,4.53,4.53,8,3,4,53.33
AR,St. Francis,2022,16,0.81,5.25,5.69,7,1,8,43.75
AR,Stone,2018,1,2.0,0.0,1.08,0,1,0,0.0
AR,Stone,2019,1,1.0,6.22,6.43,1,0,0,100.0
AR,Stone,2020,1,2.0,28.0,28.0,1,0,0,100.0
AR,Stone,2021,1,0.0,2.0,2.0,0,1,0,0.0
AR,Stone,2022,6,0.5,3.5,3.67,1,1,4,16.67
AR,Union,2017,8,1.88,11.47,11.53,4,4,0,50.0
AR,Union,2018,15,1.67,6.38,6.39,7,4,4,46.67
AR,Union,2019,20,1.4,6.53,6.54,10,3,7,50.0
AR,Union,2020,8,1.5,8.12,8.12,1,5,2,12.5
AR,Union,2021,83,1.4,4.36,4.37,4,43,36,4.82
AR,Union,2022,1,2.0,5.0,5.0,0,0,1,0.0
AR,Van Buren,2017,6,1.33,6.7,6.84,1,3,2,16.67
AR,Van Buren,2018,13,1.54,4.62,4.61,2,4,7,15.38
AR,Van Buren,2019,27,1.33,3.27,3.27,6,8,13,22.22
AR,Van Buren,2020,5,1.2,2.8,3.0,0,0,5,0.0
AR,Van Buren,2021,2,1.5,2.0,2.5,0,1,1,0.0
AR,Van Buren,2022,10,1.0,2.8,3.1,0,1,9,0.0
AR,Washington,2017,100,1.53,4.42,4.85,39,39,22,39.0
AR,Washington,2018,128,1.49,2.63,3.82,28,66,34,21.88
AR,Washington,2019,112,1.16,2.55,3.57,27,68,17,24.11
AR,Washington,2020,212,1.42,1.19,3.17,11,168,33,5.19
AR,Washington,2021,240,1.41,1.2,3.09,9,194,37,3.75
AR,Washington,2022,146,0.9,3.88,4.62,28,49,69,19.18
AR,White,2017,20,1.7,5.84,5.9,7,6,7,35.0
AR,White,2018,35,1.51,6.24,6.25,10,13,12,28.57
AR,White,2019,13,0.92,2.62,2.69,5,3,5,38.46
AR,White,2020,3,1.33,5.33,5.33,1,1,1,33.33
AR,White,2021,27,1.33,4.22,4.33,4,16,7,14.81
AR,White,2022,44,1.05,4.91,5.02,0,13,31,0.0
AR,Woodruff,2017,1,2.0,18.1,18.1,0,1,0,0.0
AR,Woodruff,2018,12,1.75,3.8,3.8,0,7,5,0.0
AR,Woodruff,2019,1,2.0,16.17,16.15,0,1,0,0.0
AR,Woodruff,2021,10,0.7,4.3,4.7,0,4,6,0.0
AR,Woodruff,2022,24,0.75,4.71,5.0,0,10,14,0.0
AR,Yell,2017,7,1.71,7.91,7.97,2,3,2,28.57
AR,Yell,2018,6,1.5,3.88,3.92,1,2,3,16.67
AR,Yell,2019,1,1.0,7.03,7.03,1,0,0,100.0
AR,Yell,2020,9,0.78,8.89,8.89,3,4,2,33.33
AR,Yell,2021,7,0.71,5.43,5.57,0,2,5,0.0
AR,Yell,2022,9,0.78,6.11,6.22,0,0,9,0.0
AZ,Apache,2017,8,1.5,3.77,3.89,1,2,5,12.5
AZ,Apache,2018,44,1.5,4.33,4.36,5,9,30,11.36
AZ,Apache,2019,97,1.37,3.75,3.75,10,7,80,10.31
AZ,Apache,2020,20,1.35,4.65,4.65,2,4,14,10.0
AZ,Apache,2021,113,0.83,2.55,4.27,2,46,65,1.77
AZ,Apache,2022,97,0.89,4.52,4.7,3,16,78,3.09
AZ,Cochise,2017,28,1.43,1.32,1.32,13,3,12,46.43
AZ,Cochise,2018,56,1.41,1.44,1.45,32,8,16,57.14
AZ,Cochise,2019,194,1.64,1.95,1.95,113,28,53,58.25
AZ,Cochise,2020,19,0.89,4.79,4.74,3,9,7,15.79
AZ,Cochise,2021,10,1.4,3.5,3.7,1,4,5,10.0
AZ,Cochise,2022,6,1.0,5.17,5.17,2,1,3,33.33
AZ,Coconino,2017,94,1.37,3.42,4.45,18,28,48,19.15
AZ,Coconino,2018,304,1.63,4.93,5.24,41,71,192,13.49
AZ,Coconino,2019,579,1.45,4.2,4.37,55,88,436,9.5
AZ,Coconino,2020,212,0.95,4.01,4.29,11,86,115,5.19
AZ,Coconino,2021,357,1.38,5.22,5.63,15,87,255,4.2
AZ,Coconino,2022,195,1.33,6.71,6.95,21,29,145,10.77
AZ,Gila,2017,45,1.56,4.61,5.1,4,14,27,8.89
AZ,Gila,2018,154,1.52,4.83,5.09,20,54,80,12.99
AZ,Gila,2019,166,1.15,4.71,4.88,34,41,91,20.48
AZ,Gila,2020,92,1.04,5.72,5.99,7,41,44,7.61
AZ,Gila,2021,67,0.9,3.76,4.19,5,24,38,7.46
AZ,Gila,2022,35,0.8,4.63,5.0,3,3,29,8.57
AZ,Graham,2017,12,1.67,6.05,6.48,2,4,6,16.67
AZ,Graham,2018,29,1.62,3.63,3.66,3,13,13,10.34
AZ,Graham,2019,21,1.29,5.26,5.59,3,5,13,14.29
AZ,Graham,2020,17,1.35,6.88,7.0,4,4,9,23.53
AZ,Graham,2021,4,1.75,7.5,7.75,0,2,2,0.0
AZ,Graham,2022,1,2.0,5.0,5.0,0,0,1,0.0
AZ,Greenlee,2017,12,1.58,5.87,5.93,1,2,9,8.33
AZ,Greenlee,2018,11,1.82,3.46,6.49,2,2,7,18.18
AZ,Greenlee,2019,11,0.91,5.46,7.39,2,0,9,18.18
AZ,Greenlee,2020,2,1.5,7.5,7.5,0,0,2,0.0
AZ,Greenlee,2021,2,1.0,4.0,4.5,0,1,1,0.0
AZ,Greenlee,2022,2,1.5,9.0,9.0,0,1,1,0.0
AZ,La Paz,2017,17,1.41,1.51,1.52,4,6,7,23.53
AZ,La Paz,2018,55,1.58,2.74,3.41,18,19,18,32.73
AZ,La Paz,2019,238,1.47,2.63,2.63,161,28,49,67.65
AZ,La Paz,2020,64,0.98,5.5,5.59,8,16,40,12.5
AZ,La Paz,2021,30,1.13,5.73,5.87,0,12,18,0.0
AZ,La Paz,2022,22,0.91,3.73,3.77,2,3,17,9.09
AZ,Maricopa,2017,2667,1.0,2.41,3.72,750,1103,814,28.12
AZ,Maricopa,2018,5936,0.99,2.01,3.45,1713,2312,1911,28.86
AZ,Maricopa,2019,6056,0.86,2.7,3.89,1800,2442,1814,29.72
AZ,Maricopa,2020,2554,0.66,3.4,4.18,623,1269,662,24.39
AZ,Maricopa,2021,2382,1.08,2.42,3.42,197,894,1291,8.27
AZ,Maricopa,2022,1507,1.28,2.79,3.9,117,463,927,7.76
AZ,Mohave,2017,37,1.59,5.13,5.35,3,11,23,8.11
AZ,Mohave,2018,31,1.65,3.52,3.97,8,7,16,25.81
AZ,Mohave,2019,124,1.53,3.72,3.78,52,22,50,41.94
AZ,Mohave,2020,28,0.82,5.07,5.21,6,6,16,21.43
AZ,Mohave,2021,40,1.38,4.4,4.72,1,15,24,2.5
AZ,Mohave,2022,30,1.27,8.5,9.03,4,9,17,13.33
AZ,Navajo,2017,24,1.71,6.59,6.63,7,11,6,29.17
AZ,Navajo,2018,47,1.43,5.12,5.16,19,8,20,40.43
AZ,Navajo,2019,121,1.42,3.72,3.8,32,19,70,26.45
AZ,Navajo,2020,32,1.41,4.31,4.38,6,4,22,18.75
AZ,Navajo,2021,44,1.23,4.52,5.0,1,9,34,2.27
AZ,Navajo,2022,69,1.0,3.97,4.0,5,7,57,7.25
AZ,Pima,2017,131,1.11,4.1,4.8,61,47,23,46.56
AZ,Pima,2018,376,1.24,4.05,4.65,207,124,45,55.05
AZ,Pima,2019,533,0.86,3.51,4.12,184,254,95,34.52
AZ,Pima,2020,445,0.51,3.2,4.04,88,277,80,19.78
AZ,Pima,2021,296,0.77,2.19,3.29,31,196,69,10.47
AZ,Pima,2022,155,1.19,3.71,4.45,26,77,52,16.77
AZ,Pinal,2017,111,1.03,4.1,4.34,20,31,60,18.02
AZ,Pinal,2018,236,1.26,4.15,4.58,45,77,114,19.07
AZ,Pinal,2019,347,1.36,3.81,3.98,73,102,172,21.04
AZ,Pinal,2020,112,1.25,5.93,6.05,12,47,53,10.71
AZ,Pinal,2021,115,1.16,3.98,4.24,6,41,68,5.22
AZ,Pinal,2022,95,1.28,5.28,5.52,8,32,55,8.42
AZ,Yavapai,2017,71,1.55,4.65,4.99,14,18,39,19.72
AZ,Yavapai,2018,203,1.66,3.84,4.1,39,51,113,19.21
AZ,Yavapai,2019,443,1.5,4.05,4.08,82,75,286,18.51
AZ,Yavapai,2020,134,1.05,5.92,6.16,12,46,76,8.96
AZ,Yavapai,2021,133,1.38,5.59,6.01,4,30,99,3.01
AZ,Yavapai,2022,105,1.27,5.46,5.76,3,32,70,2.86
AZ,Yuma,2017,7,1.71,4.12,4.42,4,3,0,57.14
AZ,Yuma,2018,24,1.92,2.89,2.93,6,5,13,25.0
AZ,Yuma,2019,60,1.68,4.38,4.54,13,13,34,21.67
AZ,Yuma,2020,89,0.78,2.58,3.92,6,68,15,6.74
AZ,Yuma,2021,109,0.19,1.23,2.93,0,98,11,0.0
AZ,Yuma,2022,7,1.14,3.43,3.71,1,0,6,14.29
CA,Alameda,2016,2126,1.48,1.33,2.78,334,767,1025,15.71
CA,Alameda,2017,3085,1.36,2.17,4.54,568,986,1531,18.41
CA,Alameda,2018,3420,1.24,2.02,4.11,575,1078,1767,16.81
CA,Alameda,2019,3320,0.87,2.1,3.98,740,1124,1456,22.29
CA,Alameda,2020,3131,0.64,1.37,3.55,425,2083,623,13.57
CA,Alameda,2021,4318,0.94,1.93,3.71,290,2192,1836,6.72
CA,Alameda,2022,1971,1.22,2.64,4.35,68,530,1373,3.45
CA,Alpine,2017,2,0.5,2.1,2.22,0,0,2,0.0
CA,Alpine,2018,2,1.0,11.7,11.62,0,1,1,0.0
CA,Alpine,2019,5,0.8,5.16,5.49,0,1,4,0.0
CA,Alpine,2020,7,0.71,4.71,5.0,0,1,6,0.0
CA,Alpine,2021,14,0.64,5.07,5.36,0,2,12,0.0
CA,Alpine,2022,9,0.89,4.56,5.44,0,0,9,0.0
CA,Amador,2016,2,2.0,4.28,4.28,1,1,0,50.0
CA,Amador,2017,3,2.0,7.31,7.55,2,1,0,66.67
CA,Amador,2018,20,1.3,6.52,6.63,9,6,5,45.0
CA,Amador,2019,27,1.3,7.84,8.06,6,10,11,22.22
CA,Amador,2020,9,1.11,6.89,7.0,2,5,2,22.22
CA,Amador,2021,19,0.53,4.42,4.63,0,5,14,0.0
CA,Amador,2022,8,0.88,5.12,5.75,0,0,8,0.0
CA,Butte,2016,3,1.67,1.72,1.77,1,1,1,33.33
CA,Butte,2017,24,1.42,5.52,5.62,3,8,13,12.5
CA,Butte,2018,47,1.26,4.12,4.25,12,12,23,25.53
CA,Butte,2019,111,0.93,3.43,3.58,3,28,80,2.7
CA,Butte,2020,43,0.86,4.81,5.19,6,15,22,13.95
CA,Butte,2021,20,0.9,3.8,4.9,0,6,14,0.0
CA,Butte,2022,2,1.0,3.5,3.5,0,1,1,0.0
CA,Calaveras,2016,3,1.33,2.24,2.28,1,1,1,33.33
CA,Calaveras,2017,7,0.86,4.29,4.4,1,5,1,14.29
CA,Calaveras,2018,20,1.0,3.9,4.09,9,7,4,45.0
CA,Calaveras,2019,16,0.81,5.0,5.44,0,8,8,0.0
CA,Calaveras,2020,8,1.12,9.25,9.62,2,3,3,25.0
CA,Calaveras,2021,30,0.5,4.47,4.77,0,6,24,0.0
CA,Calaveras,2022,6,0.33,3.5,3.83,0,0,6,0.0
CA,Colusa,2016,2,1.5,0.08,0.08,0,0,2,0.0
CA,Colusa,2017,23,1.39,10.08,10.73,5,6,12,21.74
CA,Colusa,2018,36,1.03,3.32,3.66,11,15,10,30.56
CA,Colusa,2019,77,1.38,3.32,3.37,13,24,40,16.88
CA,Colusa,2020,20,0.7,3.95,4.45,2,11,7,10.0
CA,Colusa,2021,11,1.27,6.18,6.45,2,5,4,18.18
CA,Colusa,2022,10,0.8,5.6,5.8,1,5,4,10.0
CA,Contra Costa,2016,715,1.31,1.61,3.08,96,273,346,13.43
CA,Contra Costa,2017,1045,1.17,2.05,4.29,146,365,534,13.97
CA,Contra Costa,2018,1200,1.09,1.97,4.27,171,418,611,14.25
CA,Contra Costa,2019,1270,0.8,2.59,4.17,283,421,566,22.28
CA,Contra Costa,2020,990,0.59,1.93,3.61,135,597,258,13.64
CA,Contra Costa,2021,1161,0.8,2.58,3.87,121,582,458,10.42
CA,Contra Costa,2022,544,0.94,3.66,4.83,69,224,251,12.68
CA,Del Norte,2017,139,1.24,1.82,1.91,5,13,121,3.6
CA,Del Norte,2018,59,1.29,1.74,1.82,7,6,46,11.86
CA,Del Norte,2019,17,1.18,1.62,1.62,2,4,11,11.76
CA,Del Norte,2020,14,1.14,1.36,2.64,3,1,10,21.43
CA,Del Norte,2021,41,1.41,2.51,3.32,9,4,28,21.95
CA,El Dorado,2016,35,1.31,1.48,1.71,11,18,6,31.43
CA,El Dorado,2017,200,1.24,2.42,2.82,66,83,51,33.0
CA,El Dorado,2018,440,1.35,3.68,4.24,94,191,155,21.36
CA,El Dorado,2019,582,1.2,4.41,4.91,91,222,269,15.64
CA,El Dorado,2020,303,1.32,4.73,5.58,27,163,113,8.91
CA,El Dorado,2021,595,1.19,6.27,6.88,47,290,258,7.9
CA,El Dorado,2022,132,1.15,4.27,4.76,5,47,80,3.79
CA,Fresno,2016,12,1.67,2.64,2.63,0,4,8,0.0
CA,Fresno,2017,95,1.35,4.42,4.84,19,31,45,20.0
CA,Fresno,2018,236,1.26,4.49,4.81,43,81,112,18.22
CA,Fresno,2019,345,1.04,3.93,4.11,99,103,143,28.7
CA,Fresno,2020,293,0.6,4.28,4.56,76,144,73,25.94
CA,Fresno,2021,225,1.11,4.11,4.55,27,97,101,12.0
CA,Fresno,2022,88,1.11,4.61,4.76,5,36,47,5.68
CA,Glenn,2017,9,1.44,3.05,3.11,0,3,6,0.0
CA,Glenn,2018,12,1.5,4.36,4.38,1,6,5,8.33
CA,Glenn,2019,50,1.56,1.88,1.88,5,12,33,10.0
CA,Glenn,2020,5,0.2,3.4,3.8,0,3,2,0.0
CA,Glenn,2021,7,0.86,4.14,4.14,0,1,6,0.0
CA,Glenn,2022,1,1.0,6.0,6.0,0,0,1,0.0
CA,Humboldt,2017,265,1.14,1.36,1.58,27,103,135,10.19
CA,Humboldt,2018,284,1.17,1.71,1.99,27,138,119,9.51
CA,Humboldt,2019,113,1.27,3.91,4.15,18,43,52,15.93
CA,Humboldt,2020,108,1.46,3.16,4.56,6,54,48,5.56
CA,Humboldt,2021,133,1.5,1.36,2.95,1,50,82,0.75
CA,Humboldt,2022,29,1.21,4.03,4.38,0,7,22,0.0
CA,Imperial,2018,2,1.5,0.05,0.05,2,0,0,100.0
CA,Imperial,2019,24,1.5,1.75,1.75,21,3,0,87.5
CA,Inyo,2017,18,1.56,5.33,5.29,4,6,8,22.22
CA,Inyo,2018,79,1.63,4.94,5.16,10,16,53,12.66
CA,Inyo,2019,33,1.15,3.86,4.29,5,7,21,15.15
CA,Inyo,2020,9,1.67,7.22,7.33,2,3,4,22.22
CA,Inyo,2021,22,1.09,3.0,3.36,0,3,19,0.0
CA,Inyo,2022,4,1.5,7.75,7.75,0,1,3,0.0
CA,Kern,2017,172,1.47,3.93,4.15,56,47,69,32.56
CA,Kern,2018,448,1.46,3.97,4.18,128,142,178,28.57
CA,Kern,2019,1013,1.22,3.59,3.69,264,269,480,26.06
CA,Kern,2020,290,1.05,4.46,4.89,54,130,106,18.62
CA,Kern,2021,436,1.4,4.41,4.81,21,159,256,4.82
CA,Kern,2022,182,1.31,4.88,5.13,33,57,92,18.13
CA,Kings,2017,23,1.35,4.35,4.34,7,7,9,30.43
CA,Kings,2018,64,1.55,3.94,3.96,12,15,37,18.75
CA,Kings,2019,61,1.38,3.76,3.77,20,10,31,32.79
CA,Kings,2020,30,1.17,5.6,5.9,8,13,9,26.67
CA,Kings,2021,27,1.22,4.74,5.19,1,13,13,3.7
CA,Kings,2022,17,0.94,6.06,6.35,4,9,4,23.53
CA,Lake,2016,10,0.9,5.84,5.86,0,5,5,0.0
CA,Lake,2017,18,0.33,3.1,3.25,4,3,11,22.22
CA,Lake,2018,37,0.92,5.7,5.71,5,17,15,13.51
CA,Lake,2019,25,0.96,5.23,5.28,3,8,14,12.0
CA,Lake,2020,11,1.36,7.45,7.82,2,4,5,18.18
CA,Lake,2021,3,1.67,7.67,7.67,0,0,3,0.0
CA,Lake,2022,1,1.0,2.0,2.0,0,0,1,0.0
CA,Lassen,2017,8,1.12,4.16,4.21,1,3,4,12.5
CA,Lassen,2018,69,1.35,5.41,5.49,6,13,50,8.7
CA,Lassen,2019,81,1.47,4.35,4.45,2,17,62,2.47
CA,Lassen,2020,162,1.58,4.34,4.56,3,24,135,1.85
CA,Lassen,2021,166,1.45,3.73,4.24,4,11,151,2.41
CA,Lassen,2022,19,1.47,4.37,4.63,1,0,18,5.26
CA,Los Angeles,2016,14587,1.32,1.14,2.78,3377,6042,5168,23.15
CA,Los Angeles,2017,23048,1.21,1.84,4.62,6364,8884,7800,27.61
CA,Los Angeles,2018,22298,1.1,1.54,3.76,6421,8171,7706,28.8
CA,Los Angeles,2019,20374,0.87,1.8,4.0,5965,8195,6214,29.28
CA,Los Angeles,2020,21085,0.57,1.23,3.45,3483,14637,2965,16.52
CA,Los Angeles,2021,29276,0.9,2.03,3.9,3125,17184,8967,10.67
CA,Los Angeles,2022,12014,1.18,2.5,4.66,1555,4915,5544,12.94
CA,Madera,2017,31,1.42,2.56,2.92,0,7,24,0.0
CA,Madera,2018,93,1.48,3.98,4.24,16,18,59,17.2
CA,Madera,2019,135,1.27,3.71,4.02,14,29,92,10.37
CA,Madera,2020,68,1.43,3.82,4.19,4,17,47,5.88
CA,Madera,2021,157,1.55,4.23,4.66,10,48,99,6.37
CA,Madera,2022,35,1.29,4.46,4.86,2,7,26,5.71
CA,Marin,2016,208,1.3,1.75,3.12,103,58,47,49.52
CA,Marin,2017,314,1.17,2.68,4.8,154,84,76,49.04
CA,Marin,2018,313,1.21,2.88,4.4,143,87,83,45.69
CA,Marin,2019,452,0.89,2.74,4.01,165,193,94,36.5
CA,Marin,2020,228,0.75,3.2,3.95,77,128,23,33.77
CA,Marin,2021,266,0.93,3.18,3.94,62,148,56,23.31
CA,Marin,2022,127,1.04,3.75,4.66,25,59,43,19.69
CA,Mariposa,2017,17,1.59,10.31,10.91,4,10,3,23.53
CA,Mariposa,2018,34,1.68,5.84,5.97,13,16,5,38.24
CA,Mariposa,2019,33,1.61,6.67,7.17,8,17,8,24.24
CA,Mariposa,2020,15,1.2,6.2,6.73,0,8,7,0.0
CA,Mariposa,2021,50,1.62,4.64,5.32,5,23,22,10.0
CA,Mariposa,2022,15,1.33,3.53,4.0,1,4,10,6.67
CA,Mendocino,2016,153,1.2,0.77,1.03,12,47,94,7.84
CA,Mendocino,2017,270,1.17,1.66,2.03,32,59,179,11.85
CA,Mendocino,2018,212,1.31,2.73,2.85,39,43,130,18.4
CA,Mendocino,2019,140,1.22,3.94,3.97,29,25,86,20.71
CA,Mendocino,2020,38,1.32,5.87,5.97,5,10,23,13.16
CA,Mendocino,2021,48,1.19,3.15,3.21,0,21,27,0.0
CA,Mendocino,2022,6,1.33,3.67,3.67,0,4,2,0.0
CA,Merced,2016,37,1.78,3.89,3.92,5,12,20,13.51
CA,Merced,2017,63,1.38,4.4,4.51,8,27,28,12.7
CA,Merced,2018,79,1.53,4.75,5.01,17,22,40,21.52
CA,Merced,2019,120,1.38,5.54,5.61,30,30,60,25.0
CA,Merced,2020,56,1.23,4.57,4.95,4,24,28,7.14
CA,Merced,2021,155,1.33,3.79,4.18,4,58,93,2.58
CA,Merced,2022,111,1.24,4.48,4.62,8,40,63,7.21
CA,Modoc,2017,2,1.5,4.33,4.33,1,0,1,50.0
CA,Modoc,2018,9,0.89,4.46,4.39,2,2,5,22.22
CA,Modoc,2019,17,1.53,5.35,5.41,0,5,12,0.0
CA,Modoc,2020,2,1.5,3.5,4.0,0,0,2,0.0
CA,Modoc,2021,8,1.5,5.12,5.25,2,2,4,25.0
CA,Modoc,2022,2,1.5,9.0,9.0,1,0,1,50.0
CA,Mono,2017,53,1.64,4.97,5.16,1,17,35,1.89
CA,Mono,2018,207,1.6,4.34,4.4,18,37,152,8.7
CA,Mono,2019,271,1.28,3.9,3.95,7,33,231,2.58
CA,Mono,2020,101,1.35,4.19,4.4,5,19,77,4.95
CA,Mono,2021,276,1.3,3.66,3.88,4,36,236,1.45
CA,Mono,2022,78,1.24,3.24,3.59,0,4,74,0.0
CA,Monterey,2016,528,0.9,1.75,2.6,67,245,216,12.69
CA,Monterey,2017,639,0.91,3.0,4.23,122,240,277,19.09
CA,Monterey,2018,769,0.77,2.57,3.63,80,276,413,10.4
CA,Monterey,2019,744,0.96,3.02,3.64,141,225,378,18.95
CA,Monterey,2020,215,0.95,4.6,5.44,40,89,86,18.6
CA,Monterey,2021,461,0.94,4.15,4.69,48,222,191,10.41
CA,Monterey,2022,326,1.01,4.28,5.41,26,178,122,7.98
CA,Napa,2016,238,0.39,1.16,2.01,5,106,127,2.1
CA,Napa,2017,521,0.4,2.03,3.51,27,220,274,5.18
CA,Napa,2018,491,0.45,2.13,3.7,26,205,260,5.3
CA,Napa,2019,423,0.43,2.83,4.2,28,215,180,6.62
CA,Napa,2020,189,0.38,2.79,4.06,15,85,89,7.94
CA,Napa,2021,256,0.55,4.27,5.42,28,118,110,10.94
CA,Napa,2022,143,0.52,3.58,4.77,13,69,61,9.09
CA,Nevada,2016,33,1.7,5.44,5.83,1,10,22,3.03
CA,Nevada,2017,220,1.65,4.64,5.05,11,76,133,5.0
CA,Nevada,2018,731,1.66,4.39,4.62,31,197,503,4.24
CA,Nevada,2019,656,1.58,4.3,4.49,42,180,434,6.4
CA,Nevada,2020,191,1.39,4.36,4.75,5,42,144,2.62
CA,Nevada,2021,266,1.41,8.1,9.0,0,57,209,0.0
CA,Nevada,2022,67,1.28,8.21,8.43,3,12,52,4.48
CA,Orange,2016,3159,1.47,1.32,2.76,413,1216,1530,13.07
CA,Orange,2017,5273,1.35,2.14,4.61,864,1758,2651,16.39
CA,Orange,2018,4645,1.25,1.93,4.13,860,1399,2386,18.51
CA,Orange,2019,3773,0.94,2.38,4.05,719,1275,1779,19.06
CA,Orange,2020,2631,0.69,2.62,3.78,530,1318,783,20.14
CA,Orange,2021,3738,1.02,2.61,3.69,281,1593,1864,7.52
CA,Orange,2022,2312,1.07,2.42,4.1,169,781,1362,7.31
CA,Placer,2016,191,1.59,3.36,3.44,35,68,88,18.32
CA,Placer,2017,473,1.54,4.85,5.08,52,175,246,10.99
CA,Placer,2018,838,1.53,3.77,4.04,102,276,460,12.17
CA,Placer,2019,1000,1.24,3.83,4.16,132,343,525,13.2
CA,Placer,2020,434,1.02,4.27,4.74,48,155,231,11.06
CA,Placer,2021,504,1.17,4.95,5.63,16,111,377,3.17
CA,Placer,2022,158,1.17,6.28,6.8,15,38,105,9.49
CA,Plumas,2017,3,1.0,3.24,3.35,0,1,2,0.0
CA,Plumas,2018,17,1.47,9.95,9.97,3,6,8,17.65
CA,Plumas,2019,46,0.54,3.76,3.91,4,5,37,8.7
CA,Plumas,2020,29,0.86,4.59,4.76,1,6,22,3.45
CA,Plumas,2021,110,0.7,4.48,5.02,0,6,104,0.0
CA,Plumas,2022,21,0.33,2.81,3.52,0,4,17,0.0
CA,Riverside,2016,1493,1.59,1.82,3.2,191,598,704,12.79
CA,Riverside,2017,2515,1.29,2.44,4.0,310,826,1379,12.33
CA,Riverside,2018,2616,1.15,1.8,3.6,302,764,1550,11.54
CA,Riverside,2019,2822,1.04,1.94,3.23,426,966,1430,15.1
CA,Riverside,2020,1727,1.06,2.21,3.69,224,862,641,12.97
CA,Riverside,2021,3697,1.31,2.55,4.02,228,1609,1860,6.17
CA,Riverside,2022,2000,1.3,2.55,4.44,101,767,1132,5.05
CA,Sacramento,2016,1128,1.31,1.7,2.67,165,497,466,14.63
CA,Sacramento,2017,1689,1.23,2.64,4.48,237,795,657,14.03
CA,Sacramento,2018,1833,1.14,2.15,3.72,302,656,875,16.48
CA,Sacramento,2019,1764,0.85,2.17,3.48,310,750,704,17.57
CA,Sacramento,2020,865,0.62,2.39,3.58,168,465,232,19.42
CA,Sacramento,2021,1110,0.98,2.72,3.53,121,510,479,10.9
CA,Sacramento,2022,524,1.17,3.39,4.09,32,229,263,6.11
CA,San Benito,2016,75,1.37,2.22,2.77,5,36,34,6.67
CA,San Benito,2017,148,1.54,5.37,6.43,22,82,44,14.86
CA,San Benito,2018,204,1.4,3.13,4.41,28,100,76,13.73
CA,San Benito,2019,130,0.87,4.41,5.69,14,78,38,10.77
CA,San Benito,2020,54,0.87,4.3,5.5,8,27,19,14.81
CA,San Benito,2021,140,0.95,4.94,6.06,16,85,39,11.43
CA,San Benito,2022,83,1.23,4.16,7.13,8,55,20,9.64
CA,San Bernardino,2016,1349,1.34,1.91,2.82,129,429,791,9.56
CA,San Bernardino,2017,2143,1.28,2.63,4.04,238,618,1287,11.11
CA,San Bernardino,2018,2360,1.27,2.45,3.77,306,621,1433,12.97
CA,San Bernardino,2019,3019,1.14,2.84,3.87,458,837,1724,15.17
CA,San Bernardino,2020,1857,0.97,2.91,4.23,232,859,766,12.49
CA,San Bernardino,2021,3548,1.32,3.51,4.83,174,1204,2170,4.9
CA,San Bernardino,2022,1781,1.48,3.35,5.01,68,535,1178,3.82
CA,San Diego,2016,2082,1.5,1.69,2.84,382,692,1008,18.35
CA,San Diego,2017,3006,1.4,2.72,4.67,575,983,1448,19.13
CA,San Diego,2018,3219,1.27,2.2,4.24,611,974,1634,18.98
CA,San Diego,2019,3508,0.93,2.45,4.21,704,1331,1473,20.07
CA,San Diego,2020,2036,0.54,2.42,3.65,437,1113,486,21.46
CA,San Diego,2021,2654,1.07,3.35,4.52,323,1087,1244,12.17
CA,San Diego,2022,1242,1.22,3.61,4.88,119,490,633,9.58
CA,San Francisco,2016,1071,1.18,0.97,1.77,688,248,135,64.24
CA,San Francisco,2017,1718,1.15,1.78,3.26,1169,349,200,68.04
CA,San Francisco,2018,1355,1.14,1.53,3.2,838,284,233,61.85
CA,San Francisco,2019,1440,0.96,2.02,3.46,995,309,136,69.1
CA,San Francisco,2020,3508,0.56,0.67,3.65,1344,2101,63,38.31
CA,San Francisco,2021,3773,0.62,0.79,3.58,1579,2033,161,41.85
CA,San Francisco,2022,536,1.21,2.08,4.13,251,185,100,46.83
CA,San Joaquin,2016,334,1.56,1.77,2.07,36,116,182,10.78
CA,San Joaquin,2017,472,1.33,3.53,4.06,56,147,269,11.86
CA,San Joaquin,2018,572,1.23,3.22,3.94,82,177,313,14.34
CA,San Joaquin,2019,722,1.0,3.0,3.52,97,189,436,13.43
CA,San Joaquin,2020,435,1.17,2.66,3.67,29,214,192,6.67
CA,San Joaquin,2021,843,1.29,2.71,3.51,39,275,529,4.63
CA,San Joaquin,2022,349,1.26,3.87,4.65,23,92,234,6.59
CA,San Luis Obispo,2017,129,1.45,2.99,3.24,15,37,77,11.63
CA,San Luis Obispo,2018,252,1.61,4.19,4.67,29,71,152,11.51
CA,San Luis Obispo,2019,478,0.98,2.56,2.77,95,149,234,19.87
CA,San Luis Obispo,2020,166,0.73,4.09,4.58,42,55,69,25.3
CA,San Luis Obispo,2021,145,1.12,3.46,3.77,12,31,102,8.28
CA,San Luis Obispo,2022,88,1.19,4.47,4.86,18,18,52,20.45
CA,San Mateo,2016,826,1.01,1.51,2.92,125,246,455,15.13
CA,San Mateo,2017,1325,0.98,2.18,4.11,236,407,682,17.81
CA,San Mateo,2018,1456,0.84,1.43,3.44,217,375,864,14.9
CA,San Mateo,2019,1492,0.68,2.23,3.8,226,572,694,15.15
CA,San Mateo,2020,898,0.51,3.1,4.24,123,514,261,13.7
CA,San Mateo,2021,696,0.67,2.56,3.61,40,330,326,5.75
CA,San Mateo,2022,388,0.86,3.34,4.12,34,114,240,8.76
CA,Santa Barbara,2016,229,1.62,1.55,2.23,22,80,127,9.61
CA,Santa Barbara,2017,458,1.54,2.9,4.51,39,178,241,8.52
CA,Santa Barbara,2018,533,1.52,2.94,4.64,88,149,296,16.51
CA,Santa Barbara,2019,651,0.89,2.85,3.76,205,172,274,31.49
CA,Santa Barbara,2020,429,0.38,3.06,4.16,168,183,78,39.16
CA,Santa Barbara,2021,393,0.41,3.34,4.52,60,218,115,15.27
CA,Santa Barbara,2022,245,0.72,5.23,6.72,30,115,100,12.24
CA,Santa Clara,2016,1615,1.26,1.29,2.72,224,577,814,13.87
CA,Santa Clara,2017,2352,1.14,2.11,4.29,430,704,1218,18.28
CA,Santa Clara,2018,2640,1.15,1.75,4.08,460,812,1368,17.42
CA,Santa Clara,2019,2816,0.87,2.28,4.22,753,986,1077,26.74
CA,Santa Clara,2020,1670,0.56,2.17,3.52,350,976,344,20.96
CA,Santa Clara,2021,1743,0.91,2.75,3.95,146,915,682,8.38
CA,Santa Clara,2022,1026,1.15,3.24,4.52,88,331,607,8.58
CA,Santa Cruz,2016,228,1.02,2.17,3.62,59,75,94,25.88
CA,Santa Cruz,2017,353,1.04,3.95,5.67,95,145,113,26.91
CA,Santa Cruz,2018,561,0.5,1.87,3.36,206,193,162,36.72
CA,Santa Cruz,2019,343,0.81,3.27,5.12,113,152,78,32.94
CA,Santa Cruz,2020,193,0.51,2.37,4.55,48,116,29,24.87
CA,Santa Cruz,2021,365,0.88,4.04,5.94,78,205,82,21.37
CA,Santa Cruz,2022,160,1.0,4.83,7.58,45,76,39,28.12
CA,Shasta,2017,25,1.72,5.75,5.81,8,11,6,32.0
CA,Shasta,2018,140,1.16,4.31,4.35,23,48,69,16.43
CA,Shasta,2019,352,1.49,4.01,4.7,46,130,176,13.07
CA,Shasta,2020,59,1.24,4.25,4.49,12,18,29,20.34
CA,Shasta,2021,147,1.41,5.19,5.52,12,22,113,8.16
CA,Shasta,2022,8,1.5,4.38,5.12,0,0,8,0.0
CA,Sierra,2017,7,1.14,1.07,2.25,0,3,4,0.0
CA,Sierra,2018,26,1.73,2.83,2.89,0,14,12,0.0
CA,Sierra,2019,47,1.38,3.19,3.19,12,13,22,25.53
CA,Sierra,2020,14,1.14,2.5,3.5,0,6,8,0.0
CA,Sierra,2021,9,0.78,3.44,3.67,0,1,8,0.0
CA,Sierra,2022,7,1.0,3.57,3.71,1,4,2,14.29
CA,Siskiyou,2017,7,0.86,2.64,2.64,1,1,5,14.29
CA,Siskiyou,2018,96,1.74,5.26,5.28,14,31,51,14.58
CA,Siskiyou,2019,195,1.64,4.78,4.83,19,47,129,9.74
CA,Siskiyou,2020,53,1.58,4.43,4.66,0,8,45,0.0
CA,Siskiyou,2021,151,1.68,5.31,5.68,4,12,135,2.65
CA,Siskiyou,2022,9,1.33,5.0,5.11,0,1,8,0.0
CA,Solano,2016,372,1.4,1.88,2.66,46,125,201,12.37
CA,Solano,2017,630,1.26,3.43,4.8,64,210,356,10.16
CA,Solano,2018,744,1.26,2.95,4.47,65,224,455,8.74
CA,Solano,2019,515,1.2,3.24,4.35,44,184,287,8.54
CA,Solano,2020,295,1.08,3.33,4.72,37,128,130,12.54
CA,Solano,2021,643,1.39,3.28,4.46,17,216,410,2.64
CA,Solano,2022,392,1.29,3.33,5.12,22,120,250,5.61
CA,Sonoma,2016,452,1.28,1.76,3.21,34,143,275,7.52
CA,Sonoma,2017,874,1.13,3.32,5.04,178,268,428,20.37
CA,Sonoma,2018,863,1.1,2.79,4.52,125,270,468,14.48
CA,Sonoma,2019,667,1.0,3.81,6.22,86,272,309,12.89
CA,Sonoma,2020,258,0.92,3.66,5.72,49,138,71,18.99
CA,Sonoma,2021,392,1.25,3.69,5.26,21,144,227,5.36
CA,Sonoma,2022,209,1.11,3.01,5.35,11,65,133,5.26
CA,Stanislaus,2016,95,1.31,1.52,1.64,5,33,57,5.26
CA,Stanislaus,2017,207,1.27,3.7,4.43,36,47,124,17.39
CA,Stanislaus,2018,299,1.08,2.48,3.53,50,77,172,16.72
CA,Stanislaus,2019,374,0.89,2.92,3.62,106,97,171,28.34
CA,Stanislaus,2020,211,0.52,2.69,3.95,40,109,62,18.96
CA,Stanislaus,2021,367,0.82,2.45,3.33,29,159,179,7.9
CA,Stanislaus,2022,155,1.08,3.33,4.24,14,39,102,9.03
CA,Sutter,2016,11,1.36,1.85,2.14,4,3,4,36.36
CA,Sutter,2017,37,1.27,5.63,5.81,14,12,11,37.84
CA,Sutter,2018,49,1.24,4.44,5.15,18,21,10,36.73
CA,Sutter,2019,83,1.24,2.81,3.48,15,42,26,18.07
CA,Sutter,2020,77,1.56,2.84,4.12,6,22,49,7.79
CA,Sutter,2021,44,1.57,1.61,3.45,2,5,37,4.55
CA,Sutter,2022,13,1.15,5.23,6.08,0,2,11,0.0
CA,Tehama,2017,15,1.4,5.88,5.91,4,1,10,26.67
CA,Tehama,2018,33,1.64,3.2,3.22,7,11,15,21.21
CA,Tehama,2019,55,1.55,2.81,2.94,9,18,28,16.36
CA,Tehama,2020,17,1.12,4.24,4.29,4,7,6,23.53
CA,Tehama,2021,65,1.05,4.85,5.17,1,17,47,1.54
CA,Tehama,2022,11,1.09,4.18,4.45,0,0,11,0.0
CA,Trinity,2017,9,1.11,5.36,5.41,0,1,8,0.0
CA,Trinity,2018,3,2.0,5.26,5.22,1,2,0,33.33
CA,Trinity,2019,10,1.5,4.85,5.3,1,3,6,10.0
CA,Trinity,2020,7,2.0,12.86,13.29,2,1,4,28.57
CA,Trinity,2021,17,1.12,2.53,4.35,0,1,16,0.0
CA,Trinity,2022,9,1.67,4.33,5.67,0,3,6,0.0
CA,Tulare,2017,30,1.3,3.8,5.1,4,15,11,13.33
CA,Tulare,2018,55,1.51,6.14,6.29,25,21,9,45.45
CA,Tulare,2019,118,1.03,3.88,4.01,37,45,36,31.36
CA,Tulare,2020,94,0.39,3.19,4.43,11,26,57,11.7
CA,Tulare,2021,108,0.53,2.28,3.5,2,26,80,1.85
CA,Tulare,2022,24,1.08,5.38,5.58,1,15,8,4.17
CA,Tuolumne,2017,19,1.32,6.43,8.85,4,4,11,21.05
CA,Tuolumne,2018,37,1.05,3.16,3.56,4,8,25,10.81
CA,Tuolumne,2019,52,0.96,5.55,5.78,6,16,30,11.54
CA,Tuolumne,2020,40,1.35,4.32,6.02,13,6,21,32.5
CA,Tuolumne,2021,60,1.28,6.6,7.93,14,9,37,23.33
CA,Tuolumne,2022,31,0.81,5.94,6.29,4,3,24,12.9
CA,Ventura,2016,408,1.41,1.27,1.84,26,99,283,6.37
CA,Ventura,2017,670,1.33,2.35,3.44,67,138,465,10.0
CA,Ventura,2018,821,1.25,2.26,3.19,122,202,497,14.86
CA,Ventura,2019,939,0.74,2.59,3.22,242,242,455,25.77
CA,Ventura,2020,730,0.6,3.14,3.62,255,265,210,34.93
CA,Ventura,2021,689,1.19,2.8,3.36,47,170,472,6.82
CA,Ventura,2022,360,1.16,3.08,3.95,18,94,248,5.0
CA,Yolo,2016,111,1.49,1.3,1.85,14,16,81,12.61
CA,Yolo,2017,204,1.5,3.62,4.52,24,45,135,11.76
CA,Yolo,2018,266,1.39,2.41,3.89,30,54,182,11.28
CA,Yolo,2019,335,1.18,3.04,4.18,58,103,174,17.31
CA,Yolo,2020,180,1.07,3.47,5.16,53,59,68,29.44
CA,Yolo,2021,320,1.51,4.55,6.1,34,100,186,10.62
CA,Yolo,2022,198,1.33,3.45,5.76,12,56,130,6.06
CA,Yuba,2016,47,1.45,2.72,3.09,16,28,3,34.04
CA,Yuba,2017,89,1.31,5.48,7.18,22,55,12,24.72
CA,Yuba,2018,119,1.0,3.65,5.8,26,80,13,21.85
CA,Yuba,2019,191,0.98,3.81,5.34,53,114,24,27.75
CA,Yuba,2020,64,1.12,3.72,4.97,18,42,4,28.12
CA,Yuba,2021,79,0.86,3.73,5.24,13,50,16,16.46
CA,Yuba,2022,53,1.06,4.47,5.66,15,29,9,28.3
CO,Adams,2017,416,1.22,2.48,3.45,63,170,183,15.14
CO,Adams,2018,777,1.43,2.65,3.89,111,255,411,14.29
CO,Adams,2019,937,1.14,3.32,4.24,204,343,390,21.77
CO,Adams,2020,363,0.72,2.44,3.3,37,174,152,10.19
CO,Adams,2021,537,1.01,2.95,3.58,29,193,315,5.4
CO,Adams,2022,378,1.04,3.52,4.31,25,128,225,6.61
CO,Alamosa,2017,1,1.0,3.7,3.7,0,0,1,0.0
CO,Alamosa,2018,8,1.62,3.99,4.01,1,1,6,12.5
CO,Alamosa,2019,11,1.36,3.81,3.84,1,7,3,9.09
CO,Alamosa,2020,8,1.75,4.62,4.88,0,2,6,0.0
CO,Alamosa,2021,1,2.0,5.0,5.0,0,0,1,0.0
CO,Alamosa,2022,5,1.4,3.4,3.4,0,0,5,0.0
CO,Arapahoe,2017,335,1.32,2.54,3.47,89,162,84,26.57
CO,Arapahoe,2018,725,1.21,2.4,3.33,161,359,205,22.21
CO,Arapahoe,2019,939,0.77,2.54,3.26,229,425,285,24.39
CO,Arapahoe,2020,333,0.53,2.61,3.45,49,176,108,14.71
CO,Arapahoe,2021,350,0.69,2.41,3.09,28,212,110,8.0
CO,Arapahoe,2022,311,0.85,3.39,3.84,37,145,129,11.9
CO,Archuleta,2017,9,1.33,6.3,6.36,2,0,7,22.22
CO,Archuleta,2018,65,1.62,4.39,4.43,5,1,59,7.69
CO,Archuleta,2019,17,1.18,2.32,2.58,0,1,16,0.0
CO,Archuleta,2020,9,1.44,5.44,5.44,0,3,6,0.0
CO,Archuleta,2021,45,1.11,3.24,3.42,1,1,43,2.22
CO,Archuleta,2022,18,1.11,4.5,4.67,0,0,18,0.0
CO,Baca,2017,3,2.0,5.36,5.38,1,0,2,33.33
CO,Baca,2018,13,1.54,5.7,5.72,4,1,8,30.77
CO,Baca,2019,26,1.31,4.05,4.06,3,11,12,11.54
CO,Baca,2020,25,1.0,5.72,5.8,15,4,6,60.0
CO,Baca,2021,4,0.75,4.25,4.5,1,1,2,25.0
CO,Baca,2022,1,2.0,14.0,14.0,0,0,1,0.0
CO,Bent,2017,8,1.12,0.7,0.7,7,1,0,87.5
CO,Bent,2018,14,1.43,4.66,4.66,8,1,5,57.14
CO,Bent,2019,6,1.17,5.45,5.45,3,3,0,50.0
CO,Bent,2020,6,1.17,3.0,3.0,0,4,2,0.0
CO,Bent,2021,3,1.0,3.0,3.0,2,0,1,66.67
CO,Bent,2022,2,1.0,3.5,3.5,1,0,1,50.0
CO,Boulder,2017,118,1.31,3.55,4.0,47,47,24,39.83
CO,Boulder,2018,339,1.27,2.21,2.83,116,156,67,34.22
CO,Boulder,2019,478,0.49,3.25,3.95,100,239,139,20.92
CO,Boulder,2020,266,0.55,4.21,4.71,34,160,72,12.78
CO,Boulder,2021,143,0.34,2.45,3.1,26,82,35,18.18
CO,Boulder,2022,136,0.54,3.25,3.63,14,62,60,10.29
CO,Broomfield,2017,61,1.38,3.43,4.12,15,18,28,24.59
CO,Broomfield,2018,114,1.35,2.32,2.93,20,26,68,17.54
CO,Broomfield,2019,149,0.81,3.07,3.4,21,40,88,14.09
CO,Broomfield,2020,35,0.91,3.31,3.63,8,13,14,22.86
CO,Broomfield,2021,40,1.3,3.32,3.5,1,13,26,2.5
CO,Broomfield,2022,47,1.06,2.68,3.17,1,10,36,2.13
CO,Chaffee,2017,35,1.8,4.28,4.54,8,13,14,22.86
CO,Chaffee,2018,44,1.73,4.87,4.99,8,14,22,18.18
CO,Chaffee,2019,35,1.26,4.38,4.62,7,15,13,20.0
CO,Chaffee,2020,53,1.57,4.85,5.17,7,28,18,13.21
CO,Chaffee,2021,48,1.4,3.75,4.42,0,27,21,0.0
CO,Chaffee,2022,25,1.16,3.28,3.64,0,12,13,0.0
CO,Cheyenne,2017,1,2.0,6.27,6.32,0,1,0,0.0
CO,Cheyenne,2018,13,1.85,5.99,6.01,1,3,9,7.69
CO,Cheyenne,2019,10,1.5,5.24,5.25,4,0,6,40.0
CO,Cheyenne,2020,7,1.14,4.71,4.71,1,1,5,14.29
CO,Cheyenne,2021,7,1.29,2.43,2.43,0,2,5,0.0
CO,Cheyenne,2022,17,1.41,4.59,4.82,0,2,15,0.0
CO,Clear Creek,2017,176,1.44,3.26,3.52,18,40,118,10.23
CO,Clear Creek,2018,488,1.61,3.77,4.11,36,124,328,7.38
CO,Clear Creek,2019,615,1.5,4.68,5.4,122,164,329,19.84
CO,Clear Creek,2020,458,1.36,5.26,6.32,28,115,315,6.11
CO,Clear Creek,2021,452,1.37,5.44,6.55,15,119,318,3.32
CO,Clear Creek,2022,274,1.31,4.88,5.8,11,52,211,4.01
CO,Conejos,2017,1,2.0,0.0,0.03,0,0,1,0.0
CO,Conejos,2019,13,1.46,5.91,5.92,3,4,6,23.08
CO,Conejos,2020,3,1.67,4.0,4.0,0,0,3,0.0
CO,Conejos,2022,2,1.5,3.5,4.0,0,0,2,0.0
CO,Costilla,2017,11,1.64,11.35,11.38,5,1,5,45.45
CO,Costilla,2018,17,1.65,6.59,6.65,8,3,6,47.06
CO,Costilla,2019,36,1.25,4.53,5.06,8,6,22,22.22
CO,Costilla,2020,21,1.52,5.33,5.76,4,6,11,19.05
CO,Costilla,2021,16,1.38,3.81,4.19,0,3,13,0.0
CO,Costilla,2022,37,1.41,4.0,4.35,0,2,35,0.0
CO,Crowley,2017,1,2.0,17.83,17.83,1,0,0,100.0
CO,Crowley,2018,2,2.0,8.48,8.48,0,2,0,0.0
CO,Crowley,2019,3,0.67,4.33,4.67,0,1,2,0.0
CO,Crowley,2020,3,0.67,4.67,4.67,0,1,2,0.0
CO,Crowley,2021,1,1.0,5.0,5.0,0,0,1,0.0
CO,Crowley,2022,3,1.0,5.33,5.67,0,0,3,0.0
CO,Custer,2018,7,1.14,8.96,9.45,0,3,4,0.0
CO,Custer,2019,3,0.33,0.0,4.33,0,0,3,0.0
CO,Custer,2020,7,0.57,4.0,5.14,0,1,6,0.0
CO,Custer,2021,4,1.0,6.5,7.25,0,0,4,0.0
CO,Custer,2022,11,0.64,3.82,4.18,0,0,11,0.0
CO,Delta,2017,8,1.62,3.72,3.81,5,1,2,62.5
CO,Delta,2018,6,1.5,2.82,2.91,3,1,2,50.0
CO,Delta,2019,18,1.11,7.06,7.11,4,3,11,22.22
CO,Delta,2020,5,1.6,5.8,6.0,3,1,1,60.0
CO,Delta,2021,5,1.0,3.8,4.2,0,4,1,0.0
CO,Delta,2022,7,0.86,2.86,2.86,0,0,7,0.0
CO,Denver,2017,767,1.21,2.4,3.84,246,301,220,32.07
CO,Denver,2018,1454,1.3,2.15,3.74,387,552,515,26.62
CO,Denver,2019,1541,0.93,2.79,4.12,441,611,489,28.62
CO,Denver,2020,851,0.64,1.84,3.5,125,550,176,14.69
CO,Denver,2021,1334,0.88,2.16,3.31,115,736,483,8.62
CO,Denver,2022,761,1.18,3.05,4.02,97,335,329,12.75
CO,Dolores,2017,1,1.0,0.2,0.18,1,0,0,100.0
CO,Dolores,2018,9,1.44,3.84,3.86,2,0,7,22.22
CO,Dolores,2019,37,1.41,4.88,4.89,1,11,25,2.7
CO,Dolores,2020,4,1.5,5.5,5.5,1,2,1,25.0
CO,Dolores,2021,18,1.28,4.67,4.83,0,3,15,0.0
CO,Dolores,2022,11,1.27,4.45,4.64,0,2,9,0.0
CO,Douglas,2017,251,1.57,3.38,3.92,59,69,123,23.51
CO,Douglas,2018,520,1.53,3.38,3.85,40,109,371,7.69
CO,Douglas,2019,837,1.35,4.13,4.43,177,229,431,21.15
CO,Douglas,2020,293,1.31,4.57,4.93,51,88,154,17.41
CO,Douglas,2021,295,1.34,4.12,4.4,18,61,216,6.1
CO,Douglas,2022,211,1.16,4.3,4.53,15,60,136,7.11
CO,Eagle,2017,136,1.55,4.03,4.08,7,8,121,5.15
CO,Eagle,2018,489,1.6,2.84,2.86,18,56,415,3.68
CO,Eagle,2019,659,1.54,3.29,3.4,185,169,305,28.07
CO,Eagle,2020,393,1.5,3.37,3.81,53,123,217,13.49
CO,Eagle,2021,291,1.56,3.46,4.15,1,16,274,0.34
CO,Eagle,2022,141,1.45,5.1,5.42,2,11,128,1.42
CO,El Paso,2017,252,1.37,3.68,4.12,113,82,57,44.84
CO,El Paso,2018,447,1.34,3.3,3.61,129,144,174,28.86
CO,El Paso,2019,557,1.04,4.04,4.37,159,202,196,28.55
CO,El Paso,2020,247,0.74,3.93,4.33,41,93,113,16.6
CO,El Paso,2021,262,1.07,3.41,3.77,36,68,158,13.74
CO,El Paso,2022,259,1.1,3.91,4.39,24,66,169,9.27
CO,Elbert,2017,16,1.5,2.21,2.21,3,1,12,18.75
CO,Elbert,2018,56,1.7,2.06,2.07,10,9,37,17.86
CO,Elbert,2019,136,1.33,2.61,2.61,81,14,41,59.56
CO,Elbert,2020,37,0.32,3.46,3.35,3,8,26,8.11
CO,Elbert,2021,12,0.58,2.25,2.33,0,0,12,0.0
CO,Elbert,2022,29,0.52,4.62,4.86,1,4,24,3.45
CO,Fremont,2017,32,1.44,2.69,2.75,5,11,16,15.62
CO,Fremont,2018,32,1.44,2.58,2.7,7,11,14,21.88
CO,Fremont,2019,46,1.28,5.53,5.7,11,12,23,23.91
CO,Fremont,2020,22,0.86,2.64,3.0,3,5,14,13.64
CO,Fremont,2021,9,1.0,3.22,3.67,0,3,6,0.0
CO,Fremont,2022,25,0.92,3.32,3.56,0,1,24,0.0
CO,Garfield,2017,84,1.06,3.5,4.25,16,22,46,19.05
CO,Garfield,2018,278,1.41,1.94,3.15,49,38,191,17.63
CO,Garfield,2019,447,1.57,2.76,2.89,246,62,139,55.03
CO,Garfield,2020,273,1.47,4.24,4.74,78,83,112,28.57
CO,Garfield,2021,132,1.05,3.63,4.07,3,34,95,2.27
CO,Garfield,2022,72,1.12,3.54,3.94,0,10,62,0.0
CO,Gilpin,2017,1,2.0,0.0,0.0,1,0,0,100.0
CO,Gilpin,2018,5,1.8,5.19,5.25,0,5,0,0.0
CO,Gilpin,2019,10,1.0,7.25,7.25,3,2,5,30.0
CO,Gilpin,2020,8,0.62,4.88,5.88,0,2,6,0.0
CO,Gilpin,2021,4,0.25,1.75,3.75,0,1,3,0.0
CO,Gilpin,2022,19,0.37,3.74,4.05,0,2,17,0.0
CO,Grand,2017,14,1.43,1.9,3.11,1,2,11,7.14
CO,Grand,2018,47,1.6,3.25,3.32,13,9,25,27.66
CO,Grand,2019,55,1.49,5.59,5.75,7,12,36,12.73
CO,Grand,2020,84,1.54,4.99,5.2,17,17,50,20.24
CO,Grand,2021,153,1.38,3.35,4.27,12,15,126,7.84
CO,Grand,2022,71,1.46,4.45,5.14,2,13,56,2.82
CO,Gunnison,2017,78,1.55,4.41,4.48,14,26,38,17.95
CO,Gunnison,2018,52,1.67,4.91,5.21,11,7,34,21.15
CO,Gunnison,2019,32,1.16,6.91,6.93,10,9,13,31.25
CO,Gunnison,2020,54,1.31,5.13,5.41,4,19,31,7.41
CO,Gunnison,2021,135,1.62,4.55,4.9,11,58,66,8.15
CO,Gunnison,2022,116,1.7,5.72,6.62,4,32,80,3.45
CO,Hinsdale,2020,2,1.0,4.0,6.5,0,1,1,0.0
CO,Hinsdale,2021,2,1.0,6.5,6.5,0,2,0,0.0
CO,Huerfano,2017,36,1.67,2.99,3.0,3,10,23,8.33
CO,Huerfano,2018,69,1.64,3.04,3.03,17,11,41,24.64
CO,Huerfano,2019,124,1.51,3.11,3.15,45,27,52,36.29
CO,Huerfano,2020,49,1.49,5.04,5.43,1,10,38,2.04
CO,Huerfano,2021,35,1.17,3.49,3.91,1,11,23,2.86
CO,Huerfano,2022,63,1.33,4.73,5.05,3,5,55,4.76
CO,Jackson,2017,5,1.0,4.15,4.31,0,1,4,0.0
CO,Jackson,2018,10,1.2,4.91,4.98,0,2,8,0.0
CO,Jackson,2019,4,0.75,5.35,5.35,0,0,4,0.0
CO,Jackson,2020,14,0.79,5.07,5.14,0,1,13,0.0
CO,Jackson,2021,22,1.0,3.77,4.55,0,3,19,0.0
CO,Jackson,2022,8,1.12,5.0,5.5,0,0,8,0.0
CO,Jefferson,2017,330,1.36,3.1,3.73,111,141,78,33.64
CO,Jefferson,2018,707,1.36,3.22,3.97,174,281,252,24.61
CO,Jefferson,2019,836,1.05,3.58,4.03,166,286,384,19.86
CO,Jefferson,2020,361,0.9,3.66,3.94,89,86,186,24.65
CO,Jefferson,2021,291,1.23,3.26,3.56,9,63,219,3.09
CO,Jefferson,2022,415,1.1,4.36,4.72,26,118,271,6.27
CO,Kiowa,2017,1,0.0,3.0,3.2,0,0,1,0.0
CO,Kiowa,2018,7,1.43,3.64,3.67,1,1,5,14.29
CO,Kiowa,2019,11,1.18,5.53,5.54,1,2,8,9.09
CO,Kiowa,2020,8,0.75,6.12,6.12,2,0,6,25.0
CO,Kiowa,2022,5,1.0,5.6,6.0,0,0,5,0.0
CO,Kit Carson,2017,34,1.62,0.94,0.94,25,1,8,73.53
CO,Kit Carson,2018,113,1.66,1.51,1.51,68,6,39,60.18
CO,Kit Carson,2019,365,1.6,1.92,1.93,235,16,114,64.38
CO,Kit Carson,2020,31,1.13,4.84,4.87,8,9,14,25.81
CO,Kit Carson,2021,20,1.1,3.65,4.0,0,3,17,0.0
CO,Kit Carson,2022,39,1.26,4.79,4.82,0,2,37,0.0
CO,La Plata,2017,14,1.43,4.51,4.54,5,1,8,35.71
CO,La Plata,2018,56,1.46,4.04,4.09,11,12,33,19.64
CO,La Plata,2019,116,1.28,4.32,4.43,16,19,81,13.79
CO,La Plata,2020,59,1.24,3.42,3.86,4,19,36,6.78
CO,La Plata,2021,81,1.21,3.33,3.59,5,11,65,6.17
CO,La Plata,2022,40,1.08,3.45,3.55,1,2,37,2.5
CO,Lake,2017,2,1.5,0.35,0.45,1,1,0,50.0
CO,Lake,2018,9,2.0,9.71,9.69,0,2,7,0.0
CO,Lake,2019,9,1.0,5.22,5.33,0,2,7,0.0
CO,Lake,2020,12,1.17,4.92,5.08,1,2,9,8.33
CO,Lake,2021,13,0.62,3.46,3.92,0,1,12,0.0
CO,Lake,2022,7,0.86,3.86,4.43,0,0,7,0.0
CO,Larimer,2017,168,1.4,3.18,3.59,46,69,53,27.38
CO,Larimer,2018,334,1.42,3.44,3.75,85,115,134,25.45
CO,Larimer,2019,472,1.05,2.87,3.34,153,145,174,32.42
CO,Larimer,2020,177,0.9,3.75,4.12,21,83,73,11.86
CO,Larimer,2021,246,1.09,3.01,3.58,10,83,153,4.07
CO,Larimer,2022,170,1.02,3.21,3.54,10,49,111,5.88
CO,Las Animas,2017,29,1.66,2.68,2.68,4,7,18,13.79
CO,Las Animas,2018,138,1.62,1.82,1.83,20,34,84,14.49
CO,Las Animas,2019,128,1.48,2.24,2.27,69,12,47,53.91
CO,Las Animas,2020,28,1.14,4.29,4.43,1,4,23,3.57
CO,Las Animas,2021,21,1.1,3.05,3.19,2,1,18,9.52
CO,Las Animas,2022,40,1.02,3.95,4.05,0,1,39,0.0
CO,Lincoln,2017,23,1.43,1.59,1.63,15,2,6,65.22
CO,Lincoln,2018,101,1.63,1.88,1.88,45,13,43,44.55
CO,Lincoln,2019,180,1.35,2.21,2.22,135,18,27,75.0
CO,Lincoln,2020,52,0.87,5.17,5.52,6,15,31,11.54
CO,Lincoln,2021,9,0.78,3.44,3.56,0,0,9,0.0
CO,Lincoln,2022,13,0.15,3.0,3.08,1,0,12,7.69
CO,Logan,2017,111,0.59,3.46,3.48,24,47,40,21.62
CO,Logan,2018,154,0.79,0.59,4.7,98,3,53,63.64
CO,Logan,2019,46,1.54,3.54,3.54,12,3,31,26.09
CO,Logan,2020,27,0.96,5.85,5.93,4,4,19,14.81
CO,Logan,2021,12,1.17,3.33,3.5,1,2,9,8.33
CO,Logan,2022,22,1.32,5.23,5.27,1,1,20,4.55
CO,Mesa,2017,61,1.44,2.86,2.95,26,17,18,42.62
CO,Mesa,2018,160,1.58,2.03,2.07,60,34,66,37.5
CO,Mesa,2019,202,1.54,2.29,2.29,91,25,86,45.05
CO,Mesa,2020,47,1.23,7.02,7.13,15,14,18,31.91
CO,Mesa,2021,27,1.04,4.93,5.0,0,9,18,0.0
CO,Mesa,2022,27,1.11,3.81,4.07,0,9,18,0.0
CO,Mineral,2017,33,1.79,4.95,5.11,0,4,29,0.0
CO,Mineral,2018,88,1.72,4.45,4.55,6,3,79,6.82
CO,Mineral,2019,58,1.55,5.15,5.3,28,23,7,48.28
CO,Mineral,2020,73,1.6,3.29,4.4,11,30,32,15.07
CO,Mineral,2021,117,1.44,3.44,4.01,0,14,103,0.0
CO,Mineral,2022,43,1.26,3.72,4.09,0,8,35,0.0
CO,Moffat,2017,14,1.5,3.71,3.74,5,6,3,35.71
CO,Moffat,2018,12,1.33,4.24,4.32,4,1,7,33.33
CO,Moffat,2019,214,1.68,5.38,5.42,22,138,54,10.28
CO,Moffat,2020,34,1.41,4.18,4.38,19,8,7,55.88
CO,Moffat,2021,297,1.94,6.76,6.85,2,204,91,0.67
CO,Moffat,2022,17,1.41,4.24,4.29,0,3,14,0.0
CO,Montezuma,2017,24,1.38,3.91,3.94,8,6,10,33.33
CO,Montezuma,2018,47,1.38,3.98,4.0,7,9,31,14.89
CO,Montezuma,2019,123,1.3,5.64,5.75,24,25,74,19.51
CO,Montezuma,2020,21,1.48,5.19,5.38,1,9,11,4.76
CO,Montezuma,2021,36,1.06,3.39,3.67,0,6,30,0.0
CO,Montezuma,2022,9,1.0,2.44,2.56,0,0,9,0.0
CO,Montrose,2017,12,1.58,2.74,2.89,3,0,9,25.0
CO,Montrose,2018,27,1.44,3.66,3.75,12,6,9,44.44
CO,Montrose,2019,12,1.33,4.4,4.79,2,5,5,16.67
CO,Montrose,2020,36,1.47,2.67,3.28,6,26,4,16.67
CO,Montrose,2021,16,1.56,2.69,3.56,0,8,8,0.0
CO,Montrose,2022,28,1.43,3.71,3.68,3,6,19,10.71
CO,Morgan,2017,6,1.67,3.58,3.59,0,2,4,0.0
CO,Morgan,2018,20,1.35,2.24,2.25,3,4,13,15.0
CO,Morgan,2019,62,1.24,4.48,4.49,17,19,26,27.42
CO,Morgan,2020,32,0.97,4.53,4.69,2,12,18,6.25
CO,Morgan,2021,12,1.0,3.42,3.5,0,1,11,0.0
CO,Morgan,2022,12,0.92,3.83,3.83,0,4,8,0.0
CO,Otero,2017,3,1.67,1.41,1.46,1,1,1,33.33
CO,Otero,2018,12,1.5,4.98,4.98,3,2,7,25.0
CO,Otero,2019,10,1.7,5.72,5.72,2,1,7,20.0
CO,Otero,2020,53,1.68,6.02,6.06,0,5,48,0.0
CO,Otero,2022,6,0.83,2.5,2.5,0,1,5,0.0
CO,Ouray,2017,5,1.0,5.43,5.38,0,0,5,0.0
CO,Ouray,2018,11,1.36,5.56,5.57,2,0,9,18.18
CO,Ouray,2019,11,1.18,4.0,4.18,0,0,11,0.0
CO,Ouray,2020,12,1.5,3.58,3.5,1,0,11,8.33
CO,Ouray,2021,9,1.11,3.78,3.67,0,0,9,0.0
CO,Ouray,2022,17,0.76,3.41,3.53,0,0,17,0.0
CO,Park,2017,55,1.44,3.94,4.18,6,18,31,10.91
CO,Park,2018,98,1.39,4.87,5.13,19,33,46,19.39
CO,Park,2019,168,1.3,5.59,5.81,20,37,111,11.9
CO,Park,2020,94,1.23,4.26,4.9,4,23,67,4.26
CO,Park,2021,65,1.23,4.63,4.98,0,15,50,0.0
CO,Park,2022,87,0.99,3.76,3.97,1,9,77,1.15
CO,Phillips,2017,7,0.14,1.76,2.16,4,0,3,57.14
CO,Phillips,2018,7,1.0,5.64,5.85,0,0,7,0.0
CO,Phillips,2019,8,0.5,5.25,5.5,1,0,7,12.5
CO,Phillips,2020,10,0.8,5.2,5.3,2,0,8,20.0
CO,Phillips,2021,4,1.5,6.0,6.25,0,2,2,0.0
CO,Phillips,2022,2,1.0,3.5,3.5,0,0,2,0.0
CO,Pitkin,2017,21,0.43,2.18,4.24,0,5,16,0.0
CO,Pitkin,2018,59,0.83,4.5,6.26,1,33,25,1.69
CO,Pitkin,2019,52,0.5,2.87,4.21,1,12,39,1.92
CO,Pitkin,2020,33,0.45,3.3,4.36,1,7,25,3.03
CO,Pitkin,2021,64,0.45,3.17,4.53,4,15,45,6.25
CO,Pitkin,2022,64,0.55,4.03,4.97,3,10,51,4.69
CO,Prowers,2017,9,1.44,4.32,4.38,1,5,3,11.11
CO,Prowers,2018,30,1.47,4.78,4.78,5,8,17,16.67
CO,Prowers,2019,34,1.56,5.76,5.8,10,10,14,29.41
CO,Prowers,2020,15,1.6,7.0,7.07,1,6,8,6.67
CO,Prowers,2021,19,1.74,2.47,4.0,0,15,4,0.0
CO,Prowers,2022,4,1.5,3.75,3.75,0,1,3,0.0
CO,Pueblo,2017,57,1.56,2.57,2.6,19,11,27,33.33
CO,Pueblo,2018,141,1.43,3.25,3.32,37,59,45,26.24
CO,Pueblo,2019,207,1.41,3.36,3.39,109,38,60,52.66
CO,Pueblo,2020,73,0.92,3.85,4.1,9,19,45,12.33
CO,Pueblo,2021,19,1.16,2.26,4.26,5,3,11,26.32
CO,Pueblo,2022,40,1.02,5.25,5.42,1,6,33,2.5
CO,Rio Blanco,2017,2,0.5,1.17,1.2,0,1,1,0.0
CO,Rio Blanco,2018,17,1.53,4.18,4.24,1,4,12,5.88
CO,Rio Blanco,2019,63,1.37,4.73,4.78,20,22,21,31.75
CO,Rio Blanco,2020,102,1.56,4.45,5.5,14,57,31,13.73
CO,Rio Blanco,2021,15,1.27,4.47,5.07,0,5,10,0.0
CO,Rio Blanco,2022,11,1.18,4.27,4.73,0,2,9,0.0
CO,Rio Grande,2017,7,1.86,4.46,4.56,1,1,5,14.29
CO,Rio Grande,2018,16,1.38,3.73,3.75,4,3,9,25.0
CO,Rio Grande,2019,28,1.04,3.05,3.05,7,2,19,25.0
CO,Rio Grande,2020,15,1.67,5.13,5.27,1,3,11,6.67
CO,Rio Grande,2021,8,1.38,7.5,7.62,0,0,8,0.0
CO,Rio Grande,2022,9,1.33,3.22,3.22,0,0,9,0.0
CO,Routt,2017,48,1.42,3.2,3.32,4,6,38,8.33
CO,Routt,2018,97,1.72,5.33,5.43,3,10,84,3.09
CO,Routt,2019,66,1.3,4.52,4.7,5,11,50,7.58
CO,Routt,2020,79,1.43,3.96,4.35,1,10,68,1.27
CO,Routt,2021,81,1.44,3.22,4.02,0,7,74,0.0
CO,Routt,2022,37,1.35,4.46,4.97,0,4,33,0.0
CO,Saguache,2017,5,1.8,9.94,9.95,2,0,3,40.0
CO,Saguache,2018,12,2.0,8.81,8.82,0,3,9,0.0
CO,Saguache,2019,13,1.23,3.15,3.23,7,2,4,53.85
CO,Saguache,2020,7,1.57,5.71,5.71,3,1,3,42.86
CO,Saguache,2021,8,1.5,4.38,4.62,0,2,6,0.0
CO,Saguache,2022,5,1.0,3.4,3.4,0,1,4,0.0
CO,San Juan,2018,9,1.89,6.53,6.61,0,0,9,0.0
CO,San Juan,2019,15,1.8,5.31,5.57,0,0,15,0.0
CO,San Juan,2020,10,1.8,7.0,7.5,0,0,10,0.0
CO,San Juan,2021,26,1.35,3.23,3.73,0,0,26,0.0
CO,San Juan,2022,6,1.33,4.83,5.33,0,0,6,0.0
CO,San Miguel,2018,6,1.5,6.85,6.78,1,4,1,16.67
CO,San Miguel,2019,8,1.25,9.6,9.76,2,2,4,25.0
CO,San Miguel,2020,1,2.0,26.0,26.0,1,0,0,100.0
CO,San Miguel,2021,12,0.5,4.17,4.17,0,0,12,0.0
CO,San Miguel,2022,7,0.14,2.57,2.86,0,0,7,0.0
CO,Sedgwick,2017,7,1.71,4.45,4.44,2,2,3,28.57
CO,Sedgwick,2018,45,1.64,5.28,6.21,2,15,28,4.44
CO,Sedgwick,2019,57,1.61,2.94,3.06,12,11,34,21.05
CO,Sedgwick,2020,21,1.19,2.81,3.38,1,5,15,4.76
CO,Sedgwick,2021,18,1.67,3.67,4.61,0,12,6,0.0
CO,Sedgwick,2022,14,1.43,4.0,4.43,0,5,9,0.0
CO,Summit,2017,160,1.58,3.59,3.64,2,22,136,1.25
CO,Summit,2018,496,1.64,3.44,3.5,14,71,411,2.82
CO,Summit,2019,515,1.57,3.45,3.67,59,87,369,11.46
CO,Summit,2020,476,1.56,3.54,4.17,13,71,392,2.73
CO,Summit,2021,421,1.46,2.86,3.81,8,28,385,1.9
CO,Summit,2022,212,1.53,4.88,5.38,7,26,179,3.3
CO,Teller,2017,3,1.33,7.34,7.52,0,2,1,0.0
CO,Teller,2018,6,1.83,4.69,4.72,4,1,1,66.67
CO,Teller,2019,16,0.56,4.32,4.82,0,6,10,0.0
CO,Teller,2020,26,0.42,3.73,4.19,1,8,17,3.85
CO,Teller,2021,4,0.0,2.25,2.5,0,1,3,0.0
CO,Teller,2022,17,0.35,3.82,4.0,0,1,16,0.0
CO,Washington,2017,12,1.25,2.21,2.24,4,3,5,33.33
CO,Washington,2018,18,1.61,5.73,5.74,2,4,12,11.11
CO,Washington,2019,20,0.95,3.97,4.02,5,1,14,25.0
CO,Washington,2020,18,1.06,6.83,7.0,2,6,10,11.11
CO,Washington,2021,27,0.19,2.37,2.37,0,5,22,0.0
CO,Washington,2022,7,0.57,4.0,4.14,0,0,7,0.0
CO,Weld,2017,344,1.33,2.3,2.38,30,77,237,8.72
CO,Weld,2018,247,1.27,2.99,3.14,36,49,162,14.57
CO,Weld,2019,400,1.07,3.1,3.21,110,66,224,27.5
CO,Weld,2020,171,0.86,3.87,4.01,8,33,130,4.68
CO,Weld,2021,236,1.19,3.86,4.01,6,32,198,2.54
CO,Weld,2022,194,1.21,4.54,4.75,8,31,155,4.12
CO,Yuma,2018,11,1.09,3.0,3.02,1,1,9,9.09
CO,Yuma,2019,17,1.12,3.69,3.69,2,3,12,11.76
CO,Yuma,2020,32,1.0,4.31,4.38,5,7,20,15.62
CO,Yuma,2021,27,1.41,3.89,3.93,1,16,10,3.7
CO,Yuma,2022,10,0.5,3.0,3.2,0,0,10,0.0
CT,Capitol,2022,57,1.04,5.09,5.37,9,24,24,15.79
CT,Fairfield,2016,961,1.57,1.69,2.21,152,269,540,15.82
CT,Fairfield,2017,1981,1.46,3.29,4.99,338,503,1140,17.06
CT,Fairfield,2018,2083,1.41,2.94,4.66,321,504,1258,15.41
CT,Fairfield,2019,2162,1.4,3.42,5.32,218,563,1381,10.08
CT,Fairfield,2020,1459,0.89,2.13,3.59,100,804,555,6.85
CT,Fairfield,2021,3216,1.35,4.18,5.26,156,1368,1692,4.85
CT,Fairfield,2022,1731,1.62,4.22,6.19,63,607,1061,3.64
CT,Greater Bridgeport,2022,68,1.53,5.33,8.04,3,24,41,4.41
CT,Hartford,2016,336,1.55,1.81,2.2,87,128,121,25.89
CT,Hartford,2017,848,1.58,3.7,4.57,199,307,342,23.47
CT,Hartford,2018,844,1.58,3.63,4.44,213,316,315,25.24
CT,Hartford,2019,978,1.18,3.63,4.43,234,366,378,23.93
CT,Hartford,2020,402,1.04,3.8,4.25,96,181,125,23.88
CT,Hartford,2021,335,1.09,3.75,4.17,32,150,153,9.55
CT,Hartford,2022,224,0.98,4.0,4.47,23,96,105,10.27
CT,Litchfield,2016,43,1.42,2.13,2.2,15,17,11,34.88
CT,Litchfield,2017,115,1.37,3.68,3.81,36,48,31,31.3
CT,Litchfield,2018,129,1.42,4.58,4.78,51,47,31,39.53
CT,Litchfield,2019,179,0.78,3.78,3.96,36,94,49,20.11
CT,Litchfield,2020,80,0.91,4.15,4.45,13,43,24,16.25
CT,Litchfield,2021,44,0.59,2.36,2.82,4,30,10,9.09
CT,Litchfield,2022,34,1.03,3.62,3.71,1,10,23,2.94
CT,Lower Connecticut River Valley,2022,20,1.05,6.75,6.9,5,7,8,25.0
CT,Middlesex,2016,54,1.8,1.08,1.23,14,22,18,25.93
CT,Middlesex,2017,167,1.72,4.4,4.89,42,44,81,25.15
CT,Middlesex,2018,198,1.57,3.56,4.09,55,61,82,27.78
CT,Middlesex,2019,148,1.31,3.66,3.96,24,47,77,16.22
CT,Middlesex,2020,63,1.16,4.08,4.3,7,27,29,11.11
CT,Middlesex,2021,59,1.54,3.53,3.64,5,19,35,8.47
CT,Middlesex,2022,52,1.67,4.62,4.81,5,16,31,9.62
CT,Naugatuck Valley,2022,51,0.92,4.51,4.63,4,27,20,7.84
CT,New Haven,2016,405,1.6,1.61,1.87,96,143,166,23.7
CT,New Haven,2017,976,1.51,3.67,4.22,181,321,474,18.55
CT,New Haven,2018,889,1.45,3.49,4.0,174,318,397,19.57
CT,New Haven,2019,810,1.26,3.16,3.47,131,211,468,16.17
CT,New Haven,2020,454,1.05,2.9,3.6,68,222,164,14.98
CT,New Haven,2021,784,1.28,3.22,3.56,55,267,462,7.02
CT,New Haven,2022,475,1.61,4.39,4.77,39,126,310,8.21
CT,New London,2016,120,1.76,1.87,2.0,35,50,35,29.17
CT,New London,2017,303,1.59,3.93,4.21,74,97,132,24.42
CT,New London,2018,208,1.53,3.89,4.08,60,56,92,28.85
CT,New London,2019,209,1.31,4.1,4.23,39,66,104,18.66
CT,New London,2020,107,0.98,3.62,4.05,19,26,62,17.76
CT,New London,2021,196,1.36,4.05,4.11,14,58,124,7.14
CT,New London,2022,129,1.43,4.03,4.38,2,24,103,1.55
CT,Northeastern Connecticut,2022,14,0.86,4.29,4.43,0,2,12,0.0
CT,Northwest Hills,2022,17,0.82,4.47,4.41,0,3,14,0.0
CT,South Central Connecticut,2016,1,0.0,3.87,3.47,0,0,1,0.0
CT,South Central Connecticut,2017,4,1.75,2.74,4.27,0,0,4,0.0
CT,South Central Connecticut,2022,61,1.1,3.59,4.57,7,20,34,11.48
CT,Southeastern Connecticut,2017,3,2.0,3.15,3.14,1,0,2,33.33
CT,Southeastern Connecticut,2022,24,0.83,4.62,4.79,2,10,12,8.33
CT,Tolland,2016,25,1.36,5.5,5.53,9,7,9,36.0
CT,Tolland,2017,79,1.39,4.46,4.57,15,22,42,18.99
CT,Tolland,2018,106,1.49,4.36,4.68,25,30,51,23.58
CT,Tolland,2019,106,1.41,4.03,4.08,13,21,72,12.26
CT,Tolland,2020,42,1.31,5.33,5.45,2,21,19,4.76
CT,Tolland,2021,20,1.25,3.15,3.2,0,7,13,0.0
CT,Tolland,2022,33,1.61,4.7,4.7,1,6,26,3.03
CT,Western Connecticut,2022,167,1.26,4.07,5.69,13,58,96,7.78
CT,Windham,2016,24,1.71,1.85,1.87,4,14,6,16.67
CT,Windham,2017,81,1.47,3.2,3.22,12,33,36,14.81
CT,Windham,2018,100,1.68,4.76,4.81,27,27,46,27.0
CT,Windham,2019,84,1.18,4.65,4.66,18,19,47,21.43
CT,Windham,2020,40,1.05,5.48,5.48,6,20,14,15.0
CT,Windham,2021,13,1.38,5.38,5.46,1,6,6,7.69
CT,Windham,2022,30,1.23,4.17,4.17,0,7,23,0.0
DC,District Of Columbia,2016,246,1.0,1.74,2.27,232,13,1,94.31
DC,District Of Columbia,2017,481,1.03,2.79,3.92,465,16,0,96.67
DC,District Of Columbia,2018,343,1.02,2.56,4.04,313,28,2,91.25
DC,District Of Columbia,2019,17,0.53,1.22,2.17,16,1,0,94.12
DC,District Of Columbia,2020,38,0.87,0.53,4.82,19,19,0,50.0
DC,District Of Columbia,2021,24,0.83,0.58,5.38,14,10,0,58.33
DC,District of Columbia,2016,761,1.35,1.5,2.25,549,193,19,72.14
DC,District of Columbia,2017,1299,1.28,3.01,4.73,960,309,30,73.9
DC,District of Columbia,2018,1486,1.28,2.7,4.6,985,453,48,66.29
DC,District of Columbia,2019,1457,0.91,2.51,4.08,1106,326,25,75.91
DC,District of Columbia,2020,2129,0.36,0.58,3.39,878,1248,3,41.24
DC,District of Columbia,2021,2268,0.45,0.91,3.49,1040,1216,12,45.86
DC,District of Columbia,2022,442,1.15,3.49,4.77,221,208,13,50.0
DE,Kent,2016,23,1.3,0.54,0.65,2,14,7,8.7
DE,Kent,2017,76,1.0,4.13,4.43,17,28,31,22.37
DE,Kent,2018,96,1.24,5.03,5.56,26,35,35,27.08
DE,Kent,2019,83,1.01,3.68,4.06,13,36,34,15.66
DE,Kent,2020,38,0.97,4.34,4.79,10,19,9,26.32
DE,Kent,2021,80,1.35,3.26,3.35,5,41,34,6.25
DE,Kent,2022,94,1.01,3.83,4.15,3,47,44,3.19
DE,New Castle,2016,265,1.35,1.58,1.77,73,116,76,27.55
DE,New Castle,2017,556,1.36,4.05,4.8,147,263,146,26.44
DE,New Castle,2018,582,1.31,3.28,3.97,157,248,177,26.98
DE,New Castle,2019,497,0.68,3.02,3.69,149,232,116,29.98
DE,New Castle,2020,306,0.77,2.95,4.09,72,176,58,23.53
DE,New Castle,2021,419,0.96,3.1,3.72,93,218,108,22.2
DE,New Castle,2022,209,1.32,4.22,4.64,43,80,86,20.57
DE,Sussex,2016,40,1.08,0.35,0.38,5,29,6,12.5
DE,Sussex,2017,108,1.25,4.12,4.68,37,41,30,34.26
DE,Sussex,2018,270,1.09,4.51,5.13,75,102,93,27.78
DE,Sussex,2019,138,1.12,3.72,4.7,42,58,38,30.43
DE,Sussex,2020,102,1.11,3.09,4.2,32,40,30,31.37
DE,Sussex,2021,234,1.39,3.14,4.29,67,160,7,28.63
DE,Sussex,2022,230,1.02,3.77,4.66,55,110,65,23.91
FL,Alachua,2016,7,1.57,0.8,0.79,0,3,4,0.0
FL,Alachua,2017,148,1.3,3.17,3.72,47,55,46,31.76
FL,Alachua,2018,184,1.28,2.63,3.64,53,90,41,28.8
FL,Alachua,2019,115,1.3,3.7,4.2,43,41,31,37.39
FL,Alachua,2020,54,0.89,2.3,3.22,15,32,7,27.78
FL,Alachua,2021,202,1.2,2.45,3.73,55,126,21,27.23
FL,Alachua,2022,54,1.19,2.78,3.46,19,21,14,35.19
FL,Baker,2017,12,1.25,1.8,1.84,3,3,6,25.0
FL,Baker,2018,28,1.39,2.32,4.14,9,9,10,32.14
FL,Baker,2019,22,1.45,3.72,3.78,7,8,7,31.82
FL,Baker,2020,4,1.0,8.25,8.75,2,2,0,50.0
FL,Baker,2021,3,1.33,2.33,2.33,1,0,2,33.33
FL,Baker,2022,10,1.1,6.0,5.8,2,2,6,20.0
FL,Bay,2017,167,1.3,2.53,2.99,35,92,40,20.96
FL,Bay,2018,1226,1.17,2.39,2.9,225,714,287,18.35
FL,Bay,2019,429,1.1,2.23,2.68,110,205,114,25.64
FL,Bay,2020,177,0.92,2.91,4.11,27,107,43,15.25
FL,Bay,2021,507,0.73,2.46,3.54,125,253,129,24.65
FL,Bay,2022,192,0.86,3.41,4.46,64,82,46,33.33
FL,Bradford,2017,8,1.5,5.85,6.45,1,3,4,12.5
FL,Bradford,2018,19,1.63,4.4,4.9,0,11,8,0.0
FL,Bradford,2019,12,1.25,2.93,3.56,0,4,8,0.0
FL,Bradford,2020,6,0.67,3.33,3.5,1,1,4,16.67
FL,Bradford,2021,3,1.33,7.33,7.33,0,2,1,0.0
FL,Bradford,2022,1,0.0,3.0,3.0,0,0,1,0.0
FL,Brevard,2016,167,1.19,1.36,1.57,30,82,55,17.96
FL,Brevard,2017,550,1.17,2.16,2.48,107,294,149,19.45
FL,Brevard,2018,935,1.1,1.84,2.11,161,499,275,17.22
FL,Brevard,2019,514,0.83,2.45,2.66,168,204,142,32.68
FL,Brevard,2020,143,0.62,3.94,4.21,32,84,27,22.38
FL,Brevard,2021,142,0.49,3.21,3.68,36,67,39,25.35
FL,Brevard,2022,59,0.76,4.39,4.66,14,23,22,23.73
FL,Broward,2016,1040,1.22,1.25,1.79,308,495,237,29.62
FL,Broward,2017,3373,1.15,1.77,2.54,1013,1681,679,30.03
FL,Broward,2018,3415,1.09,1.67,2.51,1095,1597,723,32.06
FL,Broward,2019,2442,0.7,2.24,3.13,801,995,646,32.8
FL,Broward,2020,1642,0.37,2.37,3.23,427,989,226,26.0
FL,Broward,2021,2882,0.51,2.16,3.14,862,1419,601,29.91
FL,Broward,2022,1864,0.58,2.25,3.39,545,882,437,29.24
FL,Calhoun,2017,2,1.0,7.45,7.37,0,1,1,0.0
FL,Calhoun,2018,25,0.92,5.93,5.95,11,7,7,44.0
FL,Calhoun,2019,4,1.0,4.5,5.5,0,3,1,0.0
FL,Calhoun,2020,5,0.2,3.2,3.2,0,2,3,0.0
FL,Calhoun,2021,2,0.5,4.5,4.5,0,0,2,0.0
FL,Calhoun,2022,10,0.9,5.5,5.7,0,2,8,0.0
FL,Charlotte,2016,72,1.17,1.29,1.82,12,49,11,16.67
FL,Charlotte,2017,256,1.18,2.56,2.92,59,165,32,23.05
FL,Charlotte,2018,191,1.13,2.06,2.28,54,109,28,28.27
FL,Charlotte,2019,83,0.69,3.17,3.36,27,40,16,32.53
FL,Charlotte,2020,33,0.79,5.09,5.36,5,24,4,15.15
FL,Charlotte,2021,23,0.74,3.91,4.48,5,14,4,21.74
FL,Charlotte,2022,28,0.75,5.07,5.43,5,18,5,17.86
FL,Citrus,2016,14,1.36,2.59,2.84,2,4,8,14.29
FL,Citrus,2017,50,1.22,3.21,3.48,3,18,29,6.0
FL,Citrus,2018,82,1.29,2.64,3.05,13,29,40,15.85
FL,Citrus,2019,84,0.94,2.16,2.49,4,27,53,4.76
FL,Citrus,2020,32,1.09,6.62,6.91,7,13,12,21.88
FL,Citrus,2021,30,0.73,2.9,3.3,5,16,9,16.67
FL,Citrus,2022,11,0.36,3.64,3.91,1,2,8,9.09
FL,Clay,2017,123,1.07,1.97,2.66,13,62,48,10.57
FL,Clay,2018,190,1.01,1.88,2.6,19,106,65,10.0
FL,Clay,2019,131,0.3,2.21,2.94,24,79,28,18.32
FL,Clay,2020,67,0.42,3.19,4.22,17,44,6,25.37
FL,Clay,2021,92,0.36,3.22,4.21,20,50,22,21.74
FL,Clay,2022,49,0.57,4.24,5.57,13,21,15,26.53
FL,Collier,2016,91,1.02,0.84,1.24,9,42,40,9.89
FL,Collier,2017,310,1.08,1.48,1.91,56,143,111,18.06
FL,Collier,2018,340,1.07,1.91,2.34,62,141,137,18.24
FL,Collier,2019,257,0.91,2.68,3.01,97,88,72,37.74
FL,Collier,2020,149,0.61,3.84,4.32,35,63,51,23.49
FL,Collier,2021,178,0.57,2.72,3.5,17,98,63,9.55
FL,Collier,2022,145,0.65,2.9,4.0,17,85,43,11.72
FL,Columbia,2017,61,1.48,4.09,4.19,15,28,18,24.59
FL,Columbia,2018,52,1.4,4.53,4.69,15,29,8,28.85
FL,Columbia,2019,50,1.16,2.72,2.75,20,12,18,40.0
FL,Columbia,2020,22,0.59,4.86,5.5,6,12,4,27.27
FL,Columbia,2021,30,0.87,3.8,4.53,4,14,12,13.33
FL,Columbia,2022,11,1.09,2.91,3.27,1,2,8,9.09
FL,De Soto,2016,9,1.11,0.22,0.23,1,6,2,11.11
FL,De Soto,2017,12,1.33,1.48,1.53,1,8,3,8.33
FL,De Soto,2018,4,1.75,7.14,7.2,1,2,1,25.0
FL,DeSoto,2016,7,1.29,0.21,0.21,3,2,2,42.86
FL,DeSoto,2017,11,1.27,2.71,2.73,2,6,3,18.18
FL,DeSoto,2018,15,1.4,3.85,3.86,2,7,6,13.33
FL,DeSoto,2019,13,1.0,3.96,3.97,4,3,6,30.77
FL,DeSoto,2020,5,0.8,4.6,4.6,3,0,2,60.0
FL,DeSoto,2021,5,0.6,7.4,7.8,2,3,0,40.0
FL,Desoto,2022,1,1.0,1.0,1.0,0,1,0,0.0
FL,Dixie,2017,7,1.86,12.56,12.57,3,3,1,42.86
FL,Dixie,2018,8,1.12,0.76,0.83,4,0,4,50.0
FL,Dixie,2019,4,1.75,6.55,6.54,3,1,0,75.0
FL,Dixie,2020,1,1.0,5.0,5.0,0,0,1,0.0
FL,Dixie,2021,1,2.0,11.0,11.0,1,0,0,100.0
FL,Dixie,2022,1,0.0,4.0,4.0,0,0,1,0.0
FL,Duval,2017,824,1.21,2.52,3.31,206,379,239,25.0
FL,Duval,2018,1679,1.26,2.5,3.41,387,707,585,23.05
FL,Duval,2019,1269,0.95,2.68,3.56,324,495,450,25.53
FL,Duval,2020,426,0.81,3.03,3.91,122,174,130,28.64
FL,Duval,2021,793,1.03,2.71,3.44,154,263,376,19.42
FL,Duval,2022,502,1.31,3.89,4.45,84,172,246,16.73
FL,Escambia,2017,128,1.43,3.22,3.59,39,55,34,30.47
FL,Escambia,2018,422,1.34,2.34,2.7,142,199,81,33.65
FL,Escambia,2019,206,0.98,3.14,3.6,64,84,58,31.07
FL,Escambia,2020,152,0.72,2.94,3.55,21,87,44,13.82
FL,Escambia,2021,141,1.21,2.99,4.66,13,91,37,9.22
FL,Escambia,2022,74,1.5,6.62,8.55,14,47,13,18.92
FL,Flagler,2016,14,1.36,0.93,0.92,2,5,7,14.29
FL,Flagler,2017,27,1.26,2.7,2.75,8,10,9,29.63
FL,Flagler,2018,95,1.25,2.25,2.26,28,23,44,29.47
FL,Flagler,2019,58,1.47,3.11,3.09,31,9,18,53.45
FL,Flagler,2020,13,1.08,4.77,5.0,5,2,6,38.46
FL,Flagler,2021,16,1.25,2.88,2.94,5,3,8,31.25
FL,Flagler,2022,12,1.0,3.83,3.83,1,1,10,8.33
FL,Franklin,2018,8,1.75,5.54,5.58,1,3,4,12.5
FL,Franklin,2019,5,2.0,14.39,14.61,3,1,1,60.0
FL,Franklin,2020,3,1.67,8.0,8.0,1,0,2,33.33
FL,Franklin,2021,1,1.0,6.0,6.0,0,1,0,0.0
FL,Gadsden,2017,15,1.53,5.42,5.44,4,5,6,26.67
FL,Gadsden,2018,34,1.68,3.97,3.98,9,11,14,26.47
FL,Gadsden,2019,23,1.61,3.8,3.8,9,9,5,39.13
FL,Gadsden,2020,8,1.5,4.75,4.88,0,3,5,0.0
FL,Gadsden,2022,7,1.57,6.86,6.86,0,3,4,0.0
FL,Gilchrist,2017,6,1.5,3.86,4.13,1,4,1,16.67
FL,Gilchrist,2018,6,1.17,1.94,2.12,2,3,1,33.33
FL,Gilchrist,2019,11,1.27,2.12,2.49,3,4,4,27.27
FL,Gilchrist,2020,4,0.5,2.75,3.0,0,1,3,0.0
FL,Gilchrist,2021,6,1.0,1.17,2.0,1,5,0,16.67
FL,Gilchrist,2022,4,1.0,1.5,2.25,1,3,0,25.0
FL,Glades,2016,7,1.0,2.54,2.57,3,2,2,42.86
FL,Glades,2017,13,1.46,5.06,5.08,3,2,8,23.08
FL,Glades,2018,16,1.0,4.44,4.46,6,3,7,37.5
FL,Glades,2019,26,1.23,3.6,3.61,13,9,4,50.0
FL,Glades,2020,8,1.12,7.0,7.0,4,1,3,50.0
FL,Glades,2021,6,0.83,3.17,6.33,2,0,4,33.33
FL,Glades,2022,4,1.0,4.75,5.0,0,1,3,0.0
FL,Gulf,2017,3,1.67,2.06,2.2,1,2,0,33.33
FL,Gulf,2018,58,1.17,2.89,3.01,9,18,31,15.52
FL,Gulf,2019,36,1.19,1.65,1.71,14,13,9,38.89
FL,Gulf,2020,7,0.71,5.29,5.29,2,3,2,28.57
FL,Gulf,2021,4,1.0,7.0,8.0,2,2,0,50.0
FL,Hamilton,2017,26,1.73,5.33,5.37,2,16,8,7.69
FL,Hamilton,2018,15,1.73,5.37,5.41,4,5,6,26.67
FL,Hamilton,2019,44,1.7,2.85,2.86,28,3,13,63.64
FL,Hamilton,2020,5,1.0,5.2,6.0,1,2,2,20.0
FL,Hamilton,2021,5,1.2,3.8,4.0,1,1,3,20.0
FL,Hamilton,2022,8,1.5,8.12,8.25,0,1,7,0.0
FL,Hardee,2016,4,1.0,4.28,4.34,1,0,3,25.0
FL,Hardee,2017,5,1.0,1.39,1.41,1,0,4,20.0
FL,Hardee,2018,9,1.44,3.99,3.98,2,4,3,22.22
FL,Hardee,2019,32,0.69,4.05,4.12,13,6,13,40.62
FL,Hardee,2020,8,0.88,5.88,5.75,3,5,0,37.5
FL,Hardee,2021,1,0.0,0.0,3.0,1,0,0,100.0
FL,Hardee,2022,1,1.0,10.0,10.0,0,1,0,0.0
FL,Hendry,2016,6,1.17,3.88,3.89,0,2,4,0.0
FL,Hendry,2017,13,1.46,5.42,5.58,1,7,5,7.69
FL,Hendry,2018,30,1.6,4.85,4.92,5,6,19,16.67
FL,Hendry,2019,27,1.26,4.53,4.59,5,12,10,18.52
FL,Hendry,2020,15,1.33,6.8,6.93,5,4,6,33.33
FL,Hendry,2021,15,0.73,6.07,6.4,1,3,11,6.67
FL,Hendry,2022,12,0.83,6.67,7.0,1,2,9,8.33
FL,Hernando,2016,23,1.39,0.65,0.75,1,9,13,4.35
FL,Hernando,2017,92,1.39,2.87,2.96,11,31,50,11.96
FL,Hernando,2018,171,1.26,2.05,2.14,19,52,100,11.11
FL,Hernando,2019,113,1.12,3.21,3.35,25,37,51,22.12
FL,Hernando,2020,33,1.0,6.55,6.67,9,15,9,27.27
FL,Hernando,2021,32,1.06,2.31,2.62,0,16,16,0.0
FL,Hernando,2022,14,1.07,4.57,4.64,2,4,8,14.29
FL,Highlands,2016,19,1.26,1.06,1.13,3,3,13,15.79
FL,Highlands,2017,57,1.16,1.93,2.12,4,10,43,7.02
FL,Highlands,2018,74,1.28,2.86,2.99,4,28,42,5.41
FL,Highlands,2019,87,0.94,2.87,2.95,42,26,19,48.28
FL,Highlands,2020,30,0.63,3.9,4.07,10,12,8,33.33
FL,Highlands,2021,3,1.0,5.33,5.33,0,3,0,0.0
FL,Highlands,2022,9,1.22,4.67,5.0,2,2,5,22.22
FL,Hillsborough,2016,778,1.17,1.14,1.75,143,393,242,18.38
FL,Hillsborough,2017,2164,1.19,2.28,3.62,372,1130,662,17.19
FL,Hillsborough,2018,3080,1.18,2.13,3.5,596,1526,958,19.35
FL,Hillsborough,2019,2584,0.74,2.12,3.7,469,1242,873,18.15
FL,Hillsborough,2020,909,0.79,2.36,3.68,179,431,299,19.69
FL,Hillsborough,2021,1951,1.09,2.8,3.83,222,925,804,11.38
FL,Hillsborough,2022,1416,1.12,3.35,4.48,171,630,615,12.08
FL,Holmes,2017,8,1.25,4.46,4.47,4,2,2,50.0
FL,Holmes,2018,9,1.67,8.61,8.62,5,0,4,55.56
FL,Holmes,2019,52,1.5,2.47,2.51,21,6,25,40.38
FL,Holmes,2020,8,0.88,5.5,5.38,2,5,1,25.0
FL,Holmes,2021,7,0.71,5.43,5.57,2,2,3,28.57
FL,Holmes,2022,2,1.0,7.0,7.0,1,1,0,50.0
FL,Indian River,2016,39,1.23,1.06,1.18,6,15,18,15.38
FL,Indian River,2017,157,1.15,2.4,2.56,24,61,72,15.29
FL,Indian River,2018,294,1.1,1.43,1.59,40,133,121,13.61
FL,Indian River,2019,158,0.84,3.07,3.14,76,47,35,48.1
FL,Indian River,2020,112,0.5,3.88,3.98,39,62,11,34.82
FL,Indian River,2021,46,0.67,3.02,3.54,14,25,7,30.43
FL,Indian River,2022,29,0.62,3.79,4.41,6,19,4,20.69
FL,Jackson,2017,40,1.45,4.25,4.28,13,11,16,32.5
FL,Jackson,2018,49,1.47,3.93,3.96,16,12,21,32.65
FL,Jackson,2019,131,1.61,1.83,1.84,77,8,46,58.78
FL,Jackson,2020,5,1.2,5.8,5.8,3,1,1,60.0
FL,Jackson,2021,1,0.0,2.0,2.0,1,0,0,100.0
FL,Jackson,2022,3,0.33,2.33,2.33,0,1,2,0.0
FL,Jefferson,2017,19,1.32,2.97,2.98,3,2,14,15.79
FL,Jefferson,2018,11,1.64,7.56,7.57,1,3,7,9.09
FL,Jefferson,2019,25,1.2,3.4,3.48,3,14,8,12.0
FL,Jefferson,2020,8,0.38,3.62,3.75,0,4,4,0.0
FL,Jefferson,2021,5,0.6,4.4,4.4,0,1,4,0.0
FL,Jefferson,2022,5,0.6,4.8,5.4,0,4,1,0.0
FL,Lafayette,2017,2,1.5,1.1,1.16,1,0,1,50.0
FL,Lafayette,2018,2,1.5,4.09,4.1,1,1,0,50.0
FL,Lafayette,2019,4,1.0,4.73,4.74,3,0,1,75.0
FL,Lafayette,2020,11,0.82,6.0,6.09,5,5,1,45.45
FL,Lafayette,2021,7,0.57,3.86,4.71,4,1,2,57.14
FL,Lafayette,2022,4,0.5,4.25,4.25,2,0,2,50.0
FL,Lake,2016,127,1.27,1.16,1.39,21,49,57,16.54
FL,Lake,2017,339,1.28,2.81,3.07,65,135,139,19.17
FL,Lake,2018,427,1.3,3.13,3.41,103,164,160,24.12
FL,Lake,2019,364,0.99,3.05,3.33,205,104,55,56.32
FL,Lake,2020,156,0.92,3.52,4.03,49,89,18,31.41
FL,Lake,2021,188,1.15,2.78,3.32,56,82,50,29.79
FL,Lake,2022,114,1.1,4.31,4.61,22,51,41,19.3
FL,Lee,2016,245,1.03,1.25,2.12,46,148,51,18.78
FL,Lee,2017,892,0.82,1.87,2.86,151,546,195,16.93
FL,Lee,2018,1205,0.76,1.84,2.91,261,658,286,21.66
FL,Lee,2019,780,0.42,2.09,3.51,195,436,149,25.0
FL,Lee,2020,372,0.41,3.25,4.22,76,224,72,20.43
FL,Lee,2021,624,0.48,2.82,3.76,136,308,180,21.79
FL,Lee,2022,559,0.52,3.2,4.38,99,293,167,17.71
FL,Leon,2017,162,1.54,3.71,4.33,92,57,13,56.79
FL,Leon,2018,251,1.45,2.93,3.52,141,92,18,56.18
FL,Leon,2019,123,1.22,3.54,4.17,63,42,18,51.22
FL,Leon,2020,90,1.43,1.99,3.49,14,71,5,15.56
FL,Leon,2021,120,1.35,1.96,3.52,15,97,8,12.5
FL,Leon,2022,35,1.09,2.49,3.26,3,22,10,8.57
FL,Levy,2016,3,1.33,1.98,1.96,1,0,2,33.33
FL,Levy,2017,18,1.39,5.46,5.51,6,7,5,33.33
FL,Levy,2018,19,1.32,2.23,2.25,11,3,5,57.89
FL,Levy,2019,29,1.52,5.19,5.15,16,7,6,55.17
FL,Levy,2020,8,1.0,4.38,4.38,4,2,2,50.0
FL,Levy,2021,2,1.0,6.0,6.0,1,1,0,50.0
FL,Levy,2022,1,2.0,9.0,9.0,1,0,0,100.0
FL,Liberty,2017,1,2.0,0.0,0.0,0,1,0,0.0
FL,Liberty,2018,1,1.0,0.0,4.15,0,0,1,0.0
FL,Liberty,2019,1,1.0,6.0,6.0,0,1,0,0.0
FL,Liberty,2020,1,1.0,17.0,17.0,0,1,0,0.0
FL,Madison,2017,14,1.36,3.41,3.44,0,6,8,0.0
FL,Madison,2018,20,1.65,2.58,2.64,6,6,8,30.0
FL,Madison,2019,36,1.86,4.63,4.65,12,7,17,33.33
FL,Madison,2020,12,0.58,4.25,4.33,4,4,4,33.33
FL,Madison,2021,8,1.12,3.75,4.0,0,0,8,0.0
FL,Madison,2022,3,1.0,5.0,5.0,0,0,3,0.0
FL,Manatee,2016,148,1.37,1.91,2.76,30,70,48,20.27
FL,Manatee,2017,490,1.27,2.25,3.16,82,270,138,16.73
FL,Manatee,2018,663,1.12,2.23,3.11,126,335,202,19.0
FL,Manatee,2019,450,0.63,2.46,3.48,92,227,131,20.44
FL,Manatee,2020,210,0.53,3.45,4.19,57,103,50,27.14
FL,Manatee,2021,410,0.92,3.56,4.61,113,154,143,27.56
FL,Manatee,2022,246,0.81,3.79,4.74,58,118,70,23.58
FL,Marion,2016,101,1.47,2.66,2.82,15,27,59,14.85
FL,Marion,2017,301,1.39,3.59,3.85,47,94,160,15.61
FL,Marion,2018,285,1.43,3.21,3.49,48,89,148,16.84
FL,Marion,2019,210,1.35,4.65,4.92,70,49,91,33.33
FL,Marion,2020,84,1.37,9.92,10.15,23,30,31,27.38
FL,Marion,2021,368,1.59,5.39,5.71,14,123,231,3.8
FL,Marion,2022,196,1.61,5.38,5.71,8,73,115,4.08
FL,Martin,2016,114,1.15,0.86,0.97,33,49,32,28.95
FL,Martin,2017,262,1.12,1.57,1.79,49,111,102,18.7
FL,Martin,2018,395,1.11,1.66,1.9,98,197,100,24.81
FL,Martin,2019,122,0.83,3.87,4.32,42,55,25,34.43
FL,Martin,2020,108,0.52,3.65,3.95,29,59,20,26.85
FL,Martin,2021,72,1.1,4.15,4.46,8,34,30,11.11
FL,Martin,2022,59,0.92,4.51,5.02,7,26,26,11.86
FL,Miami-Dade,2016,3149,1.07,0.99,1.78,1201,1497,451,38.14
FL,Miami-Dade,2017,9195,1.05,1.85,3.25,3668,4265,1262,39.89
FL,Miami-Dade,2018,9958,1.0,1.44,2.93,3859,4569,1530,38.75
FL,Miami-Dade,2019,7011,0.66,1.72,3.13,3310,2723,978,47.21
FL,Miami-Dade,2020,5229,0.47,1.34,3.21,1588,3248,393,30.37
FL,Miami-Dade,2021,9003,0.51,1.76,3.32,3066,5120,817,34.06
FL,Miami-Dade,2022,4438,0.65,2.31,3.7,1716,2107,615,38.67
FL,Monroe,2017,364,1.2,1.96,2.49,80,70,214,21.98
FL,Monroe,2018,681,1.22,2.13,2.73,150,152,379,22.03
FL,Monroe,2019,437,1.02,3.06,3.86,248,75,114,56.75
FL,Monroe,2020,233,0.62,3.55,4.37,110,75,48,47.21
FL,Monroe,2021,514,0.87,4.57,5.28,243,150,121,47.28
FL,Monroe,2022,320,0.77,3.82,4.96,111,71,138,34.69
FL,Nassau,2017,62,0.77,2.15,2.68,8,21,33,12.9
FL,Nassau,2018,130,0.76,2.32,2.93,14,51,65,10.77
FL,Nassau,2019,102,1.17,3.98,4.58,33,50,19,32.35
FL,Nassau,2020,60,0.9,4.23,4.4,10,31,19,16.67
FL,Nassau,2021,24,1.33,5.25,6.0,10,10,4,41.67
FL,Nassau,2022,16,0.81,4.56,5.0,3,6,7,18.75
FL,Okaloosa,2017,129,1.28,2.03,2.77,17,48,64,13.18
FL,Okaloosa,2018,647,1.23,2.12,2.72,97,251,299,14.99
FL,Okaloosa,2019,406,1.27,1.88,2.7,126,162,118,31.03
FL,Okaloosa,2020,199,1.35,2.41,3.61,36,108,55,18.09
FL,Okaloosa,2021,404,1.4,2.98,3.93,62,171,171,15.35
FL,Okaloosa,2022,249,1.31,3.87,4.84,42,110,97,16.87
FL,Okeechobee,2016,28,1.5,2.81,2.85,9,13,6,32.14
FL,Okeechobee,2017,73,1.47,6.16,6.24,13,35,25,17.81
FL,Okeechobee,2018,67,1.61,3.97,4.15,13,25,29,19.4
FL,Okeechobee,2019,24,1.12,3.46,3.47,5,2,17,20.83
FL,Okeechobee,2020,6,0.83,4.83,5.0,0,1,5,0.0
FL,Okeechobee,2021,2,1.5,9.0,9.0,2,0,0,100.0
FL,Okeechobee,2022,6,1.0,5.67,5.67,2,2,2,33.33
FL,Orange,2016,870,1.16,1.19,1.65,266,477,127,30.57
FL,Orange,2017,2348,1.13,2.17,2.96,770,1172,406,32.79
FL,Orange,2018,3190,1.16,2.0,2.92,1149,1492,549,36.02
FL,Orange,2019,2020,0.9,2.39,3.37,711,835,474,35.2
FL,Orange,2020,1028,0.7,2.12,3.34,281,543,204,27.33
FL,Orange,2021,1470,0.84,2.07,3.11,391,646,433,26.6
FL,Orange,2022,731,1.1,3.28,4.0,163,298,270,22.3
FL,Osceola,2016,352,1.15,1.06,1.41,112,169,71,31.82
FL,Osceola,2017,1220,1.18,2.48,3.19,297,647,276,24.34
FL,Osceola,2018,1654,1.16,1.95,2.78,408,866,380,24.67
FL,Osceola,2019,991,0.7,2.2,3.35,393,336,262,39.66
FL,Osceola,2020,271,0.84,2.63,4.37,96,98,77,35.42
FL,Osceola,2021,741,1.18,4.6,5.99,189,283,269,25.51
FL,Osceola,2022,645,1.22,5.11,6.95,103,264,278,15.97
FL,Palm Beach,2016,540,1.2,1.13,1.55,136,256,148,25.19
FL,Palm Beach,2017,1653,1.16,1.91,2.51,422,782,449,25.53
FL,Palm Beach,2018,1861,1.14,1.82,2.32,388,853,620,20.85
FL,Palm Beach,2019,1406,0.82,2.85,3.45,287,585,534,20.41
FL,Palm Beach,2020,1022,0.55,3.13,3.63,206,563,253,20.16
FL,Palm Beach,2021,1205,0.92,2.76,3.43,169,463,573,14.02
FL,Palm Beach,2022,777,1.03,3.53,4.11,76,274,427,9.78
FL,Pasco,2016,86,1.06,1.22,1.5,7,37,42,8.14
FL,Pasco,2017,259,1.1,3.08,3.78,32,129,98,12.36
FL,Pasco,2018,461,1.1,2.39,3.13,62,246,153,13.45
FL,Pasco,2019,505,0.79,2.27,3.01,127,227,151,25.15
FL,Pasco,2020,146,0.62,2.43,3.33,28,64,54,19.18
FL,Pasco,2021,328,0.67,2.8,3.9,92,143,93,28.05
FL,Pasco,2022,163,0.67,3.17,4.36,46,70,47,28.22
FL,Pinellas,2016,238,1.24,1.04,1.49,80,116,42,33.61
FL,Pinellas,2017,787,1.17,2.6,3.42,205,430,152,26.05
FL,Pinellas,2018,864,1.09,2.37,3.21,251,376,237,29.05
FL,Pinellas,2019,786,0.73,2.49,3.4,193,394,199,24.55
FL,Pinellas,2020,319,0.61,3.0,3.94,89,175,55,27.9
FL,Pinellas,2021,459,0.75,2.35,3.24,118,205,136,25.71
FL,Pinellas,2022,305,1.0,3.26,4.24,65,121,119,21.31
FL,Polk,2016,117,1.25,0.95,1.13,23,39,55,19.66
FL,Polk,2017,437,1.21,2.39,2.77,102,157,178,23.34
FL,Polk,2018,616,1.29,2.31,2.84,125,231,260,20.29
FL,Polk,2019,663,1.04,2.52,2.95,224,209,230,33.79
FL,Polk,2020,329,1.28,2.63,3.89,62,148,119,18.84
FL,Polk,2021,690,1.36,3.12,4.26,57,255,378,8.26
FL,Polk,2022,300,1.16,3.54,4.42,40,92,168,13.33
FL,Putnam,2016,12,1.33,2.73,2.74,3,7,2,25.0
FL,Putnam,2017,47,1.43,3.76,3.8,9,22,16,19.15
FL,Putnam,2018,30,1.23,2.39,2.43,7,16,7,23.33
FL,Putnam,2019,14,0.29,1.89,1.9,4,7,3,28.57
FL,Putnam,2020,2,1.0,5.0,5.0,1,1,0,50.0
FL,Putnam,2021,14,0.93,4.64,5.0,5,8,1,35.71
FL,Putnam,2022,4,1.25,4.25,5.0,2,2,0,50.0
FL,Saint Johns,2017,48,1.04,2.02,2.33,13,24,11,27.08
FL,Saint Johns,2018,62,1.15,1.08,1.33,20,25,17,32.26
FL,Saint Lucie,2016,46,1.09,1.05,1.45,6,29,11,13.04
FL,Saint Lucie,2017,110,1.11,1.59,1.95,17,69,24,15.45
FL,Saint Lucie,2018,192,1.07,0.83,1.07,18,112,62,9.38
FL,Santa Rosa,2017,84,1.39,3.55,4.14,10,36,38,11.9
FL,Santa Rosa,2018,345,1.26,2.4,2.95,33,86,226,9.57
FL,Santa Rosa,2019,182,1.2,2.18,2.77,38,36,108,20.88
FL,Santa Rosa,2020,116,0.98,5.05,5.34,23,45,48,19.83
FL,Santa Rosa,2021,249,0.99,3.68,4.35,40,80,129,16.06
FL,Santa Rosa,2022,115,1.17,2.61,3.7,3,19,93,2.61
FL,Sarasota,2016,177,1.23,1.17,1.52,27,98,52,15.25
FL,Sarasota,2017,530,1.15,1.8,2.27,83,304,143,15.66
FL,Sarasota,2018,451,1.04,1.94,2.33,61,256,134,13.53
FL,Sarasota,2019,238,0.46,3.42,3.89,51,129,58,21.43
FL,Sarasota,2020,158,0.44,3.04,3.57,34,84,40,21.52
FL,Sarasota,2021,324,0.63,2.99,3.71,60,153,111,18.52
FL,Sarasota,2022,206,0.83,3.22,3.93,32,94,80,15.53
FL,Seminole,2016,195,1.27,1.47,1.74,50,96,49,25.64
FL,Seminole,2017,502,1.12,2.23,2.87,119,277,106,23.71
FL,Seminole,2018,762,1.08,2.37,3.08,201,369,192,26.38
FL,Seminole,2019,435,0.81,2.69,3.64,141,147,147,32.41
FL,Seminole,2020,195,0.64,2.97,3.78,75,80,40,38.46
FL,Seminole,2021,259,0.71,2.55,3.3,37,133,89,14.29
FL,Seminole,2022,86,1.16,3.71,4.15,18,25,43,20.93
FL,St Johns,2022,19,0.47,3.95,4.58,8,7,4,42.11
FL,St Lucie,2022,17,0.88,8.76,8.94,5,4,8,29.41
FL,St. Johns,2017,151,1.13,2.32,2.84,39,48,64,25.83
FL,St. Johns,2018,489,1.1,1.52,2.03,96,175,218,19.63
FL,St. Johns,2019,306,0.72,2.77,3.4,125,88,93,40.85
FL,St. Johns,2020,179,0.55,3.58,4.12,65,63,51,36.31
FL,St. Johns,2021,273,0.77,3.25,3.95,74,96,103,27.11
FL,St. Johns,2022,103,1.15,4.35,5.06,30,36,37,29.13
FL,St. Lucie,2016,47,1.28,0.57,0.71,2,28,17,4.26
FL,St. Lucie,2017,163,1.26,2.53,2.78,38,71,54,23.31
FL,St. Lucie,2018,298,1.19,1.97,2.17,66,126,106,22.15
FL,St. Lucie,2019,233,1.09,2.78,2.94,101,55,77,43.35
FL,St. Lucie,2020,112,0.57,4.26,4.36,30,45,37,26.79
FL,St. Lucie,2021,55,0.8,3.85,4.09,13,18,24,23.64
FL,St. Lucie,2022,27,0.96,5.26,5.52,4,15,8,14.81
FL,Sumter,2016,31,1.35,2.33,2.38,1,8,22,3.23
FL,Sumter,2017,97,1.55,5.01,5.15,10,29,58,10.31
FL,Sumter,2018,152,1.38,4.47,4.66,28,28,96,18.42
FL,Sumter,2019,144,1.06,3.83,4.11,43,44,57,29.86
FL,Sumter,2020,71,0.85,4.7,5.15,32,23,16,45.07
FL,Sumter,2021,129,1.62,6.78,7.26,26,36,67,20.16
FL,Sumter,2022,68,1.79,9.16,9.81,4,22,42,5.88
FL,Suwannee,2017,21,1.67,4.63,4.69,2,4,15,9.52
FL,Suwannee,2018,32,1.56,2.82,3.03,9,7,16,28.12
FL,Suwannee,2019,31,1.35,2.25,2.28,16,7,8,51.61
FL,Suwannee,2020,7,0.71,5.43,5.0,3,3,1,42.86
FL,Suwannee,2021,7,1.29,6.86,7.0,3,3,1,42.86
FL,Suwannee,2022,5,0.8,4.4,4.6,1,0,4,20.0
FL,Taylor,2017,13,1.31,3.2,3.21,5,2,6,38.46
FL,Taylor,2018,26,1.46,1.8,2.27,5,7,14,19.23
FL,Taylor,2019,9,1.56,7.8,7.96,7,1,1,77.78
FL,Taylor,2020,4,1.75,6.5,6.75,1,2,1,25.0
FL,Taylor,2021,5,0.8,2.8,3.0,0,4,1,0.0
FL,Taylor,2022,1,1.0,1.0,1.0,0,0,1,0.0
FL,Union,2017,2,1.0,0.36,0.36,1,0,1,50.0
FL,Union,2018,5,1.6,5.08,5.09,2,2,1,40.0
FL,Union,2019,1,0.0,0.87,0.87,1,0,0,100.0
FL,Union,2020,3,1.33,9.0,9.0,1,2,0,33.33
FL,Union,2022,1,1.0,8.0,8.0,0,0,1,0.0
FL,Volusia,2016,260,1.3,1.09,1.19,64,124,72,24.62
FL,Volusia,2017,589,1.25,2.33,2.51,151,270,168,25.64
FL,Volusia,2018,1173,1.17,1.66,1.84,268,564,341,22.85
FL,Volusia,2019,513,1.0,2.08,2.41,188,164,161,36.65
FL,Volusia,2020,158,0.53,4.45,4.82,60,76,22,37.97
FL,Volusia,2021,250,0.68,2.93,3.4,49,125,76,19.6
FL,Volusia,2022,133,1.25,4.2,4.62,16,40,77,12.03
FL,Wakulla,2017,5,1.8,3.32,3.86,0,2,3,0.0
FL,Wakulla,2018,15,1.67,3.13,3.64,1,7,7,6.67
FL,Wakulla,2019,15,1.73,5.69,6.41,2,6,7,13.33
FL,Wakulla,2020,4,1.75,5.25,5.75,0,3,1,0.0
FL,Wakulla,2021,10,1.5,4.0,4.5,2,0,8,20.0
FL,Wakulla,2022,2,1.5,7.5,8.0,0,2,0,0.0
FL,Walton,2017,27,1.3,3.45,3.6,5,9,13,18.52
FL,Walton,2018,302,1.2,2.29,2.56,23,82,197,7.62
FL,Walton,2019,174,1.27,2.19,2.34,91,33,50,52.3
FL,Walton,2020,112,0.86,3.78,4.26,50,46,16,44.64
FL,Walton,2021,262,1.16,3.23,4.01,60,107,95,22.9
FL,Walton,2022,179,1.01,3.4,4.16,48,68,63,26.82
FL,Washington,2017,9,1.56,4.89,4.92,4,2,3,44.44
FL,Washington,2018,29,0.79,3.15,3.2,7,14,8,24.14
FL,Washington,2019,67,1.63,1.82,1.84,43,3,21,64.18
FL,Washington,2020,1,0.0,4.0,4.0,0,0,1,0.0
FL,Washington,2021,19,0.26,4.11,4.0,0,8,11,0.0
FL,Washington,2022,13,0.31,3.62,3.54,0,3,10,0.0
GA,Appling,2016,1,2.0,0.0,0.0,0,0,1,0.0
GA,Appling,2017,15,1.4,4.23,4.3,3,5,7,20.0
GA,Appling,2018,5,1.2,6.5,6.63,1,0,4,20.0
GA,Appling,2019,9,0.78,4.24,4.26,1,1,7,11.11
GA,Appling,2020,8,1.38,4.62,4.75,0,0,8,0.0
GA,Appling,2021,2,0.0,3.0,3.0,0,0,2,0.0
GA,Appling,2022,3,1.0,5.67,5.67,0,2,1,0.0
GA,Atkinson,2017,8,1.5,4.36,4.37,0,1,7,0.0
GA,Atkinson,2018,8,1.5,8.65,8.65,3,3,2,37.5
GA,Atkinson,2019,11,1.55,6.25,6.25,4,1,6,36.36
GA,Atkinson,2020,7,1.14,5.71,6.0,3,2,2,42.86
GA,Atkinson,2021,4,0.75,5.75,5.75,2,0,2,50.0
GA,Atkinson,2022,1,0.0,1.0,1.0,1,0,0,100.0
GA,Bacon,2016,1,2.0,0.0,0.0,0,0,1,0.0
GA,Bacon,2017,2,2.0,15.29,15.26,1,1,0,50.0
GA,Bacon,2018,7,1.57,4.37,4.42,1,4,2,14.29
GA,Bacon,2019,13,1.46,7.36,7.43,2,5,6,15.38
GA,Bacon,2020,7,0.86,6.43,6.29,1,3,3,14.29
GA,Bacon,2021,1,0.0,4.0,4.0,0,0,1,0.0
GA,Bacon,2022,1,0.0,3.0,3.0,0,1,0,0.0
GA,Baker,2018,9,1.44,6.04,6.07,0,4,5,0.0
GA,Baker,2019,8,1.0,11.5,11.62,4,1,3,50.0
GA,Baker,2020,9,0.56,5.0,5.0,2,3,4,22.22
GA,Baker,2021,1,1.0,5.0,5.0,0,0,1,0.0
GA,Baker,2022,3,0.67,7.0,7.0,0,1,2,0.0
GA,Baldwin,2016,2,1.5,0.0,0.0,1,0,1,50.0
GA,Baldwin,2017,22,1.59,5.31,5.55,9,8,5,40.91
GA,Baldwin,2018,4,1.75,8.3,8.41,2,2,0,50.0
GA,Baldwin,2019,11,1.0,5.78,5.87,3,2,6,27.27
GA,Baldwin,2020,1,1.0,1.0,1.0,0,0,1,0.0
GA,Baldwin,2021,10,1.1,1.9,2.7,0,9,1,0.0
GA,Baldwin,2022,1,2.0,6.0,6.0,0,0,1,0.0
GA,Banks,2016,2,1.5,0.0,0.0,0,1,1,0.0
GA,Banks,2017,2,2.0,5.51,5.64,1,0,1,50.0
GA,Banks,2018,7,1.57,6.29,6.49,4,1,2,57.14
GA,Banks,2019,30,1.37,3.26,3.3,13,10,7,43.33
GA,Banks,2020,8,1.62,6.75,6.75,2,2,4,25.0
GA,Banks,2021,14,1.57,3.21,3.64,1,5,8,7.14
GA,Banks,2022,12,1.42,4.08,4.08,1,2,9,8.33
GA,Barrow,2016,26,1.42,1.52,1.92,11,10,5,42.31
GA,Barrow,2017,50,1.08,2.69,3.36,13,16,21,26.0
GA,Barrow,2018,55,1.11,3.76,4.16,7,23,25,12.73
GA,Barrow,2019,64,1.0,4.66,5.1,16,22,26,25.0
GA,Barrow,2020,26,0.54,2.85,3.85,8,11,7,30.77
GA,Barrow,2021,21,0.57,3.76,4.48,2,11,8,9.52
GA,Barrow,2022,22,0.68,3.27,4.27,4,13,5,18.18
GA,Bartow,2016,53,1.17,1.27,1.4,13,25,15,24.53
GA,Bartow,2017,104,1.25,4.11,4.28,23,33,48,22.12
GA,Bartow,2018,151,1.25,3.16,3.32,41,51,59,27.15
GA,Bartow,2019,83,0.93,3.17,3.33,38,30,15,45.78
GA,Bartow,2020,18,1.22,6.11,6.44,3,7,8,16.67
GA,Bartow,2021,94,1.37,4.2,4.28,2,29,63,2.13
GA,Bartow,2022,29,1.55,7.0,7.0,2,7,20,6.9
GA,Ben Hill,2017,14,1.86,8.93,8.99,3,10,1,21.43
GA,Ben Hill,2018,19,1.89,6.32,6.34,2,4,13,10.53
GA,Ben Hill,2019,4,0.5,4.5,5.25,1,0,3,25.0
GA,Ben Hill,2020,3,1.33,10.0,10.0,1,1,1,33.33
GA,Ben Hill,2021,6,1.0,6.83,7.33,4,0,2,66.67
GA,Ben Hill,2022,1,0.0,4.0,4.0,0,0,1,0.0
GA,Berrien,2016,1,1.0,0.0,0.0,0,0,1,0.0
GA,Berrien,2017,1,1.0,6.05,6.02,0,0,1,0.0
GA,Berrien,2018,5,1.8,4.77,4.78,2,1,2,40.0
GA,Berrien,2019,14,0.93,5.74,5.81,4,2,8,28.57
GA,Berrien,2020,9,0.56,4.11,4.22,2,3,4,22.22
GA,Berrien,2021,6,0.67,5.0,5.17,1,2,3,16.67
GA,Berrien,2022,1,1.0,5.0,5.0,0,0,1,0.0
GA,Bibb,2016,40,1.4,0.6,0.66,14,13,13,35.0
GA,Bibb,2017,141,1.67,4.68,4.83,64,49,28,45.39
GA,Bibb,2018,181,1.47,3.13,3.38,66,72,43,36.46
GA,Bibb,2021,12,0.75,4.17,4.92,3,6,3,25.0
GA,Bibb,2022,23,1.26,4.0,4.0,3,7,13,13.04
GA,Bleckley,2016,4,2.0,4.47,4.54,4,0,0,100.0
GA,Bleckley,2017,2,2.0,3.11,3.16,1,0,1,50.0
GA,Bleckley,2018,4,1.75,5.34,5.39,0,1,3,0.0
GA,Bleckley,2019,5,1.8,7.34,7.34,2,2,1,40.0
GA,Bleckley,2020,1,1.0,9.0,9.0,1,0,0,100.0
GA,Bleckley,2021,1,0.0,2.0,2.0,0,0,1,0.0
GA,Brantley,2017,4,1.75,13.66,13.66,1,2,1,25.0
GA,Brantley,2018,4,2.0,11.8,11.82,1,2,1,25.0
GA,Brantley,2019,6,1.5,8.1,8.27,2,1,3,33.33
GA,Brantley,2020,4,1.0,8.0,8.0,2,0,2,50.0
GA,Brantley,2021,3,1.33,4.67,4.67,0,0,3,0.0
GA,Brantley,2022,3,1.0,5.33,5.33,0,0,3,0.0
GA,Brooks,2017,4,1.25,2.38,2.39,4,0,0,100.0
GA,Brooks,2018,12,1.0,3.1,3.17,2,3,7,16.67
GA,Brooks,2019,15,1.47,5.98,5.99,3,7,5,20.0
GA,Brooks,2020,1,0.0,4.0,4.0,0,0,1,0.0
GA,Brooks,2021,2,0.5,5.0,5.0,1,1,0,50.0
GA,Brooks,2022,2,1.0,10.0,10.0,0,2,0,0.0
GA,Bryan,2016,2,1.5,0.0,0.0,1,0,1,50.0
GA,Bryan,2017,28,1.68,3.88,4.18,8,9,11,28.57
GA,Bryan,2018,74,1.53,4.3,4.75,19,23,32,25.68
GA,Bryan,2019,43,1.09,4.15,4.35,20,13,10,46.51
GA,Bryan,2020,11,0.91,3.36,3.91,1,4,6,9.09
GA,Bryan,2021,43,1.33,4.91,5.23,2,15,26,4.65
GA,Bryan,2022,27,1.26,5.33,5.48,2,10,15,7.41
GA,Bulloch,2016,8,1.5,1.4,1.48,1,3,4,12.5
GA,Bulloch,2017,19,1.63,4.37,4.56,5,6,8,26.32
GA,Bulloch,2018,40,1.62,4.17,4.22,3,14,23,7.5
GA,Bulloch,2019,20,1.1,7.02,7.07,14,1,5,70.0
GA,Bulloch,2020,6,0.5,2.33,2.5,1,3,2,16.67
GA,Bulloch,2021,30,1.0,4.7,4.77,2,9,19,6.67
GA,Bulloch,2022,13,0.54,4.0,4.0,2,2,9,15.38
GA,Burke,2016,2,1.0,0.14,0.21,0,2,0,0.0
GA,Burke,2017,15,1.0,6.37,6.44,4,7,4,26.67
GA,Burke,2018,15,1.2,4.6,4.7,2,5,8,13.33
GA,Burke,2019,13,0.77,4.91,4.97,6,5,2,46.15
GA,Burke,2020,15,0.87,8.0,8.13,5,5,5,33.33
GA,Burke,2021,3,1.0,9.0,9.33,2,1,0,66.67
GA,Burke,2022,3,0.33,3.67,3.67,1,0,2,33.33
GA,Butts,2016,18,1.89,3.76,3.83,4,7,7,22.22
GA,Butts,2017,52,1.42,4.63,4.8,4,14,34,7.69
GA,Butts,2018,67,1.25,2.17,2.45,7,12,48,10.45
GA,Butts,2019,53,0.74,2.64,3.02,19,8,26,35.85
GA,Butts,2020,26,0.5,2.77,3.46,6,13,7,23.08
GA,Butts,2021,41,0.46,2.2,2.68,3,13,25,7.32
GA,Butts,2022,22,1.36,5.68,5.77,1,4,17,4.55
GA,Calhoun,2016,6,1.33,1.01,1.01,0,0,6,0.0
GA,Calhoun,2017,10,1.5,7.57,7.57,1,4,5,10.0
GA,Calhoun,2018,44,1.86,5.96,5.97,2,7,35,4.55
GA,Calhoun,2019,7,1.57,6.19,6.33,1,2,4,14.29
GA,Calhoun,2020,12,0.92,4.58,4.67,6,1,5,50.0
GA,Calhoun,2021,2,1.5,9.5,9.5,1,0,1,50.0
GA,Calhoun,2022,2,1.0,4.0,6.0,0,0,2,0.0
GA,Camden,2017,9,1.67,2.05,2.06,1,4,4,11.11
GA,Camden,2018,20,1.75,4.5,4.98,4,3,13,20.0
GA,Camden,2019,74,1.54,2.51,2.52,58,6,10,78.38
GA,Camden,2020,4,0.5,3.75,3.75,3,0,1,75.0
GA,Camden,2021,4,1.0,7.5,7.5,0,1,3,0.0
GA,Camden,2022,11,1.27,19.09,19.27,4,3,4,36.36
GA,Candler,2016,2,2.0,0.0,0.0,0,0,2,0.0
GA,Candler,2017,3,2.33,8.12,8.17,0,2,1,0.0
GA,Candler,2018,4,1.5,2.33,2.41,1,2,1,25.0
GA,Candler,2019,3,0.67,4.33,4.33,0,0,3,0.0
GA,Candler,2020,6,0.33,3.33,3.33,1,1,4,16.67
GA,Candler,2021,2,1.0,4.0,5.5,0,0,2,0.0
GA,Candler,2022,3,1.33,7.0,8.67,0,2,1,0.0
GA,Carroll,2016,28,1.46,1.85,1.96,10,13,5,35.71
GA,Carroll,2017,101,1.45,4.65,5.22,29,37,35,28.71
GA,Carroll,2018,105,1.65,3.73,4.63,27,44,34,25.71
GA,Carroll,2019,69,1.29,4.44,4.64,25,28,16,36.23
GA,Carroll,2020,49,1.49,7.69,8.12,16,22,11,32.65
GA,Carroll,2021,52,0.98,3.54,4.13,5,24,23,9.62
GA,Carroll,2022,10,1.2,4.1,4.4,2,4,4,20.0
GA,Catoosa,2017,23,1.39,4.03,4.19,3,12,8,13.04
GA,Catoosa,2018,51,1.45,4.73,4.93,10,23,18,19.61
GA,Catoosa,2019,61,1.36,3.02,3.13,24,25,12,39.34
GA,Catoosa,2020,18,1.44,4.5,4.78,2,12,4,11.11
GA,Catoosa,2021,20,1.3,3.0,3.3,2,9,9,10.0
GA,Catoosa,2022,12,1.67,7.67,8.33,3,7,2,25.0
GA,Charlton,2017,4,2.0,4.36,4.39,1,3,0,25.0
GA,Charlton,2018,2,2.0,3.25,3.26,1,1,0,50.0
GA,Charlton,2019,10,0.7,3.6,3.62,0,5,5,0.0
GA,Charlton,2021,2,0.5,3.0,3.0,0,0,2,0.0
GA,Chatham,2017,227,1.14,3.07,4.28,81,94,52,35.68
GA,Chatham,2018,457,1.11,3.49,4.43,121,186,150,26.48
GA,Chatham,2019,309,0.78,3.49,4.3,101,153,55,32.69
GA,Chatham,2020,151,0.77,3.88,4.83,36,86,29,23.84
GA,Chatham,2021,347,0.84,4.15,5.03,62,173,112,17.87
GA,Chatham,2022,271,1.03,5.44,6.54,74,131,66,27.31
GA,Chattahoochee,2017,4,2.0,8.46,8.45,1,1,2,25.0
GA,Chattahoochee,2018,1,1.0,2.33,2.35,1,0,0,100.0
GA,Chattahoochee,2019,1,0.0,3.0,3.0,0,0,1,0.0
GA,Chattahoochee,2020,1,0.0,2.0,2.0,0,1,0,0.0
GA,Chattooga,2016,1,2.0,11.52,11.57,1,0,0,100.0
GA,Chattooga,2017,5,1.2,2.25,2.3,0,2,3,0.0
GA,Chattooga,2018,2,2.0,0.0,0.01,0,2,0,0.0
GA,Chattooga,2019,3,0.33,3.56,3.54,0,0,3,0.0
GA,Chattooga,2020,3,0.67,6.0,6.33,1,0,2,33.33
GA,Chattooga,2021,5,0.4,3.2,5.0,0,2,3,0.0
GA,Chattooga,2022,4,1.0,7.0,7.0,0,1,3,0.0
GA,Cherokee,2016,84,0.95,1.44,1.66,17,35,32,20.24
GA,Cherokee,2017,202,0.81,3.26,4.12,41,84,77,20.3
GA,Cherokee,2018,264,0.71,2.95,3.85,49,88,127,18.56
GA,Cherokee,2019,160,0.73,3.2,4.29,44,48,68,27.5
GA,Cherokee,2020,64,0.75,3.77,4.67,14,28,22,21.88
GA,Cherokee,2021,194,0.81,3.75,4.42,25,65,104,12.89
GA,Cherokee,2022,94,1.02,4.06,4.93,14,38,42,14.89
GA,Clarke,2016,34,1.21,1.86,2.05,20,12,2,58.82
GA,Clarke,2017,67,1.33,3.7,3.95,41,19,7,61.19
GA,Clarke,2018,65,1.12,3.25,3.74,32,24,9,49.23
GA,Clarke,2019,58,0.29,2.34,2.79,33,21,4,56.9
GA,Clarke,2020,42,0.64,3.52,4.93,9,29,4,21.43
GA,Clarke,2021,30,0.37,1.83,3.77,9,21,0,30.0
GA,Clarke,2022,20,0.5,2.9,3.85,11,8,1,55.0
GA,Clay,2016,1,2.0,29.77,29.73,0,1,0,0.0
GA,Clay,2017,5,0.8,6.11,6.13,3,1,1,60.0
GA,Clay,2018,1,2.0,15.0,15.07,1,0,0,100.0
GA,Clay,2019,11,1.0,6.21,6.13,11,0,0,100.0
GA,Clay,2020,4,1.5,5.5,5.75,2,2,0,50.0
GA,Clay,2021,3,1.0,5.0,5.0,2,1,0,66.67
GA,Clayton,2016,129,1.31,1.39,1.63,54,53,22,41.86
GA,Clayton,2017,311,1.29,2.9,3.48,128,131,52,41.16
GA,Clayton,2018,341,1.31,2.87,3.58,120,138,83,35.19
GA,Clayton,2019,250,1.1,2.73,3.39,107,85,58,42.8
GA,Clayton,2020,97,1.19,2.75,3.33,24,39,34,24.74
GA,Clayton,2021,218,1.3,2.66,3.22,26,58,134,11.93
GA,Clayton,2022,127,1.36,3.91,4.48,26,40,61,20.47
GA,Clinch,2017,6,1.67,3.69,3.68,0,4,2,0.0
GA,Clinch,2018,9,1.44,3.03,3.04,1,4,4,11.11
GA,Clinch,2019,21,1.14,6.56,6.57,6,3,12,28.57
GA,Clinch,2020,1,0.0,3.0,4.0,1,0,0,100.0
GA,Clinch,2022,4,1.25,6.75,6.75,0,1,3,0.0
GA,Cobb,2016,842,1.3,1.19,1.92,189,437,216,22.45
GA,Cobb,2017,1965,1.3,2.5,4.12,450,972,543,22.9
GA,Cobb,2018,1940,1.25,2.25,3.8,487,893,560,25.1
GA,Cobb,2019,1022,0.89,2.51,4.09,377,340,305,36.89
GA,Cobb,2020,451,0.94,2.72,3.65,109,184,158,24.17
GA,Cobb,2021,1188,1.13,2.75,3.45,153,316,719,12.88
GA,Cobb,2022,773,1.26,3.22,3.96,89,201,483,11.51
GA,Coffee,2016,7,1.43,2.71,2.74,2,0,5,28.57
GA,Coffee,2017,42,1.31,4.59,4.74,16,12,14,38.1
GA,Coffee,2018,28,1.43,3.92,4.14,13,6,9,46.43
GA,Coffee,2019,13,0.92,8.17,8.34,6,6,1,46.15
GA,Coffee,2020,11,0.82,6.73,6.73,5,4,2,45.45
GA,Coffee,2021,3,1.0,5.33,5.67,2,0,1,66.67
GA,Coffee,2022,7,0.86,6.14,6.14,1,3,3,14.29
GA,Colquitt,2017,8,1.5,7.73,7.8,0,2,6,0.0
GA,Colquitt,2018,15,1.33,6.64,6.67,3,7,5,20.0
GA,Colquitt,2019,12,0.67,2.51,2.51,5,1,6,41.67
GA,Colquitt,2020,10,1.2,7.4,7.5,1,3,6,10.0
GA,Colquitt,2021,3,1.0,4.33,4.67,0,0,3,0.0
GA,Colquitt,2022,6,0.83,6.5,6.67,0,3,3,0.0
GA,Columbia,2016,6,1.67,0.01,0.03,0,5,1,0.0
GA,Columbia,2017,119,1.39,5.33,6.08,29,60,30,24.37
GA,Columbia,2018,85,1.26,3.84,5.09,30,37,18,35.29
GA,Columbia,2019,56,1.02,3.07,3.89,20,24,12,35.71
GA,Columbia,2020,31,0.55,3.48,4.19,9,15,7,29.03
GA,Columbia,2021,91,0.87,3.98,4.76,36,35,20,39.56
GA,Columbia,2022,41,1.29,5.78,6.51,12,18,11,29.27
GA,Cook,2017,9,1.22,2.95,2.98,0,4,5,0.0
GA,Cook,2018,18,1.78,4.62,4.63,6,4,8,33.33
GA,Cook,2019,19,1.47,2.14,2.15,15,2,2,78.95
GA,Cook,2020,1,1.0,5.0,5.0,0,0,1,0.0
GA,Cook,2021,4,1.25,6.25,6.5,1,1,2,25.0
GA,Cook,2022,3,2.0,9.33,9.67,0,1,2,0.0
GA,Coweta,2016,23,1.43,1.4,2.01,10,8,5,43.48
GA,Coweta,2017,70,1.47,5.11,5.69,24,28,18,34.29
GA,Coweta,2018,107,1.51,4.34,4.96,31,44,32,28.97
GA,Coweta,2019,92,1.26,2.56,2.91,46,34,12,50.0
GA,Coweta,2020,44,0.55,3.48,4.82,5,28,11,11.36
GA,Coweta,2021,79,0.68,3.8,5.18,18,45,16,22.78
GA,Coweta,2022,32,1.0,5.44,6.69,14,13,5,43.75
GA,Crawford,2016,2,1.0,3.65,3.69,0,1,1,0.0
GA,Crawford,2017,3,2.0,2.6,2.6,1,2,0,33.33
GA,Crawford,2018,31,1.77,5.02,5.03,1,15,15,3.23
GA,Crawford,2019,7,0.57,3.71,3.86,1,2,4,14.29
GA,Crawford,2020,5,0.2,3.4,3.4,0,1,4,0.0
GA,Crawford,2021,5,0.6,5.8,5.8,2,0,3,40.0
GA,Crisp,2016,3,2.0,0.0,0.0,1,1,1,33.33
GA,Crisp,2017,10,1.5,5.74,5.78,1,5,4,10.0
GA,Crisp,2018,28,1.64,5.14,5.17,7,9,12,25.0
GA,Crisp,2019,17,1.47,3.98,3.99,6,5,6,35.29
GA,Crisp,2020,7,1.0,5.43,5.43,1,3,3,14.29
GA,Crisp,2021,5,0.8,3.8,3.8,1,1,3,20.0
GA,Crisp,2022,3,1.33,8.67,8.67,0,1,2,0.0
GA,Dade,2017,14,1.57,5.55,5.79,3,7,4,21.43
GA,Dade,2018,29,2.07,5.7,6.05,3,16,10,10.34
GA,Dade,2019,44,1.8,4.02,4.2,19,16,9,43.18
GA,Dade,2020,24,1.54,5.04,5.58,5,16,3,20.83
GA,Dade,2021,60,1.55,4.0,4.28,10,30,20,16.67
GA,Dade,2022,25,1.84,6.0,6.12,8,11,6,32.0
GA,Dawson,2016,26,1.12,0.34,0.37,6,9,11,23.08
GA,Dawson,2017,27,1.11,1.92,2.03,6,9,12,22.22
GA,Dawson,2018,50,1.2,2.4,2.62,8,22,20,16.0
GA,Dawson,2019,14,0.64,2.44,2.58,3,3,8,21.43
GA,Dawson,2020,23,0.35,3.87,4.0,8,8,7,34.78
GA,Dawson,2021,29,0.07,1.52,2.41,4,21,4,13.79
GA,Dawson,2022,3,0.0,0.0,1.67,0,3,0,0.0
GA,DeKalb,2016,425,1.61,1.63,2.6,65,145,215,15.29
GA,DeKalb,2017,1187,1.47,3.03,5.03,265,401,521,22.33
GA,DeKalb,2018,1530,1.33,1.95,4.0,382,562,586,24.97
GA,DeKalb,2019,1322,1.01,2.06,3.92,392,453,477,29.65
GA,DeKalb,2020,604,0.95,2.19,3.46,118,296,190,19.54
GA,DeKalb,2021,1597,1.35,2.86,4.01,132,614,851,8.27
GA,DeKalb,2022,1039,1.54,3.33,4.87,94,386,559,9.05
GA,Decatur,2017,13,1.31,5.35,5.42,3,4,6,23.08
GA,Decatur,2018,11,1.27,7.86,7.88,4,3,4,36.36
GA,Decatur,2019,19,0.95,4.48,4.6,6,6,7,31.58
GA,Decatur,2020,3,0.33,3.33,4.0,0,2,1,0.0
GA,Decatur,2022,4,1.0,8.5,8.5,1,2,1,25.0
GA,Dekalb,2016,219,1.18,1.05,1.5,93,115,11,42.47
GA,Dekalb,2017,633,1.1,2.29,3.31,264,355,14,41.71
GA,Dekalb,2018,540,1.12,1.51,2.55,218,315,7,40.37
GA,Dekalb,2019,3,0.0,1.33,2.0,2,1,0,66.67
GA,Dekalb,2022,22,0.59,3.0,3.64,4,15,3,18.18
GA,Dodge,2017,3,1.33,5.72,5.77,0,1,2,0.0
GA,Dodge,2018,4,1.5,2.93,2.98,1,1,2,25.0
GA,Dodge,2019,8,0.88,5.2,5.2,4,3,1,50.0
GA,Dodge,2020,6,0.5,4.5,4.5,1,0,5,16.67
GA,Dooly,2016,4,2.0,2.1,2.06,0,0,4,0.0
GA,Dooly,2017,4,1.75,4.06,4.12,0,0,4,0.0
GA,Dooly,2018,4,1.75,7.81,7.83,1,0,3,25.0
GA,Dooly,2019,11,1.45,3.18,3.28,5,1,5,45.45
GA,Dooly,2020,5,0.6,5.4,5.4,0,1,4,0.0
GA,Dooly,2021,1,2.0,5.0,5.0,0,0,1,0.0
GA,Dooly,2022,4,1.0,3.5,3.25,1,0,3,25.0
GA,Dougherty,2016,10,1.7,2.52,2.52,4,5,1,40.0
GA,Dougherty,2017,39,1.77,6.3,6.4,20,10,9,51.28
GA,Dougherty,2018,26,1.65,6.6,6.63,13,6,7,50.0
GA,Dougherty,2019,28,1.25,5.56,5.61,20,7,1,71.43
GA,Dougherty,2020,13,1.23,6.77,7.0,6,4,3,46.15
GA,Dougherty,2021,4,1.5,5.5,5.75,3,1,0,75.0
GA,Dougherty,2022,3,1.67,6.33,6.33,2,0,1,66.67
GA,Douglas,2016,41,1.34,1.92,2.22,13,24,4,31.71
GA,Douglas,2017,159,1.16,2.62,3.11,40,60,59,25.16
GA,Douglas,2018,168,1.21,3.17,3.89,49,73,46,29.17
GA,Douglas,2019,141,1.08,3.24,3.84,60,42,39,42.55
GA,Douglas,2020,71,0.89,2.49,3.76,17,41,13,23.94
GA,Douglas,2021,124,1.28,3.06,3.81,24,49,51,19.35
GA,Douglas,2022,118,1.41,3.75,4.51,20,34,64,16.95
GA,Early,2016,1,2.0,0.0,0.0,0,1,0,0.0
GA,Early,2017,13,1.46,8.07,8.12,5,3,5,38.46
GA,Early,2018,18,1.33,4.9,4.94,8,5,5,44.44
GA,Early,2019,13,1.38,5.67,5.82,4,6,3,30.77
GA,Early,2020,11,1.45,4.64,4.64,4,1,6,36.36
GA,Early,2021,3,0.67,3.67,3.67,2,1,0,66.67
GA,Early,2022,1,1.0,3.0,3.0,0,0,1,0.0
GA,Echols,2017,3,1.0,5.77,5.79,0,3,0,0.0
GA,Echols,2018,7,1.43,4.33,5.8,1,0,6,14.29
GA,Echols,2019,5,0.6,4.96,5.0,0,1,4,0.0
GA,Echols,2020,7,1.14,7.14,7.43,1,1,5,14.29
GA,Echols,2021,1,0.0,3.0,4.0,1,0,0,100.0
GA,Echols,2022,2,0.5,4.0,4.0,0,1,1,0.0
GA,Effingham,2017,13,1.54,4.81,4.88,5,2,6,38.46
GA,Effingham,2018,58,0.9,4.68,4.81,21,16,21,36.21
GA,Effingham,2019,24,0.75,4.82,4.95,8,11,5,33.33
GA,Effingham,2020,8,1.38,7.25,7.5,3,4,1,37.5
GA,Effingham,2021,7,0.71,8.86,9.0,1,2,4,14.29
GA,Effingham,2022,4,0.25,2.75,3.25,0,1,3,0.0
GA,Elbert,2016,1,2.0,0.0,0.0,0,0,1,0.0
GA,Elbert,2017,1,2.0,0.0,0.0,0,1,0,0.0
GA,Elbert,2018,5,1.4,7.12,7.81,3,1,1,60.0
GA,Elbert,2019,10,1.2,6.6,6.59,1,3,6,10.0
GA,Elbert,2020,3,1.33,3.67,3.67,0,1,2,0.0
GA,Elbert,2021,1,2.0,6.0,6.0,0,0,1,0.0
GA,Elbert,2022,1,1.0,2.0,2.0,0,1,0,0.0
GA,Emanuel,2016,8,1.62,0.56,0.61,0,4,4,0.0
GA,Emanuel,2017,14,1.57,4.67,4.73,3,6,5,21.43
GA,Emanuel,2018,17,1.76,7.31,7.34,7,5,5,41.18
GA,Emanuel,2019,25,1.0,4.51,4.6,7,7,11,28.0
GA,Emanuel,2020,13,0.85,4.77,4.77,2,7,4,15.38
GA,Emanuel,2021,1,1.0,8.0,8.0,0,0,1,0.0
GA,Emanuel,2022,2,1.0,5.5,5.5,0,0,2,0.0
GA,Evans,2016,5,2.0,8.82,8.81,1,4,0,20.0
GA,Evans,2017,5,1.2,5.91,5.95,1,1,3,20.0
GA,Evans,2018,6,1.5,6.15,6.21,2,0,4,33.33
GA,Evans,2019,3,0.67,1.67,1.67,1,1,1,33.33
GA,Evans,2020,1,0.0,4.0,4.0,0,0,1,0.0
GA,Fannin,2017,10,1.3,5.0,5.08,5,0,5,50.0
GA,Fannin,2018,6,1.17,4.37,4.43,1,1,4,16.67
GA,Fannin,2019,14,1.21,3.47,3.46,3,4,7,21.43
GA,Fannin,2020,9,1.0,7.0,7.22,4,3,2,44.44
GA,Fannin,2021,2,1.0,1.5,2.0,0,0,2,0.0
GA,Fannin,2022,1,0.0,4.0,4.0,1,0,0,100.0
GA,Fayette,2016,20,0.85,2.34,2.63,6,12,2,30.0
GA,Fayette,2017,35,1.06,5.3,5.99,18,13,4,51.43
GA,Fayette,2018,64,0.62,3.12,3.77,16,32,16,25.0
GA,Fayette,2019,42,0.62,3.79,4.54,10,22,10,23.81
GA,Fayette,2020,24,0.58,4.25,5.17,4,11,9,16.67
GA,Fayette,2021,20,0.75,4.0,5.2,10,8,2,50.0
GA,Fayette,2022,8,0.75,4.12,5.12,2,3,3,25.0
GA,Floyd,2016,13,1.46,1.77,1.9,3,7,3,23.08
GA,Floyd,2017,28,1.68,5.53,5.85,10,13,5,35.71
GA,Floyd,2018,25,1.36,5.46,5.78,11,7,7,44.0
GA,Floyd,2019,32,0.56,3.41,3.59,10,10,12,31.25
GA,Floyd,2020,52,0.1,1.38,3.17,3,47,2,5.77
GA,Floyd,2021,59,0.14,1.54,2.95,4,53,2,6.78
GA,Floyd,2022,11,0.18,3.27,3.64,1,6,4,9.09
GA,Forsyth,2016,157,0.84,1.0,1.63,18,74,65,11.46
GA,Forsyth,2017,371,0.88,2.54,3.66,50,167,154,13.48
GA,Forsyth,2018,388,0.77,2.15,3.31,52,188,148,13.4
GA,Forsyth,2019,259,0.45,2.18,3.08,66,117,76,25.48
GA,Forsyth,2020,98,0.34,2.49,3.33,24,38,36,24.49
GA,Forsyth,2021,165,0.38,2.85,3.7,37,90,38,22.42
GA,Forsyth,2022,123,0.54,3.34,4.38,27,69,27,21.95
GA,Franklin,2017,6,2.0,8.45,8.52,2,1,3,33.33
GA,Franklin,2018,1,2.0,6.45,6.47,1,0,0,100.0
GA,Franklin,2019,55,1.62,3.66,3.68,11,11,33,20.0
GA,Franklin,2020,33,1.45,3.88,3.91,4,10,19,12.12
GA,Franklin,2021,33,1.61,3.82,3.88,0,15,18,0.0
GA,Franklin,2022,9,1.22,6.11,6.22,0,3,6,0.0
GA,Fulton,2016,1540,1.26,1.15,2.03,502,696,342,32.6
GA,Fulton,2017,3746,1.19,2.48,4.12,1501,1437,808,40.07
GA,Fulton,2018,3033,1.16,2.27,3.91,1087,1133,813,35.84
GA,Fulton,2019,2164,0.85,2.2,3.89,743,769,652,34.33
GA,Fulton,2020,1545,0.71,1.55,3.46,399,861,285,25.83
GA,Fulton,2021,2866,0.95,2.47,3.77,547,1240,1079,19.09
GA,Fulton,2022,1605,1.27,3.13,4.39,211,676,718,13.15
GA,Gilmer,2017,15,1.4,2.97,3.11,6,3,6,40.0
GA,Gilmer,2018,6,1.83,3.66,3.9,0,5,1,0.0
GA,Gilmer,2019,9,1.67,7.42,7.42,4,3,2,44.44
GA,Gilmer,2020,14,0.86,5.43,5.5,1,5,8,7.14
GA,Gilmer,2021,4,0.75,3.0,4.0,0,0,4,0.0
GA,Glascock,2017,2,2.0,1.42,1.42,0,1,1,0.0
GA,Glascock,2018,2,1.5,12.35,12.3,1,1,0,50.0
GA,Glascock,2019,3,1.0,6.29,6.69,2,1,0,66.67
GA,Glascock,2020,5,0.4,4.6,4.6,4,1,0,80.0
GA,Glascock,2022,3,1.67,9.33,9.67,0,1,2,0.0
GA,Glynn,2017,21,1.76,9.71,9.8,6,7,8,28.57
GA,Glynn,2018,44,1.48,5.21,5.45,20,14,10,45.45
GA,Glynn,2019,85,1.47,2.65,2.72,72,9,4,84.71
GA,Glynn,2020,19,0.79,5.63,5.84,6,7,6,31.58
GA,Glynn,2021,16,1.06,4.75,5.06,3,6,7,18.75
GA,Glynn,2022,8,1.38,7.38,7.38,1,4,3,12.5
GA,Gordon,2016,7,1.0,0.99,1.05,1,1,5,14.29
GA,Gordon,2017,35,1.34,3.32,3.63,1,14,20,2.86
GA,Gordon,2018,60,1.42,2.48,2.87,12,26,22,20.0
GA,Gordon,2019,46,1.35,2.57,2.61,31,9,6,67.39
GA,Gordon,2020,14,0.79,5.57,6.14,1,7,6,7.14
GA,Gordon,2021,26,0.5,3.5,4.27,2,6,18,7.69
GA,Gordon,2022,2,1.0,8.5,8.5,0,1,1,0.0
GA,Grady,2017,2,1.5,6.97,6.99,1,1,0,50.0
GA,Grady,2018,5,1.4,2.42,2.4,4,0,1,80.0
GA,Grady,2019,7,1.57,5.03,6.61,4,3,0,57.14
GA,Grady,2020,2,0.5,5.5,5.5,0,2,0,0.0
GA,Greene,2016,5,1.6,0.0,0.0,3,1,1,60.0
GA,Greene,2017,20,1.7,4.35,6.43,3,8,9,15.0
GA,Greene,2018,37,1.43,5.27,5.29,2,13,22,5.41
GA,Greene,2019,37,1.65,2.32,2.32,31,2,4,83.78
GA,Greene,2020,7,1.43,5.29,5.43,0,2,5,0.0
GA,Greene,2021,3,1.0,2.67,2.67,0,1,2,0.0
GA,Greene,2022,13,0.92,5.15,5.54,0,1,12,0.0
GA,Gwinnett,2016,854,1.21,1.14,1.83,188,458,208,22.01
GA,Gwinnett,2017,1929,1.16,2.17,3.5,481,1062,386,24.94
GA,Gwinnett,2018,1792,1.02,1.78,3.07,490,1070,232,27.34
GA,Gwinnett,2019,1665,0.58,1.83,3.16,652,718,295,39.16
GA,Gwinnett,2020,646,0.73,2.17,3.5,147,331,168,22.76
GA,Gwinnett,2021,1439,0.89,2.36,3.5,209,608,622,14.52
GA,Gwinnett,2022,891,1.02,2.86,4.4,196,428,267,22.0
GA,Habersham,2017,9,1.0,4.81,4.85,1,2,6,11.11
GA,Habersham,2018,10,1.5,2.63,2.66,4,2,4,40.0
GA,Habersham,2019,42,1.26,3.7,3.78,18,16,8,42.86
GA,Habersham,2020,11,0.55,3.0,3.18,1,1,9,9.09
GA,Habersham,2021,4,1.75,5.0,5.0,0,2,2,0.0
GA,Habersham,2022,1,0.0,2.0,2.0,0,0,1,0.0
GA,Hall,2016,46,1.61,3.78,4.09,20,19,7,43.48
GA,Hall,2017,122,1.39,4.99,5.46,41,53,28,33.61
GA,Hall,2018,154,1.13,3.78,4.4,55,62,37,35.71
GA,Hall,2019,114,0.68,3.1,3.64,38,49,27,33.33
GA,Hall,2020,50,0.78,4.44,5.26,14,29,7,28.0
GA,Hall,2021,80,0.69,3.39,4.46,14,55,11,17.5
GA,Hall,2022,52,0.94,4.23,5.04,13,21,18,25.0
GA,Hancock,2017,8,1.5,5.32,5.32,1,4,3,12.5
GA,Hancock,2018,11,1.91,8.13,8.14,0,1,10,0.0
GA,Hancock,2019,1,2.0,6.0,6.0,0,0,1,0.0
GA,Hancock,2020,3,1.67,9.0,9.0,0,1,2,0.0
GA,Hancock,2021,5,1.2,5.0,5.0,1,0,4,20.0
GA,Haralson,2016,3,2.0,0.0,0.0,1,2,0,33.33
GA,Haralson,2017,24,1.54,3.88,4.24,4,8,12,16.67
GA,Haralson,2018,15,1.47,4.96,6.39,4,7,4,26.67
GA,Haralson,2019,62,1.29,1.6,1.6,53,6,3,85.48
GA,Haralson,2020,3,0.33,11.67,11.67,1,2,0,33.33
GA,Haralson,2021,4,0.75,4.25,4.25,0,1,3,0.0
GA,Haralson,2022,6,0.83,6.17,6.33,1,2,3,16.67
GA,Harris,2016,1,1.0,0.0,0.0,0,0,1,0.0
GA,Harris,2017,11,1.27,6.63,6.8,6,2,3,54.55
GA,Harris,2018,13,1.77,5.66,5.69,2,3,8,15.38
GA,Harris,2019,41,1.46,6.47,6.49,23,8,10,56.1
GA,Harris,2020,7,1.29,4.43,4.57,0,2,5,0.0
GA,Harris,2021,4,1.0,1.5,2.0,0,0,4,0.0
GA,Harris,2022,5,0.8,7.4,7.4,0,1,4,0.0
GA,Hart,2016,2,1.5,1.09,1.1,1,0,1,50.0
GA,Hart,2017,4,1.25,2.28,2.86,0,3,1,0.0
GA,Hart,2018,2,1.5,9.33,9.33,0,2,0,0.0
GA,Hart,2019,18,1.61,3.03,3.03,1,11,6,5.56
GA,Hart,2020,3,1.67,3.67,3.67,1,2,0,33.33
GA,Hart,2021,9,1.11,3.22,3.33,0,3,6,0.0
GA,Hart,2022,4,1.0,8.75,8.75,1,1,2,25.0
GA,Heard,2016,1,2.0,0.0,0.0,1,0,0,100.0
GA,Heard,2017,3,1.67,2.87,2.86,0,2,1,0.0
GA,Heard,2018,3,1.33,9.44,9.48,0,1,2,0.0
GA,Heard,2019,10,0.7,3.51,3.62,3,2,5,30.0
GA,Heard,2020,1,1.0,6.0,6.0,0,0,1,0.0
GA,Heard,2021,2,0.5,1.0,4.0,0,0,2,0.0
GA,Henry,2016,163,1.48,1.97,2.57,23,58,82,14.11
GA,Henry,2017,413,1.39,4.13,4.97,49,129,235,11.86
GA,Henry,2018,534,1.28,3.02,4.08,54,181,299,10.11
GA,Henry,2019,385,1.33,3.5,4.48,103,100,182,26.75
GA,Henry,2020,407,1.35,3.63,5.17,68,172,167,16.71
GA,Henry,2021,987,1.61,4.66,6.14,87,262,638,8.81
GA,Henry,2022,488,1.54,4.3,5.53,33,104,351,6.76
GA,Houston,2016,19,1.79,1.98,5.36,3,4,12,15.79
GA,Houston,2017,40,1.4,2.16,2.89,15,13,12,37.5
GA,Houston,2018,46,1.33,4.99,5.27,32,7,7,69.57
GA,Houston,2019,24,1.17,5.35,5.75,14,5,5,58.33
GA,Houston,2020,14,1.21,4.27,4.84,7,6,1,50.0
GA,Houston,2021,21,1.05,4.57,5.33,10,5,6,47.62
GA,Houston,2022,6,1.0,6.67,7.17,2,4,0,33.33
GA,Irwin,2016,3,1.67,0.37,0.4,0,0,3,0.0
GA,Irwin,2017,12,1.67,4.97,5.0,0,7,5,0.0
GA,Irwin,2018,5,1.4,9.22,9.22,0,2,3,0.0
GA,Irwin,2019,8,1.12,8.5,8.5,2,2,4,25.0
GA,Irwin,2020,5,1.0,9.6,9.6,2,2,1,40.0
GA,Irwin,2021,10,0.7,5.4,5.5,2,2,6,20.0
GA,Irwin,2022,3,1.0,9.67,9.67,1,0,2,33.33
GA,Jackson,2016,11,1.55,0.34,0.43,1,6,4,9.09
GA,Jackson,2017,31,1.55,5.04,5.34,7,15,9,22.58
GA,Jackson,2018,45,1.6,3.88,4.22,11,21,13,24.44
GA,Jackson,2019,107,1.61,4.29,4.29,46,39,22,42.99
GA,Jackson,2020,42,1.43,4.07,4.24,5,24,13,11.9
GA,Jackson,2021,100,1.32,3.49,3.7,1,38,61,1.0
GA,Jackson,2022,75,1.73,5.47,5.6,1,36,38,1.33
GA,Jasper,2016,7,1.71,6.51,6.53,1,4,2,14.29
GA,Jasper,2017,10,1.8,11.74,11.76,2,7,1,20.0
GA,Jasper,2018,10,1.3,7.46,7.54,3,6,1,30.0
GA,Jasper,2019,4,1.0,6.59,6.59,2,0,2,50.0
GA,Jasper,2020,2,1.0,24.0,24.5,0,2,0,0.0
GA,Jasper,2021,1,0.0,4.0,4.0,0,0,1,0.0
GA,Jasper,2022,10,1.3,5.1,5.2,0,0,10,0.0
GA,Jeff Davis,2016,8,2.0,4.3,4.29,2,1,5,25.0
GA,Jeff Davis,2017,4,1.75,3.99,4.01,1,3,0,25.0
GA,Jeff Davis,2018,8,1.38,2.54,2.58,2,1,5,25.0
GA,Jeff Davis,2019,6,0.83,5.64,6.16,1,0,5,16.67
GA,Jeff Davis,2020,4,0.5,4.25,4.25,0,1,3,0.0
GA,Jeff Davis,2021,4,1.0,3.5,5.75,0,2,2,0.0
GA,Jeff Davis,2022,4,0.75,6.0,6.25,0,2,2,0.0
GA,Jefferson,2016,1,1.0,0.0,0.0,0,0,1,0.0
GA,Jefferson,2017,9,1.33,5.07,5.1,1,3,5,11.11
GA,Jefferson,2018,11,1.73,4.94,4.97,4,3,4,36.36
GA,Jefferson,2019,17,1.35,8.82,8.82,10,2,5,58.82
GA,Jefferson,2020,7,1.14,12.29,12.71,4,1,2,57.14
GA,Jefferson,2021,3,0.67,3.33,3.33,0,0,3,0.0
GA,Jefferson,2022,4,0.75,6.0,6.25,0,0,4,0.0
GA,Jenkins,2017,6,1.0,4.96,5.01,0,1,5,0.0
GA,Jenkins,2018,2,1.0,0.47,0.49,1,1,0,50.0
GA,Jenkins,2019,14,1.29,8.06,8.07,5,5,4,35.71
GA,Jenkins,2020,6,1.17,6.0,6.17,3,1,2,50.0
GA,Jenkins,2021,5,1.0,1.4,3.0,2,0,3,40.0
GA,Johnson,2017,1,2.0,0.0,0.0,0,1,0,0.0
GA,Johnson,2018,4,1.75,3.4,3.5,1,1,2,25.0
GA,Johnson,2019,5,0.8,6.23,6.24,0,2,3,0.0
GA,Johnson,2020,6,0.5,5.17,5.17,1,2,3,16.67
GA,Johnson,2021,1,1.0,6.0,7.0,0,0,1,0.0
GA,Johnson,2022,2,1.5,8.5,9.5,0,1,1,0.0
GA,Jones,2016,2,1.5,1.2,1.38,1,0,1,50.0
GA,Jones,2017,5,1.4,8.35,8.34,0,2,3,0.0
GA,Jones,2018,11,1.91,4.72,4.77,5,1,5,45.45
GA,Jones,2019,9,1.22,5.63,5.73,2,1,6,22.22
GA,Jones,2020,5,1.2,9.2,9.2,1,2,2,20.0
GA,Jones,2021,3,0.33,4.33,4.67,0,0,3,0.0
GA,Jones,2022,2,1.5,5.0,5.0,0,0,2,0.0
GA,Lamar,2016,1,2.0,0.0,0.0,0,1,0,0.0
GA,Lamar,2017,4,1.25,4.1,4.12,1,0,3,25.0
GA,Lamar,2018,11,1.82,3.37,3.37,1,1,9,9.09
GA,Lamar,2019,4,1.0,5.71,5.71,1,1,2,25.0
GA,Lamar,2020,7,1.0,4.14,4.29,0,5,2,0.0
GA,Lamar,2021,5,1.6,5.4,5.4,0,1,4,0.0
GA,Lanier,2017,5,2.0,8.43,8.45,0,2,3,0.0
GA,Lanier,2018,5,1.4,5.99,6.05,4,0,1,80.0
GA,Lanier,2019,2,1.5,3.99,3.98,0,2,0,0.0
GA,Lanier,2020,1,1.0,7.0,8.0,1,0,0,100.0
GA,Lanier,2021,1,1.0,1.0,1.0,0,0,1,0.0
GA,Laurens,2016,10,1.6,0.86,0.92,5,4,1,50.0
GA,Laurens,2017,26,1.62,4.5,4.71,14,7,5,53.85
GA,Laurens,2018,31,1.68,5.0,5.23,9,16,6,29.03
GA,Laurens,2019,29,1.31,5.55,5.66,12,10,7,41.38
GA,Laurens,2020,12,0.58,6.67,6.75,6,4,2,50.0
GA,Laurens,2021,5,1.2,5.8,6.0,0,2,3,0.0
GA,Laurens,2022,3,1.33,3.33,3.33,0,1,2,0.0
GA,Lee,2016,2,1.5,0.01,0.01,0,1,1,0.0
GA,Lee,2017,9,1.33,6.03,6.03,3,3,3,33.33
GA,Lee,2018,4,1.5,10.27,10.3,2,1,1,50.0
GA,Lee,2019,11,0.55,3.69,3.78,0,3,8,0.0
GA,Lee,2020,16,0.56,4.0,4.0,1,4,11,6.25
GA,Lee,2021,9,0.78,5.11,5.44,0,1,8,0.0
GA,Lee,2022,3,1.0,6.67,7.0,0,0,3,0.0
GA,Liberty,2016,8,1.25,5.0,5.16,2,5,1,25.0
GA,Liberty,2017,46,1.5,5.26,5.54,9,17,20,19.57
GA,Liberty,2018,40,1.48,4.96,5.12,10,9,21,25.0
GA,Liberty,2019,37,1.3,2.68,2.94,17,11,9,45.95
GA,Liberty,2020,16,0.94,4.44,4.62,3,4,9,18.75
GA,Liberty,2021,23,1.04,4.52,5.22,3,6,14,13.04
GA,Liberty,2022,3,1.67,8.67,9.0,0,1,2,0.0
GA,Lincoln,2017,2,1.0,1.28,1.27,0,1,1,0.0
GA,Lincoln,2018,4,2.0,4.8,5.2,1,3,0,25.0
GA,Lincoln,2019,3,0.67,3.07,3.06,2,0,1,66.67
GA,Lincoln,2020,4,1.0,6.75,6.75,1,3,0,25.0
GA,Long,2016,2,1.5,2.52,2.5,0,0,2,0.0
GA,Long,2017,13,1.54,5.26,5.28,0,2,11,0.0
GA,Long,2018,10,1.4,2.7,2.71,0,5,5,0.0
GA,Long,2019,3,1.0,7.33,7.33,0,0,3,0.0
GA,Long,2020,2,0.0,4.0,4.0,0,0,2,0.0
GA,Long,2021,4,0.75,4.25,4.25,0,0,4,0.0
GA,Long,2022,4,1.0,7.5,7.25,0,1,3,0.0
GA,Lowndes,2017,30,1.57,5.8,5.86,10,6,14,33.33
GA,Lowndes,2018,35,1.57,3.03,3.17,16,7,12,45.71
GA,Lowndes,2019,41,1.54,2.83,2.94,28,11,2,68.29
GA,Lowndes,2020,6,1.5,5.17,5.17,0,4,2,0.0
GA,Lowndes,2021,10,0.9,4.2,4.1,0,2,8,0.0
GA,Lowndes,2022,6,1.33,8.67,8.83,1,0,5,16.67
GA,Lumpkin,2016,7,1.0,0.36,0.39,0,2,5,0.0
GA,Lumpkin,2017,37,1.14,2.82,2.96,5,11,21,13.51
GA,Lumpkin,2018,55,1.22,2.35,2.76,12,18,25,21.82
GA,Lumpkin,2019,28,1.04,5.8,6.03,10,15,3,35.71
GA,Lumpkin,2020,19,0.58,4.47,4.74,0,7,12,0.0
GA,Lumpkin,2021,10,0.2,1.7,3.4,0,0,10,0.0
GA,Lumpkin,2022,6,0.33,3.67,4.0,0,1,5,0.0
GA,Macon,2016,2,1.5,1.16,1.16,0,1,1,0.0
GA,Macon,2017,7,1.43,3.73,3.72,0,5,2,0.0
GA,Macon,2018,2,2.0,9.2,9.2,0,1,1,0.0
GA,Macon,2019,6,0.5,4.83,4.83,2,4,0,33.33
GA,Macon,2020,2,0.5,3.5,3.5,1,1,0,50.0
GA,Macon,2021,1,0.0,1.0,1.0,0,1,0,0.0
GA,Macon,2022,1,0.0,4.0,4.0,0,1,0,0.0
GA,Macon-Bibb County,2018,13,1.46,3.28,3.55,6,2,5,46.15
GA,Macon-Bibb County,2019,137,1.49,3.45,3.59,76,51,10,55.47
GA,Macon-Bibb County,2020,44,1.3,2.98,3.82,11,27,6,25.0
GA,Macon-Bibb County,2021,77,1.22,2.43,2.83,5,22,50,6.49
GA,Macon-Bibb County,2022,19,1.63,4.28,4.44,0,10,9,0.0
GA,Madison,2016,5,1.6,3.07,3.1,0,3,2,0.0
GA,Madison,2017,10,1.7,6.84,6.86,4,2,4,40.0
GA,Madison,2018,4,1.75,10.68,10.66,1,2,1,25.0
GA,Madison,2019,10,1.2,8.9,8.9,3,3,4,30.0
GA,Madison,2020,3,1.33,14.67,15.0,2,1,0,66.67
GA,Madison,2021,1,0.0,2.0,2.0,0,0,1,0.0
GA,Madison,2022,2,1.5,8.0,8.0,1,1,0,50.0
GA,Marion,2016,1,1.0,7.83,8.03,0,1,0,0.0
GA,Marion,2017,1,1.0,6.03,6.22,0,0,1,0.0
GA,Marion,2019,6,0.83,5.57,5.56,4,0,2,66.67
GA,Marion,2020,2,0.0,2.5,3.0,1,0,1,50.0
GA,McDuffie,2016,1,2.0,0.0,0.0,0,0,1,0.0
GA,McDuffie,2017,15,1.73,5.93,5.92,6,2,7,40.0
GA,McDuffie,2018,12,2.0,9.9,9.92,3,2,7,25.0
GA,McDuffie,2019,27,1.37,3.61,3.59,10,7,10,37.04
GA,McDuffie,2020,8,1.75,7.0,7.0,2,3,3,25.0
GA,McDuffie,2021,5,0.6,3.4,3.6,0,1,4,0.0
GA,McDuffie,2022,5,1.4,4.0,4.0,1,3,1,20.0
GA,McIntosh,2017,9,1.67,4.74,4.75,1,2,6,11.11
GA,McIntosh,2018,4,1.5,5.17,5.15,1,1,2,25.0
GA,McIntosh,2019,30,1.17,2.13,2.67,17,7,6,56.67
GA,McIntosh,2020,7,0.57,2.29,3.43,2,2,3,28.57
GA,McIntosh,2021,5,1.0,1.6,2.6,0,2,3,0.0
GA,McIntosh,2022,7,1.71,11.29,11.29,0,3,4,0.0
GA,Mcduffie,2016,1,2.0,0.0,0.0,0,0,1,0.0
GA,Mcduffie,2017,9,1.44,4.82,4.86,1,3,5,11.11
GA,Mcduffie,2018,3,1.67,5.8,5.87,2,1,0,66.67
GA,Meriwether,2016,3,2.33,1.35,1.36,0,2,1,0.0
GA,Meriwether,2017,6,1.67,6.53,6.61,2,0,4,33.33
GA,Meriwether,2018,14,1.5,4.92,4.98,3,4,7,21.43
GA,Meriwether,2019,19,1.21,3.29,3.36,5,9,5,26.32
GA,Meriwether,2020,10,1.0,4.7,4.7,0,8,2,0.0
GA,Meriwether,2021,14,1.71,6.71,6.71,0,3,11,0.0
GA,Meriwether,2022,5,2.4,13.4,13.4,0,3,2,0.0
GA,Miller,2017,4,1.25,6.77,6.78,2,0,2,50.0
GA,Miller,2018,8,1.38,8.35,8.38,3,4,1,37.5
GA,Miller,2019,4,1.75,7.21,7.24,1,0,3,25.0
GA,Miller,2020,7,0.71,6.57,6.43,0,3,4,0.0
GA,Miller,2021,2,1.0,9.5,9.5,2,0,0,100.0
GA,Miller,2022,3,0.67,7.0,7.0,2,0,1,66.67
GA,Mitchell,2017,15,1.47,10.11,10.23,7,5,3,46.67
GA,Mitchell,2018,15,1.27,7.29,7.48,3,8,4,20.0
GA,Mitchell,2019,36,0.81,4.53,4.64,8,17,11,22.22
GA,Mitchell,2020,23,0.39,4.3,4.3,2,9,12,8.7
GA,Mitchell,2021,14,0.71,6.64,6.79,5,7,2,35.71
GA,Mitchell,2022,7,0.71,4.43,4.43,1,0,6,14.29
GA,Monroe,2016,16,1.81,0.83,0.9,3,4,9,18.75
GA,Monroe,2017,46,1.91,5.11,5.17,6,10,30,13.04
GA,Monroe,2018,47,1.51,4.94,5.19,3,10,34,6.38
GA,Monroe,2019,59,1.56,4.69,4.69,30,5,24,50.85
GA,Monroe,2020,25,1.56,7.32,7.4,4,13,8,16.0
GA,Monroe,2021,43,1.3,3.3,3.35,1,13,29,2.33
GA,Monroe,2022,27,1.52,5.44,5.48,1,6,20,3.7
GA,Montgomery,2016,3,1.67,5.09,5.07,0,1,2,0.0
GA,Montgomery,2017,2,2.0,6.46,6.48,0,1,1,0.0
GA,Montgomery,2018,1,2.0,5.3,5.32,0,0,1,0.0
GA,Montgomery,2019,5,0.6,5.2,5.2,0,1,4,0.0
GA,Montgomery,2020,2,0.5,5.5,5.5,0,0,2,0.0
GA,Montgomery,2021,1,2.0,11.0,11.0,0,1,0,0.0
GA,Morgan,2016,8,2.0,1.04,1.04,2,0,6,25.0
GA,Morgan,2017,48,1.69,6.57,6.6,6,21,21,12.5
GA,Morgan,2018,36,1.75,5.33,5.36,5,10,21,13.89
GA,Morgan,2019,62,1.47,2.41,2.41,46,9,7,74.19
GA,Morgan,2020,10,1.0,4.5,4.5,1,5,4,10.0
GA,Morgan,2021,8,1.75,6.75,6.88,2,2,4,25.0
GA,Morgan,2022,8,2.12,7.5,7.5,0,4,4,0.0
GA,Murray,2017,5,1.4,6.19,6.21,1,1,3,20.0
GA,Murray,2018,9,1.78,7.91,8.16,2,5,2,22.22
GA,Murray,2019,12,1.25,5.98,6.06,3,6,3,25.0
GA,Murray,2020,3,1.33,5.0,5.0,0,1,2,0.0
GA,Murray,2021,3,1.0,2.67,5.33,1,0,2,33.33
GA,Murray,2022,2,1.0,7.0,7.0,0,1,1,0.0
GA,Muscogee,2016,22,1.91,3.2,3.45,13,9,0,59.09
GA,Muscogee,2017,56,1.82,5.84,6.15,46,9,1,82.14
GA,Muscogee,2018,60,1.65,4.7,4.9,37,18,5,61.67
GA,Muscogee,2019,51,1.22,4.1,4.22,22,23,6,43.14
GA,Muscogee,2020,25,1.08,2.6,3.8,5,20,0,20.0
GA,Muscogee,2021,27,1.15,2.93,3.74,5,19,3,18.52
GA,Muscogee,2022,3,1.0,3.0,3.0,0,3,0,0.0
GA,Newton,2016,15,1.0,7.26,7.78,3,7,5,20.0
GA,Newton,2017,59,0.75,3.54,4.94,9,34,16,15.25
GA,Newton,2018,84,1.21,5.31,6.04,27,27,30,32.14
GA,Newton,2019,45,1.44,4.29,4.83,25,14,6,55.56
GA,Newton,2020,18,1.0,5.11,5.39,4,9,5,22.22
GA,Newton,2021,26,0.96,3.54,4.31,2,16,8,7.69
GA,Newton,2022,31,1.39,5.39,6.26,2,20,9,6.45
GA,Oconee,2016,13,1.46,1.71,1.88,4,3,6,30.77
GA,Oconee,2017,26,1.38,2.71,2.86,8,8,10,30.77
GA,Oconee,2018,21,1.24,5.09,5.19,6,4,11,28.57
GA,Oconee,2019,21,0.48,3.14,3.26,6,6,9,28.57
GA,Oconee,2020,5,0.2,2.4,2.4,1,4,0,20.0
GA,Oconee,2021,5,1.2,3.6,3.6,0,3,2,0.0
GA,Oconee,2022,6,0.83,3.83,4.0,2,4,0,33.33
GA,Oglethorpe,2017,5,1.6,6.21,6.22,2,1,2,40.0
GA,Oglethorpe,2018,5,1.8,5.53,5.52,0,0,5,0.0
GA,Oglethorpe,2019,16,0.44,5.73,5.74,3,2,11,18.75
GA,Oglethorpe,2020,1,0.0,3.0,3.0,0,0,1,0.0
GA,Oglethorpe,2021,6,0.83,5.83,5.83,0,1,5,0.0
GA,Oglethorpe,2022,9,0.22,3.44,3.67,0,0,9,0.0
GA,Paulding,2016,57,0.95,1.03,1.32,5,27,25,8.77
GA,Paulding,2017,123,1.06,2.6,3.08,16,63,44,13.01
GA,Paulding,2018,149,0.93,2.18,2.77,23,78,48,15.44
GA,Paulding,2019,84,0.61,2.97,3.57,16,47,21,19.05
GA,Paulding,2020,15,1.0,3.13,4.07,4,7,4,26.67
GA,Paulding,2021,40,0.72,3.05,3.78,7,24,9,17.5
GA,Paulding,2022,33,0.73,3.36,4.03,6,22,5,18.18
GA,Peach,2016,3,1.33,2.89,2.91,1,1,1,33.33
GA,Peach,2017,27,1.74,4.92,4.96,6,8,13,22.22
GA,Peach,2018,24,1.83,5.51,5.56,4,11,9,16.67
GA,Peach,2019,19,1.37,4.5,4.5,4,11,4,21.05
GA,Peach,2020,9,1.56,5.0,5.11,2,4,3,22.22
GA,Peach,2021,13,1.54,3.77,3.85,0,0,13,0.0
GA,Peach,2022,16,1.75,8.88,8.88,1,5,10,6.25
GA,Pickens,2016,5,1.6,4.75,4.81,2,1,2,40.0
GA,Pickens,2017,18,1.5,4.26,4.36,1,6,11,5.56
GA,Pickens,2018,8,1.62,6.25,6.38,1,3,4,12.5
GA,Pickens,2019,5,1.0,7.41,7.41,0,2,3,0.0
GA,Pickens,2020,6,0.5,3.5,3.5,0,0,6,0.0
GA,Pickens,2021,9,1.33,5.67,6.11,4,4,1,44.44
GA,Pickens,2022,3,1.0,8.67,8.67,1,1,1,33.33
GA,Pierce,2017,17,1.35,4.61,4.68,0,10,7,0.0
GA,Pierce,2018,13,1.54,2.93,3.01,3,4,6,23.08
GA,Pierce,2019,9,1.22,4.72,4.73,0,3,6,0.0
GA,Pierce,2020,5,0.8,7.6,7.6,4,1,0,80.0
GA,Pierce,2021,5,0.8,4.0,4.6,3,0,2,60.0
GA,Pierce,2022,4,0.5,4.5,4.5,0,1,3,0.0
GA,Pike,2017,6,1.5,4.59,4.81,1,3,2,16.67
GA,Pike,2018,5,1.6,1.89,1.86,1,2,2,20.0
GA,Pike,2019,3,1.0,3.15,3.49,0,1,2,0.0
GA,Pike,2020,2,2.0,9.0,9.0,0,0,2,0.0
GA,Pike,2021,1,2.0,4.0,5.0,0,1,0,0.0
GA,Pike,2022,1,1.0,6.0,6.0,0,0,1,0.0
GA,Polk,2016,2,1.0,4.06,4.18,0,0,2,0.0
GA,Polk,2017,9,1.33,2.63,2.68,2,3,4,22.22
GA,Polk,2018,5,1.8,9.25,9.27,3,2,0,60.0
GA,Polk,2019,14,0.86,5.93,6.04,4,3,7,28.57
GA,Polk,2020,9,1.22,5.78,5.89,3,2,4,33.33
GA,Polk,2021,2,0.5,4.5,4.0,0,0,2,0.0
GA,Polk,2022,3,0.33,3.33,3.33,0,1,2,0.0
GA,Pulaski,2016,1,2.0,0.0,0.0,0,1,0,0.0
GA,Pulaski,2017,5,1.6,6.47,6.49,2,0,3,40.0
GA,Pulaski,2018,7,1.57,7.51,7.54,1,3,3,14.29
GA,Pulaski,2019,3,1.0,6.67,6.67,1,2,0,33.33
GA,Pulaski,2020,6,0.83,6.67,6.5,1,4,1,16.67
GA,Pulaski,2021,3,0.67,5.0,5.0,1,0,2,33.33
GA,Putnam,2016,12,1.67,1.72,1.73,0,1,11,0.0
GA,Putnam,2017,14,1.64,3.75,3.78,2,2,10,14.29
GA,Putnam,2018,22,1.55,4.69,4.76,4,12,6,18.18
GA,Putnam,2019,9,1.56,6.77,6.77,1,2,6,11.11
GA,Putnam,2020,1,0.0,3.0,3.0,0,0,1,0.0
GA,Putnam,2021,5,1.2,4.0,4.4,0,0,5,0.0
GA,Putnam,2022,5,1.0,6.4,6.6,0,0,5,0.0
GA,Quitman,2017,8,1.5,3.85,3.84,0,3,5,0.0
GA,Quitman,2018,3,1.33,4.39,4.56,1,0,2,33.33
GA,Quitman,2019,7,0.86,6.16,6.18,0,0,7,0.0
GA,Quitman,2020,4,1.5,6.75,6.75,1,1,2,25.0
GA,Quitman,2021,1,1.0,3.0,3.0,0,0,1,0.0
GA,Rabun,2017,13,1.46,5.28,5.32,2,4,7,15.38
GA,Rabun,2018,21,1.29,3.75,4.22,4,3,14,19.05
GA,Rabun,2019,19,1.42,5.81,5.86,14,2,3,73.68
GA,Rabun,2020,11,1.09,7.73,7.73,3,5,3,27.27
GA,Rabun,2022,6,0.67,2.0,2.5,0,2,4,0.0
GA,Randolph,2016,4,1.5,0.6,0.61,0,2,2,0.0
GA,Randolph,2017,12,1.25,3.72,3.8,1,5,6,8.33
GA,Randolph,2018,4,1.75,5.95,5.95,2,1,1,50.0
GA,Randolph,2019,10,0.9,4.33,4.33,4,4,2,40.0
GA,Randolph,2020,9,1.11,6.33,6.44,7,1,1,77.78
GA,Randolph,2021,3,0.67,6.0,5.67,3,0,0,100.0
GA,Richmond,2016,20,1.25,1.25,1.56,3,14,3,15.0
GA,Richmond,2017,84,1.4,4.71,5.14,30,40,14,35.71
GA,Richmond,2018,56,1.45,4.27,4.5,31,18,7,55.36
GA,Richmond,2019,83,1.14,4.46,4.76,43,34,6,51.81
GA,Richmond,2020,38,0.82,4.71,5.11,16,15,7,42.11
GA,Richmond,2021,58,0.86,4.02,4.52,12,44,2,20.69
GA,Richmond,2022,29,0.62,3.93,4.48,7,21,1,24.14
GA,Rockdale,2016,21,0.9,2.58,2.99,7,9,5,33.33
GA,Rockdale,2017,64,0.89,3.56,4.12,26,28,10,40.62
GA,Rockdale,2018,83,1.0,3.63,4.06,26,33,24,31.33
GA,Rockdale,2019,34,0.76,5.4,5.62,16,12,6,47.06
GA,Rockdale,2020,26,0.42,2.85,3.62,5,14,7,19.23
GA,Rockdale,2021,42,0.55,2.05,2.5,4,11,27,9.52
GA,Rockdale,2022,25,0.88,3.96,4.48,1,12,12,4.0
GA,Schley,2017,2,2.0,0.0,3.65,0,2,0,0.0
GA,Schley,2018,1,2.0,11.1,11.08,0,1,0,0.0
GA,Schley,2019,5,0.8,2.2,2.2,0,1,4,0.0
GA,Schley,2020,1,1.0,5.0,5.0,0,1,0,0.0
GA,Schley,2022,2,1.5,11.5,11.5,0,1,1,0.0
GA,Screven,2017,4,1.5,7.46,7.47,2,1,1,50.0
GA,Screven,2018,15,1.8,5.09,5.11,4,6,5,26.67
GA,Screven,2019,8,1.12,6.88,6.88,4,2,2,50.0
GA,Screven,2020,9,0.78,7.11,7.22,3,2,4,33.33
GA,Screven,2021,2,1.0,3.5,3.5,1,0,1,50.0
GA,Screven,2022,5,1.0,5.6,5.6,0,0,5,0.0
GA,Seminole,2018,1,1.0,1.9,1.92,1,0,0,100.0
GA,Seminole,2019,1,2.0,11.0,11.0,1,0,0,100.0
GA,Spalding,2016,24,1.21,1.03,1.11,8,9,7,33.33
GA,Spalding,2017,59,1.1,2.3,2.44,17,24,18,28.81
GA,Spalding,2018,38,1.05,3.11,3.17,7,12,19,18.42
GA,Spalding,2019,19,0.89,5.08,5.15,5,9,5,26.32
GA,Spalding,2020,24,0.92,3.67,3.83,7,10,7,29.17
GA,Spalding,2021,21,0.95,2.76,3.0,4,7,10,19.05
GA,Spalding,2022,6,1.0,2.67,3.17,0,1,5,0.0
GA,Stephens,2017,4,1.75,1.4,1.43,1,1,2,25.0
GA,Stephens,2019,5,1.0,2.52,2.53,0,2,3,0.0
GA,Stephens,2020,2,0.5,2.5,2.5,0,0,2,0.0
GA,Stephens,2021,2,0.5,1.5,1.5,0,1,1,0.0
GA,Stephens,2022,3,0.67,2.33,2.0,0,0,3,0.0
GA,Stewart,2017,3,2.0,7.27,7.25,0,0,3,0.0
GA,Stewart,2018,7,1.71,5.59,5.58,0,4,3,0.0
GA,Stewart,2019,12,1.5,5.91,5.99,3,3,6,25.0
GA,Stewart,2020,7,2.0,10.43,10.43,2,3,2,28.57
GA,Stewart,2021,1,2.0,10.0,10.0,1,0,0,100.0
GA,Sumter,2016,2,2.0,0.0,0.0,1,0,1,50.0
GA,Sumter,2017,12,1.58,6.86,6.93,4,4,4,33.33
GA,Sumter,2018,9,1.67,3.81,3.86,4,2,3,44.44
GA,Sumter,2019,14,1.14,8.63,8.69,2,6,6,14.29
GA,Sumter,2020,13,0.85,6.62,6.54,1,5,7,7.69
GA,Sumter,2021,6,0.83,6.17,6.5,0,1,5,0.0
GA,Sumter,2022,4,1.0,6.25,6.25,0,2,2,0.0
GA,Talbot,2016,7,1.86,0.96,0.96,2,3,2,28.57
GA,Talbot,2017,3,1.0,8.26,8.31,0,0,3,0.0
GA,Talbot,2018,4,1.5,7.07,7.13,1,2,1,25.0
GA,Talbot,2019,7,1.29,7.97,7.97,3,1,3,42.86
GA,Talbot,2020,6,1.0,5.5,6.0,2,0,4,33.33
GA,Talbot,2021,3,1.33,4.67,5.0,0,0,3,0.0
GA,Talbot,2022,2,1.0,4.0,4.5,0,0,2,0.0
GA,Taliaferro,2017,3,1.67,7.12,7.15,0,2,1,0.0
GA,Taliaferro,2018,7,1.29,1.68,2.63,4,1,2,57.14
GA,Taliaferro,2019,14,1.36,2.67,2.68,13,1,0,92.86
GA,Taliaferro,2020,4,1.25,4.25,4.25,0,1,3,0.0
GA,Taliaferro,2021,3,1.0,2.33,2.67,0,2,1,0.0
GA,Taliaferro,2022,1,0.0,4.0,4.0,0,0,1,0.0
GA,Tattnall,2016,2,1.0,0.0,0.0,0,1,1,0.0
GA,Tattnall,2017,3,2.0,6.12,6.15,1,1,1,33.33
GA,Tattnall,2018,14,1.36,3.14,3.17,1,4,9,7.14
GA,Tattnall,2019,10,1.0,5.88,6.0,1,3,6,10.0
GA,Tattnall,2020,2,1.0,17.0,17.5,1,0,1,50.0
GA,Tattnall,2021,4,0.75,5.5,5.5,0,0,4,0.0
GA,Taylor,2016,3,2.0,0.0,0.0,0,0,3,0.0
GA,Taylor,2017,8,1.75,8.25,8.26,3,1,4,37.5
GA,Taylor,2018,5,1.8,5.19,5.18,2,2,1,40.0
GA,Taylor,2019,19,1.05,4.19,4.19,2,4,13,10.53
GA,Taylor,2020,22,1.23,5.59,5.55,12,4,6,54.55
GA,Taylor,2021,3,1.33,5.33,5.33,0,2,1,0.0
GA,Taylor,2022,1,1.0,7.0,8.0,0,1,0,0.0
GA,Telfair,2016,2,1.5,0.0,0.0,1,0,1,50.0
GA,Telfair,2017,6,1.67,6.6,6.6,0,2,4,0.0
GA,Telfair,2018,10,1.4,4.03,4.06,3,2,5,30.0
GA,Telfair,2019,10,1.0,5.78,5.78,2,3,5,20.0
GA,Telfair,2020,7,1.14,9.43,9.43,3,2,2,42.86
GA,Telfair,2021,4,1.0,5.75,5.75,0,2,2,0.0
GA,Telfair,2022,7,0.57,6.86,7.14,0,2,5,0.0
GA,Terrell,2016,6,1.67,0.0,0.0,1,2,3,16.67
GA,Terrell,2017,9,1.33,5.18,5.21,0,6,3,0.0
GA,Terrell,2018,2,2.0,9.09,9.09,0,2,0,0.0
GA,Terrell,2019,9,1.33,7.47,7.59,4,1,4,44.44
GA,Terrell,2020,9,1.0,4.67,4.67,4,2,3,44.44
GA,Terrell,2021,4,1.5,6.0,7.5,0,2,2,0.0
GA,Terrell,2022,1,1.0,3.0,3.0,0,0,1,0.0
GA,Thomas,2017,11,1.55,6.2,6.38,6,4,1,54.55
GA,Thomas,2018,23,1.52,5.11,5.2,7,8,8,30.43
GA,Thomas,2019,19,1.47,4.2,4.28,6,9,4,31.58
GA,Thomas,2020,2,1.5,6.5,6.5,2,0,0,100.0
GA,Thomas,2021,2,0.5,4.0,4.5,0,2,0,0.0
GA,Tift,2016,7,1.57,0.11,0.11,0,3,4,0.0
GA,Tift,2017,22,1.55,4.7,4.77,4,11,7,18.18
GA,Tift,2018,9,1.67,4.8,4.92,1,5,3,11.11
GA,Tift,2019,32,1.56,3.06,3.07,24,4,4,75.0
GA,Tift,2020,10,1.2,5.8,5.8,2,4,4,20.0
GA,Tift,2021,4,1.25,3.0,3.0,0,1,3,0.0
GA,Tift,2022,7,1.14,4.29,4.29,0,3,4,0.0
GA,Toombs,2017,12,1.75,5.62,5.71,2,5,5,16.67
GA,Toombs,2018,2,0.5,5.35,5.37,0,1,1,0.0
GA,Toombs,2019,8,1.0,8.88,9.0,6,0,2,75.0
GA,Toombs,2022,1,1.0,12.0,12.0,0,1,0,0.0
GA,Towns,2018,1,2.0,0.0,0.02,1,0,0,100.0
GA,Towns,2019,1,2.0,7.0,7.0,0,1,0,0.0
GA,Towns,2020,2,0.5,2.5,2.5,1,0,1,50.0
GA,Towns,2021,1,1.0,5.0,5.0,0,0,1,0.0
GA,Towns,2022,4,1.0,5.75,6.0,0,2,2,0.0
GA,Treutlen,2016,4,1.5,3.2,3.31,0,1,3,0.0
GA,Treutlen,2017,9,2.0,6.62,6.7,1,5,3,11.11
GA,Treutlen,2018,10,2.1,8.58,8.59,1,6,3,10.0
GA,Treutlen,2019,8,1.5,3.44,3.44,6,1,1,75.0
GA,Treutlen,2020,1,1.0,4.0,5.0,0,1,0,0.0
GA,Treutlen,2021,6,1.67,4.83,4.83,0,1,5,0.0
GA,Treutlen,2022,4,1.5,16.0,16.0,1,1,2,25.0
GA,Troup,2016,14,1.5,1.96,2.08,3,5,6,21.43
GA,Troup,2017,43,1.63,4.4,4.71,16,14,13,37.21
GA,Troup,2018,55,1.64,5.09,5.36,16,20,19,29.09
GA,Troup,2019,136,1.64,2.83,2.89,98,16,22,72.06
GA,Troup,2020,23,1.04,4.22,4.26,3,10,10,13.04
GA,Troup,2021,34,1.59,5.79,6.0,4,11,19,11.76
GA,Troup,2022,35,1.97,7.97,7.97,5,14,16,14.29
GA,Turner,2016,5,1.4,2.17,2.17,0,1,4,0.0
GA,Turner,2017,1,1.0,1.07,1.03,1,0,0,100.0
GA,Turner,2018,4,1.75,6.17,6.14,0,2,2,0.0
GA,Turner,2019,9,1.33,3.57,3.57,3,2,4,33.33
GA,Turner,2020,6,1.0,7.67,7.83,1,2,3,16.67
GA,Turner,2021,10,1.2,5.2,5.2,2,2,6,20.0
GA,Turner,2022,5,1.4,5.2,5.2,1,0,4,20.0
GA,Twiggs,2017,6,1.67,4.14,4.14,0,1,5,0.0
GA,Twiggs,2018,13,1.92,3.32,4.18,0,5,8,0.0
GA,Twiggs,2019,11,1.82,7.57,7.66,4,4,3,36.36
GA,Twiggs,2020,3,2.0,8.0,8.0,3,0,0,100.0
GA,Twiggs,2021,4,0.75,5.75,6.25,0,3,1,0.0
GA,Twiggs,2022,2,1.5,8.0,8.5,0,1,1,0.0
GA,Union,2017,7,1.86,3.34,3.43,4,0,3,57.14
GA,Union,2018,14,1.64,5.69,5.69,8,4,2,57.14
GA,Union,2019,20,1.8,9.05,9.12,3,10,7,15.0
GA,Union,2020,9,1.11,4.11,4.44,2,4,3,22.22
GA,Union,2021,9,1.89,3.56,5.0,2,7,0,22.22
GA,Union,2022,2,1.5,2.5,3.5,0,1,1,0.0
GA,Upson,2016,1,2.0,26.08,26.02,1,0,0,100.0
GA,Upson,2017,7,1.86,5.73,5.74,4,1,2,57.14
GA,Upson,2018,4,1.5,2.47,2.47,1,1,2,25.0
GA,Upson,2019,8,1.38,5.79,5.81,2,4,2,25.0
GA,Upson,2020,8,1.75,9.75,9.75,2,3,3,25.0
GA,Upson,2021,13,0.46,3.23,3.69,0,1,12,0.0
GA,Upson,2022,9,0.67,3.89,4.22,0,1,8,0.0
GA,Walker,2017,14,1.57,5.11,5.33,10,1,3,71.43
GA,Walker,2018,9,1.78,5.36,5.4,4,2,3,44.44
GA,Walker,2019,22,0.5,5.43,5.56,10,9,3,45.45
GA,Walker,2020,12,0.5,7.17,7.58,5,7,0,41.67
GA,Walker,2021,12,0.58,6.17,6.5,5,6,1,41.67
GA,Walker,2022,8,0.62,6.12,6.5,3,4,1,37.5
GA,Walton,2016,39,1.15,1.51,1.74,5,22,12,12.82
GA,Walton,2017,79,0.81,1.56,2.13,5,29,45,6.33
GA,Walton,2018,111,0.95,2.0,2.49,13,37,61,11.71
GA,Walton,2019,55,0.29,2.32,2.69,5,21,29,9.09
GA,Walton,2020,39,0.33,3.03,3.67,3,24,12,7.69
GA,Walton,2021,61,0.16,2.07,2.75,4,27,30,6.56
GA,Walton,2022,23,0.35,2.35,3.04,2,8,13,8.7
GA,Ware,2017,14,1.57,5.21,5.29,5,4,5,35.71
GA,Ware,2018,30,1.6,3.75,3.8,8,12,10,26.67
GA,Ware,2019,31,1.55,6.1,6.11,7,11,13,22.58
GA,Ware,2020,7,1.14,5.86,5.86,2,3,2,28.57
GA,Ware,2021,1,1.0,2.0,2.0,0,1,0,0.0
GA,Ware,2022,2,1.5,6.0,6.0,0,0,2,0.0
GA,Warren,2017,7,1.71,6.21,6.26,5,1,1,71.43
GA,Warren,2018,7,1.29,4.08,4.07,1,2,4,14.29
GA,Warren,2019,24,1.46,4.52,4.51,10,4,10,41.67
GA,Warren,2020,5,0.8,4.2,4.2,1,2,2,20.0
GA,Warren,2021,4,1.0,2.75,2.75,1,1,2,25.0
GA,Warren,2022,1,1.0,4.0,5.0,0,1,0,0.0
GA,Washington,2016,1,1.0,7.75,7.75,0,0,1,0.0
GA,Washington,2017,3,1.33,7.51,7.5,1,1,1,33.33
GA,Washington,2018,11,1.0,5.3,5.4,2,3,6,18.18
GA,Washington,2019,17,0.82,4.52,4.58,1,7,9,5.88
GA,Washington,2020,9,0.78,3.44,3.56,0,2,7,0.0
GA,Washington,2021,5,1.0,4.2,5.2,1,1,3,20.0
GA,Washington,2022,1,0.0,3.0,3.0,0,0,1,0.0
GA,Wayne,2016,3,1.67,0.0,0.0,3,0,0,100.0
GA,Wayne,2017,19,1.58,5.08,5.19,6,9,4,31.58
GA,Wayne,2018,13,1.38,5.05,5.12,2,3,8,15.38
GA,Wayne,2019,10,1.2,4.43,4.54,2,4,4,20.0
GA,Wayne,2020,7,0.71,5.86,5.71,3,1,3,42.86
GA,Wayne,2021,2,0.0,2.5,3.0,0,2,0,0.0
GA,Wayne,2022,3,0.33,3.67,3.67,0,0,3,0.0
GA,Webster,2016,2,2.0,2.92,2.92,0,0,2,0.0
GA,Webster,2017,6,1.67,5.85,5.88,0,3,3,0.0
GA,Webster,2018,4,1.75,12.78,12.78,0,3,1,0.0
GA,Webster,2019,3,1.0,5.94,5.94,2,0,1,66.67
GA,Webster,2020,3,1.0,7.0,6.67,1,1,1,33.33
GA,Webster,2021,4,0.5,4.5,4.25,2,1,1,50.0
GA,Webster,2022,1,0.0,4.0,4.0,0,0,1,0.0
GA,Wheeler,2016,1,2.0,0.0,0.0,0,0,1,0.0
GA,Wheeler,2017,1,2.0,0.0,0.0,0,1,0,0.0
GA,Wheeler,2018,2,2.0,20.78,20.78,1,1,0,50.0
GA,Wheeler,2019,5,0.8,5.6,5.6,0,3,2,0.0
GA,Wheeler,2020,2,1.0,6.5,7.0,1,1,0,50.0
GA,Wheeler,2021,3,0.67,4.33,4.33,1,0,2,33.33
GA,Wheeler,2022,1,0.0,1.0,1.0,0,0,1,0.0
GA,White,2017,9,1.11,4.32,5.64,3,2,4,33.33
GA,White,2018,12,1.42,7.03,9.14,6,5,1,50.0
GA,White,2019,12,1.17,5.49,5.99,1,2,9,8.33
GA,White,2020,13,0.85,5.38,5.77,0,7,6,0.0
GA,White,2021,2,0.5,4.0,4.0,2,0,0,100.0
GA,White,2022,4,1.25,7.25,9.5,2,0,2,50.0
GA,Whitfield,2017,57,1.3,2.46,2.77,14,15,28,24.56
GA,Whitfield,2018,85,1.4,3.44,3.86,34,29,22,40.0
GA,Whitfield,2019,46,1.2,3.18,3.37,19,19,8,41.3
GA,Whitfield,2020,5,1.0,2.6,2.6,1,1,3,20.0
GA,Whitfield,2021,9,1.67,4.0,4.0,0,4,5,0.0
GA,Whitfield,2022,7,1.57,7.0,7.0,1,3,3,14.29
GA,Wilcox,2016,3,1.67,0.0,0.0,0,0,3,0.0
GA,Wilcox,2017,5,1.4,7.49,7.51,1,2,2,20.0
GA,Wilcox,2018,7,1.14,3.09,4.07,2,2,3,28.57
GA,Wilcox,2019,19,0.47,4.6,4.66,2,5,12,10.53
GA,Wilcox,2020,11,0.64,6.73,6.82,4,3,4,36.36
GA,Wilcox,2021,3,0.67,5.33,5.67,0,0,3,0.0
GA,Wilcox,2022,1,1.0,8.0,8.0,0,0,1,0.0
GA,Wilkes,2016,1,1.0,0.0,0.0,0,1,0,0.0
GA,Wilkes,2017,8,1.62,6.63,6.66,2,4,2,25.0
GA,Wilkes,2018,10,2.0,7.05,7.06,5,1,4,50.0
GA,Wilkes,2019,6,1.67,12.24,12.24,1,2,3,16.67
GA,Wilkes,2020,2,0.5,4.5,4.5,0,0,2,0.0
GA,Wilkes,2021,1,1.0,5.0,6.0,0,0,1,0.0
GA,Wilkinson,2016,3,2.0,2.46,2.49,0,1,2,0.0
GA,Wilkinson,2017,8,1.5,4.66,4.7,0,4,4,0.0
GA,Wilkinson,2018,8,1.75,3.38,3.4,3,3,2,37.5
GA,Wilkinson,2019,11,1.0,6.63,6.62,1,3,7,9.09
GA,Wilkinson,2020,5,1.2,9.8,9.8,2,2,1,40.0
GA,Wilkinson,2021,5,0.4,4.4,4.4,2,1,2,40.0
GA,Wilkinson,2022,2,1.0,8.5,9.0,1,0,1,50.0
GA,Worth,2016,5,1.4,0.0,0.0,0,1,4,0.0
GA,Worth,2017,7,1.43,3.97,3.98,0,3,4,0.0
GA,Worth,2018,6,1.17,5.79,5.83,4,1,1,66.67
GA,Worth,2019,20,1.4,6.06,6.06,7,5,8,35.0
GA,Worth,2020,6,1.17,7.5,7.5,0,0,6,0.0
GA,Worth,2021,3,1.0,5.67,6.0,1,0,2,33.33
GA,Worth,2022,4,1.0,8.0,8.25,0,2,2,0.0
IA,Adair,2016,1,2.0,2.05,2.05,0,0,1,0.0
IA,Adair,2017,4,1.25,3.27,3.33,0,1,3,0.0
IA,Adair,2018,9,1.56,3.16,3.17,0,2,7,0.0
IA,Adair,2019,33,1.64,3.73,3.77,8,8,17,24.24
IA,Adair,2020,8,0.12,3.12,3.25,0,0,8,0.0
IA,Adair,2021,6,0.33,3.83,4.0,0,1,5,0.0
IA,Adair,2022,13,1.23,5.0,5.08,0,4,9,0.0
IA,Adams,2017,4,1.5,0.91,0.93,0,2,2,0.0
IA,Adams,2018,4,1.75,2.35,2.35,0,0,4,0.0
IA,Adams,2019,6,1.0,3.33,3.17,0,3,3,0.0
IA,Adams,2020,6,0.83,4.0,4.0,0,2,4,0.0
IA,Adams,2021,1,1.0,17.0,17.0,0,1,0,0.0
IA,Allamakee,2017,1,1.0,0.95,1.05,1,0,0,100.0
IA,Allamakee,2018,7,1.43,7.67,7.99,2,0,5,28.57
IA,Allamakee,2019,17,1.0,3.82,3.92,6,2,9,35.29
IA,Allamakee,2020,5,0.8,5.8,5.8,2,1,2,40.0
IA,Allamakee,2021,10,0.7,5.0,5.4,5,0,5,50.0
IA,Allamakee,2022,9,0.67,4.22,4.44,0,0,9,0.0
IA,Appanoose,2016,4,1.75,1.01,1.0,2,1,1,50.0
IA,Appanoose,2017,2,1.0,5.12,5.18,0,0,2,0.0
IA,Appanoose,2018,3,1.67,5.73,5.79,0,0,3,0.0
IA,Appanoose,2019,6,0.5,4.17,4.33,0,3,3,0.0
IA,Appanoose,2020,6,0.67,4.83,5.0,1,3,2,16.67
IA,Appanoose,2021,4,0.25,3.75,4.0,0,1,3,0.0
IA,Appanoose,2022,3,0.67,5.0,5.33,0,0,3,0.0
IA,Audubon,2016,8,1.25,1.51,1.79,1,0,7,12.5
IA,Audubon,2017,8,1.25,2.84,2.86,1,0,7,12.5
IA,Audubon,2018,2,1.0,3.56,3.52,0,0,2,0.0
IA,Audubon,2019,6,1.5,5.85,5.92,0,1,5,0.0
IA,Audubon,2020,12,1.5,6.25,6.33,0,4,8,0.0
IA,Audubon,2021,2,1.5,5.5,6.0,0,2,0,0.0
IA,Audubon,2022,1,0.0,4.0,4.0,0,0,1,0.0
IA,Benton,2016,4,2.0,0.0,0.0,2,1,1,50.0
IA,Benton,2017,5,1.4,5.02,5.13,1,1,3,20.0
IA,Benton,2018,16,1.5,4.42,4.42,2,6,8,12.5
IA,Benton,2019,8,1.5,5.77,5.79,0,2,6,0.0
IA,Benton,2020,20,1.05,4.4,4.4,1,3,16,5.0
IA,Benton,2021,4,0.75,3.25,3.5,1,0,3,25.0
IA,Benton,2022,14,0.79,2.79,3.0,1,0,13,7.14
IA,Black Hawk,2016,12,1.83,4.04,4.05,4,3,5,33.33
IA,Black Hawk,2017,54,1.69,5.08,5.12,20,15,19,37.04
IA,Black Hawk,2018,75,1.67,5.05,5.14,27,21,27,36.0
IA,Black Hawk,2019,78,1.17,3.8,3.87,27,21,30,34.62
IA,Black Hawk,2020,20,0.85,4.2,4.45,1,7,12,5.0
IA,Black Hawk,2021,18,0.94,3.56,4.0,2,7,9,11.11
IA,Black Hawk,2022,2,0.5,3.5,4.0,0,0,2,0.0
IA,Boone,2016,1,1.0,0.93,0.95,0,0,1,0.0
IA,Boone,2017,13,1.77,6.84,6.84,2,4,7,15.38
IA,Boone,2018,13,1.38,6.81,6.87,4,6,3,30.77
IA,Boone,2019,7,1.14,4.35,4.36,0,1,6,0.0
IA,Boone,2020,5,1.0,4.4,4.2,0,0,5,0.0
IA,Boone,2021,4,0.5,4.5,4.75,0,1,3,0.0
IA,Boone,2022,3,1.0,2.33,2.33,0,0,3,0.0
IA,Bremer,2016,3,1.0,3.44,3.46,0,0,3,0.0
IA,Bremer,2017,17,1.29,6.05,6.06,4,7,6,23.53
IA,Bremer,2018,13,1.46,4.78,4.84,1,3,9,7.69
IA,Bremer,2019,20,1.35,4.16,4.16,4,2,14,20.0
IA,Bremer,2020,15,0.93,3.87,3.8,0,3,12,0.0
IA,Bremer,2021,7,0.86,3.29,3.57,0,0,7,0.0
IA,Bremer,2022,1,1.0,1.0,1.0,0,0,1,0.0
IA,Buchanan,2017,12,1.67,7.48,7.49,4,3,5,33.33
IA,Buchanan,2018,18,1.22,5.05,5.06,4,2,12,22.22
IA,Buchanan,2019,24,1.04,2.76,2.8,2,2,20,8.33
IA,Buchanan,2020,22,0.64,3.36,3.5,0,9,13,0.0
IA,Buchanan,2021,6,1.0,5.67,5.67,1,2,3,16.67
IA,Buchanan,2022,6,1.0,4.0,4.5,0,1,5,0.0
IA,Buena Vista,2016,7,1.14,5.34,5.34,1,2,4,14.29
IA,Buena Vista,2017,20,1.2,4.09,4.13,2,5,13,10.0
IA,Buena Vista,2018,21,1.57,5.75,5.8,4,4,13,19.05
IA,Buena Vista,2019,11,1.27,4.95,4.96,1,1,9,9.09
IA,Buena Vista,2020,6,1.17,7.17,7.17,2,2,2,33.33
IA,Buena Vista,2021,3,1.33,7.0,7.0,1,0,2,33.33
IA,Buena Vista,2022,3,0.67,3.0,3.0,1,0,2,33.33
IA,Butler,2016,1,2.0,0.0,0.0,1,0,0,100.0
IA,Butler,2017,3,1.0,2.73,2.75,0,1,2,0.0
IA,Butler,2018,1,1.0,8.62,8.78,0,1,0,0.0
IA,Butler,2019,8,0.62,4.23,4.36,0,4,4,0.0
IA,Butler,2020,6,0.33,3.33,3.17,0,2,4,0.0
IA,Butler,2021,3,0.67,6.33,6.33,0,1,2,0.0
IA,Butler,2022,1,0.0,4.0,5.0,0,0,1,0.0
IA,Calhoun,2016,5,1.6,2.52,2.52,0,1,4,0.0
IA,Calhoun,2017,13,1.46,4.32,4.36,0,4,9,0.0
IA,Calhoun,2018,11,1.64,6.95,6.98,1,1,9,9.09
IA,Calhoun,2019,11,1.18,7.18,7.18,1,1,9,9.09
IA,Calhoun,2020,11,0.73,3.09,3.27,1,0,10,9.09
IA,Calhoun,2022,3,1.33,6.33,6.67,0,1,2,0.0
IA,Carroll,2016,10,1.3,0.98,0.99,1,1,8,10.0
IA,Carroll,2017,17,1.24,2.42,2.45,3,0,14,17.65
IA,Carroll,2018,13,1.38,4.29,4.34,1,8,4,7.69
IA,Carroll,2019,12,0.92,4.54,4.83,0,5,7,0.0
IA,Carroll,2020,10,0.7,3.0,3.0,0,2,8,0.0
IA,Carroll,2021,9,1.22,3.78,4.0,0,0,9,0.0
IA,Carroll,2022,4,1.0,5.75,5.75,0,3,1,0.0
IA,Cass,2016,7,2.0,11.35,11.37,1,0,6,14.29
IA,Cass,2017,17,1.53,2.6,2.61,2,2,13,11.76
IA,Cass,2018,12,1.67,3.07,3.1,1,4,7,8.33
IA,Cass,2019,39,1.46,3.81,3.84,11,7,21,28.21
IA,Cass,2020,28,0.82,4.11,4.21,3,5,20,10.71
IA,Cass,2021,18,1.11,5.22,5.22,2,2,14,11.11
IA,Cass,2022,13,0.92,2.62,2.77,0,1,12,0.0
IA,Cedar,2017,6,1.83,11.43,11.43,1,1,4,16.67
IA,Cedar,2018,25,1.76,6.28,6.28,0,6,19,0.0
IA,Cedar,2019,31,1.39,3.64,3.68,3,11,17,9.68
IA,Cedar,2020,22,0.95,4.05,4.14,1,4,17,4.55
IA,Cedar,2021,18,0.78,2.39,2.94,0,4,14,0.0
IA,Cedar,2022,8,1.38,6.0,6.12,0,1,7,0.0
IA,Cerro Gordo,2016,5,1.4,3.31,3.32,0,0,5,0.0
IA,Cerro Gordo,2017,20,1.8,4.03,4.12,1,3,16,5.0
IA,Cerro Gordo,2018,50,1.68,5.15,5.18,5,11,34,10.0
IA,Cerro Gordo,2019,69,1.64,3.75,3.77,13,9,47,18.84
IA,Cerro Gordo,2020,31,1.23,3.39,3.45,0,3,28,0.0
IA,Cerro Gordo,2021,8,1.12,3.0,3.12,0,1,7,0.0
IA,Cerro Gordo,2022,5,1.4,3.6,3.6,0,0,5,0.0
IA,Cherokee,2016,2,1.0,2.61,2.66,0,1,1,0.0
IA,Cherokee,2017,2,1.5,4.13,4.18,0,0,2,0.0
IA,Cherokee,2018,11,1.36,7.81,7.85,2,3,6,18.18
IA,Cherokee,2019,6,0.83,6.83,7.0,1,1,4,16.67
IA,Cherokee,2020,8,0.25,3.25,3.38,1,0,7,12.5
IA,Cherokee,2021,3,1.0,6.33,6.33,0,1,2,0.0
IA,Chickasaw,2016,2,2.0,2.82,2.79,1,0,1,50.0
IA,Chickasaw,2017,12,1.75,5.38,5.42,0,4,8,0.0
IA,Chickasaw,2018,12,1.58,5.3,5.33,0,3,9,0.0
IA,Chickasaw,2019,22,1.45,5.54,5.69,3,2,17,13.64
IA,Chickasaw,2020,15,1.13,4.13,4.13,2,3,10,13.33
IA,Chickasaw,2021,8,1.5,3.62,4.38,1,0,7,12.5
IA,Chickasaw,2022,2,1.0,1.0,1.0,0,0,2,0.0
IA,Clarke,2016,2,2.0,4.03,4.01,0,0,2,0.0
IA,Clarke,2017,7,1.29,3.03,3.08,2,2,3,28.57
IA,Clarke,2018,14,1.79,2.28,2.28,5,3,6,35.71
IA,Clarke,2019,42,1.67,2.1,2.08,7,5,30,16.67
IA,Clarke,2020,10,1.4,5.1,5.2,1,1,8,10.0
IA,Clarke,2021,7,0.86,2.57,2.86,0,0,7,0.0
IA,Clarke,2022,13,0.92,3.08,3.08,0,1,12,0.0
IA,Clay,2016,5,1.4,1.73,1.76,1,1,3,20.0
IA,Clay,2017,21,1.38,4.07,4.11,7,5,9,33.33
IA,Clay,2018,19,1.63,5.41,5.41,4,3,12,21.05
IA,Clay,2019,4,1.75,5.59,5.67,0,0,4,0.0
IA,Clay,2020,5,1.2,2.6,2.6,0,2,3,0.0
IA,Clay,2022,2,1.0,3.0,3.0,0,0,2,0.0
IA,Clayton,2017,1,2.0,28.78,28.78,0,1,0,0.0
IA,Clayton,2018,13,1.62,9.25,9.27,1,7,5,7.69
IA,Clayton,2019,8,0.88,4.45,4.51,2,0,6,25.0
IA,Clayton,2020,10,0.9,3.4,3.5,0,2,8,0.0
IA,Clayton,2021,6,1.0,5.0,5.0,1,0,5,16.67
IA,Clayton,2022,2,1.5,5.0,5.0,0,0,2,0.0
IA,Clinton,2016,5,1.8,3.49,3.55,1,2,2,20.0
IA,Clinton,2017,21,1.57,4.27,4.3,3,8,10,14.29
IA,Clinton,2018,32,1.5,4.29,4.32,7,6,19,21.88
IA,Clinton,2019,18,1.11,3.86,3.82,1,3,14,5.56
IA,Clinton,2020,19,0.95,3.84,4.58,0,9,10,0.0
IA,Clinton,2021,8,1.5,3.62,3.88,0,1,7,0.0
IA,Clinton,2022,4,1.25,4.0,4.25,0,0,4,0.0
IA,Crawford,2016,4,1.75,1.62,1.64,0,2,2,0.0
IA,Crawford,2017,9,1.56,4.02,4.04,0,1,8,0.0
IA,Crawford,2018,21,1.38,5.06,5.07,0,8,13,0.0
IA,Crawford,2019,17,1.0,4.92,5.01,1,3,13,5.88
IA,Crawford,2020,30,1.1,5.43,5.47,1,1,28,3.33
IA,Crawford,2021,5,1.4,4.2,4.2,0,1,4,0.0
IA,Crawford,2022,1,1.0,2.0,2.0,0,0,1,0.0
IA,Dallas,2016,10,1.5,3.62,3.69,3,6,1,30.0
IA,Dallas,2017,18,1.67,3.64,3.78,3,8,7,16.67
IA,Dallas,2018,28,1.61,5.31,5.41,11,8,9,39.29
IA,Dallas,2019,68,0.96,3.57,3.62,23,16,29,33.82
IA,Dallas,2020,30,0.7,4.23,4.3,6,3,21,20.0
IA,Dallas,2021,17,0.76,3.59,4.0,5,4,8,29.41
IA,Dallas,2022,30,0.87,4.97,5.1,1,2,27,3.33
IA,Davis,2017,20,1.5,4.77,4.78,4,6,10,20.0
IA,Davis,2018,2,2.0,12.5,12.63,0,2,0,0.0
IA,Davis,2019,6,0.83,5.9,5.89,2,1,3,33.33
IA,Davis,2020,8,1.12,4.0,4.0,0,1,7,0.0
IA,Davis,2021,1,1.0,7.0,7.0,0,0,1,0.0
IA,Davis,2022,4,0.75,2.25,2.5,0,0,4,0.0
IA,Decatur,2016,3,1.67,0.0,0.0,1,0,2,33.33
IA,Decatur,2017,4,1.5,1.89,1.89,2,0,2,50.0
IA,Decatur,2018,4,1.75,4.2,4.2,2,1,1,50.0
IA,Decatur,2019,74,1.39,2.15,2.16,21,9,44,28.38
IA,Decatur,2020,22,1.27,4.14,4.23,0,2,20,0.0
IA,Decatur,2021,3,0.67,4.67,5.0,0,3,0,0.0
IA,Decatur,2022,10,0.9,4.7,4.8,1,2,7,10.0
IA,Delaware,2016,2,1.5,5.65,5.66,0,1,1,0.0
IA,Delaware,2017,5,1.4,1.69,1.68,1,1,3,20.0
IA,Delaware,2018,4,1.75,10.5,10.49,1,1,2,25.0
IA,Delaware,2019,12,1.0,4.34,4.59,2,3,7,16.67
IA,Delaware,2020,10,0.9,5.1,5.1,1,2,7,10.0
IA,Delaware,2021,9,0.78,3.11,3.44,0,3,6,0.0
IA,Delaware,2022,2,1.0,4.0,4.0,0,0,2,0.0
IA,Des Moines,2017,3,2.0,10.34,10.56,1,2,0,33.33
IA,Des Moines,2018,8,1.38,4.64,4.82,0,3,5,0.0
IA,Des Moines,2019,14,0.93,3.83,3.96,0,8,6,0.0
IA,Des Moines,2020,18,0.94,4.72,4.72,1,11,6,5.56
IA,Des Moines,2021,1,1.0,4.0,5.0,0,0,1,0.0
IA,Des Moines,2022,5,1.2,4.8,5.0,0,0,5,0.0
IA,Dickinson,2017,1,1.0,0.35,0.38,0,0,1,0.0
IA,Dickinson,2018,9,1.78,4.86,5.04,3,3,3,33.33
IA,Dickinson,2019,3,1.67,5.39,5.74,0,2,1,0.0
IA,Dickinson,2020,8,1.0,5.62,6.12,0,4,4,0.0
IA,Dickinson,2021,5,1.8,4.8,5.4,0,4,1,0.0
IA,Dickinson,2022,6,1.67,5.0,5.5,0,5,1,0.0
IA,Dubuque,2016,2,1.5,2.79,2.9,2,0,0,100.0
IA,Dubuque,2017,15,1.47,4.43,5.44,2,11,2,13.33
IA,Dubuque,2018,35,1.51,3.54,4.09,9,15,11,25.71
IA,Dubuque,2019,34,1.35,4.08,4.42,8,14,12,23.53
IA,Dubuque,2020,41,1.1,4.37,4.46,12,15,14,29.27
IA,Dubuque,2021,20,1.3,3.45,4.1,2,8,10,10.0
IA,Dubuque,2022,10,1.3,3.6,3.8,2,0,8,20.0
IA,Emmet,2018,5,0.8,4.28,4.31,1,1,3,20.0
IA,Emmet,2019,2,0.5,5.0,5.0,0,1,1,0.0
IA,Emmet,2020,2,0.0,1.5,2.0,0,0,2,0.0
IA,Fayette,2016,3,1.67,1.5,1.52,1,0,2,33.33
IA,Fayette,2017,13,1.62,6.09,6.11,0,8,5,0.0
IA,Fayette,2018,6,1.5,3.75,3.74,1,0,5,16.67
IA,Fayette,2019,13,1.0,4.42,4.58,0,2,11,0.0
IA,Fayette,2020,14,0.79,4.43,4.64,1,2,11,7.14
IA,Fayette,2021,7,1.14,4.86,5.86,0,4,3,0.0
IA,Floyd,2016,6,1.5,4.14,4.15,1,0,5,16.67
IA,Floyd,2017,11,1.27,3.15,3.17,0,0,11,0.0
IA,Floyd,2018,15,1.47,4.83,4.85,2,0,13,13.33
IA,Floyd,2019,34,1.32,3.56,3.6,5,5,24,14.71
IA,Floyd,2020,12,1.25,4.92,5.0,0,4,8,0.0
IA,Floyd,2021,14,1.0,5.07,5.14,0,2,12,0.0
IA,Floyd,2022,2,1.5,6.0,6.0,0,1,1,0.0
IA,Franklin,2016,2,2.0,3.66,3.61,1,0,1,50.0
IA,Franklin,2017,15,1.73,5.78,5.83,3,1,11,20.0
IA,Franklin,2018,36,1.58,3.59,3.63,4,1,31,11.11
IA,Franklin,2019,51,1.59,2.32,2.32,6,3,42,11.76
IA,Franklin,2020,26,0.96,3.54,3.62,0,7,19,0.0
IA,Franklin,2021,4,0.5,4.5,4.5,0,0,4,0.0
IA,Franklin,2022,2,1.5,8.0,8.0,0,0,2,0.0
IA,Fremont,2016,11,1.91,7.97,8.01,4,3,4,36.36
IA,Fremont,2017,15,2.0,6.73,6.76,2,6,7,13.33
IA,Fremont,2018,18,2.0,5.96,5.98,2,4,12,11.11
IA,Fremont,2019,123,1.59,4.31,4.32,24,29,70,19.51
IA,Fremont,2020,17,0.82,3.53,3.88,1,2,14,5.88
IA,Fremont,2021,5,0.8,3.4,4.0,0,3,2,0.0
IA,Fremont,2022,9,1.11,5.89,6.22,0,2,7,0.0
IA,Greene,2016,1,2.0,5.33,5.3,0,0,1,0.0
IA,Greene,2017,5,2.0,9.81,9.82,4,1,0,80.0
IA,Greene,2018,9,1.56,3.61,3.64,1,4,4,11.11
IA,Greene,2019,2,0.5,3.01,3.01,0,0,2,0.0
IA,Greene,2020,6,0.67,3.33,3.67,0,0,6,0.0
IA,Greene,2021,3,1.33,4.33,4.67,0,1,2,0.0
IA,Greene,2022,3,1.0,4.33,4.67,0,1,2,0.0
IA,Grundy,2016,2,1.5,1.37,1.37,0,1,1,0.0
IA,Grundy,2017,1,2.0,5.67,5.67,0,0,1,0.0
IA,Grundy,2018,21,1.38,5.5,5.54,2,3,16,9.52
IA,Grundy,2019,39,0.95,4.24,4.26,8,7,24,20.51
IA,Grundy,2020,9,0.78,4.78,5.0,1,5,3,11.11
IA,Grundy,2021,12,1.08,3.83,3.92,1,1,10,8.33
IA,Grundy,2022,4,0.75,2.75,3.0,0,0,4,0.0
IA,Guthrie,2016,2,1.0,4.1,4.03,0,1,1,0.0
IA,Guthrie,2017,1,0.0,0.0,0.0,1,0,0,100.0
IA,Guthrie,2018,3,1.0,5.65,5.65,0,1,2,0.0
IA,Guthrie,2019,10,0.1,2.9,3.1,0,2,8,0.0
IA,Guthrie,2020,18,0.17,3.11,3.11,1,6,11,5.56
IA,Guthrie,2021,7,0.14,3.71,3.71,0,0,7,0.0
IA,Guthrie,2022,10,0.5,4.1,4.1,0,1,9,0.0
IA,Hamilton,2016,6,1.5,1.72,2.1,0,1,5,0.0
IA,Hamilton,2017,17,1.47,1.97,2.02,1,0,16,5.88
IA,Hamilton,2018,33,1.48,5.15,5.17,2,4,27,6.06
IA,Hamilton,2019,63,1.25,2.33,2.33,10,6,47,15.87
IA,Hamilton,2020,34,0.65,3.32,3.44,1,4,29,2.94
IA,Hamilton,2021,9,1.22,6.0,6.11,0,5,4,0.0
IA,Hamilton,2022,14,1.57,5.36,5.36,0,1,13,0.0
IA,Hancock,2016,4,1.0,1.22,1.28,0,1,3,0.0
IA,Hancock,2017,3,1.33,9.32,9.4,0,1,2,0.0
IA,Hancock,2018,8,1.62,4.36,4.36,0,4,4,0.0
IA,Hancock,2019,17,0.71,5.55,5.61,1,4,12,5.88
IA,Hancock,2020,24,0.83,4.62,4.75,0,4,20,0.0
IA,Hancock,2021,3,0.67,3.67,3.67,0,1,2,0.0
IA,Hancock,2022,3,1.0,7.67,8.0,0,1,2,0.0
IA,Hardin,2016,3,1.67,1.03,1.03,2,0,1,66.67
IA,Hardin,2017,13,1.54,5.22,5.23,0,4,9,0.0
IA,Hardin,2018,14,1.43,5.79,5.84,2,3,9,14.29
IA,Hardin,2019,20,1.1,4.1,4.16,7,1,12,35.0
IA,Hardin,2020,13,1.0,6.92,7.46,3,2,8,23.08
IA,Hardin,2021,6,1.17,6.33,6.5,0,4,2,0.0
IA,Hardin,2022,4,0.75,2.75,3.0,0,0,4,0.0
IA,Harrison,2016,9,1.56,1.84,1.84,1,2,6,11.11
IA,Harrison,2017,20,1.6,5.45,5.49,5,2,13,25.0
IA,Harrison,2018,27,1.74,6.89,6.89,6,11,10,22.22
IA,Harrison,2019,70,1.67,4.01,4.01,16,13,41,22.86
IA,Harrison,2020,28,1.14,4.04,4.04,1,13,14,3.57
IA,Harrison,2021,7,0.86,4.43,4.57,0,0,7,0.0
IA,Harrison,2022,9,0.44,4.78,4.89,0,2,7,0.0
IA,Henry,2016,2,2.0,0.0,0.0,1,1,0,50.0
IA,Henry,2017,8,1.25,4.94,4.95,3,3,2,37.5
IA,Henry,2018,21,1.24,6.56,6.59,6,11,4,28.57
IA,Henry,2019,30,1.07,3.71,3.85,8,13,9,26.67
IA,Henry,2020,38,0.74,4.03,4.08,9,13,16,23.68
IA,Henry,2021,1,1.0,5.0,5.0,0,1,0,0.0
IA,Henry,2022,14,0.86,4.93,4.93,0,4,10,0.0
IA,Howard,2017,3,1.0,3.29,3.29,0,0,3,0.0
IA,Howard,2018,10,1.6,5.22,5.24,0,3,7,0.0
IA,Howard,2019,8,1.62,4.53,4.6,0,1,7,0.0
IA,Howard,2020,2,1.5,6.5,7.0,0,2,0,0.0
IA,Howard,2021,3,1.0,3.0,2.67,0,0,3,0.0
IA,Humboldt,2016,2,1.5,2.18,2.21,0,1,1,0.0
IA,Humboldt,2017,2,1.5,6.37,6.37,0,2,0,0.0
IA,Humboldt,2018,3,1.0,8.63,8.66,0,2,1,0.0
IA,Humboldt,2019,5,0.4,3.8,4.01,0,1,4,0.0
IA,Humboldt,2020,10,0.2,3.6,3.7,0,1,9,0.0
IA,Humboldt,2021,1,1.0,5.0,5.0,0,0,1,0.0
IA,Ida,2016,9,1.78,2.12,2.13,1,3,5,11.11
IA,Ida,2017,12,1.67,5.1,5.16,0,2,10,0.0
IA,Ida,2018,14,1.71,5.33,5.67,0,7,7,0.0
IA,Ida,2019,9,1.0,2.18,2.19,0,1,8,0.0
IA,Ida,2020,9,0.67,3.56,3.56,0,0,9,0.0
IA,Ida,2021,4,0.75,3.25,3.5,0,1,3,0.0
IA,Iowa,2016,6,1.33,2.26,2.31,0,1,5,0.0
IA,Iowa,2017,1,2.0,10.7,10.72,1,0,0,100.0
IA,Iowa,2018,20,1.5,3.9,3.94,7,4,9,35.0
IA,Iowa,2019,35,1.34,4.06,4.12,5,9,21,14.29
IA,Iowa,2020,22,0.95,3.55,3.68,2,3,17,9.09
IA,Iowa,2021,15,1.27,4.67,4.93,2,1,12,13.33
IA,Iowa,2022,24,1.04,5.12,5.33,1,2,21,4.17
IA,Jackson,2016,1,2.0,9.33,9.52,0,0,1,0.0
IA,Jackson,2017,10,2.0,5.42,5.44,0,8,2,0.0
IA,Jackson,2018,8,1.5,6.32,6.37,0,3,5,0.0
IA,Jackson,2019,13,0.69,3.55,4.32,0,4,9,0.0
IA,Jackson,2020,8,1.25,6.25,6.5,1,2,5,12.5
IA,Jackson,2021,8,1.0,4.5,5.5,0,2,6,0.0
IA,Jackson,2022,4,0.5,1.5,2.0,0,0,4,0.0
IA,Jasper,2016,2,1.0,0.0,0.0,0,0,2,0.0
IA,Jasper,2017,12,1.92,4.84,4.9,4,4,4,33.33
IA,Jasper,2018,12,1.58,6.15,6.19,1,2,9,8.33
IA,Jasper,2019,55,1.31,2.89,2.93,8,14,33,14.55
IA,Jasper,2020,35,1.09,3.69,3.77,1,2,32,2.86
IA,Jasper,2021,16,1.06,4.12,4.31,2,3,11,12.5
IA,Jasper,2022,13,1.23,5.77,5.92,0,1,12,0.0
IA,Jefferson,2016,1,2.0,0.0,0.0,0,0,1,0.0
IA,Jefferson,2017,2,2.0,20.78,20.79,1,1,0,50.0
IA,Jefferson,2018,8,1.25,4.16,4.16,2,0,6,25.0
IA,Jefferson,2019,7,1.14,4.95,4.95,0,2,5,0.0
IA,Jefferson,2020,7,1.43,5.14,5.14,0,3,4,0.0
IA,Jefferson,2021,2,1.5,6.5,6.5,1,0,1,50.0
IA,Jefferson,2022,9,1.22,4.89,4.89,1,0,8,11.11
IA,Johnson,2016,52,1.44,1.79,1.95,13,18,21,25.0
IA,Johnson,2017,45,1.44,3.99,4.28,8,20,17,17.78
IA,Johnson,2018,70,1.41,4.52,4.75,14,20,36,20.0
IA,Johnson,2019,61,1.38,3.85,3.95,9,15,37,14.75
IA,Johnson,2020,42,0.93,3.67,4.12,5,17,20,11.9
IA,Johnson,2021,27,1.33,5.19,5.41,2,6,19,7.41
IA,Johnson,2022,28,1.29,5.61,5.75,3,3,22,10.71
IA,Jones,2017,1,2.0,19.72,19.72,1,0,0,100.0
IA,Jones,2018,6,1.33,5.6,5.62,0,2,4,0.0
IA,Jones,2019,14,1.07,4.78,5.0,3,3,8,21.43
IA,Jones,2020,19,0.79,4.68,4.74,2,4,13,10.53
IA,Jones,2021,6,0.67,5.67,6.0,0,1,5,0.0
IA,Jones,2022,6,0.83,4.0,4.0,1,1,4,16.67
IA,Keokuk,2017,2,2.0,11.3,11.28,1,1,0,50.0
IA,Keokuk,2018,10,0.8,3.21,3.27,4,1,5,40.0
IA,Keokuk,2019,7,0.29,4.05,4.05,2,1,4,28.57
IA,Keokuk,2020,19,0.42,5.32,5.42,4,7,8,21.05
IA,Keokuk,2021,7,0.71,4.71,4.86,1,1,5,14.29
IA,Keokuk,2022,7,0.43,3.86,4.0,2,1,4,28.57
IA,Kossuth,2016,14,1.14,1.79,1.83,0,1,13,0.0
IA,Kossuth,2017,12,1.17,1.64,1.71,0,2,10,0.0
IA,Kossuth,2018,5,1.8,5.4,5.38,0,1,4,0.0
IA,Kossuth,2019,10,1.2,4.12,4.26,1,1,8,10.0
IA,Kossuth,2020,11,1.09,5.36,5.45,3,1,7,27.27
IA,Kossuth,2021,13,0.62,3.54,3.85,5,1,7,38.46
IA,Kossuth,2022,5,1.0,2.8,3.0,0,0,5,0.0
IA,Lee,2016,1,1.0,4.12,4.2,0,0,1,0.0
IA,Lee,2017,8,1.5,3.78,3.89,2,2,4,25.0
IA,Lee,2018,15,1.53,4.8,5.01,4,5,6,26.67
IA,Lee,2019,35,0.71,2.65,2.73,10,8,17,28.57
IA,Lee,2020,50,0.98,5.1,5.16,3,13,34,6.0
IA,Lee,2021,4,1.0,6.25,7.25,1,1,2,25.0
IA,Lee,2022,14,0.93,2.71,2.71,0,2,12,0.0
IA,Linn,2016,17,1.41,0.7,0.7,4,10,3,23.53
IA,Linn,2017,18,1.67,8.42,8.43,8,6,4,44.44
IA,Linn,2018,54,1.63,6.06,6.11,25,10,19,46.3
IA,Linn,2019,56,1.05,4.24,4.33,15,10,31,26.79
IA,Linn,2020,56,0.75,4.2,4.38,10,23,23,17.86
IA,Linn,2021,24,1.04,3.71,4.04,2,15,7,8.33
IA,Linn,2022,16,0.94,4.06,4.19,1,3,12,6.25
IA,Louisa,2018,5,1.0,5.2,5.19,0,0,5,0.0
IA,Louisa,2019,3,1.33,5.02,5.02,0,1,2,0.0
IA,Louisa,2020,6,0.17,3.33,3.17,1,4,1,16.67
IA,Louisa,2021,1,2.0,6.0,6.0,0,0,1,0.0
IA,Louisa,2022,7,0.57,2.71,2.71,0,0,7,0.0
IA,Lucas,2017,6,1.67,2.49,2.48,4,0,2,66.67
IA,Lucas,2018,7,1.71,9.48,9.49,1,4,2,14.29
IA,Lucas,2019,9,0.89,3.23,3.23,0,2,7,0.0
IA,Lucas,2020,9,1.0,5.78,5.78,1,1,7,11.11
IA,Lucas,2021,1,1.0,8.0,8.0,0,0,1,0.0
IA,Lucas,2022,4,1.75,6.75,7.75,0,0,4,0.0
IA,Lyon,2018,6,1.17,4.09,4.21,0,1,5,0.0
IA,Lyon,2019,13,0.62,5.31,5.24,1,0,12,7.69
IA,Lyon,2020,8,0.38,4.0,4.0,0,2,6,0.0
IA,Lyon,2021,6,0.5,4.0,4.0,0,0,6,0.0
IA,Lyon,2022,1,0.0,3.0,3.0,0,0,1,0.0
IA,Madison,2016,1,0.0,4.65,4.73,0,0,1,0.0
IA,Madison,2017,1,2.0,18.03,18.15,1,0,0,100.0
IA,Madison,2018,2,2.0,0.01,0.01,0,2,0,0.0
IA,Madison,2019,10,0.7,4.6,4.5,0,3,7,0.0
IA,Madison,2020,9,0.33,3.33,3.33,0,1,8,0.0
IA,Madison,2021,3,0.33,4.33,4.67,0,0,3,0.0
IA,Madison,2022,3,0.0,2.0,2.0,0,1,2,0.0
IA,Mahaska,2016,2,2.0,0.0,0.0,0,2,0,0.0
IA,Mahaska,2017,6,1.83,9.64,9.66,2,3,1,33.33
IA,Mahaska,2018,9,1.22,2.05,2.07,3,1,5,33.33
IA,Mahaska,2019,15,1.0,4.26,4.33,4,4,7,26.67
IA,Mahaska,2020,17,0.88,4.35,4.47,5,2,10,29.41
IA,Mahaska,2021,5,1.2,4.2,4.2,0,0,5,0.0
IA,Mahaska,2022,13,0.77,3.31,3.38,2,0,11,15.38
IA,Marion,2016,1,1.0,6.2,6.23,0,0,1,0.0
IA,Marion,2017,5,1.6,5.95,5.98,3,1,1,60.0
IA,Marion,2018,10,1.6,4.51,4.52,3,3,4,30.0
IA,Marion,2019,16,0.62,4.21,4.21,1,6,9,6.25
IA,Marion,2020,22,0.73,3.68,3.86,0,4,18,0.0
IA,Marion,2021,6,1.17,3.83,4.83,0,4,2,0.0
IA,Marion,2022,7,0.43,3.71,3.86,0,1,6,0.0
IA,Marshall,2016,1,2.0,6.02,6.02,0,1,0,0.0
IA,Marshall,2017,6,1.5,9.18,9.31,0,2,4,0.0
IA,Marshall,2018,7,1.14,4.27,4.26,3,1,3,42.86
IA,Marshall,2019,24,0.96,5.88,5.84,5,5,14,20.83
IA,Marshall,2020,13,0.62,3.69,3.85,0,3,10,0.0
IA,Marshall,2021,7,0.43,3.29,3.71,0,4,3,0.0
IA,Marshall,2022,9,0.89,3.44,3.56,0,0,9,0.0
IA,Mills,2016,7,2.0,2.61,2.61,4,2,1,57.14
IA,Mills,2017,7,1.57,1.7,1.72,2,1,4,28.57
IA,Mills,2018,18,1.83,6.69,6.7,0,8,10,0.0
IA,Mills,2019,77,1.6,2.9,2.95,8,11,58,10.39
IA,Mills,2020,8,1.0,3.88,4.5,0,1,7,0.0
IA,Mills,2021,8,1.75,4.12,4.25,0,0,8,0.0
IA,Mills,2022,7,1.14,3.43,3.71,0,1,6,0.0
IA,Mitchell,2016,2,2.0,1.74,2.04,0,2,0,0.0
IA,Mitchell,2017,6,1.67,6.78,7.69,0,4,2,0.0
IA,Mitchell,2018,9,1.11,4.05,4.06,0,4,5,0.0
IA,Mitchell,2021,4,1.25,7.0,7.0,0,1,3,0.0
IA,Monona,2016,2,1.5,5.3,5.68,0,1,1,0.0
IA,Monona,2017,26,1.77,4.77,4.82,3,9,14,11.54
IA,Monona,2018,23,1.7,5.55,5.56,4,3,16,17.39
IA,Monona,2019,46,1.63,2.19,2.22,14,4,28,30.43
IA,Monona,2020,15,0.93,3.0,3.07,2,3,10,13.33
IA,Monona,2021,13,0.92,3.31,3.54,2,1,10,15.38
IA,Monona,2022,5,0.6,3.4,3.8,0,0,5,0.0
IA,Monroe,2017,7,1.43,7.38,7.41,2,2,3,28.57
IA,Monroe,2018,7,1.29,3.74,3.79,0,2,5,0.0
IA,Monroe,2019,6,1.17,5.72,5.73,1,1,4,16.67
IA,Monroe,2020,12,0.83,3.42,3.5,4,0,8,33.33
IA,Monroe,2022,10,1.0,3.4,3.4,1,0,9,10.0
IA,Montgomery,2016,5,1.6,5.52,5.51,3,0,2,60.0
IA,Montgomery,2017,32,1.72,4.97,4.99,1,15,16,3.12
IA,Montgomery,2018,30,1.83,5.69,5.7,1,17,12,3.33
IA,Montgomery,2019,8,1.5,4.75,4.77,0,1,7,0.0
IA,Montgomery,2020,5,1.2,2.8,2.8,0,2,3,0.0
IA,Montgomery,2021,1,1.0,2.0,2.0,0,0,1,0.0
IA,Muscatine,2017,15,1.6,3.78,3.99,3,7,5,20.0
IA,Muscatine,2018,17,1.59,4.93,5.22,4,10,3,23.53
IA,Muscatine,2019,29,1.03,5.53,5.75,1,14,14,3.45
IA,Muscatine,2020,14,0.64,3.93,4.14,1,5,8,7.14
IA,Muscatine,2021,5,1.0,4.4,5.2,0,1,4,0.0
IA,Muscatine,2022,8,0.75,5.0,5.25,0,1,7,0.0
IA,O'Brien,2017,4,1.75,3.87,3.88,0,3,1,0.0
IA,O'Brien,2018,16,1.31,4.21,4.22,3,3,10,18.75
IA,O'Brien,2019,9,0.56,6.93,6.85,2,1,6,22.22
IA,O'Brien,2020,10,1.0,6.5,6.5,3,2,5,30.0
IA,O'Brien,2021,7,1.14,2.57,3.57,1,0,6,14.29
IA,O'Brien,2022,2,0.5,4.0,4.0,0,0,2,0.0
IA,Obrien,2016,1,2.0,13.38,13.47,1,0,0,100.0
IA,Obrien,2017,6,1.67,3.8,3.85,0,2,4,0.0
IA,Osceola,2017,4,2.0,6.38,6.47,1,0,3,25.0
IA,Osceola,2018,8,1.12,6.59,6.6,1,2,5,12.5
IA,Osceola,2019,6,1.17,5.01,5.05,0,2,4,0.0
IA,Osceola,2020,3,1.0,4.33,4.33,0,0,3,0.0
IA,Osceola,2021,7,0.86,3.0,3.0,0,0,7,0.0
IA,Osceola,2022,1,1.0,3.0,3.0,0,0,1,0.0
IA,Page,2016,5,1.6,5.33,5.35,1,1,3,20.0
IA,Page,2017,12,1.42,5.18,5.2,3,4,5,25.0
IA,Page,2018,2,0.5,2.75,2.74,0,1,1,0.0
IA,Page,2019,6,0.83,3.96,4.12,0,3,3,0.0
IA,Page,2020,14,1.14,4.14,4.29,1,5,8,7.14
IA,Page,2021,1,0.0,4.0,4.0,1,0,0,100.0
IA,Page,2022,7,0.57,3.14,3.71,0,1,6,0.0
IA,Palo Alto,2017,2,2.0,11.87,11.85,1,1,0,50.0
IA,Palo Alto,2018,8,1.5,4.85,4.85,0,1,7,0.0
IA,Palo Alto,2019,1,0.0,3.0,3.0,0,0,1,0.0
IA,Palo Alto,2020,3,0.67,3.33,3.33,0,0,3,0.0
IA,Palo Alto,2021,3,1.0,5.0,4.67,1,1,1,33.33
IA,Plymouth,2016,4,1.25,1.83,1.85,0,1,3,0.0
IA,Plymouth,2017,11,1.27,4.09,4.12,0,1,10,0.0
IA,Plymouth,2018,21,1.33,4.41,4.4,0,4,17,0.0
IA,Plymouth,2019,33,0.7,3.28,3.35,0,14,19,0.0
IA,Plymouth,2020,34,0.91,4.41,4.41,0,10,24,0.0
IA,Plymouth,2021,6,0.83,4.5,4.5,0,1,5,0.0
IA,Plymouth,2022,3,0.67,3.33,3.33,0,0,3,0.0
IA,Pocahontas,2017,3,0.67,4.78,4.81,1,0,2,33.33
IA,Pocahontas,2018,5,1.2,7.07,7.07,3,1,1,60.0
IA,Pocahontas,2019,4,0.75,4.28,4.03,0,1,3,0.0
IA,Pocahontas,2020,8,0.25,3.62,3.75,1,2,5,12.5
IA,Pocahontas,2021,1,0.0,2.0,2.0,0,0,1,0.0
IA,Pocahontas,2022,3,0.67,4.67,4.67,1,0,2,33.33
IA,Polk,2016,54,1.72,1.49,1.7,15,17,22,27.78
IA,Polk,2017,134,1.64,3.73,4.01,53,38,43,39.55
IA,Polk,2018,144,1.66,3.93,4.15,60,43,41,41.67
IA,Polk,2019,190,1.18,3.43,3.59,50,40,100,26.32
IA,Polk,2020,102,1.0,4.01,4.15,28,33,41,27.45
IA,Polk,2021,83,0.96,3.25,3.6,14,37,32,16.87
IA,Polk,2022,122,1.19,4.3,4.48,16,43,63,13.11
IA,Pottawattamie,2016,16,1.75,1.84,1.89,4,5,7,25.0
IA,Pottawattamie,2017,45,1.73,3.86,3.92,7,18,20,15.56
IA,Pottawattamie,2018,77,1.94,5.27,5.3,16,20,41,20.78
IA,Pottawattamie,2019,137,1.51,3.79,3.82,23,46,68,16.79
IA,Pottawattamie,2020,34,0.62,4.88,4.97,4,4,26,11.76
IA,Pottawattamie,2021,39,1.44,4.21,4.44,1,6,32,2.56
IA,Pottawattamie,2022,28,1.21,4.43,4.43,2,5,21,7.14
IA,Poweshiek,2016,12,1.67,1.37,1.4,1,4,7,8.33
IA,Poweshiek,2017,19,1.84,5.18,5.27,2,4,13,10.53
IA,Poweshiek,2018,18,1.78,3.27,3.33,4,3,11,22.22
IA,Poweshiek,2019,42,1.26,2.23,2.29,9,5,28,21.43
IA,Poweshiek,2020,32,1.0,4.03,4.09,5,4,23,15.62
IA,Poweshiek,2021,6,1.33,3.83,5.5,0,1,5,0.0
IA,Poweshiek,2022,10,1.1,2.4,2.4,1,0,9,10.0
IA,Ringgold,2019,4,0.5,3.69,3.71,0,1,3,0.0
IA,Ringgold,2020,9,0.33,4.33,4.33,0,2,7,0.0
IA,Ringgold,2021,2,0.5,4.0,4.0,0,0,2,0.0
IA,Ringgold,2022,4,0.75,6.0,6.25,0,1,3,0.0
IA,Sac,2016,15,1.6,2.32,2.32,1,5,9,6.67
IA,Sac,2017,54,1.39,3.95,3.96,4,16,34,7.41
IA,Sac,2018,12,1.67,8.9,8.96,2,1,9,16.67
IA,Sac,2019,10,1.3,3.38,3.38,2,1,7,20.0
IA,Sac,2020,17,1.29,5.24,5.41,2,4,11,11.76
IA,Sac,2021,14,1.21,3.0,3.14,1,4,9,7.14
IA,Sac,2022,2,1.5,7.0,7.5,0,1,1,0.0
IA,Scott,2016,29,1.72,0.7,0.72,19,8,2,65.52
IA,Scott,2017,33,1.91,5.17,5.29,17,12,4,51.52
IA,Scott,2018,63,1.73,3.91,3.97,15,19,29,23.81
IA,Scott,2019,66,1.45,3.6,3.72,19,13,34,28.79
IA,Scott,2020,30,0.73,3.43,3.63,3,14,13,10.0
IA,Scott,2021,28,0.96,3.82,4.25,2,19,7,7.14
IA,Scott,2022,12,1.0,4.58,4.83,0,3,9,0.0
IA,Shelby,2017,2,1.5,4.5,4.55,0,0,2,0.0
IA,Shelby,2018,6,1.67,3.83,3.84,1,2,3,16.67
IA,Shelby,2019,10,0.4,4.74,4.73,1,2,7,10.0
IA,Shelby,2020,10,0.9,6.9,7.0,1,5,4,10.0
IA,Shelby,2021,3,0.33,4.0,4.0,0,0,3,0.0
IA,Shelby,2022,4,0.75,6.75,7.0,1,0,3,25.0
IA,Sioux,2016,7,1.57,4.59,4.68,0,1,6,0.0
IA,Sioux,2017,11,1.45,3.64,3.67,0,1,10,0.0
IA,Sioux,2018,21,1.14,3.26,3.32,1,1,19,4.76
IA,Sioux,2019,15,1.07,4.32,4.41,1,4,10,6.67
IA,Sioux,2020,14,1.21,4.07,4.14,1,1,12,7.14
IA,Sioux,2021,13,0.85,3.92,4.08,5,0,8,38.46
IA,Story,2016,26,1.69,2.04,2.17,7,9,10,26.92
IA,Story,2017,12,1.83,4.6,4.83,4,1,7,33.33
IA,Story,2018,39,1.82,4.63,4.87,8,13,18,20.51
IA,Story,2019,49,1.59,3.93,4.1,7,11,31,14.29
IA,Story,2020,22,0.86,2.91,3.73,0,12,10,0.0
IA,Story,2021,22,1.0,3.64,4.91,4,8,10,18.18
IA,Story,2022,16,0.88,3.5,3.81,0,3,13,0.0
IA,Tama,2017,6,1.83,8.06,8.05,2,1,3,33.33
IA,Tama,2018,19,1.53,3.69,3.72,4,5,10,21.05
IA,Tama,2019,10,0.6,3.0,3.0,4,4,2,40.0
IA,Tama,2020,13,1.23,4.31,4.46,1,4,8,7.69
IA,Tama,2021,9,1.22,4.33,4.11,1,1,7,11.11
IA,Tama,2022,11,1.18,3.0,3.18,0,1,10,0.0
IA,Taylor,2017,2,1.0,1.11,1.11,0,0,2,0.0
IA,Taylor,2018,2,0.5,2.38,2.38,0,0,2,0.0
IA,Taylor,2019,14,0.64,5.07,5.07,0,8,6,0.0
IA,Taylor,2020,11,0.27,3.36,3.55,0,2,9,0.0
IA,Taylor,2021,3,1.0,6.67,6.33,0,2,1,0.0
IA,Taylor,2022,2,0.5,4.0,4.5,0,0,2,0.0
IA,Union,2017,3,1.33,5.38,5.39,1,0,2,33.33
IA,Union,2018,7,1.29,3.72,3.73,2,2,3,28.57
IA,Union,2019,4,1.0,4.75,4.75,0,1,3,0.0
IA,Union,2020,10,1.1,3.6,3.7,1,1,8,10.0
IA,Union,2021,2,1.5,10.0,10.0,0,1,1,0.0
IA,Union,2022,2,0.5,2.0,2.0,0,0,2,0.0
IA,Van Buren,2016,1,2.0,3.98,4.07,0,1,0,0.0
IA,Van Buren,2017,9,1.67,6.74,6.76,0,3,6,0.0
IA,Van Buren,2018,5,1.0,3.62,3.71,0,1,4,0.0
IA,Van Buren,2019,7,0.57,4.29,4.57,1,4,2,14.29
IA,Van Buren,2020,14,0.71,6.0,6.14,1,6,7,7.14
IA,Van Buren,2021,2,1.0,8.0,8.0,1,0,1,50.0
IA,Van Buren,2022,2,1.0,5.0,5.5,0,0,2,0.0
IA,Wapello,2016,4,1.25,2.84,2.85,1,1,2,25.0
IA,Wapello,2017,4,1.75,3.28,3.29,1,2,1,25.0
IA,Wapello,2018,17,1.41,3.87,3.9,4,2,11,23.53
IA,Wapello,2019,21,1.05,4.36,4.51,3,4,14,14.29
IA,Wapello,2020,12,1.08,3.25,3.33,2,2,8,16.67
IA,Wapello,2021,2,1.0,3.0,3.0,0,1,1,0.0
IA,Wapello,2022,21,1.14,3.29,3.43,0,0,21,0.0
IA,Warren,2016,22,1.0,1.56,2.28,0,9,13,0.0
IA,Warren,2017,17,1.71,2.54,2.58,1,5,11,5.88
IA,Warren,2018,11,1.36,3.16,3.3,2,2,7,18.18
IA,Warren,2019,39,1.49,2.43,2.48,5,5,29,12.82
IA,Warren,2020,25,0.56,2.88,3.0,0,2,23,0.0
IA,Warren,2021,11,1.09,3.36,3.64,0,1,10,0.0
IA,Warren,2022,16,1.19,3.56,3.62,1,3,12,6.25
IA,Washington,2016,1,1.0,3.62,3.62,0,0,1,0.0
IA,Washington,2017,3,1.67,7.24,7.26,0,2,1,0.0
IA,Washington,2018,15,0.8,4.52,4.53,2,5,8,13.33
IA,Washington,2019,17,0.94,3.34,3.35,3,1,13,17.65
IA,Washington,2020,8,0.88,4.25,4.25,1,0,7,12.5
IA,Washington,2021,5,1.2,4.6,4.6,0,2,3,0.0
IA,Washington,2022,9,1.0,3.89,3.89,0,1,8,0.0
IA,Wayne,2016,5,1.6,2.52,2.56,0,1,4,0.0
IA,Wayne,2017,6,1.5,4.4,4.39,0,1,5,0.0
IA,Wayne,2018,7,1.86,4.6,4.65,0,4,3,0.0
IA,Wayne,2019,4,0.75,6.0,6.0,0,2,2,0.0
IA,Wayne,2020,4,0.5,3.0,3.25,0,0,4,0.0
IA,Wayne,2021,3,1.67,5.33,6.0,0,1,2,0.0
IA,Wayne,2022,4,0.75,4.75,4.5,0,0,4,0.0
IA,Webster,2016,19,1.53,3.99,4.06,3,5,11,15.79
IA,Webster,2017,13,1.62,5.98,6.0,3,1,9,23.08
IA,Webster,2018,20,1.45,4.94,4.96,2,5,13,10.0
IA,Webster,2019,16,1.0,4.73,4.77,1,5,10,6.25
IA,Webster,2020,21,0.86,4.38,4.38,0,8,13,0.0
IA,Webster,2021,6,0.67,3.67,4.0,0,1,5,0.0
IA,Webster,2022,3,1.0,4.67,4.67,0,1,2,0.0
IA,Winnebago,2017,3,1.33,6.76,6.73,0,1,2,0.0
IA,Winnebago,2018,12,1.58,8.66,8.87,2,7,3,16.67
IA,Winnebago,2019,5,0.8,5.99,6.2,0,2,3,0.0
IA,Winnebago,2020,4,1.0,5.5,5.75,0,2,2,0.0
IA,Winnebago,2021,6,0.5,4.67,4.67,0,1,5,0.0
IA,Winnebago,2022,1,1.0,5.0,5.0,0,0,1,0.0
IA,Winneshiek,2016,1,2.0,0.0,0.0,1,0,0,100.0
IA,Winneshiek,2017,3,1.33,9.24,9.26,0,1,2,0.0
IA,Winneshiek,2018,11,1.55,3.81,4.0,1,4,6,9.09
IA,Winneshiek,2019,18,1.0,3.15,3.14,0,3,15,0.0
IA,Winneshiek,2020,2,1.0,6.0,6.0,0,2,0,0.0
IA,Winneshiek,2021,3,0.67,4.0,4.0,0,1,2,0.0
IA,Winneshiek,2022,1,1.0,2.0,2.0,0,0,1,0.0
IA,Woodbury,2016,31,1.77,5.66,5.71,2,12,17,6.45
IA,Woodbury,2017,54,1.72,4.65,4.67,10,22,22,18.52
IA,Woodbury,2018,85,1.48,4.14,4.35,10,15,60,11.76
IA,Woodbury,2019,71,1.28,2.54,2.63,21,16,34,29.58
IA,Woodbury,2020,39,0.97,3.56,3.67,5,7,27,12.82
IA,Woodbury,2021,22,1.23,4.05,4.23,3,4,15,13.64
IA,Woodbury,2022,13,0.85,4.77,5.0,0,3,10,0.0
IA,Worth,2016,1,1.0,6.73,6.75,0,0,1,0.0
IA,Worth,2017,3,2.33,8.26,8.34,0,0,3,0.0
IA,Worth,2018,25,1.52,4.13,4.18,1,3,21,4.0
IA,Worth,2019,30,1.63,3.33,3.34,11,6,13,36.67
IA,Worth,2020,7,1.14,4.71,4.86,0,4,3,0.0
IA,Worth,2021,13,1.31,4.69,4.69,0,1,12,0.0
IA,Worth,2022,3,0.33,3.33,3.33,0,0,3,0.0
IA,Wright,2016,10,1.5,2.57,2.76,7,2,1,70.0
IA,Wright,2017,14,1.5,4.96,5.02,3,3,8,21.43
IA,Wright,2018,9,1.44,4.88,4.9,0,1,8,0.0
IA,Wright,2019,17,1.06,2.9,3.08,5,3,9,29.41
IA,Wright,2020,14,0.71,4.21,4.36,0,2,12,0.0
IA,Wright,2021,5,0.0,2.4,2.4,0,0,5,0.0
IA,Wright,2022,2,1.5,4.5,4.5,0,0,2,0.0
ID,Ada,2017,119,1.4,3.17,3.84,37,52,30,31.09
ID,Ada,2018,294,1.45,3.53,4.33,131,109,54,44.56
ID,Ada,2019,314,0.62,3.04,3.83,169,98,47,53.82
ID,Ada,2020,120,0.39,3.4,4.13,52,52,16,43.33
ID,Ada,2021,166,0.62,2.99,3.89,58,68,40,34.94
ID,Ada,2022,68,0.69,2.87,3.69,15,35,18,22.06
ID,Adams,2017,8,1.62,4.16,4.21,1,3,4,12.5
ID,Adams,2018,4,1.5,4.56,4.52,1,1,2,25.0
ID,Adams,2019,1,1.0,3.0,3.0,0,0,1,0.0
ID,Adams,2021,3,1.0,2.67,3.0,0,0,3,0.0
ID,Bannock,2017,35,1.77,4.85,4.87,11,6,18,31.43
ID,Bannock,2018,53,1.96,5.57,5.66,9,15,29,16.98
ID,Bannock,2019,169,1.58,3.71,3.74,79,26,64,46.75
ID,Bannock,2020,34,0.59,3.15,3.59,4,17,13,11.76
ID,Bannock,2021,29,1.07,3.79,3.97,2,6,21,6.9
ID,Bannock,2022,7,1.43,4.29,4.43,1,1,5,14.29
ID,Bear Lake,2017,21,1.67,5.03,5.03,0,6,15,0.0
ID,Bear Lake,2018,7,1.57,7.33,7.34,0,3,4,0.0
ID,Bear Lake,2019,59,1.39,4.82,5.24,1,14,44,1.69
ID,Bear Lake,2020,8,1.62,6.25,6.38,0,2,6,0.0
ID,Bear Lake,2021,20,1.1,2.85,3.0,0,1,19,0.0
ID,Bear Lake,2022,11,1.64,5.27,5.36,0,0,11,0.0
ID,Benewah,2017,32,1.44,3.5,3.7,2,10,20,6.25
ID,Benewah,2018,33,1.64,5.26,5.35,6,7,20,18.18
ID,Benewah,2019,6,1.5,4.59,4.92,1,0,5,16.67
ID,Benewah,2020,5,1.4,5.0,5.4,0,1,4,0.0
ID,Benewah,2021,3,1.33,4.33,4.33,0,0,3,0.0
ID,Bingham,2017,28,2.0,9.27,9.3,3,7,18,10.71
ID,Bingham,2018,18,1.67,3.75,5.47,1,5,12,5.56
ID,Bingham,2019,35,1.46,4.56,4.56,13,13,9,37.14
ID,Bingham,2020,16,1.62,7.12,7.19,1,6,9,6.25
ID,Bingham,2021,9,1.0,4.33,4.78,0,2,7,0.0
ID,Bingham,2022,6,1.0,5.33,5.67,0,2,4,0.0
ID,Blaine,2017,4,1.25,5.86,6.32,0,2,2,0.0
ID,Blaine,2018,9,1.11,4.65,4.92,3,2,4,33.33
ID,Blaine,2019,12,1.0,5.92,6.19,3,1,8,25.0
ID,Blaine,2020,6,0.83,3.33,3.33,0,1,5,0.0
ID,Blaine,2021,18,0.83,4.44,4.72,1,5,12,5.56
ID,Blaine,2022,8,1.38,11.0,11.5,0,5,3,0.0
ID,Boise,2017,8,1.38,5.02,5.2,1,2,5,12.5
ID,Boise,2018,12,2.0,7.33,7.39,1,7,4,8.33
ID,Boise,2019,7,0.43,4.14,4.57,0,0,7,0.0
ID,Boise,2020,4,0.25,3.5,4.0,0,0,4,0.0
ID,Boise,2021,14,0.29,3.5,3.86,0,1,13,0.0
ID,Boise,2022,6,1.0,6.5,6.5,1,2,3,16.67
ID,Bonner,2017,8,1.75,4.3,4.37,0,1,7,0.0
ID,Bonner,2018,26,1.65,6.13,6.15,5,7,14,19.23
ID,Bonner,2019,7,1.57,7.32,7.32,3,2,2,42.86
ID,Bonner,2020,17,1.76,5.94,6.0,3,7,7,17.65
ID,Bonner,2021,17,1.47,5.0,5.24,1,3,13,5.88
ID,Bonner,2022,1,2.0,5.0,5.0,0,0,1,0.0
ID,Bonneville,2017,18,1.44,2.83,2.82,4,6,8,22.22
ID,Bonneville,2018,16,1.94,4.49,4.52,4,5,7,25.0
ID,Bonneville,2019,34,1.56,3.98,3.99,8,9,17,23.53
ID,Bonneville,2020,35,1.03,3.77,3.94,9,7,19,25.71
ID,Bonneville,2021,32,1.22,2.44,3.19,2,8,22,6.25
ID,Bonneville,2022,3,1.33,3.0,3.33,0,0,3,0.0
ID,Boundary,2017,6,1.5,3.33,3.4,2,0,4,33.33
ID,Boundary,2018,15,1.73,5.61,5.69,1,3,11,6.67
ID,Boundary,2019,1,2.0,7.0,7.0,1,0,0,100.0
ID,Boundary,2020,3,1.33,3.0,3.0,0,2,1,0.0
ID,Boundary,2021,3,1.0,2.0,2.33,0,0,3,0.0
ID,Boundary,2022,1,1.0,2.0,2.0,0,0,1,0.0
ID,Butte,2017,3,1.0,4.21,4.23,0,1,2,0.0
ID,Butte,2018,5,1.8,5.32,5.25,0,2,3,0.0
ID,Butte,2019,7,1.71,5.43,5.29,4,1,2,57.14
ID,Butte,2020,6,1.83,6.17,6.17,1,1,4,16.67
ID,Butte,2021,7,1.29,3.86,3.86,0,0,7,0.0
ID,Camas,2018,4,2.0,9.73,9.72,0,2,2,0.0
ID,Camas,2019,8,1.12,3.88,3.88,0,6,2,0.0
ID,Camas,2020,1,2.0,7.0,7.0,0,1,0,0.0
ID,Camas,2021,3,1.33,4.67,5.0,0,0,3,0.0
ID,Camas,2022,1,1.0,4.0,4.0,0,0,1,0.0
ID,Canyon,2017,45,1.58,4.08,4.58,11,14,20,24.44
ID,Canyon,2018,94,1.62,4.04,4.67,10,37,47,10.64
ID,Canyon,2019,107,1.2,3.94,4.41,44,32,31,41.12
ID,Canyon,2020,61,0.62,2.92,4.13,10,43,8,16.39
ID,Canyon,2021,90,1.12,3.82,4.68,21,38,31,23.33
ID,Canyon,2022,39,1.56,5.36,5.97,6,10,23,15.38
ID,Caribou,2018,13,1.62,3.5,3.52,0,2,11,0.0
ID,Caribou,2019,9,1.33,5.31,7.05,0,1,8,0.0
ID,Caribou,2020,5,1.0,6.8,7.0,1,1,3,20.0
ID,Caribou,2021,21,1.29,3.71,4.14,2,2,17,9.52
ID,Caribou,2022,2,0.5,4.5,4.5,0,0,2,0.0
ID,Cassia,2017,16,1.38,1.1,1.14,5,2,9,31.25
ID,Cassia,2018,47,1.81,3.21,3.23,7,6,34,14.89
ID,Cassia,2019,37,1.24,5.82,5.9,15,11,11,40.54
ID,Cassia,2020,10,0.8,3.7,4.0,2,5,3,20.0
ID,Cassia,2021,18,1.28,5.33,5.5,0,3,15,0.0
ID,Cassia,2022,11,1.45,4.27,4.18,1,1,9,9.09
ID,Clark,2017,12,2.08,5.93,5.93,2,2,8,16.67
ID,Clark,2018,17,2.18,5.38,5.4,2,4,11,11.76
ID,Clark,2019,85,1.79,3.28,3.3,17,7,61,20.0
ID,Clark,2020,19,1.26,3.47,3.53,1,4,14,5.26
ID,Clark,2021,27,1.37,3.0,3.48,0,2,25,0.0
ID,Clark,2022,7,1.43,3.0,3.14,0,0,7,0.0
ID,Clearwater,2017,1,2.0,10.85,10.95,1,0,0,100.0
ID,Clearwater,2019,5,1.8,8.6,8.6,1,0,4,20.0
ID,Clearwater,2020,3,1.33,6.67,6.67,0,1,2,0.0
ID,Clearwater,2021,3,1.0,5.67,5.67,0,2,1,0.0
ID,Custer,2017,3,1.67,0.28,0.31,1,0,2,33.33
ID,Custer,2018,2,1.5,0.0,0.01,1,0,1,50.0
ID,Custer,2019,2,1.5,7.0,7.0,1,0,1,50.0
ID,Custer,2020,2,1.0,4.5,4.5,2,0,0,100.0
ID,Custer,2022,1,1.0,7.0,7.0,0,1,0,0.0
ID,Elmore,2017,18,1.56,6.95,6.95,5,7,6,27.78
ID,Elmore,2018,21,1.62,2.92,3.07,4,1,16,19.05
ID,Elmore,2019,47,1.55,2.66,2.76,24,4,19,51.06
ID,Elmore,2020,11,1.36,6.0,6.27,1,3,7,9.09
ID,Elmore,2021,33,1.39,4.12,4.27,1,4,28,3.03
ID,Elmore,2022,7,1.43,9.29,9.29,2,0,5,28.57
ID,Franklin,2017,1,2.0,10.9,10.95,0,1,0,0.0
ID,Franklin,2018,3,1.67,14.35,14.35,1,0,2,33.33
ID,Franklin,2019,6,0.5,5.33,5.17,1,1,4,16.67
ID,Franklin,2020,3,0.67,4.33,4.67,1,1,1,33.33
ID,Franklin,2021,5,0.6,4.8,4.8,2,1,2,40.0
ID,Franklin,2022,2,0.0,1.5,1.5,0,0,2,0.0
ID,Fremont,2017,26,1.46,7.52,7.63,6,7,13,23.08
ID,Fremont,2018,38,1.5,6.24,6.34,5,16,17,13.16
ID,Fremont,2019,112,1.31,4.88,4.98,10,53,49,8.93
ID,Fremont,2020,28,1.18,4.75,4.93,4,11,13,14.29
ID,Fremont,2021,76,1.04,4.25,4.71,2,13,61,2.63
ID,Fremont,2022,6,1.17,4.83,5.5,0,2,4,0.0
ID,Gem,2017,1,1.0,7.72,7.85,0,1,0,0.0
ID,Gem,2018,1,2.0,8.45,8.45,1,0,0,100.0
ID,Gem,2019,1,1.0,7.0,7.0,1,0,0,100.0
ID,Gem,2020,1,1.0,8.0,8.0,1,0,0,100.0
ID,Gem,2021,3,0.33,4.0,4.0,3,0,0,100.0
ID,Gooding,2017,5,2.4,8.36,8.36,1,3,1,20.0
ID,Gooding,2018,29,1.72,3.85,3.86,4,5,20,13.79
ID,Gooding,2019,36,1.5,2.0,2.18,8,1,27,22.22
ID,Gooding,2020,5,1.0,2.4,2.4,1,2,2,20.0
ID,Gooding,2021,12,1.33,4.0,4.17,0,2,10,0.0
ID,Gooding,2022,9,1.33,3.33,3.33,0,0,9,0.0
ID,Idaho,2017,25,1.52,5.4,5.46,2,5,18,8.0
ID,Idaho,2018,33,1.61,3.81,3.79,0,5,28,0.0
ID,Idaho,2019,27,1.56,5.41,5.51,0,3,24,0.0
ID,Idaho,2020,39,1.36,3.1,3.77,0,1,38,0.0
ID,Idaho,2021,43,1.65,3.98,4.6,0,5,38,0.0
ID,Idaho,2022,22,1.41,3.86,4.41,0,0,22,0.0
ID,Jefferson,2017,8,2.38,5.12,5.13,1,3,4,12.5
ID,Jefferson,2018,26,2.31,9.22,9.23,7,10,9,26.92
ID,Jefferson,2019,71,1.49,3.97,4.01,20,20,31,28.17
ID,Jefferson,2020,36,1.33,4.81,4.81,4,11,21,11.11
ID,Jefferson,2021,14,1.21,4.71,5.07,0,2,12,0.0
ID,Jefferson,2022,4,1.25,4.25,4.5,0,1,3,0.0
ID,Jerome,2017,22,1.59,4.63,4.68,11,3,8,50.0
ID,Jerome,2018,22,2.0,7.23,7.25,4,10,8,18.18
ID,Jerome,2019,25,1.68,1.89,1.89,12,2,11,48.0
ID,Jerome,2020,6,1.33,2.17,2.33,0,2,4,0.0
ID,Jerome,2021,22,1.45,3.27,3.36,1,3,18,4.55
ID,Jerome,2022,4,1.5,5.25,5.25,0,0,4,0.0
ID,Kootenai,2017,86,1.5,2.45,2.69,22,30,34,25.58
ID,Kootenai,2018,170,1.81,3.92,4.2,40,63,67,23.53
ID,Kootenai,2019,108,1.69,4.3,4.4,17,27,64,15.74
ID,Kootenai,2020,114,1.48,3.39,4.18,7,35,72,6.14
ID,Kootenai,2021,113,1.28,2.36,3.1,7,32,74,6.19
ID,Kootenai,2022,25,1.6,4.24,4.44,0,2,23,0.0
ID,Latah,2017,14,1.43,2.65,2.74,3,3,8,21.43
ID,Latah,2018,21,1.14,3.19,3.24,4,2,15,19.05
ID,Latah,2019,17,1.24,3.25,3.48,2,2,13,11.76
ID,Latah,2020,21,1.38,3.71,3.95,2,8,11,9.52
ID,Latah,2021,23,1.04,2.91,3.61,0,11,12,0.0
ID,Latah,2022,4,1.5,6.25,6.25,0,1,3,0.0
ID,Lemhi,2017,3,1.33,2.71,2.95,2,1,0,66.67
ID,Lemhi,2018,3,2.0,10.93,10.93,0,2,1,0.0
ID,Lemhi,2019,1,0.0,2.0,2.0,1,0,0,100.0
ID,Lemhi,2021,4,1.0,4.75,5.75,0,1,3,0.0
ID,Lemhi,2022,1,0.0,3.0,4.0,0,0,1,0.0
ID,Lewis,2017,3,2.0,11.66,11.69,1,0,2,33.33
ID,Lewis,2018,12,1.67,4.23,4.46,1,4,7,8.33
ID,Lewis,2019,48,1.81,9.58,9.69,2,8,38,4.17
ID,Lewis,2020,6,2.0,5.83,6.17,0,0,6,0.0
ID,Lewis,2021,7,1.43,4.43,4.86,1,1,5,14.29
ID,Lewis,2022,1,2.0,4.0,5.0,0,0,1,0.0
ID,Lincoln,2017,3,2.0,10.27,10.38,0,0,3,0.0
ID,Lincoln,2018,3,1.0,4.94,4.94,1,1,1,33.33
ID,Lincoln,2019,29,1.59,5.17,5.21,4,7,18,13.79
ID,Lincoln,2020,3,1.33,3.67,3.67,3,0,0,100.0
ID,Lincoln,2021,28,1.86,5.5,5.71,0,11,17,0.0
ID,Lincoln,2022,1,2.0,6.0,6.0,0,0,1,0.0
ID,Madison,2017,3,0.67,1.41,1.54,1,0,2,33.33
ID,Madison,2018,8,1.5,4.83,4.83,1,2,5,12.5
ID,Madison,2019,12,1.42,5.27,5.27,1,4,7,8.33
ID,Madison,2020,14,0.71,3.79,3.93,0,2,12,0.0
ID,Madison,2021,25,0.56,3.88,4.28,0,7,18,0.0
ID,Madison,2022,1,1.0,5.0,7.0,0,0,1,0.0
ID,Minidoka,2017,3,1.33,2.58,2.56,3,0,0,100.0
ID,Minidoka,2018,5,1.6,3.64,3.64,1,1,3,20.0
ID,Minidoka,2019,5,1.8,2.32,2.44,2,0,3,40.0
ID,Minidoka,2020,1,2.0,4.0,4.0,0,0,1,0.0
ID,Minidoka,2021,5,1.4,2.6,2.6,0,0,5,0.0
ID,Minidoka,2022,4,1.5,3.25,3.25,0,0,4,0.0
ID,Nez Perce,2017,77,1.65,3.74,3.81,6,24,47,7.79
ID,Nez Perce,2018,110,1.72,3.57,3.64,6,31,73,5.45
ID,Nez Perce,2019,38,1.47,3.64,3.8,8,19,11,21.05
ID,Nez Perce,2020,41,1.32,4.12,4.44,5,15,21,12.2
ID,Nez Perce,2021,19,1.37,2.68,3.26,1,1,17,5.26
ID,Nez Perce,2022,18,1.39,3.67,3.78,0,0,18,0.0
ID,Oneida,2017,10,1.6,1.41,1.41,2,0,8,20.0
ID,Oneida,2018,24,1.62,2.6,2.62,8,1,15,33.33
ID,Oneida,2019,115,1.76,2.44,2.45,52,7,56,45.22
ID,Oneida,2020,3,1.0,1.67,1.67,0,0,3,0.0
ID,Oneida,2021,19,1.58,3.79,3.89,0,0,19,0.0
ID,Oneida,2022,8,1.5,3.0,3.0,0,0,8,0.0
ID,Owyhee,2017,7,1.29,4.91,4.95,0,2,5,0.0
ID,Owyhee,2018,13,1.69,9.12,9.14,5,3,5,38.46
ID,Owyhee,2019,33,1.27,4.78,4.89,7,13,13,21.21
ID,Owyhee,2020,12,1.17,10.0,9.92,7,1,4,58.33
ID,Owyhee,2021,16,0.81,4.62,4.88,9,2,5,56.25
ID,Owyhee,2022,1,1.0,5.0,5.0,0,0,1,0.0
ID,Payette,2017,11,2.0,10.93,10.98,2,6,3,18.18
ID,Payette,2018,23,1.61,5.24,5.25,4,7,12,17.39
ID,Payette,2019,18,1.56,4.52,4.57,12,3,3,66.67
ID,Payette,2020,1,1.0,6.0,6.0,1,0,0,100.0
ID,Payette,2021,6,1.67,6.67,6.67,1,2,3,16.67
ID,Payette,2022,2,2.0,4.5,4.5,0,0,2,0.0
ID,Power,2017,7,2.0,6.68,6.71,1,1,5,14.29
ID,Power,2018,11,1.82,5.17,5.24,0,2,9,0.0
ID,Power,2019,28,1.29,3.16,3.19,11,7,10,39.29
ID,Power,2020,19,0.74,3.79,3.95,2,3,14,10.53
ID,Power,2021,8,0.62,3.38,3.5,0,0,8,0.0
ID,Power,2022,7,0.57,3.43,3.43,0,0,7,0.0
ID,Shoshone,2017,48,1.75,3.25,3.32,13,12,23,27.08
ID,Shoshone,2018,71,1.94,4.66,4.73,27,17,27,38.03
ID,Shoshone,2019,65,1.72,2.8,2.88,19,16,30,29.23
ID,Shoshone,2020,31,1.52,2.9,3.23,7,3,21,22.58
ID,Shoshone,2021,85,1.51,2.54,3.25,16,5,64,18.82
ID,Shoshone,2022,17,2.0,11.24,11.65,2,2,13,11.76
ID,Teton,2017,2,0.5,3.69,3.65,1,1,0,50.0
ID,Teton,2018,3,1.67,13.23,13.16,2,1,0,66.67
ID,Teton,2019,4,1.0,13.25,13.25,1,0,3,25.0
ID,Teton,2020,4,0.25,3.75,3.75,1,1,2,25.0
ID,Teton,2021,9,0.44,4.56,4.89,3,0,6,33.33
ID,Teton,2022,3,0.33,3.67,4.33,1,0,2,33.33
ID,Twin Falls,2017,16,1.69,3.94,4.1,6,3,7,37.5
ID,Twin Falls,2018,58,1.74,5.05,5.12,4,27,27,6.9
ID,Twin Falls,2019,18,1.33,3.96,4.07,8,5,5,44.44
ID,Twin Falls,2020,9,0.56,1.33,3.0,1,6,2,11.11
ID,Twin Falls,2021,27,0.96,3.26,3.93,0,8,19,0.0
ID,Twin Falls,2022,15,1.07,3.93,4.2,1,0,14,6.67
ID,Valley,2017,4,1.5,2.4,2.39,0,0,4,0.0
ID,Valley,2018,7,1.43,2.37,2.62,1,2,4,14.29
ID,Valley,2019,1,0.0,1.0,1.0,0,0,1,0.0
ID,Valley,2021,12,0.5,4.17,4.67,0,1,11,0.0
ID,Valley,2022,1,0.0,4.0,4.0,0,0,1,0.0
ID,Washington,2017,7,1.86,5.92,5.91,1,0,6,14.29
ID,Washington,2018,12,1.75,3.98,4.0,1,1,10,8.33
ID,Washington,2019,2,2.0,9.5,9.5,1,1,0,50.0
ID,Washington,2021,3,1.67,4.0,4.33,0,0,3,0.0
ID,Washington,2022,1,2.0,6.0,6.0,0,1,0,0.0
IL,Adams,2017,9,1.67,5.79,5.82,1,5,3,11.11
IL,Adams,2018,8,1.75,4.5,4.5,2,4,2,25.0
IL,Adams,2019,18,1.33,4.38,4.49,3,6,9,16.67
IL,Adams,2020,27,0.89,3.89,4.0,7,4,16,25.93
IL,Adams,2021,5,0.8,4.6,4.6,1,1,3,20.0
IL,Adams,2022,40,0.8,3.72,3.8,1,1,38,2.5
IL,Alexander,2017,1,2.0,0.0,0.0,1,0,0,100.0
IL,Alexander,2018,1,2.0,6.25,6.37,1,0,0,100.0
IL,Alexander,2019,13,0.92,7.08,7.08,3,5,5,23.08
IL,Alexander,2021,1,0.0,3.0,4.0,0,0,1,0.0
IL,Alexander,2022,9,1.56,12.11,12.22,0,2,7,0.0
IL,Bond,2016,8,1.75,4.52,4.52,1,1,6,12.5
IL,Bond,2017,4,1.75,4.48,4.47,2,1,1,50.0
IL,Bond,2018,38,1.97,4.92,4.92,1,11,26,2.63
IL,Bond,2019,35,1.06,2.87,2.87,4,7,24,11.43
IL,Bond,2020,11,0.82,5.73,5.82,0,4,7,0.0
IL,Bond,2021,4,1.25,7.25,7.5,1,0,3,25.0
IL,Bond,2022,13,0.31,2.62,2.69,0,1,12,0.0
IL,Boone,2016,3,2.33,0.0,0.0,0,3,0,0.0
IL,Boone,2017,16,1.44,5.19,5.22,6,3,7,37.5
IL,Boone,2018,32,1.38,3.09,3.11,5,5,22,15.62
IL,Boone,2019,34,1.35,2.9,2.91,4,8,22,11.76
IL,Boone,2020,8,1.12,2.88,3.0,0,2,6,0.0
IL,Boone,2021,1,1.0,2.0,2.0,0,0,1,0.0
IL,Boone,2022,11,0.91,3.73,3.64,1,0,10,9.09
IL,Brown,2017,1,2.0,6.9,7.07,0,1,0,0.0
IL,Brown,2019,3,1.0,5.33,5.33,1,1,1,33.33
IL,Brown,2020,6,1.0,6.17,6.33,1,1,4,16.67
IL,Brown,2021,2,0.5,3.0,3.0,0,0,2,0.0
IL,Brown,2022,7,1.29,4.86,4.86,0,0,7,0.0
IL,Bureau,2016,3,2.67,32.26,32.26,3,0,0,100.0
IL,Bureau,2017,12,1.58,3.63,3.64,5,2,5,41.67
IL,Bureau,2018,46,1.67,4.66,4.68,9,6,31,19.57
IL,Bureau,2019,42,1.52,3.03,3.05,8,2,32,19.05
IL,Bureau,2020,13,0.92,6.38,6.54,0,8,5,0.0
IL,Bureau,2021,17,0.76,4.06,4.12,1,3,13,5.88
IL,Bureau,2022,16,0.75,3.56,3.75,0,6,10,0.0
IL,Calhoun,2020,1,0.0,4.0,4.0,0,0,1,0.0
IL,Calhoun,2022,2,0.5,3.5,3.5,0,0,2,0.0
IL,Carroll,2018,3,2.0,11.37,11.41,1,1,1,33.33
IL,Carroll,2019,5,0.6,5.0,4.8,1,3,1,20.0
IL,Carroll,2020,10,0.7,6.3,6.4,2,3,5,20.0
IL,Carroll,2021,3,1.0,8.0,8.0,0,2,1,0.0
IL,Carroll,2022,8,0.25,3.12,3.38,0,0,8,0.0
IL,Cass,2017,4,1.25,8.3,8.33,2,0,2,50.0
IL,Cass,2018,4,1.25,13.6,13.64,2,1,1,50.0
IL,Cass,2019,7,0.86,3.12,2.95,0,4,3,0.0
IL,Cass,2020,8,0.88,4.12,4.12,0,2,6,0.0
IL,Cass,2021,5,1.6,6.0,6.4,0,2,3,0.0
IL,Cass,2022,22,0.73,4.14,4.41,0,4,18,0.0
IL,Champaign,2016,16,1.62,0.96,0.97,1,2,13,6.25
IL,Champaign,2017,38,1.84,7.18,7.25,10,8,20,26.32
IL,Champaign,2018,93,1.74,4.72,4.73,9,14,70,9.68
IL,Champaign,2019,94,1.37,3.73,3.88,11,12,71,11.7
IL,Champaign,2020,35,0.89,5.71,5.89,7,11,17,20.0
IL,Champaign,2021,24,0.96,3.21,4.46,1,17,6,4.17
IL,Champaign,2022,157,1.32,6.36,6.39,3,9,145,1.91
IL,Christian,2016,1,1.0,0.0,0.0,0,1,0,0.0
IL,Christian,2017,3,1.33,7.08,7.21,2,0,1,66.67
IL,Christian,2019,15,0.53,3.0,3.13,0,1,14,0.0
IL,Christian,2020,12,0.42,4.25,4.33,0,0,12,0.0
IL,Christian,2021,3,0.67,5.67,5.33,0,0,3,0.0
IL,Christian,2022,23,0.57,2.91,2.91,0,1,22,0.0
IL,Clark,2016,3,2.0,7.07,7.07,0,0,3,0.0
IL,Clark,2017,7,1.71,4.73,4.73,2,3,2,28.57
IL,Clark,2018,15,1.87,3.46,5.22,2,4,9,13.33
IL,Clark,2019,40,1.15,2.12,2.12,7,7,26,17.5
IL,Clark,2020,9,1.11,4.89,4.89,2,6,1,22.22
IL,Clark,2021,6,0.5,3.33,3.33,0,1,5,0.0
IL,Clark,2022,14,1.29,6.5,6.5,1,1,12,7.14
IL,Clay,2016,3,1.33,2.7,2.69,0,0,3,0.0
IL,Clay,2017,13,1.92,6.7,6.73,5,5,3,38.46
IL,Clay,2018,7,1.57,3.2,3.29,1,3,3,14.29
IL,Clay,2019,19,0.68,4.93,4.88,2,5,12,10.53
IL,Clay,2020,4,0.75,5.0,5.25,0,1,3,0.0
IL,Clay,2021,5,0.8,3.0,3.2,0,1,4,0.0
IL,Clay,2022,10,1.0,3.9,4.1,0,2,8,0.0
IL,Clinton,2016,8,1.62,3.67,3.68,1,1,6,12.5
IL,Clinton,2017,4,1.75,1.7,1.71,0,1,3,0.0
IL,Clinton,2018,5,2.2,7.23,7.29,1,2,2,20.0
IL,Clinton,2019,32,0.78,4.04,4.11,3,5,24,9.38
IL,Clinton,2020,4,0.25,1.75,1.75,0,1,3,0.0
IL,Clinton,2021,1,0.0,2.0,2.0,0,0,1,0.0
IL,Clinton,2022,21,0.52,4.33,4.52,0,1,20,0.0
IL,Coles,2016,3,1.67,3.28,3.5,1,2,0,33.33
IL,Coles,2017,5,2.0,8.37,8.39,1,1,3,20.0
IL,Coles,2018,9,1.33,5.91,5.94,1,4,4,11.11
IL,Coles,2019,34,0.82,4.11,4.15,2,3,29,5.88
IL,Coles,2020,8,0.38,3.38,3.75,0,2,6,0.0
IL,Coles,2021,5,1.0,4.0,4.6,0,1,4,0.0
IL,Coles,2022,34,0.97,5.82,5.82,0,4,30,0.0
IL,Cook,2016,3843,1.29,1.36,2.1,1463,1617,763,38.07
IL,Cook,2017,7401,1.29,2.78,4.73,3086,2900,1415,41.7
IL,Cook,2018,9292,1.14,2.15,3.81,3721,3505,2066,40.05
IL,Cook,2019,6790,0.97,2.6,4.8,2509,2604,1677,36.95
IL,Cook,2020,20399,0.43,0.77,4.23,4794,15119,486,23.5
IL,Cook,2021,26423,0.58,1.54,4.51,6833,17434,2156,25.86
IL,Cook,2022,4724,1.27,3.84,6.02,883,2225,1616,18.69
IL,Crawford,2016,2,1.5,7.7,7.7,1,0,1,50.0
IL,Crawford,2017,1,2.0,0.0,0.0,1,0,0,100.0
IL,Crawford,2018,5,1.8,9.2,9.19,2,1,2,40.0
IL,Crawford,2019,7,0.14,3.0,3.0,0,0,7,0.0
IL,Crawford,2020,1,1.0,5.0,5.0,0,0,1,0.0
IL,Crawford,2022,3,0.0,3.0,3.33,0,0,3,0.0
IL,Cumberland,2016,3,2.0,5.21,5.22,1,2,0,33.33
IL,Cumberland,2017,13,1.62,3.74,3.74,1,5,7,7.69
IL,Cumberland,2018,17,1.59,5.27,5.28,3,4,10,17.65
IL,Cumberland,2019,42,1.21,3.35,3.38,8,2,32,19.05
IL,Cumberland,2020,8,1.25,4.25,5.12,0,4,4,0.0
IL,Cumberland,2021,10,1.0,5.4,8.1,1,3,6,10.0
IL,Cumberland,2022,14,1.43,10.71,10.71,1,1,12,7.14
IL,De Witt,2016,2,1.5,4.76,4.75,0,0,2,0.0
IL,De Witt,2017,6,1.83,5.29,5.31,1,3,2,16.67
IL,De Witt,2018,13,1.46,4.86,5.3,2,5,6,15.38
IL,De Witt,2019,13,1.23,2.52,2.63,0,2,11,0.0
IL,De Witt,2020,5,1.0,2.4,2.6,0,1,4,0.0
IL,De Witt,2021,3,0.33,2.0,2.0,0,0,3,0.0
IL,De Witt,2022,19,1.16,4.79,4.79,0,1,18,0.0
IL,DeKalb,2016,5,1.6,0.78,0.75,1,2,2,20.0
IL,DeKalb,2017,19,1.16,1.39,1.4,8,5,6,42.11
IL,DeKalb,2018,65,1.66,3.87,3.88,14,10,41,21.54
IL,DeKalb,2019,35,0.94,5.02,5.02,11,13,11,31.43
IL,DeKalb,2020,17,0.47,3.88,4.12,3,10,4,17.65
IL,DeKalb,2021,17,0.47,3.35,3.53,0,7,10,0.0
IL,DeKalb,2022,7,0.86,4.43,4.57,0,0,7,0.0
IL,Dekalb,2016,4,0.75,1.32,1.39,0,3,1,0.0
IL,Dekalb,2017,3,1.33,3.26,3.36,1,2,0,33.33
IL,Dekalb,2018,4,1.5,3.23,3.16,3,1,0,75.0
IL,Dekalb,2022,27,0.44,3.96,4.26,0,3,24,0.0
IL,Douglas,2017,4,1.25,4.04,4.1,0,3,1,0.0
IL,Douglas,2018,1,2.0,0.0,0.0,1,0,0,100.0
IL,Douglas,2019,30,1.03,3.66,3.73,1,1,28,3.33
IL,Douglas,2020,7,1.0,3.43,3.43,0,2,5,0.0
IL,Douglas,2021,2,1.5,5.5,5.5,0,0,2,0.0
IL,Douglas,2022,43,1.74,7.3,7.4,0,5,38,0.0
IL,DuPage,2016,379,1.21,1.57,1.98,39,141,199,10.29
IL,DuPage,2017,691,1.12,2.32,3.36,79,279,333,11.43
IL,DuPage,2018,1304,1.09,2.48,3.32,196,518,590,15.03
IL,DuPage,2019,881,0.79,3.11,4.01,136,394,351,15.44
IL,DuPage,2020,199,0.75,3.59,4.2,38,100,61,19.1
IL,DuPage,2021,524,1.02,2.9,3.31,18,235,271,3.44
IL,DuPage,2022,514,0.83,3.5,3.91,36,234,244,7.0
IL,Dupage,2016,102,0.98,1.52,1.8,31,67,4,30.39
IL,Dupage,2017,171,0.88,2.27,2.97,55,108,8,32.16
IL,Dupage,2018,220,0.96,2.01,2.75,51,164,5,23.18
IL,Edgar,2017,1,2.0,4.47,4.32,0,0,1,0.0
IL,Edgar,2018,1,1.0,0.9,0.9,0,0,1,0.0
IL,Edgar,2019,16,0.31,4.44,4.38,1,1,14,6.25
IL,Edgar,2020,7,0.86,3.86,4.14,0,2,5,0.0
IL,Edgar,2021,5,1.0,6.2,6.6,0,1,4,0.0
IL,Edgar,2022,11,0.73,3.91,4.09,0,1,10,0.0
IL,Edwards,2017,1,1.0,0.87,0.83,0,0,1,0.0
IL,Edwards,2018,9,1.78,6.98,7.0,0,5,4,0.0
IL,Edwards,2019,12,0.33,4.17,4.25,1,3,8,8.33
IL,Edwards,2020,3,1.0,6.67,6.0,0,2,1,0.0
IL,Edwards,2021,1,1.0,6.0,6.0,0,0,1,0.0
IL,Edwards,2022,3,0.67,5.0,5.33,0,1,2,0.0
IL,Effingham,2016,7,2.0,7.73,7.76,3,2,2,42.86
IL,Effingham,2017,20,1.9,8.02,8.03,3,8,9,15.0
IL,Effingham,2018,22,1.68,4.11,4.12,3,8,11,13.64
IL,Effingham,2019,89,1.27,3.14,3.15,8,15,66,8.99
IL,Effingham,2020,18,0.5,0.89,4.11,0,6,12,0.0
IL,Effingham,2021,11,1.0,3.91,4.0,0,2,9,0.0
IL,Effingham,2022,32,1.53,7.69,7.72,3,3,26,9.38
IL,Fayette,2016,12,2.0,10.94,10.94,0,4,8,0.0
IL,Fayette,2017,3,1.67,7.53,7.51,1,1,1,33.33
IL,Fayette,2018,12,1.58,4.35,4.39,1,4,7,8.33
IL,Fayette,2019,43,1.28,3.35,3.59,7,6,30,16.28
IL,Fayette,2020,12,0.5,2.67,3.75,1,3,8,8.33
IL,Fayette,2021,11,0.91,3.36,3.45,0,4,7,0.0
IL,Fayette,2022,22,1.41,3.73,3.86,0,3,19,0.0
IL,Ford,2016,1,1.0,4.82,4.93,0,0,1,0.0
IL,Ford,2017,17,1.53,5.61,5.65,1,7,9,5.88
IL,Ford,2018,12,0.92,3.44,3.45,2,2,8,16.67
IL,Ford,2019,33,1.27,6.63,6.72,6,13,14,18.18
IL,Ford,2020,2,0.5,3.5,3.0,0,1,1,0.0
IL,Ford,2021,1,1.0,7.0,7.0,0,1,0,0.0
IL,Ford,2022,27,1.04,4.33,4.52,0,2,25,0.0
IL,Franklin,2017,10,1.2,4.95,4.97,0,3,7,0.0
IL,Franklin,2018,15,1.53,5.06,6.78,4,3,8,26.67
IL,Franklin,2019,34,1.59,7.31,7.34,3,6,25,8.82
IL,Franklin,2020,9,1.22,5.33,5.56,1,1,7,11.11
IL,Franklin,2021,7,1.43,6.57,6.57,1,2,4,14.29
IL,Franklin,2022,25,1.56,6.32,6.4,1,12,12,4.0
IL,Fulton,2016,5,1.8,1.03,1.03,2,1,2,40.0
IL,Fulton,2017,4,1.75,11.94,11.98,1,2,1,25.0
IL,Fulton,2018,2,1.0,2.87,2.87,0,1,1,0.0
IL,Fulton,2019,11,0.64,4.87,4.89,0,1,10,0.0
IL,Fulton,2020,14,0.79,4.57,4.57,1,5,8,7.14
IL,Fulton,2021,3,0.67,4.33,4.33,0,1,2,0.0
IL,Fulton,2022,13,0.54,3.92,3.92,2,1,10,15.38
IL,Gallatin,2018,2,2.0,4.48,4.62,0,0,2,0.0
IL,Gallatin,2020,3,0.67,0.0,4.67,0,3,0,0.0
IL,Gallatin,2021,2,1.0,0.0,6.5,0,2,0,0.0
IL,Gallatin,2022,7,0.14,2.0,3.29,0,1,6,0.0
IL,Greene,2016,1,2.0,0.0,0.0,1,0,0,100.0
IL,Greene,2017,1,2.0,0.0,0.0,0,1,0,0.0
IL,Greene,2018,10,1.7,4.94,4.94,2,3,5,20.0
IL,Greene,2019,13,1.23,6.17,6.18,1,2,10,7.69
IL,Greene,2020,7,0.86,3.43,3.43,0,1,6,0.0
IL,Greene,2021,4,0.5,4.75,4.75,0,1,3,0.0
IL,Greene,2022,12,1.0,5.42,5.5,0,2,10,0.0
IL,Grundy,2016,9,1.11,1.24,1.24,1,3,5,11.11
IL,Grundy,2017,20,1.35,6.93,6.97,5,7,8,25.0
IL,Grundy,2018,52,1.63,3.73,3.76,7,8,37,13.46
IL,Grundy,2019,93,1.24,2.07,2.04,30,11,52,32.26
IL,Grundy,2020,32,0.94,3.81,4.16,10,5,17,31.25
IL,Grundy,2021,35,1.2,3.09,3.49,1,2,32,2.86
IL,Grundy,2022,51,1.16,4.57,4.51,1,5,45,1.96
IL,Hamilton,2018,2,2.0,13.6,13.63,1,0,1,50.0
IL,Hamilton,2019,5,0.0,2.6,2.6,0,1,4,0.0
IL,Hamilton,2020,2,0.5,4.5,5.0,0,1,1,0.0
IL,Hamilton,2022,2,0.5,3.5,4.0,1,0,1,50.0
IL,Hancock,2017,3,1.33,4.33,4.33,0,2,1,0.0
IL,Hancock,2018,4,1.25,2.51,2.51,0,1,3,0.0
IL,Hancock,2019,24,1.0,5.33,5.46,3,7,14,12.5
IL,Hancock,2020,20,0.9,4.4,4.45,3,3,14,15.0
IL,Hancock,2021,10,0.8,4.6,4.7,0,4,6,0.0
IL,Hancock,2022,12,0.83,5.58,5.67,0,2,10,0.0
IL,Hardin,2020,1,1.0,6.0,6.0,0,0,1,0.0
IL,Henderson,2017,4,0.75,0.65,0.64,0,0,4,0.0
IL,Henderson,2018,21,1.38,2.71,2.79,0,6,15,0.0
IL,Henderson,2019,14,0.64,4.98,4.98,4,3,7,28.57
IL,Henderson,2020,14,0.79,4.93,5.07,1,5,8,7.14
IL,Henderson,2021,6,1.0,6.5,6.67,2,1,3,33.33
IL,Henderson,2022,10,1.0,5.3,5.5,3,2,5,30.0
IL,Henry,2016,5,1.8,1.02,1.03,0,0,5,0.0
IL,Henry,2017,9,2.0,5.48,5.48,3,6,0,33.33
IL,Henry,2018,34,1.68,4.98,4.98,4,4,26,11.76
IL,Henry,2019,53,1.36,3.02,3.06,13,5,35,24.53
IL,Henry,2020,25,0.92,3.16,3.2,6,1,18,24.0
IL,Henry,2021,16,1.0,3.38,3.44,1,1,14,6.25
IL,Henry,2022,21,1.33,6.0,6.14,2,1,18,9.52
IL,Iroquois,2016,7,1.57,3.75,3.78,2,2,3,28.57
IL,Iroquois,2017,25,1.64,4.18,4.18,7,9,9,28.0
IL,Iroquois,2018,29,1.48,4.32,4.33,6,3,20,20.69
IL,Iroquois,2019,41,1.59,3.84,3.88,5,7,29,12.2
IL,Iroquois,2020,19,0.53,3.16,3.32,1,7,11,5.26
IL,Iroquois,2021,15,1.13,4.2,4.47,0,7,8,0.0
IL,Iroquois,2022,83,1.05,4.89,4.9,1,9,73,1.2
IL,Jackson,2017,24,1.67,6.52,6.5,11,8,5,45.83
IL,Jackson,2018,3,2.0,3.86,3.93,1,1,1,33.33
IL,Jackson,2019,12,0.5,4.63,4.63,1,2,9,8.33
IL,Jackson,2021,1,1.0,1.0,2.0,0,0,1,0.0
IL,Jackson,2022,6,0.17,3.17,3.5,1,1,4,16.67
IL,Jasper,2016,1,2.0,0.0,0.0,0,1,0,0.0
IL,Jasper,2017,3,1.67,2.77,2.77,1,0,2,33.33
IL,Jasper,2018,6,1.0,5.49,5.49,1,2,3,16.67
IL,Jasper,2019,8,0.88,5.42,5.55,1,0,7,12.5
IL,Jasper,2020,2,1.0,6.5,6.5,0,2,0,0.0
IL,Jasper,2021,1,0.0,1.0,1.0,0,0,1,0.0
IL,Jasper,2022,1,0.0,3.0,4.0,0,0,1,0.0
IL,Jefferson,2016,4,1.75,0.59,0.59,0,2,2,0.0
IL,Jefferson,2017,21,1.38,3.01,3.04,1,6,14,4.76
IL,Jefferson,2018,22,1.77,5.65,5.71,4,7,11,18.18
IL,Jefferson,2019,84,1.4,3.26,3.31,14,4,66,16.67
IL,Jefferson,2020,18,1.44,4.78,4.89,1,10,7,5.56
IL,Jefferson,2021,12,1.17,3.92,3.92,0,3,9,0.0
IL,Jefferson,2022,27,0.96,4.0,4.07,0,4,23,0.0
IL,Jersey,2017,1,1.0,2.12,2.33,0,0,1,0.0
IL,Jersey,2018,2,2.0,2.77,3.72,1,1,0,50.0
IL,Jersey,2019,18,0.67,2.94,3.26,1,3,14,5.56
IL,Jersey,2020,18,0.72,2.72,3.22,0,2,16,0.0
IL,Jersey,2021,6,1.0,1.5,2.33,0,0,6,0.0
IL,Jersey,2022,10,0.7,2.9,2.9,0,0,10,0.0
IL,Jo Daviess,2016,2,1.5,2.21,2.33,0,0,2,0.0
IL,Jo Daviess,2017,5,1.4,5.06,5.07,1,0,4,20.0
IL,Jo Daviess,2018,28,1.64,5.83,5.92,5,7,16,17.86
IL,Jo Daviess,2019,13,0.77,4.38,4.6,1,6,6,7.69
IL,Jo Daviess,2020,30,0.97,4.3,4.4,2,8,20,6.67
IL,Jo Daviess,2021,33,1.0,4.24,4.52,1,18,14,3.03
IL,Jo Daviess,2022,9,0.33,4.0,4.11,0,0,9,0.0
IL,Johnson,2018,1,1.0,6.1,6.48,0,0,1,0.0
IL,Johnson,2019,16,0.75,4.04,4.1,1,3,12,6.25
IL,Johnson,2020,3,0.0,2.0,2.0,0,2,1,0.0
IL,Johnson,2021,7,1.0,7.29,7.29,2,2,3,28.57
IL,Johnson,2022,5,0.8,3.8,4.2,0,1,4,0.0
IL,Kane,2016,71,1.15,1.62,1.74,16,31,24,22.54
IL,Kane,2017,188,1.08,2.37,2.77,48,106,34,25.53
IL,Kane,2018,331,1.11,2.68,3.14,85,164,82,25.68
IL,Kane,2019,231,0.8,3.11,3.39,69,89,73,29.87
IL,Kane,2020,133,0.59,4.11,4.49,27,72,34,20.3
IL,Kane,2021,84,0.51,2.61,3.37,20,49,15,23.81
IL,Kane,2022,142,0.6,3.97,4.3,14,61,67,9.86
IL,Kankakee,2016,17,0.82,1.2,1.22,2,6,9,11.76
IL,Kankakee,2017,48,0.96,2.63,2.69,14,17,17,29.17
IL,Kankakee,2018,166,1.02,2.59,2.72,37,73,56,22.29
IL,Kankakee,2019,44,0.77,3.18,3.31,9,17,18,20.45
IL,Kankakee,2020,47,0.43,2.51,3.53,5,36,6,10.64
IL,Kankakee,2021,39,0.74,3.18,4.1,0,25,14,0.0
IL,Kankakee,2022,109,0.86,5.28,5.32,7,17,85,6.42
IL,Kendall,2016,23,1.39,1.77,1.9,8,9,6,34.78
IL,Kendall,2017,33,1.42,2.76,3.33,11,16,6,33.33
IL,Kendall,2018,77,1.43,3.38,3.8,21,41,15,27.27
IL,Kendall,2019,58,0.67,4.62,5.19,19,29,10,32.76
IL,Kendall,2020,25,0.52,4.28,4.76,5,17,3,20.0
IL,Kendall,2021,30,0.4,3.1,3.67,5,12,13,16.67
IL,Kendall,2022,40,0.57,3.6,3.92,5,11,24,12.5
IL,Knox,2016,1,2.0,4.33,4.33,0,0,1,0.0
IL,Knox,2017,6,1.67,5.05,5.12,2,2,2,33.33
IL,Knox,2018,32,1.78,6.58,6.6,4,6,22,12.5
IL,Knox,2019,44,1.48,3.36,3.39,13,6,25,29.55
IL,Knox,2020,20,0.9,2.95,3.05,2,0,18,10.0
IL,Knox,2021,2,1.5,2.0,2.0,0,0,2,0.0
IL,Knox,2022,27,1.19,3.81,3.85,2,1,24,7.41
IL,La Salle,2016,2,2.0,8.2,8.22,2,0,0,100.0
IL,La Salle,2017,7,1.43,5.88,5.95,2,3,2,28.57
IL,La Salle,2018,2,1.0,1.03,1.07,0,2,0,0.0
IL,La Salle,2022,38,0.82,4.97,5.0,0,6,32,0.0
IL,LaSalle,2016,5,1.8,2.25,2.25,2,2,1,40.0
IL,LaSalle,2017,17,1.47,3.72,3.74,2,4,11,11.76
IL,LaSalle,2018,78,1.62,3.91,3.93,9,19,50,11.54
IL,LaSalle,2019,74,1.54,5.06,5.09,25,17,32,33.78
IL,LaSalle,2020,21,1.0,3.38,3.52,3,5,13,14.29
IL,LaSalle,2021,42,1.17,2.33,2.43,0,10,32,0.0
IL,LaSalle,2022,28,1.18,3.86,4.04,0,0,28,0.0
IL,Lake,2016,395,1.05,1.23,1.48,67,196,132,16.96
IL,Lake,2017,724,0.99,2.18,2.95,132,387,205,18.23
IL,Lake,2018,869,0.95,2.3,3.1,176,477,216,20.25
IL,Lake,2019,593,0.4,2.8,3.42,118,321,154,19.9
IL,Lake,2020,135,0.44,3.78,4.21,26,88,21,19.26
IL,Lake,2021,188,0.39,2.87,3.27,16,102,70,8.51
IL,Lake,2022,150,0.47,3.25,3.55,16,75,59,10.67
IL,Lawrence,2016,1,2.0,0.0,0.0,0,0,1,0.0
IL,Lawrence,2017,2,2.0,19.57,19.59,2,0,0,100.0
IL,Lawrence,2018,8,1.62,3.62,3.63,1,3,4,12.5
IL,Lawrence,2019,28,1.07,3.81,3.84,1,7,20,3.57
IL,Lawrence,2020,6,1.17,3.0,3.0,0,0,6,0.0
IL,Lawrence,2021,3,1.67,3.33,3.67,0,1,2,0.0
IL,Lawrence,2022,3,0.67,3.33,3.33,0,0,3,0.0
IL,Lee,2016,7,1.57,0.04,0.04,2,1,4,28.57
IL,Lee,2017,28,1.61,3.65,3.67,8,3,17,28.57
IL,Lee,2018,43,1.63,4.42,4.44,7,9,27,16.28
IL,Lee,2019,44,1.27,2.19,2.25,19,5,20,43.18
IL,Lee,2020,9,0.78,3.67,3.56,0,5,4,0.0
IL,Lee,2021,13,0.92,4.38,4.54,0,3,10,0.0
IL,Lee,2022,18,0.94,3.06,3.28,0,1,17,0.0
IL,Livingston,2016,4,0.75,1.43,1.47,1,0,3,25.0
IL,Livingston,2017,24,1.5,6.2,6.21,5,8,11,20.83
IL,Livingston,2018,62,1.63,3.42,3.89,10,16,36,16.13
IL,Livingston,2019,87,1.44,3.18,3.21,23,22,42,26.44
IL,Livingston,2020,11,1.36,6.55,6.45,1,4,6,9.09
IL,Livingston,2021,17,0.65,4.29,4.71,1,3,13,5.88
IL,Livingston,2022,62,1.24,4.48,4.44,0,4,58,0.0
IL,Logan,2016,19,1.89,0.61,0.6,0,9,10,0.0
IL,Logan,2017,15,1.47,5.53,5.56,5,7,3,33.33
IL,Logan,2018,29,1.66,5.69,5.7,4,5,20,13.79
IL,Logan,2019,20,0.85,3.21,3.21,2,3,15,10.0
IL,Logan,2020,23,0.91,4.83,4.87,3,5,15,13.04
IL,Logan,2021,3,1.0,3.33,3.67,0,0,3,0.0
IL,Logan,2022,78,1.46,5.32,5.42,0,7,71,0.0
IL,Macon,2016,6,1.33,3.96,4.06,2,1,3,33.33
IL,Macon,2017,18,1.56,5.01,5.03,10,5,3,55.56
IL,Macon,2018,36,1.56,6.15,6.19,19,10,7,52.78
IL,Macon,2019,47,1.02,3.48,3.51,2,10,35,4.26
IL,Macon,2020,33,1.24,5.33,5.58,8,14,11,24.24
IL,Macon,2021,17,1.18,3.71,4.41,1,8,8,5.88
IL,Macon,2022,74,1.09,3.54,3.65,1,7,66,1.35
IL,Macoupin,2016,3,1.67,5.09,5.05,0,1,2,0.0
IL,Macoupin,2017,1,1.0,2.75,2.77,0,0,1,0.0
IL,Macoupin,2018,2,0.5,4.43,4.4,0,1,1,0.0
IL,Macoupin,2019,15,0.67,4.04,4.11,1,1,13,6.67
IL,Macoupin,2020,4,0.25,2.5,2.5,0,0,4,0.0
IL,Macoupin,2021,2,1.5,5.5,5.5,0,0,2,0.0
IL,Macoupin,2022,31,0.55,3.39,3.52,0,2,29,0.0
IL,Madison,2016,30,1.77,12.34,12.52,9,10,11,30.0
IL,Madison,2017,97,1.77,5.09,5.11,34,20,43,35.05
IL,Madison,2018,107,1.73,4.72,4.81,40,21,46,37.38
IL,Madison,2019,104,1.19,3.54,3.64,17,23,64,16.35
IL,Madison,2020,32,1.12,4.59,4.62,2,11,19,6.25
IL,Madison,2021,30,1.43,4.23,4.33,5,12,13,16.67
IL,Madison,2022,87,1.25,5.25,5.44,6,13,68,6.9
IL,Marion,2016,15,1.67,4.51,4.51,4,6,5,26.67
IL,Marion,2017,16,1.75,4.95,4.97,6,3,7,37.5
IL,Marion,2018,23,2.0,5.86,5.9,7,7,9,30.43
IL,Marion,2019,55,1.22,3.0,3.06,4,5,46,7.27
IL,Marion,2020,5,1.0,4.6,4.6,0,1,4,0.0
IL,Marion,2021,12,1.58,4.42,4.5,0,2,10,0.0
IL,Marion,2022,36,1.31,4.0,4.11,0,1,35,0.0
IL,Marshall,2016,3,1.33,0.0,0.0,0,2,1,0.0
IL,Marshall,2017,1,1.0,6.77,6.78,0,1,0,0.0
IL,Marshall,2018,8,1.75,2.94,2.93,1,1,6,12.5
IL,Marshall,2019,15,1.33,3.21,3.24,6,2,7,40.0
IL,Marshall,2020,3,0.67,5.33,5.33,0,1,2,0.0
IL,Marshall,2021,7,1.29,4.86,4.86,0,0,7,0.0
IL,Marshall,2022,18,1.11,4.56,4.61,0,1,17,0.0
IL,Mason,2017,6,1.67,6.59,6.67,0,2,4,0.0
IL,Mason,2018,1,2.0,14.97,14.97,1,0,0,100.0
IL,Mason,2019,8,0.75,5.59,5.6,0,0,8,0.0
IL,Mason,2020,5,0.8,5.6,5.6,0,0,5,0.0
IL,Mason,2021,7,0.43,3.86,4.14,0,2,5,0.0
IL,Mason,2022,10,0.4,4.2,4.2,0,0,10,0.0
IL,Massac,2017,1,1.0,0.3,0.32,0,1,0,0.0
IL,Massac,2018,4,1.75,5.43,5.46,2,1,1,50.0
IL,Massac,2019,2,1.0,4.51,4.66,0,2,0,0.0
IL,Massac,2020,1,0.0,4.0,4.0,0,0,1,0.0
IL,Massac,2021,3,0.67,5.0,5.0,0,2,1,0.0
IL,Massac,2022,3,0.0,4.0,4.0,0,0,3,0.0
IL,McDonough,2017,2,1.5,4.2,4.19,0,0,2,0.0
IL,McDonough,2018,2,1.5,3.86,3.83,1,1,0,50.0
IL,McDonough,2019,22,1.14,4.68,4.77,4,9,9,18.18
IL,McDonough,2020,20,1.3,5.35,5.35,10,1,9,50.0
IL,McDonough,2021,4,1.25,5.75,6.25,1,2,1,25.0
IL,McDonough,2022,17,0.71,2.53,2.71,0,0,17,0.0
IL,McHenry,2016,24,1.38,0.85,0.94,8,11,5,33.33
IL,McHenry,2017,56,1.12,2.33,2.71,12,27,17,21.43
IL,McHenry,2018,75,0.93,3.25,3.65,17,44,14,22.67
IL,McHenry,2019,118,0.78,3.57,3.92,29,59,30,24.58
IL,McHenry,2020,31,0.58,3.9,4.26,6,13,12,19.35
IL,McHenry,2021,28,0.71,3.36,3.68,2,19,7,7.14
IL,McHenry,2022,50,0.62,3.8,4.1,4,20,26,8.0
IL,McLean,2016,5,1.8,3.17,3.19,1,1,3,20.0
IL,McLean,2017,21,1.86,4.53,4.62,5,7,9,23.81
IL,McLean,2018,73,1.66,3.83,3.84,13,11,49,17.81
IL,McLean,2019,77,1.4,3.88,3.97,16,11,50,20.78
IL,McLean,2020,38,0.97,3.37,3.39,2,1,35,5.26
IL,McLean,2021,28,1.36,3.32,3.43,1,4,23,3.57
IL,McLean,2022,206,1.29,5.73,5.73,0,29,177,0.0
IL,Mcdonough,2016,1,1.0,5.37,5.57,0,1,0,0.0
IL,Mcdonough,2017,1,1.0,1.38,1.37,0,1,0,0.0
IL,Mchenry,2016,31,1.16,0.94,1.17,9,19,3,29.03
IL,Mchenry,2017,78,1.15,2.47,2.87,25,41,12,32.05
IL,Mchenry,2018,32,1.12,1.98,2.79,4,21,7,12.5
IL,Mclean,2017,3,1.67,3.25,3.3,1,1,1,33.33
IL,Menard,2017,2,1.0,8.96,8.96,0,1,1,0.0
IL,Menard,2018,2,2.0,31.26,31.23,2,0,0,100.0
IL,Menard,2019,2,0.5,3.5,3.5,0,0,2,0.0
IL,Menard,2020,1,0.0,1.0,1.0,0,0,1,0.0
IL,Menard,2022,9,0.44,3.67,4.0,0,0,9,0.0
IL,Mercer,2016,1,2.0,0.0,0.0,0,0,1,0.0
IL,Mercer,2017,2,2.0,3.07,3.1,1,1,0,50.0
IL,Mercer,2018,5,1.6,3.58,3.56,1,2,2,20.0
IL,Mercer,2019,5,0.6,2.93,2.98,1,2,2,20.0
IL,Mercer,2020,6,1.67,5.17,5.5,0,2,4,0.0
IL,Mercer,2021,3,0.67,3.0,3.33,1,1,1,33.33
IL,Mercer,2022,3,1.0,2.67,3.0,0,1,2,0.0
IL,Monroe,2016,2,2.5,19.48,19.51,2,0,0,100.0
IL,Monroe,2017,6,1.67,4.02,4.12,0,5,1,0.0
IL,Monroe,2018,12,1.58,6.49,6.54,2,4,6,16.67
IL,Monroe,2019,23,0.65,4.2,4.16,1,3,19,4.35
IL,Monroe,2020,2,1.0,7.5,7.5,1,0,1,50.0
IL,Monroe,2022,11,1.45,6.36,6.36,2,4,5,18.18
IL,Montgomery,2016,1,2.0,0.0,0.0,0,1,0,0.0
IL,Montgomery,2017,6,1.33,5.12,5.13,1,4,1,16.67
IL,Montgomery,2018,10,1.3,2.04,2.04,1,3,6,10.0
IL,Montgomery,2019,32,1.34,5.61,5.65,1,5,26,3.12
IL,Montgomery,2020,5,0.8,5.4,5.8,0,1,4,0.0
IL,Montgomery,2021,16,1.0,2.62,2.81,0,5,11,0.0
IL,Montgomery,2022,40,1.48,4.75,4.92,0,3,37,0.0
IL,Morgan,2017,2,1.5,4.46,4.45,1,0,1,50.0
IL,Morgan,2018,12,1.58,4.45,4.45,3,2,7,25.0
IL,Morgan,2019,25,0.84,2.82,2.84,4,3,18,16.0
IL,Morgan,2020,19,0.53,4.53,4.68,2,1,16,10.53
IL,Morgan,2021,2,0.5,2.5,2.5,0,0,2,0.0
IL,Morgan,2022,64,0.97,3.45,3.55,0,2,62,0.0
IL,Moultrie,2017,1,1.0,7.47,7.42,0,0,1,0.0
IL,Moultrie,2018,2,1.5,2.26,2.35,0,1,1,0.0
IL,Moultrie,2019,21,0.71,4.78,4.87,0,3,18,0.0
IL,Moultrie,2020,2,1.0,6.5,6.5,0,0,2,0.0
IL,Moultrie,2021,1,0.0,4.0,4.0,0,0,1,0.0
IL,Moultrie,2022,17,0.65,4.29,4.35,0,0,17,0.0
IL,Ogle,2016,20,1.85,0.24,0.24,0,13,7,0.0
IL,Ogle,2017,9,0.78,5.12,5.15,0,4,5,0.0
IL,Ogle,2018,47,1.62,7.23,7.23,14,16,17,29.79
IL,Ogle,2019,47,1.23,3.82,3.89,9,15,23,19.15
IL,Ogle,2020,16,0.88,4.25,4.5,1,12,3,6.25
IL,Ogle,2021,18,0.78,4.22,4.22,2,0,16,11.11
IL,Ogle,2022,23,0.35,4.0,4.0,0,4,19,0.0
IL,Peoria,2016,18,1.94,2.57,2.58,6,9,3,33.33
IL,Peoria,2017,33,1.85,5.87,5.92,18,8,7,54.55
IL,Peoria,2018,67,1.64,5.83,5.84,25,14,28,37.31
IL,Peoria,2019,45,1.22,3.43,3.4,12,7,26,26.67
IL,Peoria,2020,35,0.74,4.29,4.34,8,5,22,22.86
IL,Peoria,2021,11,1.18,5.36,5.45,2,7,2,18.18
IL,Peoria,2022,50,0.52,3.06,3.08,1,7,42,2.0
IL,Perry,2017,5,1.6,4.75,4.81,2,1,2,40.0
IL,Perry,2018,12,1.33,4.53,5.48,1,7,4,8.33
IL,Perry,2019,12,0.75,4.88,4.88,1,4,7,8.33
IL,Perry,2020,5,0.6,4.4,4.4,0,0,5,0.0
IL,Perry,2021,1,1.0,8.0,8.0,0,1,0,0.0
IL,Perry,2022,4,0.5,4.0,4.25,0,0,4,0.0
IL,Piatt,2016,4,1.0,3.88,3.89,0,0,4,0.0
IL,Piatt,2017,5,1.2,5.85,5.9,0,3,2,0.0
IL,Piatt,2018,7,1.57,4.75,4.77,1,1,5,14.29
IL,Piatt,2019,23,1.17,5.8,5.82,3,1,19,13.04
IL,Piatt,2020,14,1.21,6.43,6.43,2,4,8,14.29
IL,Piatt,2021,3,1.0,5.67,5.67,0,1,2,0.0
IL,Piatt,2022,45,1.24,4.91,4.93,0,2,43,0.0
IL,Pike,2017,4,1.5,3.45,3.44,0,0,4,0.0
IL,Pike,2018,9,1.33,3.39,3.4,1,1,7,11.11
IL,Pike,2019,26,1.31,3.82,3.87,9,2,15,34.62
IL,Pike,2020,22,0.86,5.91,5.91,4,7,11,18.18
IL,Pike,2021,4,0.25,3.75,4.0,0,0,4,0.0
IL,Pike,2022,60,1.22,3.47,3.47,0,0,60,0.0
IL,Pope,2019,3,1.0,6.67,6.67,0,0,3,0.0
IL,Pope,2020,2,1.0,6.0,6.0,0,0,2,0.0
IL,Pope,2022,4,0.5,3.25,3.5,0,0,4,0.0
IL,Pulaski,2017,1,2.0,17.62,17.63,1,0,0,100.0
IL,Pulaski,2018,4,1.75,1.93,1.93,2,0,2,50.0
IL,Pulaski,2019,9,1.67,3.3,3.31,5,0,4,55.56
IL,Pulaski,2020,1,1.0,7.0,8.0,0,1,0,0.0
IL,Pulaski,2021,2,1.0,1.5,1.5,0,0,2,0.0
IL,Pulaski,2022,3,1.0,1.33,1.33,0,0,3,0.0
IL,Putnam,2017,2,0.5,4.11,4.11,0,1,1,0.0
IL,Putnam,2018,3,1.0,2.96,3.15,1,1,1,33.33
IL,Putnam,2019,3,1.0,7.12,7.16,0,0,3,0.0
IL,Putnam,2021,4,0.25,4.0,4.0,0,0,4,0.0
IL,Putnam,2022,6,0.67,4.33,4.33,0,1,5,0.0
IL,Randolph,2017,9,1.0,5.68,5.71,2,1,6,22.22
IL,Randolph,2018,13,1.62,2.91,2.92,4,7,2,30.77
IL,Randolph,2019,13,0.38,4.61,4.7,2,1,10,15.38
IL,Randolph,2020,2,1.0,19.0,19.5,1,1,0,50.0
IL,Randolph,2021,3,1.0,8.67,8.67,1,0,2,33.33
IL,Randolph,2022,11,0.36,3.09,3.18,0,1,10,0.0
IL,Richland,2016,3,2.0,7.25,7.28,0,3,0,0.0
IL,Richland,2017,14,1.71,4.42,4.46,1,9,4,7.14
IL,Richland,2018,17,1.65,6.36,6.34,3,7,7,17.65
IL,Richland,2019,4,0.75,3.75,3.75,0,0,4,0.0
IL,Richland,2020,4,1.0,3.75,4.25,0,1,3,0.0
IL,Richland,2021,1,2.0,6.0,6.0,0,0,1,0.0
IL,Richland,2022,4,0.5,3.25,3.25,0,0,4,0.0
IL,Rock Island,2016,16,1.81,0.26,0.26,9,6,1,56.25
IL,Rock Island,2017,16,1.75,5.54,5.57,10,4,2,62.5
IL,Rock Island,2018,22,1.73,8.18,8.29,11,3,8,50.0
IL,Rock Island,2019,30,1.43,6.32,6.38,11,5,14,36.67
IL,Rock Island,2020,31,0.97,4.97,5.03,9,12,10,29.03
IL,Rock Island,2021,12,1.33,3.75,3.83,1,4,7,8.33
IL,Rock Island,2022,6,1.17,3.67,3.83,0,3,3,0.0
IL,Saint Clair,2016,16,1.56,6.02,6.25,8,7,1,50.0
IL,Saint Clair,2017,22,1.59,6.57,6.79,13,7,2,59.09
IL,Saint Clair,2018,14,1.64,5.5,5.71,10,2,2,71.43
IL,Saline,2017,4,1.75,3.67,3.72,2,2,0,50.0
IL,Saline,2018,1,1.0,8.13,8.05,1,0,0,100.0
IL,Saline,2019,8,1.0,9.6,9.85,3,2,3,37.5
IL,Saline,2020,5,1.0,7.4,8.8,1,3,1,20.0
IL,Saline,2021,3,0.67,4.0,5.67,1,0,2,33.33
IL,Saline,2022,8,0.5,5.88,6.12,0,0,8,0.0
IL,Sangamon,2016,12,1.92,1.27,1.39,4,7,1,33.33
IL,Sangamon,2017,28,1.71,7.57,7.62,8,14,6,28.57
IL,Sangamon,2018,48,1.65,5.51,5.59,10,21,17,20.83
IL,Sangamon,2019,62,1.06,3.87,3.94,12,13,37,19.35
IL,Sangamon,2020,54,0.89,3.37,3.48,2,15,37,3.7
IL,Sangamon,2021,25,1.16,4.16,4.68,4,11,10,16.0
IL,Sangamon,2022,156,1.37,6.16,6.28,7,18,131,4.49
IL,Schuyler,2016,1,2.0,6.85,6.9,0,0,1,0.0
IL,Schuyler,2017,4,1.5,5.2,5.35,1,1,2,25.0
IL,Schuyler,2018,3,1.67,2.05,2.07,2,1,0,66.67
IL,Schuyler,2019,5,1.4,3.4,3.6,0,0,5,0.0
IL,Schuyler,2020,10,1.1,4.5,4.6,0,1,9,0.0
IL,Schuyler,2021,6,1.67,4.5,4.5,0,1,5,0.0
IL,Schuyler,2022,6,1.0,4.0,4.0,1,0,5,16.67
IL,Scott,2017,1,1.0,0.85,0.85,1,0,0,100.0
IL,Scott,2018,7,1.43,4.19,4.19,0,1,6,0.0
IL,Scott,2019,6,1.0,5.3,5.33,3,1,2,50.0
IL,Scott,2020,3,0.67,4.33,4.33,0,0,3,0.0
IL,Scott,2021,3,1.0,5.67,5.67,0,2,1,0.0
IL,Scott,2022,20,1.1,4.4,4.45,0,2,18,0.0
IL,Shelby,2017,2,2.5,7.46,7.47,1,0,1,50.0
IL,Shelby,2018,1,2.0,5.82,5.82,0,0,1,0.0
IL,Shelby,2019,28,0.5,3.71,3.68,0,2,26,0.0
IL,Shelby,2020,3,1.0,4.0,4.0,0,1,2,0.0
IL,Shelby,2021,1,1.0,6.0,6.0,0,0,1,0.0
IL,Shelby,2022,26,0.73,4.08,4.08,0,1,25,0.0
IL,St Clair,2022,39,0.56,4.28,4.44,5,9,25,12.82
IL,St. Clair,2016,58,1.84,3.71,3.76,9,37,12,15.52
IL,St. Clair,2017,78,1.67,6.58,6.86,26,36,16,33.33
IL,St. Clair,2018,89,1.71,5.34,5.63,42,32,15,47.19
IL,St. Clair,2019,190,1.0,3.64,3.84,47,71,72,24.74
IL,St. Clair,2020,105,1.47,4.53,4.65,19,41,45,18.1
IL,St. Clair,2021,45,1.24,3.96,4.13,8,22,15,17.78
IL,St. Clair,2022,62,0.74,2.68,2.82,4,9,49,6.45
IL,Stark,2016,1,2.0,4.2,4.48,0,0,1,0.0
IL,Stark,2017,4,1.5,5.02,5.04,2,0,2,50.0
IL,Stark,2018,3,1.0,5.85,5.8,0,0,3,0.0
IL,Stark,2019,1,0.0,0.0,0.0,0,0,1,0.0
IL,Stark,2020,5,0.2,3.8,3.8,1,0,4,20.0
IL,Stark,2021,5,0.2,3.2,3.2,0,0,5,0.0
IL,Stark,2022,3,1.0,6.0,6.0,0,1,2,0.0
IL,Stephenson,2016,3,1.67,4.29,4.29,0,1,2,0.0
IL,Stephenson,2017,3,1.67,0.19,0.19,1,1,1,33.33
IL,Stephenson,2018,20,1.45,5.59,5.67,3,7,10,15.0
IL,Stephenson,2019,10,1.2,4.8,4.7,2,1,7,20.0
IL,Stephenson,2020,11,0.82,5.45,5.45,2,5,4,18.18
IL,Stephenson,2021,6,1.17,6.17,6.33,2,1,3,33.33
IL,Stephenson,2022,2,0.0,3.0,3.0,0,0,2,0.0
IL,Tazewell,2016,9,1.78,3.39,3.42,2,7,0,22.22
IL,Tazewell,2017,17,2.18,6.78,6.79,14,1,2,82.35
IL,Tazewell,2018,43,1.88,5.93,5.95,13,19,11,30.23
IL,Tazewell,2019,37,1.3,3.79,3.78,9,6,22,24.32
IL,Tazewell,2020,24,0.88,4.62,4.62,4,8,12,16.67
IL,Tazewell,2021,6,1.5,4.5,4.5,0,3,3,0.0
IL,Tazewell,2022,51,1.12,4.39,4.43,0,3,48,0.0
IL,Union,2017,1,1.0,2.27,2.33,0,0,1,0.0
IL,Union,2018,6,1.83,6.2,6.26,0,3,3,0.0
IL,Union,2019,18,1.44,3.73,3.76,1,2,15,5.56
IL,Union,2020,4,0.5,5.25,5.5,0,1,3,0.0
IL,Union,2021,6,1.0,4.83,4.83,0,3,3,0.0
IL,Union,2022,6,0.83,2.5,2.5,0,0,6,0.0
IL,Vermilion,2016,4,2.0,9.63,9.63,2,1,1,50.0
IL,Vermilion,2017,15,1.2,3.16,3.2,5,1,9,33.33
IL,Vermilion,2018,19,1.74,3.04,4.96,4,8,7,21.05
IL,Vermilion,2019,55,1.02,4.81,4.9,5,12,38,9.09
IL,Vermilion,2020,9,0.78,7.67,7.67,1,1,7,11.11
IL,Vermilion,2021,11,0.91,5.55,5.64,1,2,8,9.09
IL,Vermilion,2022,65,1.11,6.57,6.65,2,11,52,3.08
IL,Wabash,2017,1,2.0,10.92,10.92,1,0,0,100.0
IL,Wabash,2018,4,1.25,7.63,7.97,1,0,3,25.0
IL,Wabash,2019,3,0.33,3.67,3.67,0,0,3,0.0
IL,Wabash,2020,8,0.88,5.25,5.38,0,3,5,0.0
IL,Wabash,2021,1,1.0,7.0,8.0,0,1,0,0.0
IL,Wabash,2022,3,0.67,4.33,4.67,0,0,3,0.0
IL,Warren,2017,6,1.5,5.04,5.05,2,2,2,33.33
IL,Warren,2018,16,1.62,3.97,3.99,1,7,8,6.25
IL,Warren,2019,23,1.13,3.79,3.8,5,7,11,21.74
IL,Warren,2020,22,0.86,3.45,3.45,6,2,14,27.27
IL,Warren,2021,3,1.67,2.67,3.0,0,0,3,0.0
IL,Warren,2022,19,1.11,4.0,4.16,0,1,18,0.0
IL,Washington,2016,3,2.33,9.11,9.11,0,0,3,0.0
IL,Washington,2017,7,1.43,3.48,3.5,0,2,5,0.0
IL,Washington,2018,18,1.5,6.23,6.3,2,11,5,11.11
IL,Washington,2019,34,1.38,2.93,2.99,6,3,25,17.65
IL,Washington,2020,11,0.64,4.91,5.0,0,6,5,0.0
IL,Washington,2021,6,0.83,12.33,12.33,1,3,2,16.67
IL,Washington,2022,18,0.83,2.89,3.17,1,0,17,5.56
IL,Wayne,2017,3,1.67,7.01,7.01,2,1,0,66.67
IL,Wayne,2018,5,2.2,9.7,9.7,3,1,1,60.0
IL,Wayne,2019,57,1.23,2.64,2.7,20,8,29,35.09
IL,Wayne,2020,15,0.4,3.87,3.93,0,6,9,0.0
IL,Wayne,2021,15,0.8,2.93,3.2,1,0,14,6.67
IL,Wayne,2022,20,0.8,4.65,4.8,1,0,19,5.0
IL,White,2017,4,1.5,8.76,8.78,1,2,1,25.0
IL,White,2018,7,1.43,4.6,5.23,1,0,6,14.29
IL,White,2019,26,1.31,2.21,2.25,17,1,8,65.38
IL,White,2020,3,0.33,4.67,5.0,0,0,3,0.0
IL,White,2021,1,1.0,5.0,5.0,0,0,1,0.0
IL,White,2022,8,0.62,2.62,2.62,0,0,8,0.0
IL,Whiteside,2016,6,1.83,11.05,11.13,4,1,1,66.67
IL,Whiteside,2017,11,1.91,7.4,7.4,5,3,3,45.45
IL,Whiteside,2018,25,1.4,4.49,4.51,2,3,20,8.0
IL,Whiteside,2019,23,1.3,5.42,5.34,6,5,12,26.09
IL,Whiteside,2020,21,1.29,4.38,4.57,2,5,14,9.52
IL,Whiteside,2021,14,0.93,3.0,3.21,0,3,11,0.0
IL,Whiteside,2022,4,1.25,5.25,5.5,0,0,4,0.0
IL,Will,2016,195,1.48,1.71,1.98,49,68,78,25.13
IL,Will,2017,510,1.37,3.46,3.92,145,188,177,28.43
IL,Will,2018,690,1.3,3.81,4.28,166,244,280,24.06
IL,Will,2019,521,1.04,3.61,3.99,107,152,262,20.54
IL,Will,2020,281,0.82,5.07,5.91,59,138,84,21.0
IL,Will,2021,508,1.15,3.34,3.69,50,163,295,9.84
IL,Will,2022,512,0.97,4.18,4.47,30,198,284,5.86
IL,Williamson,2017,63,1.92,5.75,5.78,2,20,41,3.17
IL,Williamson,2018,10,1.8,4.49,4.73,6,3,1,60.0
IL,Williamson,2019,20,1.4,4.84,4.9,0,7,13,0.0
IL,Williamson,2020,1,1.0,6.0,6.0,0,1,0,0.0
IL,Williamson,2021,6,1.5,4.0,4.0,0,3,3,0.0
IL,Williamson,2022,11,1.36,5.0,5.0,0,1,10,0.0
IL,Winnebago,2016,56,1.36,0.62,0.6,37,5,14,66.07
IL,Winnebago,2017,128,1.59,1.97,1.99,15,36,77,11.72
IL,Winnebago,2018,138,1.69,2.66,2.68,33,20,85,23.91
IL,Winnebago,2019,74,1.3,4.05,4.16,14,23,37,18.92
IL,Winnebago,2020,62,1.06,4.56,4.9,9,40,13,14.52
IL,Winnebago,2021,25,1.16,3.2,3.44,0,11,14,0.0
IL,Winnebago,2022,17,0.94,3.12,3.12,1,7,9,5.88
IL,Woodford,2016,1,2.0,9.03,9.25,0,1,0,0.0
IL,Woodford,2017,3,1.67,3.89,3.97,0,1,2,0.0
IL,Woodford,2018,28,1.61,4.28,4.28,0,5,23,0.0
IL,Woodford,2019,28,1.46,3.76,3.78,2,9,17,7.14
IL,Woodford,2020,24,1.21,4.17,4.21,0,5,19,0.0
IL,Woodford,2021,13,0.85,4.85,4.92,1,1,11,7.69
IL,Woodford,2022,54,1.22,5.56,5.48,0,5,49,0.0
IN,Adams,2017,4,1.75,9.11,9.06,2,1,1,50.0
IN,Adams,2018,16,1.69,6.59,6.61,5,6,5,31.25
IN,Adams,2019,26,1.08,3.86,3.87,4,5,17,15.38
IN,Adams,2020,10,0.9,7.4,7.5,1,6,3,10.0
IN,Adams,2021,2,0.0,1.0,1.5,0,0,2,0.0
IN,Adams,2022,6,0.83,3.83,4.0,0,1,5,0.0
IN,Allen,2017,45,1.62,4.59,4.82,20,13,12,44.44
IN,Allen,2018,131,1.47,4.22,4.55,54,49,28,41.22
IN,Allen,2019,174,1.14,3.79,3.97,68,58,48,39.08
IN,Allen,2020,71,0.82,4.75,4.8,19,24,28,26.76
IN,Allen,2021,50,0.66,4.48,4.82,9,23,18,18.0
IN,Allen,2022,65,0.85,3.71,3.83,3,23,39,4.62
IN,Bartholomew,2017,13,1.54,4.52,5.0,4,4,5,30.77
IN,Bartholomew,2018,58,1.76,4.86,4.92,10,15,33,17.24
IN,Bartholomew,2019,85,1.21,3.23,3.32,18,19,48,21.18
IN,Bartholomew,2020,12,1.25,4.08,4.08,0,3,9,0.0
IN,Bartholomew,2021,39,1.1,3.54,3.59,1,12,26,2.56
IN,Bartholomew,2022,41,1.41,5.1,5.17,2,12,27,4.88
IN,Benton,2017,1,1.0,4.53,4.53,0,0,1,0.0
IN,Benton,2018,5,1.6,6.64,6.64,0,2,3,0.0
IN,Benton,2019,8,0.75,3.26,3.27,0,0,8,0.0
IN,Benton,2020,12,1.08,6.17,6.17,3,3,6,25.0
IN,Benton,2022,14,0.64,3.79,4.0,4,0,10,28.57
IN,Blackford,2017,1,1.0,1.38,1.38,0,0,1,0.0
IN,Blackford,2018,2,2.0,6.22,6.28,2,0,0,100.0
IN,Blackford,2019,1,1.0,4.0,5.0,1,0,0,100.0
IN,Blackford,2020,2,0.5,4.5,4.5,2,0,0,100.0
IN,Blackford,2021,2,0.5,4.5,4.5,2,0,0,100.0
IN,Blackford,2022,2,0.5,4.0,4.5,0,1,1,0.0
IN,Boone,2017,26,1.69,3.99,4.04,3,6,17,11.54
IN,Boone,2018,63,1.49,4.55,4.96,4,21,38,6.35
IN,Boone,2019,153,1.29,2.9,3.03,16,32,105,10.46
IN,Boone,2020,39,1.33,5.38,5.59,8,13,18,20.51
IN,Boone,2021,68,1.38,3.25,3.51,1,21,46,1.47
IN,Boone,2022,105,1.22,4.61,4.75,7,25,73,6.67
IN,Brown,2017,2,2.0,5.01,5.06,0,0,2,0.0
IN,Brown,2018,28,1.64,6.25,7.84,6,7,15,21.43
IN,Brown,2019,7,0.43,2.86,4.43,1,3,3,14.29
IN,Brown,2020,17,0.59,1.88,4.71,0,9,8,0.0
IN,Brown,2021,8,0.62,5.38,5.5,0,2,6,0.0
IN,Carroll,2017,2,2.0,16.82,16.94,1,0,1,50.0
IN,Carroll,2018,10,1.8,6.01,6.05,1,6,3,10.0
IN,Carroll,2019,12,0.58,4.17,4.34,2,0,10,16.67
IN,Carroll,2020,15,0.47,4.47,4.47,2,3,10,13.33
IN,Carroll,2022,28,0.61,4.89,5.0,3,1,24,10.71
IN,Cass,2017,4,2.0,8.33,8.36,0,1,3,0.0
IN,Cass,2018,19,1.74,4.7,4.73,6,4,9,31.58
IN,Cass,2019,8,0.62,4.74,4.86,1,0,7,12.5
IN,Cass,2020,11,0.91,4.64,4.91,2,1,8,18.18
IN,Cass,2021,6,1.33,3.5,3.83,0,0,6,0.0
IN,Cass,2022,25,0.8,4.4,4.6,0,2,23,0.0
IN,Clark,2017,28,1.57,3.22,5.02,6,7,15,21.43
IN,Clark,2018,61,1.54,6.09,6.68,19,8,34,31.15
IN,Clark,2019,55,1.02,3.74,3.94,19,19,17,34.55
IN,Clark,2020,31,0.77,4.9,6.13,12,12,7,38.71
IN,Clark,2021,38,1.34,4.55,4.66,3,16,19,7.89
IN,Clark,2022,20,1.4,5.8,6.0,2,8,10,10.0
IN,Clay,2017,2,2.0,8.72,8.76,0,1,1,0.0
IN,Clay,2018,12,1.67,5.79,5.83,0,3,9,0.0
IN,Clay,2019,29,0.93,4.93,5.2,4,8,17,13.79
IN,Clay,2020,6,0.83,2.5,2.83,0,3,3,0.0
IN,Clay,2021,15,0.87,2.67,2.93,0,8,7,0.0
IN,Clay,2022,42,1.83,11.05,11.07,9,14,19,21.43
IN,Clinton,2017,17,1.35,2.8,2.89,2,5,10,11.76
IN,Clinton,2018,34,1.82,6.17,6.2,2,8,24,5.88
IN,Clinton,2019,25,0.96,3.14,3.19,3,6,16,12.0
IN,Clinton,2020,13,1.15,3.92,4.0,1,1,11,7.69
IN,Clinton,2021,12,1.25,3.33,3.25,0,2,10,0.0
IN,Clinton,2022,43,1.02,4.65,4.65,2,7,34,4.65
IN,Crawford,2017,2,2.0,0.24,0.24,2,0,0,100.0
IN,Crawford,2018,7,2.0,6.21,6.26,1,0,6,14.29
IN,Crawford,2019,17,1.65,3.9,3.9,4,2,11,23.53
IN,Crawford,2020,7,1.0,4.43,4.43,0,2,5,0.0
IN,Crawford,2021,4,1.5,3.0,3.0,0,1,3,0.0
IN,Crawford,2022,3,1.0,5.0,5.33,0,1,2,0.0
IN,Daviess,2017,3,1.67,15.52,15.52,1,1,1,33.33
IN,Daviess,2018,23,1.57,4.93,4.95,6,7,10,26.09
IN,Daviess,2019,22,1.32,5.36,5.46,3,6,13,13.64
IN,Daviess,2020,2,1.0,4.0,4.5,0,0,2,0.0
IN,Daviess,2021,3,1.33,5.0,4.67,0,2,1,0.0
IN,Daviess,2022,8,1.38,5.75,5.88,0,1,7,0.0
IN,DeKalb,2017,4,1.75,6.74,6.79,0,1,3,0.0
IN,DeKalb,2018,14,1.5,4.03,4.02,3,5,6,21.43
IN,DeKalb,2019,25,1.24,4.63,4.67,9,3,13,36.0
IN,DeKalb,2020,17,0.47,4.12,4.24,1,9,7,5.88
IN,DeKalb,2021,16,0.81,4.69,4.69,5,5,6,31.25
IN,DeKalb,2022,20,0.5,3.85,3.95,5,3,12,25.0
IN,Dearborn,2017,24,1.46,3.75,4.21,8,7,9,33.33
IN,Dearborn,2018,63,1.48,3.01,3.52,6,27,30,9.52
IN,Dearborn,2019,160,1.45,3.56,3.88,20,72,68,12.5
IN,Dearborn,2020,19,1.32,4.58,4.68,4,5,10,21.05
IN,Dearborn,2021,26,1.69,3.92,4.42,1,14,11,3.85
IN,Dearborn,2022,31,1.68,7.19,7.29,3,15,13,9.68
IN,Decatur,2017,13,1.62,4.32,4.39,4,2,7,30.77
IN,Decatur,2018,19,1.53,4.37,4.39,2,4,13,10.53
IN,Decatur,2019,47,1.49,4.93,4.92,8,21,18,17.02
IN,Decatur,2020,9,2.0,7.22,7.33,1,3,5,11.11
IN,Decatur,2021,3,1.0,1.33,1.33,0,1,2,0.0
IN,Decatur,2022,3,1.33,3.67,3.67,0,0,3,0.0
IN,Delaware,2017,14,1.5,5.33,5.36,3,5,6,21.43
IN,Delaware,2018,36,1.69,3.77,3.84,5,18,13,13.89
IN,Delaware,2019,43,1.19,4.01,4.05,17,7,19,39.53
IN,Delaware,2020,11,0.82,3.91,3.82,1,2,8,9.09
IN,Delaware,2021,8,1.75,11.0,11.0,2,2,4,25.0
IN,Delaware,2022,18,0.44,3.39,3.56,0,2,16,0.0
IN,Dubois,2017,4,1.75,5.93,5.96,1,2,1,25.0
IN,Dubois,2018,17,1.71,6.44,6.57,7,3,7,41.18
IN,Dubois,2019,23,1.48,3.45,3.61,6,5,12,26.09
IN,Dubois,2020,21,1.67,4.62,6.1,1,2,18,4.76
IN,Dubois,2021,13,1.62,1.38,2.92,0,0,13,0.0
IN,Elkhart,2016,3,2.33,3.31,3.3,0,1,2,0.0
IN,Elkhart,2017,44,1.59,4.17,4.24,7,7,30,15.91
IN,Elkhart,2018,103,1.48,3.26,3.44,27,26,50,26.21
IN,Elkhart,2019,90,0.87,4.22,4.4,19,18,53,21.11
IN,Elkhart,2020,47,0.57,2.83,3.34,4,12,31,8.51
IN,Elkhart,2021,126,1.44,5.67,5.98,13,29,84,10.32
IN,Elkhart,2022,91,0.56,3.76,4.14,12,16,63,13.19
IN,Fayette,2017,1,2.0,5.72,5.8,0,1,0,0.0
IN,Fayette,2018,3,1.33,3.11,3.11,1,0,2,33.33
IN,Fayette,2019,7,0.86,5.24,5.43,2,4,1,28.57
IN,Fayette,2020,5,0.6,6.0,6.0,3,2,0,60.0
IN,Floyd,2017,4,1.25,5.61,6.21,0,3,1,0.0
IN,Floyd,2018,61,1.51,5.03,5.3,20,25,16,32.79
IN,Floyd,2019,48,1.1,3.78,4.38,12,25,11,25.0
IN,Floyd,2020,14,0.64,2.86,3.5,0,5,9,0.0
IN,Floyd,2021,31,0.71,3.87,4.06,1,18,12,3.23
IN,Floyd,2022,31,1.35,4.45,4.84,3,14,14,9.68
IN,Fountain,2017,2,1.5,5.28,5.31,0,1,1,0.0
IN,Fountain,2018,11,2.09,3.26,3.27,1,2,8,9.09
IN,Fountain,2019,23,1.3,4.34,4.43,1,2,20,4.35
IN,Fountain,2020,3,0.67,12.0,12.33,1,2,0,33.33
IN,Fountain,2021,1,0.0,0.0,4.0,0,1,0,0.0
IN,Fountain,2022,23,1.26,4.39,4.43,0,2,21,0.0
IN,Franklin,2017,11,1.45,3.18,3.19,0,6,5,0.0
IN,Franklin,2018,16,1.75,5.3,5.31,2,6,8,12.5
IN,Franklin,2019,22,1.36,4.7,4.71,2,4,16,9.09
IN,Franklin,2020,5,0.2,2.6,2.6,1,0,4,20.0
IN,Franklin,2021,1,1.0,6.0,6.0,0,1,0,0.0
IN,Franklin,2022,3,0.67,4.67,5.0,0,1,2,0.0
IN,Fulton,2017,1,1.0,0.97,0.97,0,0,1,0.0
IN,Fulton,2018,9,1.33,4.97,4.98,1,1,7,11.11
IN,Fulton,2019,12,0.92,4.57,4.74,4,0,8,33.33
IN,Fulton,2020,8,0.88,5.75,5.88,3,0,5,37.5
IN,Fulton,2021,7,1.0,4.14,4.0,1,2,4,14.29
IN,Fulton,2022,33,0.94,4.97,5.0,3,1,29,9.09
IN,Gibson,2017,11,1.09,2.47,2.49,3,2,6,27.27
IN,Gibson,2018,42,1.38,2.97,3.02,1,15,26,2.38
IN,Gibson,2019,38,1.16,3.45,3.38,5,8,25,13.16
IN,Gibson,2020,12,0.83,4.83,5.0,0,7,5,0.0
IN,Gibson,2021,10,1.1,2.3,3.4,0,5,5,0.0
IN,Gibson,2022,10,1.1,4.6,4.6,0,2,8,0.0
IN,Grant,2017,11,1.82,6.15,6.18,5,1,5,45.45
IN,Grant,2018,35,1.91,3.92,3.93,6,8,21,17.14
IN,Grant,2019,66,1.29,3.48,3.52,13,14,39,19.7
IN,Grant,2020,21,0.67,3.24,3.38,3,6,12,14.29
IN,Grant,2021,13,1.46,3.77,3.92,1,1,11,7.69
IN,Grant,2022,14,1.36,6.29,6.21,3,3,8,21.43
IN,Greene,2017,3,1.67,3.98,4.08,1,0,2,33.33
IN,Greene,2018,8,1.5,7.59,7.61,3,0,5,37.5
IN,Greene,2019,35,0.8,4.03,4.08,9,14,12,25.71
IN,Greene,2020,6,0.5,5.17,5.17,1,2,3,16.67
IN,Greene,2021,5,1.0,7.0,7.2,1,1,3,20.0
IN,Greene,2022,11,0.91,4.36,4.45,4,1,6,36.36
IN,Hamilton,2017,71,1.52,4.48,4.9,28,18,25,39.44
IN,Hamilton,2018,171,1.35,3.87,4.25,42,68,61,24.56
IN,Hamilton,2019,208,0.84,3.13,3.7,43,92,73,20.67
IN,Hamilton,2020,74,0.68,3.41,4.28,29,34,11,39.19
IN,Hamilton,2021,79,0.9,3.16,3.67,9,20,50,11.39
IN,Hamilton,2022,75,0.79,3.91,4.2,8,25,42,10.67
IN,Hancock,2017,16,1.75,4.01,4.07,1,2,13,6.25
IN,Hancock,2018,55,1.55,4.44,4.67,4,13,38,7.27
IN,Hancock,2019,59,1.24,4.77,4.81,8,15,36,13.56
IN,Hancock,2020,65,1.62,5.45,5.52,2,24,39,3.08
IN,Hancock,2021,182,1.99,7.53,7.57,1,56,125,0.55
IN,Hancock,2022,27,0.93,3.89,3.93,1,8,18,3.7
IN,Harrison,2017,1,1.0,0.63,0.68,0,0,1,0.0
IN,Harrison,2018,11,1.36,4.0,4.14,4,5,2,36.36
IN,Harrison,2019,40,0.75,3.04,3.09,16,3,21,40.0
IN,Harrison,2020,9,0.67,5.0,5.0,0,2,7,0.0
IN,Harrison,2021,13,1.08,2.85,3.08,0,5,8,0.0
IN,Harrison,2022,5,1.0,1.8,6.2,0,1,4,0.0
IN,Hendricks,2017,31,1.52,4.31,4.7,10,13,8,32.26
IN,Hendricks,2018,97,1.52,3.84,4.39,15,58,24,15.46
IN,Hendricks,2019,108,0.85,4.49,5.05,19,42,47,17.59
IN,Hendricks,2020,64,0.47,2.91,3.73,4,25,35,6.25
IN,Hendricks,2021,84,0.64,3.2,3.96,17,24,43,20.24
IN,Hendricks,2022,36,0.78,3.69,4.14,3,11,22,8.33
IN,Henry,2017,10,1.8,4.36,4.36,2,4,4,20.0
IN,Henry,2018,36,1.81,5.07,5.23,4,12,20,11.11
IN,Henry,2019,52,1.33,5.32,5.29,5,11,36,9.62
IN,Henry,2020,103,1.48,4.74,4.77,1,34,68,0.97
IN,Henry,2021,125,1.82,6.27,6.5,3,45,77,2.4
IN,Henry,2022,19,1.11,6.42,6.47,2,3,14,10.53
IN,Howard,2017,6,1.5,2.25,2.38,2,3,1,33.33
IN,Howard,2018,22,1.68,5.9,5.94,10,6,6,45.45
IN,Howard,2019,19,0.74,3.73,3.8,6,7,6,31.58
IN,Howard,2020,11,0.55,3.64,4.18,3,2,6,27.27
IN,Howard,2021,2,1.0,2.5,5.5,2,0,0,100.0
IN,Howard,2022,20,0.35,3.4,3.45,3,1,16,15.0
IN,Huntington,2017,8,1.62,5.87,5.89,1,2,5,12.5
IN,Huntington,2018,19,1.68,4.35,4.38,3,9,7,15.79
IN,Huntington,2019,30,1.3,5.25,5.34,14,4,12,46.67
IN,Huntington,2020,18,0.83,3.83,4.0,2,4,12,11.11
IN,Huntington,2021,11,1.18,3.55,4.09,1,3,7,9.09
IN,Huntington,2022,36,1.06,4.47,4.47,4,4,28,11.11
IN,Jackson,2017,40,1.32,2.24,2.67,6,10,24,15.0
IN,Jackson,2018,80,1.44,3.14,3.26,5,23,52,6.25
IN,Jackson,2019,97,1.08,3.79,4.42,10,30,57,10.31
IN,Jackson,2020,101,1.43,2.61,3.62,5,58,38,4.95
IN,Jackson,2021,73,1.53,2.7,3.64,1,40,32,1.37
IN,Jackson,2022,28,1.39,6.11,6.18,1,7,20,3.57
IN,Jasper,2017,13,1.92,4.11,4.13,6,1,6,46.15
IN,Jasper,2018,58,1.62,3.78,3.8,14,11,33,24.14
IN,Jasper,2019,39,1.87,8.61,8.62,1,7,31,2.56
IN,Jasper,2020,10,1.4,7.0,7.0,0,5,5,0.0
IN,Jasper,2021,36,1.5,5.28,5.5,1,6,29,2.78
IN,Jasper,2022,92,1.2,5.65,5.71,2,12,78,2.17
IN,Jay,2017,8,1.5,4.64,4.68,1,2,5,12.5
IN,Jay,2018,12,1.75,5.15,5.19,2,3,7,16.67
IN,Jay,2019,19,0.47,3.84,3.97,5,4,10,26.32
IN,Jay,2020,9,1.0,6.11,6.22,5,1,3,55.56
IN,Jay,2021,4,0.5,1.0,2.25,1,1,2,25.0
IN,Jay,2022,6,0.67,4.83,5.0,2,0,4,33.33
IN,Jefferson,2017,5,1.2,4.64,4.77,2,1,2,40.0
IN,Jefferson,2018,7,1.0,2.69,2.83,2,1,4,28.57
IN,Jefferson,2019,3,0.67,6.33,6.33,1,0,2,33.33
IN,Jefferson,2020,6,1.5,11.0,11.17,1,3,2,16.67
IN,Jefferson,2021,5,1.0,4.2,4.2,0,1,4,0.0
IN,Jefferson,2022,3,1.0,5.33,5.33,0,1,2,0.0
IN,Jennings,2017,7,1.57,4.18,4.32,1,2,4,14.29
IN,Jennings,2018,27,1.81,5.25,5.27,2,9,16,7.41
IN,Jennings,2019,18,1.06,3.71,3.77,3,2,13,16.67
IN,Jennings,2020,5,1.4,3.6,3.8,0,1,4,0.0
IN,Jennings,2021,11,1.64,3.36,3.82,0,7,4,0.0
IN,Jennings,2022,4,0.75,5.0,5.25,0,0,4,0.0
IN,Johnson,2017,30,1.47,3.96,4.25,6,12,12,20.0
IN,Johnson,2018,62,1.45,3.3,3.46,25,14,23,40.32
IN,Johnson,2019,85,0.76,3.08,3.31,11,30,44,12.94
IN,Johnson,2020,26,0.81,3.85,4.23,3,11,12,11.54
IN,Johnson,2021,40,0.6,3.35,4.25,1,17,22,2.5
IN,Johnson,2022,34,1.0,4.09,4.35,5,10,19,14.71
IN,Knox,2017,3,2.0,9.35,9.35,2,1,0,66.67
IN,Knox,2018,19,1.53,6.25,6.29,5,5,9,26.32
IN,Knox,2019,27,1.22,3.67,3.75,2,6,19,7.41
IN,Knox,2020,10,1.1,6.1,6.1,1,3,6,10.0
IN,Knox,2021,3,1.33,6.33,6.33,0,1,2,0.0
IN,Knox,2022,7,1.0,4.71,4.86,1,0,6,14.29
IN,Kosciusko,2017,14,1.5,5.81,5.88,7,2,5,50.0
IN,Kosciusko,2018,35,1.4,2.97,3.14,4,8,23,11.43
IN,Kosciusko,2019,57,1.14,2.74,2.91,10,10,37,17.54
IN,Kosciusko,2020,27,1.0,2.48,2.48,5,4,18,18.52
IN,Kosciusko,2021,18,1.06,3.61,3.89,4,4,10,22.22
IN,Kosciusko,2022,36,0.81,4.31,4.44,0,2,34,0.0
IN,La Porte,2017,14,1.57,3.4,3.46,6,2,6,42.86
IN,La Porte,2018,6,1.67,5.84,7.63,4,0,2,66.67
IN,LaGrange,2017,6,1.67,3.82,3.83,0,0,6,0.0
IN,LaGrange,2018,19,1.53,4.55,4.59,1,4,14,5.26
IN,LaGrange,2019,25,0.8,3.01,3.01,7,2,16,28.0
IN,LaGrange,2020,20,0.6,4.5,4.7,5,1,14,25.0
IN,LaGrange,2021,68,1.87,7.44,7.44,2,21,45,2.94
IN,LaGrange,2022,8,0.5,2.25,2.38,2,0,6,25.0
IN,LaPorte,2016,7,2.43,0.71,0.71,0,2,5,0.0
IN,LaPorte,2017,38,1.58,6.23,6.29,6,8,24,15.79
IN,LaPorte,2018,112,1.64,4.0,4.04,29,27,56,25.89
IN,LaPorte,2019,121,1.12,3.12,3.13,73,9,39,60.33
IN,LaPorte,2020,36,0.92,3.69,3.78,10,10,16,27.78
IN,LaPorte,2021,31,1.13,3.26,3.29,0,18,13,0.0
IN,LaPorte,2022,52,1.17,5.52,5.58,3,6,43,5.77
IN,Lagrange,2017,9,1.22,1.67,1.69,4,0,5,44.44
IN,Lagrange,2018,3,1.0,0.68,0.8,1,1,1,33.33
IN,Lagrange,2022,14,0.36,2.64,2.71,4,1,9,28.57
IN,Lake,2016,52,1.62,0.57,0.6,13,18,21,25.0
IN,Lake,2017,390,1.49,2.96,3.47,84,172,134,21.54
IN,Lake,2018,476,1.53,3.05,3.7,97,204,175,20.38
IN,Lake,2019,579,1.29,4.28,4.61,96,199,284,16.58
IN,Lake,2020,254,0.95,2.68,3.79,31,125,98,12.2
IN,Lake,2021,669,1.28,3.38,3.8,21,278,370,3.14
IN,Lake,2022,558,1.34,4.38,5.04,28,250,280,5.02
IN,Laporte,2022,61,0.66,3.31,3.44,1,4,56,1.64
IN,Lawrence,2017,5,1.6,2.33,2.34,1,1,3,20.0
IN,Lawrence,2018,32,1.62,4.06,4.15,15,5,12,46.88
IN,Lawrence,2019,81,1.27,4.1,4.13,18,29,34,22.22
IN,Lawrence,2020,7,1.14,2.29,2.86,0,6,1,0.0
IN,Lawrence,2021,12,1.5,2.25,2.92,0,8,4,0.0
IN,Lawrence,2022,2,1.0,3.5,4.0,0,0,2,0.0
IN,Madison,2017,31,1.55,4.81,5.04,11,6,14,35.48
IN,Madison,2018,65,1.54,4.29,4.38,17,23,25,26.15
IN,Madison,2019,84,1.48,6.09,6.17,24,33,27,28.57
IN,Madison,2020,20,0.6,4.6,4.8,5,8,7,25.0
IN,Madison,2021,10,1.0,2.7,3.5,1,5,4,10.0
IN,Madison,2022,31,0.68,4.35,4.52,4,5,22,12.9
IN,Marion,2017,468,1.47,3.52,4.27,171,163,134,36.54
IN,Marion,2018,1030,1.5,3.26,3.83,367,335,328,35.63
IN,Marion,2019,1216,1.19,3.82,4.35,337,487,392,27.71
IN,Marion,2020,336,0.96,2.76,3.54,66,196,74,19.64
IN,Marion,2021,797,0.77,2.8,3.38,64,402,331,8.03
IN,Marion,2022,690,1.36,3.43,4.13,90,238,362,13.04
IN,Marshall,2017,19,1.42,3.81,3.84,1,2,16,5.26
IN,Marshall,2018,30,1.37,3.44,3.5,6,6,18,20.0
IN,Marshall,2019,36,1.11,5.49,5.66,10,9,17,27.78
IN,Marshall,2020,24,0.71,4.62,5.0,1,12,11,4.17
IN,Marshall,2021,22,1.55,4.91,5.14,0,10,12,0.0
IN,Marshall,2022,54,0.87,3.96,4.02,6,2,46,11.11
IN,Martin,2018,7,1.71,2.86,2.96,0,1,6,0.0
IN,Martin,2019,7,1.57,7.0,7.0,1,1,5,14.29
IN,Martin,2021,1,2.0,5.0,5.0,0,0,1,0.0
IN,Martin,2022,3,1.33,2.67,2.67,0,0,3,0.0
IN,Miami,2017,14,1.29,2.74,2.72,1,3,10,7.14
IN,Miami,2018,26,1.5,6.09,6.09,5,7,14,19.23
IN,Miami,2019,25,1.48,6.2,6.29,4,4,17,16.0
IN,Miami,2020,6,1.33,4.67,4.67,1,3,2,16.67
IN,Miami,2021,6,1.33,3.67,3.67,1,2,3,16.67
IN,Miami,2022,24,1.08,3.12,3.17,2,1,21,8.33
IN,Monroe,2017,49,1.51,4.35,4.52,11,17,21,22.45
IN,Monroe,2018,150,1.59,4.76,5.31,37,48,65,24.67
IN,Monroe,2019,44,1.2,4.28,4.47,15,14,15,34.09
IN,Monroe,2020,7,1.14,5.14,6.14,3,3,1,42.86
IN,Monroe,2021,9,0.89,4.33,5.22,3,4,2,33.33
IN,Monroe,2022,15,0.87,4.07,4.2,0,5,10,0.0
IN,Montgomery,2017,10,1.7,0.99,5.51,3,4,3,30.0
IN,Montgomery,2018,16,1.62,4.24,4.27,2,4,10,12.5
IN,Montgomery,2019,47,1.02,3.82,3.99,4,6,37,8.51
IN,Montgomery,2020,3,0.67,6.0,6.33,0,0,3,0.0
IN,Montgomery,2021,6,1.17,4.83,4.83,0,1,5,0.0
IN,Montgomery,2022,43,1.07,5.6,5.72,0,2,41,0.0
IN,Morgan,2017,43,1.6,5.78,6.32,6,13,24,13.95
IN,Morgan,2018,104,1.57,3.84,5.24,6,40,58,5.77
IN,Morgan,2019,92,1.08,3.92,4.12,12,22,58,13.04
IN,Morgan,2020,19,1.11,5.16,5.37,5,7,7,26.32
IN,Morgan,2021,63,1.3,4.51,4.78,4,26,33,6.35
IN,Morgan,2022,29,1.28,5.28,5.45,0,5,24,0.0
IN,Newton,2017,18,1.44,4.03,4.05,5,1,12,27.78
IN,Newton,2018,35,1.49,5.47,5.49,2,11,22,5.71
IN,Newton,2019,22,0.73,3.77,3.78,4,1,17,18.18
IN,Newton,2020,18,1.0,9.17,9.22,6,4,8,33.33
IN,Newton,2021,4,0.75,3.75,3.75,1,0,3,25.0
IN,Newton,2022,43,0.51,3.74,3.74,4,0,39,9.3
IN,Noble,2017,3,2.0,13.52,13.5,1,2,0,33.33
IN,Noble,2018,30,1.57,3.48,3.51,2,7,21,6.67
IN,Noble,2019,23,0.3,4.48,4.53,3,2,18,13.04
IN,Noble,2020,19,0.37,3.79,3.84,2,5,12,10.53
IN,Noble,2021,7,0.14,2.14,2.29,0,1,6,0.0
IN,Noble,2022,34,0.35,3.91,4.0,9,1,24,26.47
IN,Ohio,2017,1,2.0,9.57,9.65,1,0,0,100.0
IN,Ohio,2018,2,1.5,6.72,10.63,0,2,0,0.0
IN,Ohio,2019,6,1.17,1.67,6.76,0,4,2,0.0
IN,Orange,2018,4,2.0,3.33,3.34,2,2,0,50.0
IN,Orange,2019,19,1.0,2.39,2.44,4,1,14,21.05
IN,Orange,2020,9,0.67,3.11,3.11,2,2,5,22.22
IN,Orange,2021,4,0.75,5.25,5.25,0,0,4,0.0
IN,Orange,2022,7,0.86,3.0,3.0,0,0,7,0.0
IN,Owen,2017,3,2.0,3.17,3.17,0,3,0,0.0
IN,Owen,2018,13,1.54,3.63,3.76,3,4,6,23.08
IN,Owen,2019,9,0.33,3.72,3.72,0,0,9,0.0
IN,Owen,2020,2,0.5,21.0,21.0,1,0,1,50.0
IN,Owen,2021,8,0.38,3.38,3.5,3,2,3,37.5
IN,Owen,2022,9,0.44,4.78,5.11,0,5,4,0.0
IN,Parke,2017,9,1.44,2.32,2.33,1,3,5,11.11
IN,Parke,2018,3,1.33,10.57,10.53,1,0,2,33.33
IN,Parke,2019,10,0.3,2.2,2.6,1,0,9,10.0
IN,Parke,2020,3,1.0,9.67,9.67,2,1,0,66.67
IN,Parke,2021,4,1.0,4.25,4.5,0,0,4,0.0
IN,Parke,2022,9,0.67,5.44,5.89,0,1,8,0.0
IN,Perry,2017,2,1.5,0.0,0.0,2,0,0,100.0
IN,Perry,2018,11,1.82,5.51,5.54,5,1,5,45.45
IN,Perry,2019,14,1.57,1.58,1.58,8,0,6,57.14
IN,Perry,2020,2,0.5,5.5,6.0,0,1,1,0.0
IN,Perry,2021,1,2.0,3.0,3.0,0,0,1,0.0
IN,Perry,2022,2,1.0,2.5,2.5,0,0,2,0.0
IN,Pike,2017,1,0.0,0.18,0.18,0,0,1,0.0
IN,Pike,2018,11,1.09,3.34,3.33,1,0,10,9.09
IN,Pike,2019,9,1.0,5.6,5.7,0,1,8,0.0
IN,Pike,2020,4,0.75,6.5,6.5,0,0,4,0.0
IN,Pike,2021,3,1.33,5.67,5.67,0,2,1,0.0
IN,Pike,2022,3,1.0,4.33,4.67,0,0,3,0.0
IN,Porter,2017,97,1.37,3.06,3.16,11,22,64,11.34
IN,Porter,2018,131,1.48,3.43,3.77,26,38,67,19.85
IN,Porter,2019,147,0.73,2.99,3.07,62,30,55,42.18
IN,Porter,2020,57,0.56,3.46,3.89,10,21,26,17.54
IN,Porter,2021,56,1.2,3.3,3.41,4,8,44,7.14
IN,Porter,2022,177,0.84,3.42,3.47,9,29,139,5.08
IN,Posey,2017,1,2.0,0.0,0.0,0,0,1,0.0
IN,Posey,2018,16,0.88,4.75,4.78,3,1,12,18.75
IN,Posey,2019,40,1.38,1.89,1.92,3,6,31,7.5
IN,Posey,2020,6,1.0,5.17,5.33,0,4,2,0.0
IN,Posey,2022,9,0.67,2.67,2.67,0,0,9,0.0
IN,Pulaski,2017,3,1.33,4.75,4.73,1,1,1,33.33
IN,Pulaski,2018,3,1.33,4.97,5.07,0,0,3,0.0
IN,Pulaski,2019,8,0.62,5.12,5.12,0,0,8,0.0
IN,Pulaski,2020,7,0.43,5.43,5.57,0,3,4,0.0
IN,Pulaski,2021,13,0.23,4.0,4.08,0,0,13,0.0
IN,Pulaski,2022,26,0.65,4.77,4.96,0,1,25,0.0
IN,Putnam,2017,8,1.75,2.91,2.9,0,0,8,0.0
IN,Putnam,2018,47,1.74,5.41,5.42,6,18,23,12.77
IN,Putnam,2019,24,0.96,3.67,3.72,2,4,18,8.33
IN,Putnam,2020,8,0.62,4.5,4.62,0,3,5,0.0
IN,Putnam,2021,16,1.5,6.12,6.19,0,5,11,0.0
IN,Putnam,2022,40,1.2,6.75,6.85,1,7,32,2.5
IN,Randolph,2017,6,1.67,7.76,7.8,2,2,2,33.33
IN,Randolph,2018,12,1.5,5.63,5.68,5,2,5,41.67
IN,Randolph,2019,23,0.91,3.84,3.93,2,4,17,8.7
IN,Randolph,2020,9,1.0,5.22,5.22,1,2,6,11.11
IN,Randolph,2021,4,0.5,4.5,5.0,2,0,2,50.0
IN,Randolph,2022,8,1.38,5.0,5.0,0,1,7,0.0
IN,Ripley,2017,6,1.67,7.43,7.41,1,2,3,16.67
IN,Ripley,2018,46,1.63,5.0,5.25,3,16,27,6.52
IN,Ripley,2019,40,1.48,5.23,5.22,1,21,18,2.5
IN,Ripley,2020,5,1.0,4.0,4.0,1,2,2,20.0
IN,Ripley,2021,5,1.4,3.2,3.4,0,2,3,0.0
IN,Ripley,2022,10,1.0,4.4,4.5,0,3,7,0.0
IN,Rush,2017,6,1.17,2.18,2.22,5,0,1,83.33
IN,Rush,2018,11,1.55,2.64,2.68,0,3,8,0.0
IN,Rush,2019,7,0.71,5.19,5.18,0,0,7,0.0
IN,Rush,2020,1,1.0,4.0,5.0,0,0,1,0.0
IN,Rush,2021,4,1.0,6.0,6.75,0,1,3,0.0
IN,Rush,2022,3,0.67,4.33,4.33,0,0,3,0.0
IN,Scott,2017,8,1.12,0.97,1.54,0,5,3,0.0
IN,Scott,2018,7,1.43,4.09,4.1,1,1,5,14.29
IN,Scott,2019,27,0.81,3.31,3.42,1,5,21,3.7
IN,Scott,2020,5,1.4,6.0,6.6,1,2,2,20.0
IN,Scott,2021,11,1.82,9.0,9.0,1,4,6,9.09
IN,Scott,2022,15,1.27,4.8,4.93,0,5,10,0.0
IN,Shelby,2017,9,1.78,3.62,3.63,1,4,4,11.11
IN,Shelby,2018,29,1.59,3.7,3.72,4,8,17,13.79
IN,Shelby,2019,33,1.36,4.82,4.86,11,6,16,33.33
IN,Shelby,2020,13,1.38,5.85,5.92,1,4,8,7.69
IN,Shelby,2021,107,1.68,5.05,5.08,1,19,87,0.93
IN,Shelby,2022,18,1.06,5.61,5.78,0,5,13,0.0
IN,Spencer,2017,4,1.5,8.68,8.68,2,1,1,50.0
IN,Spencer,2018,15,1.47,7.3,7.33,1,6,8,6.67
IN,Spencer,2019,18,1.39,3.06,3.08,10,3,5,55.56
IN,Spencer,2020,1,1.0,8.0,8.0,0,1,0,0.0
IN,Spencer,2021,2,1.0,7.0,7.0,0,2,0,0.0
IN,Spencer,2022,3,0.67,2.33,2.33,0,1,2,0.0
IN,St Joseph,2016,2,1.5,7.64,7.65,1,0,1,50.0
IN,St Joseph,2017,7,1.0,3.94,3.96,2,3,2,28.57
IN,St Joseph,2022,25,0.88,3.48,3.56,2,10,13,8.0
IN,St. Joseph,2016,34,2.24,1.16,1.16,1,9,24,2.94
IN,St. Joseph,2017,46,1.74,5.8,5.84,7,13,26,15.22
IN,St. Joseph,2018,65,1.48,4.93,4.99,28,11,26,43.08
IN,St. Joseph,2019,62,1.21,5.57,5.6,17,9,36,27.42
IN,St. Joseph,2020,23,1.13,6.52,6.87,4,8,11,17.39
IN,St. Joseph,2021,26,0.92,3.96,5.31,7,11,8,26.92
IN,St. Joseph,2022,28,0.46,3.18,3.32,3,6,19,10.71
IN,Starke,2017,6,1.33,3.08,3.11,1,1,4,16.67
IN,Starke,2018,13,1.54,3.89,3.94,1,4,8,7.69
IN,Starke,2019,10,0.9,4.72,4.75,0,2,8,0.0
IN,Starke,2020,13,0.85,6.31,6.54,0,11,2,0.0
IN,Starke,2021,1,1.0,6.0,6.0,0,1,0,0.0
IN,Starke,2022,28,0.46,4.5,4.54,0,0,28,0.0
IN,Steuben,2016,3,2.33,3.76,3.78,0,0,3,0.0
IN,Steuben,2017,10,1.6,4.26,4.39,3,3,4,30.0
IN,Steuben,2018,25,1.64,5.22,5.25,8,5,12,32.0
IN,Steuben,2019,41,1.2,4.39,4.42,6,11,24,14.63
IN,Steuben,2020,18,0.61,3.56,3.61,2,5,11,11.11
IN,Steuben,2021,21,0.9,3.62,3.81,1,6,14,4.76
IN,Steuben,2022,19,0.95,3.42,3.68,4,2,13,21.05
IN,Sullivan,2018,2,2.0,17.09,17.09,2,0,0,100.0
IN,Sullivan,2019,22,1.05,3.03,3.07,3,4,15,13.64
IN,Sullivan,2020,4,0.75,5.5,5.5,1,3,0,25.0
IN,Sullivan,2021,1,1.0,2.0,2.0,0,1,0,0.0
IN,Sullivan,2022,9,0.33,3.67,3.78,0,2,7,0.0
IN,Switzerland,2017,6,1.83,13.35,13.38,5,0,1,83.33
IN,Switzerland,2018,2,2.0,9.9,9.88,2,0,0,100.0
IN,Switzerland,2019,3,0.33,11.33,11.33,1,2,0,33.33
IN,Switzerland,2020,1,1.0,4.0,5.0,0,1,0,0.0
IN,Switzerland,2021,15,0.8,5.73,5.87,1,14,0,6.67
IN,Tippecanoe,2017,80,1.78,4.51,4.96,38,14,28,47.5
IN,Tippecanoe,2018,125,1.71,3.09,4.15,67,37,21,53.6
IN,Tippecanoe,2019,68,1.19,5.78,5.86,18,14,36,26.47
IN,Tippecanoe,2020,38,0.95,3.84,4.24,4,16,18,10.53
IN,Tippecanoe,2021,52,1.0,3.46,4.23,1,17,34,1.92
IN,Tippecanoe,2022,90,0.94,5.61,5.64,3,10,77,3.33
IN,Tipton,2017,1,1.0,5.28,5.28,0,0,1,0.0
IN,Tipton,2018,24,1.42,5.2,5.22,3,6,15,12.5
IN,Tipton,2019,10,0.9,3.28,3.39,0,4,6,0.0
IN,Tipton,2020,6,0.83,5.0,5.17,0,1,5,0.0
IN,Tipton,2021,42,0.31,2.9,3.76,0,5,37,0.0
IN,Tipton,2022,26,0.46,3.46,3.81,0,3,23,0.0
IN,Union,2017,1,1.0,1.3,1.37,0,0,1,0.0
IN,Union,2018,3,1.33,5.97,5.97,1,1,1,33.33
IN,Union,2019,5,1.2,3.63,3.63,0,0,5,0.0
IN,Union,2020,1,1.0,6.0,6.0,1,0,0,100.0
IN,Union,2021,1,1.0,1.0,2.0,0,0,1,0.0
IN,Union,2022,3,1.0,4.33,4.33,1,1,1,33.33
IN,Vanderburgh,2017,38,1.32,3.92,4.11,5,21,12,13.16
IN,Vanderburgh,2018,92,1.16,3.73,4.07,18,43,31,19.57
IN,Vanderburgh,2019,24,1.33,4.3,4.47,8,8,8,33.33
IN,Vanderburgh,2020,12,0.92,6.83,7.0,4,6,2,33.33
IN,Vanderburgh,2021,8,1.25,4.5,5.0,0,8,0,0.0
IN,Vanderburgh,2022,13,0.92,3.0,3.15,0,4,9,0.0
IN,Vermillion,2016,1,3.0,19.88,19.87,0,0,1,0.0
IN,Vermillion,2017,7,1.14,1.2,1.21,0,2,5,0.0
IN,Vermillion,2018,7,1.71,6.01,6.03,0,1,6,0.0
IN,Vermillion,2019,39,1.64,5.78,5.76,2,16,21,5.13
IN,Vermillion,2020,6,1.67,5.0,5.0,1,0,5,16.67
IN,Vermillion,2021,2,1.5,3.0,3.0,0,1,1,0.0
IN,Vermillion,2022,33,1.33,4.52,4.52,0,1,32,0.0
IN,Vigo,2016,2,2.5,10.35,10.38,1,1,0,50.0
IN,Vigo,2017,9,1.56,5.21,5.56,2,4,3,22.22
IN,Vigo,2018,47,1.66,3.1,4.83,21,15,11,44.68
IN,Vigo,2019,51,1.45,3.68,3.73,26,9,16,50.98
IN,Vigo,2020,49,0.88,3.0,3.63,4,32,13,8.16
IN,Vigo,2021,49,0.71,1.24,2.45,4,34,11,8.16
IN,Vigo,2022,30,1.23,4.23,4.27,1,6,23,3.33
IN,Wabash,2017,6,1.83,7.57,7.61,4,0,2,66.67
IN,Wabash,2018,10,1.4,6.02,6.04,2,3,5,20.0
IN,Wabash,2019,32,1.0,3.61,3.74,4,7,21,12.5
IN,Wabash,2020,15,0.93,2.6,2.73,2,5,8,13.33
IN,Wabash,2021,4,1.25,3.75,4.0,0,0,4,0.0
IN,Wabash,2022,28,0.75,3.43,3.5,1,1,26,3.57
IN,Warren,2018,5,1.4,15.92,15.96,1,2,2,20.0
IN,Warren,2019,24,1.04,4.42,4.42,3,3,18,12.5
IN,Warren,2020,13,1.15,5.08,5.15,3,1,9,23.08
IN,Warren,2021,5,0.8,3.6,3.8,0,2,3,0.0
IN,Warren,2022,16,0.88,4.75,4.88,4,0,12,25.0
IN,Warrick,2017,6,1.17,2.2,2.22,4,1,1,66.67
IN,Warrick,2018,33,1.33,4.29,4.36,5,5,23,15.15
IN,Warrick,2019,25,1.48,2.03,2.03,17,2,6,68.0
IN,Warrick,2020,8,0.5,4.5,4.62,2,4,2,25.0
IN,Warrick,2022,8,0.75,4.25,4.25,0,2,6,0.0
IN,Washington,2017,1,2.0,0.0,0.03,1,0,0,100.0
IN,Washington,2018,6,1.33,6.11,6.41,1,1,4,16.67
IN,Washington,2019,16,0.69,2.99,5.42,0,6,10,0.0
IN,Washington,2020,8,0.88,5.62,6.88,0,7,1,0.0
IN,Washington,2021,4,0.75,4.75,4.75,0,0,4,0.0
IN,Washington,2022,8,1.12,6.38,6.62,0,1,7,0.0
IN,Wayne,2017,31,1.45,4.12,4.19,14,9,8,45.16
IN,Wayne,2018,37,1.57,5.8,6.15,12,7,18,32.43
IN,Wayne,2019,58,1.33,6.42,6.65,11,13,34,18.97
IN,Wayne,2020,116,1.39,5.82,5.89,14,41,61,12.07
IN,Wayne,2021,27,0.41,1.22,2.04,2,22,3,7.41
IN,Wayne,2022,16,1.31,5.75,5.69,2,2,12,12.5
IN,Wells,2017,4,1.5,11.11,11.22,3,0,1,75.0
IN,Wells,2018,9,1.89,9.06,9.07,4,2,3,44.44
IN,Wells,2019,18,0.5,4.7,4.85,13,1,4,72.22
IN,Wells,2020,8,0.75,7.38,7.5,8,0,0,100.0
IN,Wells,2021,1,0.0,4.0,4.0,1,0,0,100.0
IN,Wells,2022,2,0.5,3.5,3.5,2,0,0,100.0
IN,White,2017,9,1.67,2.46,3.28,2,0,7,22.22
IN,White,2018,51,1.49,5.59,6.52,7,15,29,13.73
IN,White,2019,35,1.51,3.76,3.78,9,3,23,25.71
IN,White,2020,10,1.0,4.5,4.6,2,2,6,20.0
IN,White,2021,29,1.17,5.69,6.1,8,12,9,27.59
IN,White,2022,53,1.17,4.72,4.89,3,8,42,5.66
IN,Whitley,2017,23,1.52,5.27,5.44,2,9,12,8.7
IN,Whitley,2018,26,1.69,4.44,4.84,7,13,6,26.92
IN,Whitley,2019,9,0.78,2.62,2.74,0,2,7,0.0
IN,Whitley,2020,12,0.67,4.33,4.58,1,5,6,8.33
IN,Whitley,2021,19,0.58,4.32,4.47,1,3,15,5.26
IN,Whitley,2022,36,0.92,4.19,4.42,4,6,26,11.11
KS,Allen,2017,1,2.0,0.83,0.87,1,0,0,100.0
KS,Allen,2018,3,1.33,3.84,3.87,0,1,2,0.0
KS,Allen,2019,10,1.3,4.12,4.22,1,4,5,10.0
KS,Allen,2020,2,1.0,2.0,2.0,0,1,1,0.0
KS,Allen,2022,6,1.33,3.67,3.67,0,0,6,0.0
KS,Anderson,2017,4,1.5,4.73,4.73,1,2,1,25.0
KS,Anderson,2018,10,1.8,12.0,12.03,1,5,4,10.0
KS,Anderson,2019,12,0.75,4.08,4.25,1,1,10,8.33
KS,Anderson,2020,17,1.29,7.24,7.29,3,8,6,17.65
KS,Anderson,2021,2,1.5,3.0,5.5,0,1,1,0.0
KS,Anderson,2022,6,0.83,3.17,3.83,0,0,6,0.0
KS,Atchison,2017,1,1.0,3.45,3.48,1,0,0,100.0
KS,Atchison,2018,2,2.0,2.85,2.85,0,1,1,0.0
KS,Atchison,2019,7,1.0,7.18,7.31,0,1,6,0.0
KS,Atchison,2020,3,0.33,5.0,5.0,0,0,3,0.0
KS,Atchison,2021,6,0.5,3.83,5.0,0,2,4,0.0
KS,Atchison,2022,5,0.2,3.2,3.2,0,0,5,0.0
KS,Barber,2017,7,1.86,6.4,6.42,0,2,5,0.0
KS,Barber,2018,2,1.0,4.33,4.48,0,0,2,0.0
KS,Barber,2019,2,1.0,3.0,3.0,0,0,2,0.0
KS,Barber,2020,5,0.6,3.8,3.8,0,2,3,0.0
KS,Barber,2021,1,1.0,3.0,3.0,0,0,1,0.0
KS,Barber,2022,5,0.8,4.2,4.2,0,0,5,0.0
KS,Barton,2017,6,0.67,4.56,4.66,1,3,2,16.67
KS,Barton,2018,13,1.69,4.57,4.59,3,4,6,23.08
KS,Barton,2019,6,1.0,2.29,2.3,1,1,4,16.67
KS,Barton,2020,39,1.23,4.18,4.72,7,7,25,17.95
KS,Barton,2021,23,1.17,1.17,2.26,0,6,17,0.0
KS,Barton,2022,4,0.75,1.75,1.75,0,0,4,0.0
KS,Bourbon,2018,1,2.0,25.27,25.27,0,1,0,0.0
KS,Bourbon,2019,8,1.0,2.54,2.56,0,0,8,0.0
KS,Bourbon,2020,4,1.0,5.75,5.75,0,1,3,0.0
KS,Bourbon,2021,4,1.0,5.75,6.0,0,0,4,0.0
KS,Bourbon,2022,8,1.0,4.12,4.25,0,0,8,0.0
KS,Brown,2017,8,1.88,6.4,6.4,1,2,5,12.5
KS,Brown,2018,17,1.59,5.48,5.49,3,6,8,17.65
KS,Brown,2019,10,1.5,7.51,7.52,2,3,5,20.0
KS,Brown,2020,11,1.09,6.0,6.0,1,3,7,9.09
KS,Brown,2022,10,1.1,3.2,3.3,0,0,10,0.0
KS,Butler,2017,6,1.33,4.12,4.16,0,0,6,0.0
KS,Butler,2018,47,1.51,3.49,3.52,10,10,27,21.28
KS,Butler,2019,27,1.19,3.0,2.97,4,4,19,14.81
KS,Butler,2020,14,1.0,3.86,4.0,0,3,11,0.0
KS,Butler,2021,8,1.75,3.5,3.62,0,3,5,0.0
KS,Butler,2022,54,1.09,3.24,3.26,1,2,51,1.85
KS,Chase,2017,5,1.6,4.78,4.81,1,1,3,20.0
KS,Chase,2018,26,1.42,2.11,2.12,8,2,16,30.77
KS,Chase,2019,36,1.42,3.51,3.58,16,4,16,44.44
KS,Chase,2020,12,1.33,3.33,3.33,3,0,9,25.0
KS,Chase,2021,4,1.5,3.75,3.5,0,1,3,0.0
KS,Chase,2022,18,1.33,3.67,3.83,0,0,18,0.0
KS,Chautauqua,2017,1,2.0,18.58,18.58,0,1,0,0.0
KS,Chautauqua,2018,1,2.0,6.58,6.63,0,0,1,0.0
KS,Chautauqua,2020,1,0.0,3.0,4.0,0,0,1,0.0
KS,Chautauqua,2021,3,0.67,3.33,3.67,0,0,3,0.0
KS,Chautauqua,2022,4,1.0,7.0,7.5,0,0,4,0.0
KS,Cherokee,2017,5,1.8,7.64,7.64,0,4,1,0.0
KS,Cherokee,2018,19,1.42,5.87,5.93,3,7,9,15.79
KS,Cherokee,2019,2,1.5,12.5,12.5,0,2,0,0.0
KS,Cherokee,2020,5,0.6,5.4,5.4,1,2,2,20.0
KS,Cherokee,2022,8,0.62,5.38,5.5,0,0,8,0.0
KS,Cheyenne,2018,11,1.82,5.03,5.05,1,2,8,9.09
KS,Cheyenne,2019,5,0.8,3.95,3.97,0,1,4,0.0
KS,Cheyenne,2020,2,1.0,11.0,11.0,0,1,1,0.0
KS,Cheyenne,2021,3,1.67,9.33,9.67,0,0,3,0.0
KS,Cheyenne,2022,1,1.0,7.0,7.0,0,0,1,0.0
KS,Clark,2017,1,1.0,3.67,3.65,0,0,1,0.0
KS,Clark,2018,13,1.69,3.35,3.35,2,3,8,15.38
KS,Clark,2019,2,0.5,1.0,1.0,2,0,0,100.0
KS,Clark,2020,9,0.56,3.33,3.11,1,0,8,11.11
KS,Clark,2021,1,1.0,7.0,7.0,0,0,1,0.0
KS,Clark,2022,1,0.0,1.0,1.0,0,0,1,0.0
KS,Clay,2018,1,1.0,2.82,2.82,1,0,0,100.0
KS,Clay,2019,8,0.75,5.5,5.5,1,2,5,12.5
KS,Clay,2020,8,0.5,3.75,3.75,0,0,8,0.0
KS,Clay,2021,3,0.67,4.67,4.67,0,0,3,0.0
KS,Cloud,2018,6,1.5,3.23,3.26,1,0,5,16.67
KS,Cloud,2019,6,0.5,3.47,3.48,0,0,6,0.0
KS,Cloud,2020,2,1.0,5.5,6.0,0,0,2,0.0
KS,Cloud,2021,1,1.0,6.0,6.0,0,1,0,0.0
KS,Cloud,2022,1,1.0,5.0,5.0,0,0,1,0.0
KS,Coffey,2017,1,2.0,0.0,0.0,0,1,0,0.0
KS,Coffey,2018,6,1.33,3.28,3.29,0,1,5,0.0
KS,Coffey,2019,44,1.43,1.95,2.04,28,4,12,63.64
KS,Coffey,2020,9,0.89,2.78,2.89,1,1,7,11.11
KS,Coffey,2021,3,1.33,3.33,3.67,0,0,3,0.0
KS,Coffey,2022,17,1.35,3.41,3.35,0,0,17,0.0
KS,Comanche,2018,3,2.0,2.89,2.86,0,2,1,0.0
KS,Comanche,2019,4,0.75,6.75,6.75,0,2,2,0.0
KS,Comanche,2020,6,1.33,5.0,5.17,0,2,4,0.0
KS,Comanche,2021,2,0.5,4.0,4.0,0,0,2,0.0
KS,Cowley,2017,4,1.0,0.2,0.21,1,2,1,25.0
KS,Cowley,2018,9,1.67,4.47,4.45,0,3,6,0.0
KS,Cowley,2019,4,0.75,6.5,6.5,0,2,2,0.0
KS,Cowley,2020,10,0.6,4.9,4.9,0,2,8,0.0
KS,Cowley,2021,2,2.0,9.5,9.5,0,0,2,0.0
KS,Cowley,2022,23,0.96,4.61,4.65,0,2,21,0.0
KS,Crawford,2017,1,2.0,0.0,0.0,0,1,0,0.0
KS,Crawford,2018,7,1.86,6.41,6.48,1,1,5,14.29
KS,Crawford,2019,3,0.33,5.49,5.52,0,0,3,0.0
KS,Crawford,2020,3,0.67,4.67,4.67,0,0,3,0.0
KS,Crawford,2021,1,0.0,3.0,3.0,0,0,1,0.0
KS,Crawford,2022,1,0.0,3.0,3.0,0,0,1,0.0
KS,Decatur,2017,1,2.0,7.08,7.13,0,0,1,0.0
KS,Decatur,2018,7,1.43,3.53,3.54,1,1,5,14.29
KS,Decatur,2019,9,1.67,5.59,5.58,0,3,6,0.0
KS,Decatur,2020,5,1.6,5.6,5.6,1,1,3,20.0
KS,Decatur,2021,4,1.75,5.25,5.25,0,1,3,0.0
KS,Decatur,2022,2,1.5,4.5,4.5,0,0,2,0.0
KS,Dickinson,2017,5,1.0,6.11,6.19,3,0,2,60.0
KS,Dickinson,2018,4,1.5,2.8,2.81,0,0,4,0.0
KS,Dickinson,2019,33,1.27,3.06,3.08,18,5,10,54.55
KS,Dickinson,2020,8,0.75,3.0,3.0,0,0,8,0.0
KS,Dickinson,2021,3,0.67,4.67,4.67,0,1,2,0.0
KS,Dickinson,2022,10,0.5,4.3,4.2,0,1,9,0.0
KS,Doniphan,2018,3,1.67,3.51,3.51,0,2,1,0.0
KS,Doniphan,2019,9,1.0,4.34,4.34,0,2,7,0.0
KS,Doniphan,2020,3,1.33,7.0,7.0,0,1,2,0.0
KS,Doniphan,2021,2,1.0,4.5,5.0,0,0,2,0.0
KS,Doniphan,2022,7,1.14,4.71,5.0,0,1,6,0.0
KS,Douglas,2017,21,1.43,1.67,1.96,7,13,1,33.33
KS,Douglas,2018,48,1.56,4.85,5.13,17,17,14,35.42
KS,Douglas,2019,22,1.14,3.33,3.75,6,8,8,27.27
KS,Douglas,2020,74,0.12,1.12,2.84,4,62,8,5.41
KS,Douglas,2021,40,0.08,0.85,3.12,0,36,4,0.0
KS,Douglas,2022,30,0.47,3.23,3.23,2,1,27,6.67
KS,Edwards,2017,10,1.7,4.07,4.09,0,3,7,0.0
KS,Edwards,2018,9,1.67,6.49,6.49,1,6,2,11.11
KS,Edwards,2019,16,1.19,6.24,6.25,5,4,7,31.25
KS,Edwards,2020,8,0.62,2.88,3.12,0,0,8,0.0
KS,Elk,2020,9,0.89,6.22,6.33,0,3,6,0.0
KS,Elk,2021,3,0.33,4.33,4.33,0,0,3,0.0
KS,Elk,2022,1,0.0,4.0,4.0,0,0,1,0.0
KS,Ellis,2017,3,1.67,2.97,3.39,0,2,1,0.0
KS,Ellis,2018,24,1.92,3.34,3.36,3,7,14,12.5
KS,Ellis,2019,45,1.4,2.9,2.93,15,7,23,33.33
KS,Ellis,2020,76,1.58,0.75,2.89,1,5,70,1.32
KS,Ellis,2021,83,1.81,0.45,2.81,0,6,77,0.0
KS,Ellis,2022,4,1.5,7.0,7.25,0,0,4,0.0
KS,Ellsworth,2017,4,2.0,5.23,5.24,0,1,3,0.0
KS,Ellsworth,2018,17,1.65,3.41,3.45,0,4,13,0.0
KS,Ellsworth,2019,37,1.46,2.32,2.32,11,6,20,29.73
KS,Ellsworth,2020,25,1.0,3.88,3.92,1,2,22,4.0
KS,Ellsworth,2021,7,1.14,3.57,4.43,0,0,7,0.0
KS,Ellsworth,2022,3,1.33,4.67,4.67,0,0,3,0.0
KS,Finney,2017,7,1.57,8.4,8.4,2,2,3,28.57
KS,Finney,2018,24,1.67,5.2,5.22,1,8,15,4.17
KS,Finney,2019,24,1.5,5.77,5.86,3,2,19,12.5
KS,Finney,2020,24,1.38,4.38,4.46,2,4,18,8.33
KS,Finney,2021,10,1.2,4.0,4.5,0,3,7,0.0
KS,Finney,2022,36,1.28,6.53,6.58,0,1,35,0.0
KS,Ford,2017,18,1.72,4.13,4.18,3,11,4,16.67
KS,Ford,2018,31,1.65,6.16,6.17,2,12,17,6.45
KS,Ford,2019,17,1.06,3.62,3.63,4,3,10,23.53
KS,Ford,2020,31,0.94,3.65,3.65,2,7,22,6.45
KS,Ford,2021,2,2.0,3.0,4.5,0,0,2,0.0
KS,Ford,2022,15,1.0,6.27,6.27,0,2,13,0.0
KS,Franklin,2017,6,1.83,6.84,6.85,0,3,3,0.0
KS,Franklin,2018,28,1.68,3.48,3.5,4,6,18,14.29
KS,Franklin,2019,89,1.6,2.24,2.27,62,4,23,69.66
KS,Franklin,2020,13,0.62,2.92,3.0,0,3,10,0.0
KS,Franklin,2021,7,1.43,3.86,3.86,0,1,6,0.0
KS,Franklin,2022,26,0.65,2.85,2.92,0,2,24,0.0
KS,Geary,2017,5,1.4,1.75,1.75,0,0,5,0.0
KS,Geary,2018,21,1.52,3.71,3.72,2,4,15,9.52
KS,Geary,2019,41,1.34,2.56,2.57,17,7,17,41.46
KS,Geary,2020,12,1.17,3.08,3.17,0,2,10,0.0
KS,Geary,2021,2,1.5,6.5,7.0,0,2,0,0.0
KS,Geary,2022,9,1.11,4.56,4.56,0,2,7,0.0
KS,Gove,2017,3,1.67,1.37,1.38,1,0,2,33.33
KS,Gove,2018,14,1.64,1.63,1.63,3,2,9,21.43
KS,Gove,2019,52,1.65,2.8,2.81,25,7,20,48.08
KS,Gove,2020,12,1.75,4.83,4.83,2,3,7,16.67
KS,Gove,2021,14,1.29,4.29,4.57,0,1,13,0.0
KS,Gove,2022,9,1.56,5.33,5.33,0,3,6,0.0
KS,Graham,2018,2,1.5,4.2,4.23,0,0,2,0.0
KS,Graham,2019,7,0.29,4.29,4.29,0,3,4,0.0
KS,Graham,2020,6,0.5,4.5,4.5,1,0,5,16.67
KS,Graham,2021,3,1.0,4.67,7.0,1,0,2,33.33
KS,Graham,2022,1,1.0,6.0,6.0,0,0,1,0.0
KS,Grant,2017,1,1.0,0.0,0.0,0,0,1,0.0
KS,Grant,2018,1,1.0,0.0,0.0,0,0,1,0.0
KS,Grant,2019,4,0.0,2.0,2.0,0,0,4,0.0
KS,Grant,2020,4,0.25,3.25,3.25,0,0,4,0.0
KS,Grant,2022,1,0.0,2.0,2.0,0,1,0,0.0
KS,Gray,2017,4,1.5,4.26,4.26,0,0,4,0.0
KS,Gray,2018,4,1.25,2.53,2.54,0,0,4,0.0
KS,Gray,2019,7,0.71,3.81,3.8,1,1,5,14.29
KS,Gray,2020,8,0.38,2.88,3.25,0,2,6,0.0
KS,Gray,2021,3,0.67,5.0,5.0,0,1,2,0.0
KS,Gray,2022,3,1.33,4.67,4.67,0,0,3,0.0
KS,Greeley,2017,2,2.0,7.15,7.1,0,0,2,0.0
KS,Greeley,2018,5,1.2,5.36,5.41,0,2,3,0.0
KS,Greeley,2019,11,0.82,4.79,5.02,0,1,10,0.0
KS,Greeley,2020,10,0.6,5.8,5.8,0,1,9,0.0
KS,Greeley,2021,2,0.0,2.0,2.0,0,0,2,0.0
KS,Greeley,2022,3,1.0,7.0,7.0,0,1,2,0.0
KS,Greenwood,2017,1,2.0,10.27,10.25,0,1,0,0.0
KS,Greenwood,2018,63,1.87,5.29,5.29,2,18,43,3.17
KS,Greenwood,2019,11,1.09,4.3,4.4,0,2,9,0.0
KS,Greenwood,2020,4,0.75,5.25,5.5,0,0,4,0.0
KS,Greenwood,2021,3,1.33,2.0,3.67,0,1,2,0.0
KS,Greenwood,2022,4,1.0,1.75,1.75,0,1,3,0.0
KS,Hamilton,2017,2,1.5,4.08,4.11,0,1,1,0.0
KS,Hamilton,2018,4,1.5,2.99,3.01,0,2,2,0.0
KS,Hamilton,2019,8,1.38,6.16,6.28,0,3,5,0.0
KS,Hamilton,2020,11,1.0,4.0,3.82,2,3,6,18.18
KS,Hamilton,2021,4,0.75,7.0,7.0,0,1,3,0.0
KS,Hamilton,2022,2,1.5,3.0,3.0,0,0,2,0.0
KS,Harper,2018,4,1.75,11.39,11.46,1,2,1,25.0
KS,Harper,2019,7,0.57,5.09,5.22,0,1,6,0.0
KS,Harper,2020,8,0.75,5.12,5.25,0,4,4,0.0
KS,Harper,2021,1,1.0,5.0,5.0,0,0,1,0.0
KS,Harper,2022,5,1.0,8.2,8.4,0,1,4,0.0
KS,Harvey,2017,5,1.8,7.22,7.22,0,3,2,0.0
KS,Harvey,2018,47,1.53,3.82,3.82,2,18,27,4.26
KS,Harvey,2019,18,1.06,4.91,4.91,9,4,5,50.0
KS,Harvey,2020,36,1.03,4.0,4.0,2,7,27,5.56
KS,Harvey,2021,9,1.22,4.22,4.44,0,2,7,0.0
KS,Harvey,2022,11,0.91,4.18,4.18,1,1,9,9.09
KS,Haskell,2017,4,1.75,4.08,4.03,0,2,2,0.0
KS,Haskell,2018,5,1.6,7.95,7.95,0,2,3,0.0
KS,Haskell,2019,13,0.62,3.42,3.36,0,0,13,0.0
KS,Haskell,2020,10,0.7,3.6,3.6,1,3,6,10.0
KS,Haskell,2021,5,0.6,4.0,4.2,1,0,4,20.0
KS,Haskell,2022,6,0.5,3.83,4.0,1,0,5,16.67
KS,Hodgeman,2017,1,2.0,15.83,15.83,1,0,0,100.0
KS,Hodgeman,2018,10,1.6,5.98,5.99,1,2,7,10.0
KS,Hodgeman,2019,1,2.0,5.37,5.37,0,0,1,0.0
KS,Hodgeman,2020,4,0.5,3.75,3.75,0,0,4,0.0
KS,Hodgeman,2021,12,1.5,5.08,5.17,0,1,11,0.0
KS,Hodgeman,2022,4,1.5,5.25,5.0,0,0,4,0.0
KS,Jackson,2017,1,2.0,5.08,5.02,0,0,1,0.0
KS,Jackson,2018,7,1.57,3.52,3.52,2,0,5,28.57
KS,Jackson,2019,8,1.25,5.89,6.02,1,1,6,12.5
KS,Jackson,2020,3,1.0,3.33,3.67,1,0,2,33.33
KS,Jackson,2021,3,0.67,6.0,6.0,0,1,2,0.0
KS,Jackson,2022,7,1.29,3.86,3.86,0,0,7,0.0
KS,Jefferson,2017,3,1.67,8.49,8.49,1,2,0,33.33
KS,Jefferson,2018,6,1.83,5.17,5.16,0,2,4,0.0
KS,Jefferson,2019,12,0.67,4.78,5.11,0,2,10,0.0
KS,Jefferson,2020,7,0.57,4.71,4.86,1,1,5,14.29
KS,Jefferson,2021,1,1.0,5.0,5.0,0,0,1,0.0
KS,Jefferson,2022,14,0.5,4.71,5.0,1,2,11,7.14
KS,Jewell,2018,4,1.75,2.65,2.65,0,1,3,0.0
KS,Jewell,2019,6,1.0,5.0,5.0,1,2,3,16.67
KS,Jewell,2020,6,0.67,2.67,3.0,1,1,4,16.67
KS,Jewell,2021,3,1.67,8.0,8.0,0,1,2,0.0
KS,Jewell,2022,1,1.0,3.0,3.0,0,0,1,0.0
KS,Johnson,2017,131,1.52,3.35,3.99,36,56,39,27.48
KS,Johnson,2018,360,1.54,3.64,4.14,85,150,125,23.61
KS,Johnson,2019,365,1.04,3.01,3.35,84,120,161,23.01
KS,Johnson,2020,108,1.12,4.04,4.38,23,52,33,21.3
KS,Johnson,2021,105,1.27,4.6,4.73,12,40,53,11.43
KS,Johnson,2022,136,1.24,4.43,4.52,5,38,93,3.68
KS,Kearny,2018,11,1.45,5.26,5.27,1,4,6,9.09
KS,Kearny,2019,4,1.0,5.36,5.33,1,0,3,25.0
KS,Kearny,2020,11,0.91,5.64,5.73,0,2,9,0.0
KS,Kearny,2021,2,0.5,4.0,4.5,0,0,2,0.0
KS,Kearny,2022,9,1.33,3.78,4.0,0,0,9,0.0
KS,Kingman,2017,5,1.6,7.12,7.12,0,3,2,0.0
KS,Kingman,2018,14,1.5,4.3,4.3,3,4,7,21.43
KS,Kingman,2019,19,1.21,5.15,5.16,3,2,14,15.79
KS,Kingman,2020,9,0.78,4.44,4.67,1,1,7,11.11
KS,Kingman,2021,3,0.67,7.67,8.0,0,2,1,0.0
KS,Kingman,2022,8,0.75,4.5,4.5,0,0,8,0.0
KS,Kiowa,2017,9,1.56,4.4,4.4,1,3,5,11.11
KS,Kiowa,2018,14,1.21,2.13,2.13,4,4,6,28.57
KS,Kiowa,2019,11,1.27,6.47,6.47,3,1,7,27.27
KS,Kiowa,2020,7,1.71,5.14,5.14,1,3,3,14.29
KS,Kiowa,2021,3,1.67,4.67,4.67,0,0,3,0.0
KS,Kiowa,2022,12,1.42,6.08,6.25,0,0,12,0.0
KS,Labette,2017,3,2.0,12.39,12.4,2,1,0,66.67
KS,Labette,2018,5,1.8,9.19,9.21,1,2,2,20.0
KS,Labette,2019,1,2.0,12.0,12.0,0,0,1,0.0
KS,Labette,2020,8,0.75,5.12,5.12,0,3,5,0.0
KS,Labette,2021,1,0.0,1.0,1.0,0,0,1,0.0
KS,Labette,2022,7,0.43,3.0,3.0,0,0,7,0.0
KS,Lane,2018,2,1.5,0.0,0.0,0,1,1,0.0
KS,Lane,2019,5,0.6,4.6,4.4,1,1,3,20.0
KS,Lane,2020,6,0.83,6.0,6.33,0,0,6,0.0
KS,Lane,2021,6,0.17,2.83,3.0,0,1,5,0.0
KS,Lane,2022,7,1.0,7.71,8.0,0,0,7,0.0
KS,Leavenworth,2017,13,1.46,1.86,1.87,4,1,8,30.77
KS,Leavenworth,2018,15,1.93,8.91,8.94,1,4,10,6.67
KS,Leavenworth,2019,34,1.06,3.62,3.66,9,9,16,26.47
KS,Leavenworth,2020,15,1.07,6.27,6.33,2,9,4,13.33
KS,Leavenworth,2021,2,0.5,4.5,4.5,0,0,2,0.0
KS,Leavenworth,2022,23,0.87,3.3,3.48,0,2,21,0.0
KS,Lincoln,2017,7,1.29,4.79,4.96,1,0,6,14.29
KS,Lincoln,2018,5,1.6,2.28,2.29,0,0,5,0.0
KS,Lincoln,2019,8,0.75,3.71,3.71,2,0,6,25.0
KS,Lincoln,2020,2,2.0,5.0,5.0,0,1,1,0.0
KS,Lincoln,2021,1,1.0,2.0,2.0,0,1,0,0.0
KS,Linn,2017,2,1.0,0.22,0.22,1,0,1,50.0
KS,Linn,2018,9,1.67,8.32,8.32,1,0,8,11.11
KS,Linn,2019,22,1.18,3.27,3.31,5,3,14,22.73
KS,Linn,2020,8,0.88,4.62,4.75,0,5,3,0.0
KS,Linn,2022,9,1.33,4.56,4.67,0,0,9,0.0
KS,Logan,2017,5,1.2,1.92,1.92,2,2,1,40.0
KS,Logan,2018,12,1.42,3.12,3.12,5,3,4,41.67
KS,Logan,2019,10,1.9,6.54,6.55,1,4,5,10.0
KS,Logan,2020,9,1.56,5.11,5.33,0,1,8,0.0
KS,Logan,2021,3,0.67,4.67,4.67,0,0,3,0.0
KS,Logan,2022,28,1.46,4.82,4.79,0,2,26,0.0
KS,Lyon,2017,4,1.5,3.67,3.68,1,1,2,25.0
KS,Lyon,2018,31,1.74,3.64,3.64,8,2,21,25.81
KS,Lyon,2019,64,1.64,2.31,2.34,27,5,32,42.19
KS,Lyon,2020,17,1.24,3.0,3.12,1,2,14,5.88
KS,Lyon,2021,5,0.8,1.6,1.6,0,1,4,0.0
KS,Lyon,2022,39,1.33,4.41,4.41,7,0,32,17.95
KS,Marion,2017,2,2.0,19.63,19.63,1,1,0,50.0
KS,Marion,2018,17,1.24,4.7,4.71,6,2,9,35.29
KS,Marion,2019,22,1.09,3.94,3.94,10,2,10,45.45
KS,Marion,2020,17,1.18,6.94,6.94,5,4,8,29.41
KS,Marion,2021,2,1.5,3.5,3.5,0,2,0,0.0
KS,Marion,2022,10,0.8,3.3,3.4,0,0,10,0.0
KS,Marshall,2017,5,1.8,6.6,6.61,0,1,4,0.0
KS,Marshall,2018,9,1.89,8.24,8.3,0,4,5,0.0
KS,Marshall,2019,15,1.4,4.6,4.66,2,2,11,13.33
KS,Marshall,2020,19,1.05,3.58,3.53,0,2,17,0.0
KS,Marshall,2021,2,1.0,9.5,9.5,0,0,2,0.0
KS,Marshall,2022,11,1.36,5.0,5.18,0,1,10,0.0
KS,McPherson,2017,3,1.0,0.31,0.34,0,1,2,0.0
KS,McPherson,2018,29,1.69,4.08,4.1,1,9,19,3.45
KS,McPherson,2019,40,0.95,3.37,3.42,10,9,21,25.0
KS,McPherson,2020,31,0.45,3.77,3.84,1,8,22,3.23
KS,McPherson,2021,13,0.23,1.38,2.23,1,10,2,7.69
KS,McPherson,2022,11,0.91,3.73,3.82,0,1,10,0.0
KS,Mcpherson,2017,1,1.0,3.1,3.17,0,0,1,0.0
KS,Meade,2017,3,1.33,5.33,5.33,2,0,1,66.67
KS,Meade,2018,13,1.62,7.43,7.44,1,1,11,7.69
KS,Meade,2019,9,1.0,3.89,3.9,2,1,6,22.22
KS,Meade,2020,18,1.06,4.17,4.17,1,9,8,5.56
KS,Meade,2021,1,0.0,1.0,2.0,0,0,1,0.0
KS,Meade,2022,8,1.62,3.88,3.88,0,0,8,0.0
KS,Miami,2017,4,1.5,4.51,4.5,0,1,3,0.0
KS,Miami,2018,12,1.75,10.56,10.6,2,4,6,16.67
KS,Miami,2019,31,1.06,3.48,3.49,6,1,24,19.35
KS,Miami,2020,6,0.67,2.83,2.83,0,1,5,0.0
KS,Miami,2022,16,1.06,3.5,3.56,0,1,15,0.0
KS,Mitchell,2018,1,2.0,5.07,5.12,0,0,1,0.0
KS,Mitchell,2019,5,0.6,5.05,5.04,2,0,3,40.0
KS,Mitchell,2020,1,0.0,3.0,3.0,0,0,1,0.0
KS,Mitchell,2022,4,0.75,5.25,5.5,0,1,3,0.0
KS,Montgomery,2017,4,2.0,11.27,11.25,1,3,0,25.0
KS,Montgomery,2018,11,1.45,6.81,6.81,1,4,6,9.09
KS,Montgomery,2019,31,1.16,4.17,4.2,6,8,17,19.35
KS,Montgomery,2020,9,1.11,3.33,3.33,0,1,8,0.0
KS,Montgomery,2022,9,1.0,5.33,5.44,0,0,9,0.0
KS,Morris,2017,1,2.0,13.03,13.05,1,0,0,100.0
KS,Morris,2018,1,1.0,0.0,0.0,0,0,1,0.0
KS,Morris,2019,4,1.0,4.96,4.96,0,1,3,0.0
KS,Morris,2020,10,0.7,4.2,4.2,0,1,9,0.0
KS,Morris,2021,1,0.0,4.0,4.0,0,0,1,0.0
KS,Morris,2022,4,0.75,3.75,4.0,0,0,4,0.0
KS,Morton,2017,1,2.0,2.38,2.48,0,0,1,0.0
KS,Morton,2018,2,1.5,2.94,2.92,0,0,2,0.0
KS,Morton,2019,5,0.6,3.75,3.57,1,2,2,20.0
KS,Morton,2020,4,0.0,2.5,2.75,0,1,3,0.0
KS,Morton,2021,1,0.0,3.0,3.0,0,1,0,0.0
KS,Nemaha,2018,3,1.33,1.62,1.61,1,0,2,33.33
KS,Nemaha,2019,12,1.42,5.61,5.62,0,1,11,0.0
KS,Nemaha,2020,18,0.89,3.0,3.0,1,3,14,5.56
KS,Nemaha,2021,4,1.75,4.5,4.5,0,0,4,0.0
KS,Nemaha,2022,3,1.0,2.67,2.67,0,0,3,0.0
KS,Neosho,2017,2,2.0,9.2,9.2,0,1,1,0.0
KS,Neosho,2018,11,1.82,6.25,6.28,2,2,7,18.18
KS,Neosho,2019,7,1.14,9.9,9.92,2,3,2,28.57
KS,Neosho,2020,3,0.67,2.33,2.67,0,0,3,0.0
KS,Neosho,2021,40,1.9,5.6,5.72,0,9,31,0.0
KS,Neosho,2022,20,1.4,5.3,5.3,0,9,11,0.0
KS,Ness,2017,1,2.0,8.33,8.18,0,1,0,0.0
KS,Ness,2018,9,1.78,7.15,7.14,0,5,4,0.0
KS,Ness,2019,6,0.5,4.0,4.0,0,0,6,0.0
KS,Ness,2020,8,0.25,3.12,3.12,0,1,7,0.0
KS,Ness,2022,6,0.5,4.67,4.33,0,1,5,0.0
KS,Norton,2017,3,2.0,6.33,6.34,0,2,1,0.0
KS,Norton,2018,7,1.29,3.7,3.74,1,1,5,14.29
KS,Norton,2019,11,0.82,3.3,3.3,5,1,5,45.45
KS,Norton,2020,8,1.38,7.75,7.88,1,4,3,12.5
KS,Osage,2017,6,1.83,11.95,11.95,0,4,2,0.0
KS,Osage,2018,16,1.75,2.87,2.91,6,2,8,37.5
KS,Osage,2019,28,1.29,1.86,1.87,12,3,13,42.86
KS,Osage,2020,10,0.8,3.1,3.1,0,2,8,0.0
KS,Osage,2021,4,1.25,3.75,3.75,0,0,4,0.0
KS,Osage,2022,11,0.91,4.55,4.64,0,0,11,0.0
KS,Osborne,2019,3,0.33,3.33,3.33,1,0,2,33.33
KS,Osborne,2020,2,1.0,9.5,9.5,0,0,2,0.0
KS,Osborne,2021,2,0.0,2.0,3.5,2,0,0,100.0
KS,Ottawa,2017,1,3.0,16.8,16.83,0,1,0,0.0
KS,Ottawa,2018,16,1.62,3.05,3.05,1,2,13,6.25
KS,Ottawa,2019,7,0.86,2.8,2.8,2,0,5,28.57
KS,Ottawa,2020,8,0.62,4.25,5.0,2,0,6,25.0
KS,Ottawa,2021,1,1.0,4.0,5.0,1,0,0,100.0
KS,Ottawa,2022,1,1.0,7.0,7.0,1,0,0,100.0
KS,Pawnee,2017,2,1.5,3.01,3.03,0,1,1,0.0
KS,Pawnee,2018,13,1.77,6.4,6.41,0,4,9,0.0
KS,Pawnee,2019,38,0.05,2.18,2.18,11,12,15,28.95
KS,Pawnee,2020,13,0.46,2.69,2.69,3,2,8,23.08
KS,Pawnee,2021,5,1.2,3.2,3.2,0,1,4,0.0
KS,Pawnee,2022,9,0.78,5.22,5.33,0,1,8,0.0
KS,Phillips,2017,3,1.67,7.41,7.46,0,0,3,0.0
KS,Phillips,2018,9,1.44,2.53,2.55,1,2,6,11.11
KS,Phillips,2019,11,1.27,3.87,4.05,3,3,5,27.27
KS,Phillips,2020,10,1.3,5.4,5.4,1,3,6,10.0
KS,Phillips,2021,6,1.17,2.5,2.67,0,2,4,0.0
KS,Phillips,2022,1,0.0,4.0,4.0,0,0,1,0.0
KS,Pottawatomie,2017,3,1.33,5.54,5.75,1,0,2,33.33
KS,Pottawatomie,2018,12,1.08,4.03,4.23,0,2,10,0.0
KS,Pottawatomie,2019,20,0.6,5.55,5.56,0,5,15,0.0
KS,Pottawatomie,2020,18,0.56,4.89,4.83,0,5,13,0.0
KS,Pottawatomie,2021,6,0.83,4.67,6.0,0,0,6,0.0
KS,Pottawatomie,2022,6,0.83,5.5,5.67,0,1,5,0.0
KS,Pratt,2017,4,1.5,7.93,8.01,0,1,3,0.0
KS,Pratt,2018,11,1.09,1.44,1.45,4,0,7,36.36
KS,Pratt,2019,12,1.25,3.42,3.26,1,1,10,8.33
KS,Pratt,2020,9,1.11,2.78,2.67,2,2,5,22.22
KS,Pratt,2022,5,1.4,7.0,7.0,0,0,5,0.0
KS,Rawlins,2017,2,2.0,4.81,4.88,0,2,0,0.0
KS,Rawlins,2019,3,1.0,3.33,3.33,0,1,2,0.0
KS,Rawlins,2020,2,0.0,3.0,3.0,0,0,2,0.0
KS,Rawlins,2021,3,1.0,1.0,1.0,0,1,2,0.0
KS,Rawlins,2022,4,1.0,3.75,3.75,0,0,4,0.0
KS,Reno,2017,13,1.31,1.85,1.89,2,4,7,15.38
KS,Reno,2018,27,1.41,6.68,6.7,5,5,17,18.52
KS,Reno,2019,28,0.57,5.0,5.01,4,5,19,14.29
KS,Reno,2020,23,0.39,3.78,3.83,1,5,17,4.35
KS,Reno,2021,9,0.56,4.33,4.33,0,1,8,0.0
KS,Reno,2022,14,0.5,3.57,3.64,0,1,13,0.0
KS,Republic,2017,2,1.0,0.69,0.69,0,0,2,0.0
KS,Republic,2018,10,1.8,4.98,5.0,0,4,6,0.0
KS,Republic,2019,11,1.09,2.8,2.8,1,0,10,9.09
KS,Republic,2020,5,1.0,2.2,2.4,1,0,4,20.0
KS,Republic,2021,2,1.5,5.0,5.0,1,0,1,50.0
KS,Republic,2022,1,1.0,3.0,3.0,0,0,1,0.0
KS,Rice,2017,4,1.5,1.61,1.61,1,1,2,25.0
KS,Rice,2018,2,2.0,6.2,6.2,0,1,1,0.0
KS,Rice,2019,28,0.25,2.87,2.88,13,12,3,46.43
KS,Rice,2020,8,0.38,3.88,4.0,1,0,7,12.5
KS,Rice,2022,4,0.0,2.0,2.0,0,1,3,0.0
KS,Riley,2017,4,1.75,5.14,5.21,2,2,0,50.0
KS,Riley,2018,11,1.55,9.69,9.71,5,4,2,45.45
KS,Riley,2019,41,0.93,4.02,4.11,8,12,21,19.51
KS,Riley,2020,17,1.12,4.18,4.24,2,6,9,11.76
KS,Riley,2021,2,2.0,4.5,5.0,0,2,0,0.0
KS,Riley,2022,10,1.1,3.7,3.8,0,0,10,0.0
KS,Rooks,2017,1,2.0,0.0,0.03,0,1,0,0.0
KS,Rooks,2018,3,2.0,3.63,3.61,0,1,2,0.0
KS,Rooks,2019,11,1.18,4.67,4.61,2,1,8,18.18
KS,Rooks,2020,6,1.17,5.33,5.5,0,1,5,0.0
KS,Rooks,2021,4,1.0,1.75,3.0,1,0,3,25.0
KS,Rooks,2022,3,1.0,6.67,6.67,0,0,3,0.0
KS,Rush,2017,1,1.0,0.72,0.72,1,0,0,100.0
KS,Rush,2018,6,1.33,7.27,7.26,1,3,2,16.67
KS,Rush,2019,12,1.08,5.84,5.84,0,4,8,0.0
KS,Rush,2020,7,1.14,8.14,8.29,1,2,4,14.29
KS,Rush,2021,1,0.0,2.0,2.0,0,1,0,0.0
KS,Rush,2022,6,0.33,4.17,4.17,0,0,6,0.0
KS,Russell,2017,3,1.67,3.58,3.58,0,2,1,0.0
KS,Russell,2018,22,1.55,2.18,2.19,3,4,15,13.64
KS,Russell,2019,38,1.58,1.84,1.84,22,4,12,57.89
KS,Russell,2020,15,1.0,3.6,3.73,1,2,12,6.67
KS,Russell,2021,5,1.4,7.2,7.6,0,0,5,0.0
KS,Russell,2022,7,1.14,1.86,1.86,0,1,6,0.0
KS,Saline,2017,3,2.33,11.15,11.2,1,1,1,33.33
KS,Saline,2018,28,1.75,3.42,3.45,2,2,24,7.14
KS,Saline,2019,53,1.42,2.18,2.2,27,4,22,50.94
KS,Saline,2020,12,1.42,3.17,3.17,3,0,9,25.0
KS,Saline,2021,2,0.5,5.0,5.0,0,0,2,0.0
KS,Saline,2022,13,1.15,4.46,4.54,0,4,9,0.0
KS,Scott,2018,32,1.34,2.46,2.47,7,10,15,21.88
KS,Scott,2019,16,1.19,4.44,4.53,3,2,11,18.75
KS,Scott,2020,3,1.0,3.67,4.0,0,0,3,0.0
KS,Scott,2021,2,1.0,9.0,9.0,0,0,2,0.0
KS,Scott,2022,19,1.05,5.95,6.0,0,0,19,0.0
KS,Sedgwick,2017,80,1.12,4.63,4.73,41,36,3,51.25
KS,Sedgwick,2018,151,1.38,4.23,4.36,61,42,48,40.4
KS,Sedgwick,2019,91,1.42,5.29,5.4,43,27,21,47.25
KS,Sedgwick,2020,76,0.59,4.2,4.53,11,38,27,14.47
KS,Sedgwick,2021,35,1.29,3.49,3.77,4,19,12,11.43
KS,Sedgwick,2022,84,0.92,3.68,3.75,3,17,64,3.57
KS,Seward,2017,4,1.5,3.18,3.2,0,1,3,0.0
KS,Seward,2018,40,1.55,4.33,4.35,2,8,30,5.0
KS,Seward,2019,18,1.22,3.6,3.66,0,1,17,0.0
KS,Seward,2020,40,1.2,3.42,3.5,3,7,30,7.5
KS,Seward,2021,2,1.5,3.0,3.0,0,1,1,0.0
KS,Seward,2022,2,0.5,2.5,2.5,0,0,2,0.0
KS,Shawnee,2017,15,1.67,5.72,5.74,7,3,5,46.67
KS,Shawnee,2018,46,1.93,6.15,6.21,25,10,11,54.35
KS,Shawnee,2019,54,1.54,4.5,4.58,16,9,29,29.63
KS,Shawnee,2020,21,1.0,4.57,4.62,5,4,12,23.81
KS,Shawnee,2021,11,1.0,3.36,3.82,1,4,6,9.09
KS,Shawnee,2022,26,1.15,3.62,3.73,2,4,20,7.69
KS,Sheridan,2017,3,1.33,0.0,3.59,0,3,0,0.0
KS,Sheridan,2018,6,2.0,7.21,7.25,0,3,3,0.0
KS,Sheridan,2019,9,0.56,4.09,4.15,3,0,6,33.33
KS,Sheridan,2020,3,0.33,3.33,3.67,0,0,3,0.0
KS,Sheridan,2021,3,0.67,5.67,5.33,0,0,3,0.0
KS,Sheridan,2022,2,1.0,3.5,3.5,0,0,2,0.0
KS,Sherman,2017,11,1.73,1.97,1.97,5,2,4,45.45
KS,Sherman,2018,13,1.77,3.23,3.23,3,1,9,23.08
KS,Sherman,2019,213,1.72,1.87,1.87,184,8,21,86.38
KS,Sherman,2020,16,1.25,3.69,3.69,6,1,9,37.5
KS,Sherman,2021,6,1.0,2.83,2.83,0,2,4,0.0
KS,Sherman,2022,9,1.44,6.22,6.11,0,0,9,0.0
KS,Smith,2017,2,1.5,0.37,0.37,1,1,0,50.0
KS,Smith,2018,1,2.0,9.08,9.25,0,0,1,0.0
KS,Smith,2019,5,0.6,2.35,2.35,3,2,0,60.0
KS,Smith,2020,8,1.12,4.38,4.62,4,1,3,50.0
KS,Smith,2021,4,0.75,3.5,5.75,4,0,0,100.0
KS,Smith,2022,11,1.73,6.36,6.27,0,2,9,0.0
KS,Stafford,2017,3,1.67,13.96,13.94,0,2,1,0.0
KS,Stafford,2018,14,1.71,4.6,4.61,3,2,9,21.43
KS,Stafford,2019,19,0.89,3.19,3.24,5,9,5,26.32
KS,Stafford,2020,12,0.75,2.75,2.92,1,2,9,8.33
KS,Stafford,2022,4,1.0,6.0,6.0,0,1,3,0.0
KS,Stanton,2018,3,0.33,0.67,0.67,0,0,3,0.0
KS,Stanton,2019,5,0.4,3.4,3.4,1,2,2,20.0
KS,Stanton,2020,6,0.67,4.33,4.5,0,2,4,0.0
KS,Stanton,2021,6,0.5,4.17,4.17,0,1,5,0.0
KS,Stevens,2018,3,1.33,3.08,3.09,2,0,1,66.67
KS,Stevens,2019,5,0.4,3.8,4.04,3,1,1,60.0
KS,Stevens,2020,11,0.36,4.91,4.82,4,1,6,36.36
KS,Stevens,2021,1,1.0,8.0,8.0,1,0,0,100.0
KS,Stevens,2022,3,0.33,3.0,3.0,0,0,3,0.0
KS,Sumner,2017,1,2.0,5.3,5.37,1,0,0,100.0
KS,Sumner,2018,41,1.8,4.43,4.45,15,7,19,36.59
KS,Sumner,2019,22,1.73,2.97,2.93,7,5,10,31.82
KS,Sumner,2020,15,0.67,4.33,4.47,2,4,9,13.33
KS,Sumner,2021,9,1.22,5.11,5.11,0,4,5,0.0
KS,Sumner,2022,22,1.32,4.45,4.55,0,2,20,0.0
KS,Thomas,2017,4,2.0,3.39,3.42,2,1,1,50.0
KS,Thomas,2018,7,1.57,2.43,2.45,3,0,4,42.86
KS,Thomas,2019,73,1.53,2.24,2.27,34,5,34,46.58
KS,Thomas,2020,18,1.0,3.06,3.33,2,2,14,11.11
KS,Thomas,2021,3,1.33,2.67,3.0,0,1,2,0.0
KS,Thomas,2022,11,1.09,4.91,5.0,2,0,9,18.18
KS,Trego,2017,2,1.5,0.39,0.39,0,1,1,0.0
KS,Trego,2018,9,2.0,1.92,1.93,1,1,7,11.11
KS,Trego,2019,45,1.4,1.99,2.08,22,6,17,48.89
KS,Trego,2020,10,0.9,3.2,3.9,1,4,5,10.0
KS,Trego,2021,7,1.71,3.29,3.29,0,0,7,0.0
KS,Trego,2022,8,1.38,10.62,10.88,1,1,6,12.5
KS,Wabaunsee,2018,11,1.82,4.42,4.43,0,1,10,0.0
KS,Wabaunsee,2019,26,1.65,2.34,2.36,12,1,13,46.15
KS,Wabaunsee,2020,4,0.75,3.5,3.5,0,0,4,0.0
KS,Wabaunsee,2021,3,0.67,2.0,2.67,0,0,3,0.0
KS,Wabaunsee,2022,10,1.3,4.1,4.2,0,1,9,0.0
KS,Wallace,2017,1,2.0,4.67,4.7,0,0,1,0.0
KS,Wallace,2018,8,1.88,8.92,8.96,1,2,5,12.5
KS,Wallace,2019,6,0.5,3.5,3.5,0,0,6,0.0
KS,Wallace,2020,4,1.25,3.5,3.75,0,1,3,0.0
KS,Wallace,2021,2,1.0,3.5,3.5,0,0,2,0.0
KS,Wallace,2022,6,0.83,3.83,3.83,0,1,5,0.0
KS,Washington,2017,1,2.0,0.22,0.25,1,0,0,100.0
KS,Washington,2018,7,1.57,3.35,3.37,0,2,5,0.0
KS,Washington,2019,6,0.83,3.88,4.04,2,0,4,33.33
KS,Washington,2020,16,0.81,5.0,4.94,0,1,15,0.0
KS,Washington,2021,4,0.75,4.75,4.75,0,0,4,0.0
KS,Washington,2022,1,2.0,13.0,12.0,0,0,1,0.0
KS,Wichita,2018,2,2.0,0.16,0.15,0,2,0,0.0
KS,Wichita,2019,3,0.33,5.04,5.11,0,0,3,0.0
KS,Wichita,2020,1,1.0,7.0,8.0,0,0,1,0.0
KS,Wichita,2021,3,0.33,4.33,4.33,0,0,3,0.0
KS,Wichita,2022,3,0.67,5.0,5.0,0,0,3,0.0
KS,Wilson,2017,1,2.0,0.0,0.05,0,1,0,0.0
KS,Wilson,2018,10,1.6,6.51,6.53,1,4,5,10.0
KS,Wilson,2019,13,1.23,3.88,3.88,1,1,11,7.69
KS,Wilson,2020,4,1.0,6.0,5.75,0,0,4,0.0
KS,Wilson,2021,2,0.5,1.5,2.5,0,0,2,0.0
KS,Wilson,2022,9,1.0,2.67,2.78,0,0,9,0.0
KS,Woodson,2017,1,1.0,0.92,0.93,1,0,0,100.0
KS,Woodson,2018,3,1.67,5.56,5.58,2,1,0,66.67
KS,Woodson,2019,9,1.56,4.7,4.7,2,2,5,22.22
KS,Woodson,2020,11,1.36,4.91,5.0,4,1,6,36.36
KS,Woodson,2021,1,2.0,6.0,6.0,0,0,1,0.0
KS,Woodson,2022,14,1.5,4.57,4.64,0,1,13,0.0
KS,Wyandotte,2017,32,1.72,2.56,2.64,22,9,1,68.75
KS,Wyandotte,2018,59,1.68,4.23,4.32,17,18,24,28.81
KS,Wyandotte,2019,70,1.11,3.17,3.29,18,16,36,25.71
KS,Wyandotte,2020,27,1.04,4.3,4.44,5,15,7,18.52
KS,Wyandotte,2021,21,1.33,3.48,3.67,2,11,8,9.52
KS,Wyandotte,2022,48,1.46,4.9,4.98,2,14,32,4.17
KY,Adair,2017,8,1.88,8.09,8.19,6,1,1,75.0
KY,Adair,2018,11,2.18,10.96,10.97,5,2,4,45.45
KY,Adair,2019,9,1.22,11.82,11.83,3,2,4,33.33
KY,Adair,2020,3,0.0,2.33,2.33,0,3,0,0.0
KY,Adair,2021,3,1.67,6.0,6.0,0,1,2,0.0
KY,Adair,2022,1,1.0,2.0,2.0,0,0,1,0.0
KY,Allen,2017,6,1.0,12.66,12.79,5,0,1,83.33
KY,Allen,2018,9,1.44,4.92,5.02,3,2,4,33.33
KY,Allen,2021,2,0.0,3.0,3.0,0,1,1,0.0
KY,Allen,2022,5,0.4,4.0,4.0,0,1,4,0.0
KY,Anderson,2017,6,1.5,5.07,5.18,1,3,2,16.67
KY,Anderson,2018,15,1.93,7.6,7.67,5,5,5,33.33
KY,Anderson,2019,9,1.11,4.99,5.24,3,2,4,33.33
KY,Anderson,2020,3,0.67,3.67,4.0,0,2,1,0.0
KY,Anderson,2021,4,1.25,5.0,5.25,2,2,0,50.0
KY,Anderson,2022,7,1.57,7.29,7.86,0,2,5,0.0
KY,Ballard,2017,1,2.0,0.0,0.0,1,0,0,100.0
KY,Ballard,2018,17,1.47,4.22,4.25,1,4,12,5.88
KY,Ballard,2019,1,1.0,6.0,6.0,0,1,0,0.0
KY,Ballard,2021,3,1.33,9.33,9.33,1,2,0,33.33
KY,Ballard,2022,4,0.75,5.75,6.0,0,1,3,0.0
KY,Barren,2017,15,1.6,7.0,7.13,6,6,3,40.0
KY,Barren,2018,41,1.59,5.9,5.97,14,11,16,34.15
KY,Barren,2019,14,1.5,2.28,2.28,1,2,11,7.14
KY,Barren,2020,1,1.0,27.0,28.0,1,0,0,100.0
KY,Barren,2021,6,1.0,4.33,5.0,0,1,5,0.0
KY,Barren,2022,9,1.44,6.33,6.44,0,3,6,0.0
KY,Bath,2017,7,2.14,8.44,8.59,3,2,2,42.86
KY,Bath,2018,14,1.86,4.75,4.79,5,2,7,35.71
KY,Bath,2019,22,1.5,3.66,3.62,10,6,6,45.45
KY,Bath,2020,5,1.4,8.0,8.2,0,1,4,0.0
KY,Bath,2021,5,1.0,3.8,4.0,1,0,4,20.0
KY,Bath,2022,8,0.88,5.5,6.12,2,0,6,25.0
KY,Bell,2017,7,1.57,6.41,6.53,4,1,2,57.14
KY,Bell,2018,15,1.6,7.02,7.08,9,3,3,60.0
KY,Bell,2019,5,1.6,5.18,5.44,2,1,2,40.0
KY,Bell,2020,12,1.67,7.42,7.5,2,5,5,16.67
KY,Bell,2022,1,2.0,5.0,5.0,0,0,1,0.0
KY,Boone,2017,47,1.32,2.61,3.13,11,29,7,23.4
KY,Boone,2018,123,1.57,4.26,4.71,39,59,25,31.71
KY,Boone,2019,101,1.22,4.54,4.91,21,44,36,20.79
KY,Boone,2020,55,0.85,4.47,5.11,18,27,10,32.73
KY,Boone,2021,89,1.15,3.76,4.16,9,46,34,10.11
KY,Boone,2022,76,1.47,4.29,4.43,2,29,45,2.63
KY,Bourbon,2017,16,1.5,3.17,3.94,2,2,12,12.5
KY,Bourbon,2018,33,1.48,3.44,4.7,6,10,17,18.18
KY,Bourbon,2019,15,0.13,1.92,2.37,7,1,7,46.67
KY,Bourbon,2020,8,0.62,5.25,5.5,0,4,4,0.0
KY,Bourbon,2021,10,0.3,2.7,3.2,5,3,2,50.0
KY,Bourbon,2022,17,0.53,4.88,5.12,3,5,9,17.65
KY,Boyd,2016,3,1.33,0.29,0.26,1,2,0,33.33
KY,Boyd,2017,24,1.54,3.29,3.42,11,8,5,45.83
KY,Boyd,2018,29,1.59,3.87,3.98,10,9,10,34.48
KY,Boyd,2019,38,1.37,2.44,2.5,16,11,11,42.11
KY,Boyd,2020,18,1.06,5.5,5.83,1,10,7,5.56
KY,Boyd,2021,8,0.5,1.5,3.0,0,7,1,0.0
KY,Boyd,2022,13,1.0,3.69,4.08,3,2,8,23.08
KY,Boyle,2017,5,1.8,9.99,10.04,2,1,2,40.0
KY,Boyle,2018,18,1.5,5.92,6.16,4,3,11,22.22
KY,Boyle,2019,2,1.5,11.76,11.76,2,0,0,100.0
KY,Boyle,2020,1,0.0,2.0,2.0,0,1,0,0.0
KY,Boyle,2021,4,0.5,3.5,5.25,1,3,0,25.0
KY,Boyle,2022,4,0.5,4.25,4.25,1,0,3,25.0
KY,Bracken,2016,44,1.82,1.16,5.21,7,23,14,15.91
KY,Bracken,2017,44,1.84,5.35,8.23,11,21,12,25.0
KY,Bracken,2018,69,1.61,3.69,7.02,21,29,19,30.43
KY,Bracken,2019,14,0.64,1.62,5.23,1,7,6,7.14
KY,Bracken,2020,5,0.6,4.8,5.8,1,0,4,20.0
KY,Bracken,2021,1,1.0,5.0,5.0,0,1,0,0.0
KY,Bracken,2022,4,0.5,6.0,6.25,0,1,3,0.0
KY,Breathitt,2017,14,1.36,4.95,5.26,3,3,8,21.43
KY,Breathitt,2018,7,1.71,5.84,6.76,1,4,2,14.29
KY,Breathitt,2019,7,1.29,2.21,2.21,3,1,3,42.86
KY,Breathitt,2020,6,1.33,2.67,3.17,0,2,4,0.0
KY,Breathitt,2021,1,1.0,5.0,5.0,0,1,0,0.0
KY,Breathitt,2022,3,1.0,4.33,6.0,0,1,2,0.0
KY,Breckinridge,2017,11,1.36,6.77,7.05,1,7,3,9.09
KY,Breckinridge,2018,5,1.8,4.93,6.07,0,0,5,0.0
KY,Breckinridge,2019,2,1.0,5.0,5.5,0,0,2,0.0
KY,Breckinridge,2020,4,1.25,9.5,9.5,2,0,2,50.0
KY,Breckinridge,2021,4,1.0,6.25,6.25,0,3,1,0.0
KY,Breckinridge,2022,3,1.0,5.33,5.33,0,0,3,0.0
KY,Bullitt,2017,15,1.33,4.39,4.87,1,7,7,6.67
KY,Bullitt,2018,41,1.17,3.56,4.09,6,5,30,14.63
KY,Bullitt,2019,41,1.17,3.37,3.65,3,13,25,7.32
KY,Bullitt,2020,24,1.0,5.5,6.25,2,11,11,8.33
KY,Bullitt,2021,34,1.35,7.62,7.68,2,6,26,5.88
KY,Bullitt,2022,40,1.48,7.72,8.52,2,15,23,5.0
KY,Butler,2017,5,1.8,5.83,5.87,1,1,3,20.0
KY,Butler,2018,22,1.73,6.11,6.2,4,7,11,18.18
KY,Butler,2019,12,1.0,3.28,3.37,0,4,8,0.0
KY,Butler,2020,3,0.67,4.33,4.67,0,1,2,0.0
KY,Butler,2021,3,0.67,5.0,5.0,0,1,2,0.0
KY,Butler,2022,2,1.0,3.5,3.5,0,0,2,0.0
KY,Caldwell,2017,3,1.67,3.44,3.49,1,2,0,33.33
KY,Caldwell,2018,14,1.5,5.59,5.63,4,4,6,28.57
KY,Caldwell,2019,4,0.5,2.25,2.25,1,1,2,25.0
KY,Caldwell,2020,9,1.33,7.67,7.67,2,4,3,22.22
KY,Caldwell,2021,13,1.46,4.62,4.62,0,8,5,0.0
KY,Caldwell,2022,2,1.0,6.5,6.5,0,0,2,0.0
KY,Calloway,2017,9,2.0,4.05,4.14,4,5,0,44.44
KY,Calloway,2018,40,1.48,3.94,4.2,6,9,25,15.0
KY,Calloway,2019,5,1.0,2.8,2.87,0,2,3,0.0
KY,Calloway,2020,13,1.15,4.38,4.92,1,7,5,7.69
KY,Calloway,2021,5,1.6,2.0,2.8,0,3,2,0.0
KY,Calloway,2022,2,1.0,9.0,9.5,0,0,2,0.0
KY,Campbell,2017,40,1.5,4.31,5.21,13,14,13,32.5
KY,Campbell,2018,109,1.6,4.07,4.98,26,47,36,23.85
KY,Campbell,2019,95,1.0,2.43,3.04,8,42,45,8.42
KY,Campbell,2020,51,1.14,4.04,4.43,8,19,24,15.69
KY,Campbell,2021,95,0.99,3.39,3.69,7,42,46,7.37
KY,Campbell,2022,34,1.0,7.41,7.74,6,14,14,17.65
KY,Carlisle,2017,2,1.0,6.42,6.42,0,1,1,0.0
KY,Carlisle,2018,3,0.67,3.25,3.25,0,2,1,0.0
KY,Carlisle,2021,3,1.0,7.0,7.0,1,0,2,33.33
KY,Carlisle,2022,4,1.25,6.5,6.5,0,0,4,0.0
KY,Carroll,2017,9,1.56,2.41,2.45,2,5,2,22.22
KY,Carroll,2018,15,1.47,4.64,4.9,6,5,4,40.0
KY,Carroll,2019,17,1.59,6.75,6.74,8,3,6,47.06
KY,Carroll,2020,4,1.5,7.5,8.0,0,1,3,0.0
KY,Carroll,2021,16,1.5,4.69,4.81,1,6,9,6.25
KY,Carroll,2022,8,1.62,13.38,13.62,3,1,4,37.5
KY,Carter,2017,9,1.67,6.45,6.47,4,4,1,44.44
KY,Carter,2018,32,2.03,5.52,9.27,9,7,16,28.12
KY,Carter,2019,37,1.65,3.5,4.1,14,5,18,37.84
KY,Carter,2020,23,1.22,4.43,4.52,2,2,19,8.7
KY,Carter,2021,8,1.12,2.0,2.12,0,0,8,0.0
KY,Carter,2022,16,1.19,5.12,5.31,1,2,13,6.25
KY,Casey,2017,7,1.43,3.17,3.33,2,2,3,28.57
KY,Casey,2018,5,1.8,9.15,9.19,2,0,3,40.0
KY,Casey,2019,3,2.0,11.39,11.4,1,1,1,33.33
KY,Casey,2020,3,1.33,11.33,11.67,2,1,0,66.67
KY,Casey,2022,3,1.0,6.33,7.33,2,0,1,66.67
KY,Christian,2017,7,1.86,7.69,7.69,1,2,4,14.29
KY,Christian,2018,24,1.67,3.37,3.48,1,5,18,4.17
KY,Christian,2019,11,1.36,3.8,3.89,2,5,4,18.18
KY,Christian,2020,5,1.2,8.4,8.4,0,3,2,0.0
KY,Christian,2021,20,1.85,7.1,8.05,0,5,15,0.0
KY,Christian,2022,38,2.08,10.97,10.97,5,11,22,13.16
KY,Clark,2017,14,1.5,1.67,4.57,1,5,8,7.14
KY,Clark,2018,33,1.79,4.84,5.47,4,14,15,12.12
KY,Clark,2019,24,1.29,3.73,3.81,10,6,8,41.67
KY,Clark,2020,10,0.9,2.7,3.2,1,4,5,10.0
KY,Clark,2021,9,1.44,5.11,6.0,2,2,5,22.22
KY,Clark,2022,24,0.92,4.88,4.96,3,2,19,12.5
KY,Clay,2017,22,1.05,2.49,2.61,2,5,15,9.09
KY,Clay,2018,22,1.55,2.4,3.56,6,4,12,27.27
KY,Clay,2019,4,1.25,12.11,12.2,1,0,3,25.0
KY,Clay,2020,9,1.33,4.11,4.11,0,4,5,0.0
KY,Clay,2021,3,0.67,3.67,4.67,0,1,2,0.0
KY,Clay,2022,10,1.2,4.9,5.4,1,1,8,10.0
KY,Clinton,2017,5,1.8,10.03,10.07,3,2,0,60.0
KY,Clinton,2018,4,2.0,11.33,11.35,3,1,0,75.0
KY,Clinton,2019,4,1.75,10.55,10.81,2,1,1,50.0
KY,Clinton,2022,2,1.0,5.5,6.0,0,2,0,0.0
KY,Crittenden,2017,1,2.0,10.52,10.9,1,0,0,100.0
KY,Crittenden,2018,3,1.0,4.4,4.41,0,2,1,0.0
KY,Crittenden,2019,4,0.75,5.5,5.75,1,1,2,25.0
KY,Crittenden,2020,2,1.0,5.0,5.0,0,1,1,0.0
KY,Crittenden,2021,4,0.5,4.25,4.5,0,1,3,0.0
KY,Crittenden,2022,6,1.0,6.17,7.0,0,2,4,0.0
KY,Cumberland,2017,9,1.78,11.05,11.22,8,0,1,88.89
KY,Cumberland,2018,15,1.93,9.49,9.53,14,0,1,93.33
KY,Cumberland,2019,3,1.0,9.0,9.0,2,1,0,66.67
KY,Cumberland,2020,3,1.33,17.67,17.67,3,0,0,100.0
KY,Cumberland,2021,1,0.0,2.0,2.0,0,0,1,0.0
KY,Cumberland,2022,2,0.0,2.5,2.5,1,0,1,50.0
KY,Daviess,2017,5,2.0,1.59,1.79,2,3,0,40.0
KY,Daviess,2018,37,1.54,5.57,5.66,9,3,25,24.32
KY,Daviess,2019,13,0.77,4.34,4.39,7,5,1,53.85
KY,Daviess,2020,1,1.0,5.0,5.0,1,0,0,100.0
KY,Daviess,2021,7,1.29,6.0,6.14,0,6,1,0.0
KY,Daviess,2022,4,1.25,6.0,6.25,1,2,1,25.0
KY,Edmonson,2017,3,2.0,9.45,9.52,1,2,0,33.33
KY,Edmonson,2018,4,1.5,6.17,6.19,0,0,4,0.0
KY,Edmonson,2019,3,1.67,3.78,3.78,0,0,3,0.0
KY,Edmonson,2020,4,0.5,6.0,6.0,1,1,2,25.0
KY,Edmonson,2021,2,0.5,2.5,2.5,0,1,1,0.0
KY,Edmonson,2022,1,2.0,5.0,5.0,0,0,1,0.0
KY,Elliott,2017,2,1.0,7.05,7.25,1,1,0,50.0
KY,Elliott,2019,1,1.0,24.42,24.5,1,0,0,100.0
KY,Elliott,2021,1,0.0,3.0,3.0,0,0,1,0.0
KY,Elliott,2022,1,1.0,6.0,6.0,0,0,1,0.0
KY,Estill,2017,1,2.0,12.3,12.52,1,0,0,100.0
KY,Estill,2018,6,1.67,8.6,9.32,6,0,0,100.0
KY,Estill,2019,3,1.0,0.0,7.0,0,3,0,0.0
KY,Estill,2020,4,1.0,3.25,5.75,3,1,0,75.0
KY,Estill,2021,2,0.5,3.5,3.5,0,1,1,0.0
KY,Estill,2022,2,1.0,6.0,6.0,1,1,0,50.0
KY,Fayette,2017,279,1.36,2.14,3.16,122,138,19,43.73
KY,Fayette,2018,537,1.44,2.66,3.95,213,264,60,39.66
KY,Fayette,2019,401,0.6,2.34,3.76,104,231,66,25.94
KY,Fayette,2020,238,0.39,1.78,3.87,40,179,19,16.81
KY,Fayette,2021,485,0.44,1.98,3.9,80,364,41,16.49
KY,Fayette,2022,183,0.79,3.77,4.82,29,103,51,15.85
KY,Fleming,2017,7,1.71,10.37,10.45,4,1,2,57.14
KY,Fleming,2018,21,1.57,5.6,5.88,9,3,9,42.86
KY,Fleming,2019,6,1.0,13.23,14.2,6,0,0,100.0
KY,Fleming,2020,7,0.86,8.57,8.86,2,3,2,28.57
KY,Fleming,2021,3,0.33,4.33,4.33,1,2,0,33.33
KY,Fleming,2022,6,0.67,4.17,4.33,4,1,1,66.67
KY,Floyd,2017,9,1.67,6.43,6.47,4,3,2,44.44
KY,Floyd,2018,22,1.64,6.07,6.16,5,6,11,22.73
KY,Floyd,2019,28,1.29,4.74,4.89,6,11,11,21.43
KY,Floyd,2020,11,0.82,3.0,3.09,0,7,4,0.0
KY,Floyd,2021,5,0.8,2.6,3.4,0,4,1,0.0
KY,Floyd,2022,8,1.12,4.38,5.12,0,4,4,0.0
KY,Franklin,2017,39,1.62,3.58,3.82,12,19,8,30.77
KY,Franklin,2018,47,1.62,3.85,3.94,10,13,24,21.28
KY,Franklin,2019,39,1.13,4.31,4.61,6,11,22,15.38
KY,Franklin,2020,10,1.5,4.2,4.4,0,3,7,0.0
KY,Franklin,2021,28,1.25,4.39,4.5,0,10,18,0.0
KY,Franklin,2022,25,1.4,9.04,9.16,3,7,15,12.0
KY,Fulton,2017,1,3.0,14.65,14.65,0,0,1,0.0
KY,Fulton,2018,8,0.88,4.72,4.7,2,5,1,25.0
KY,Fulton,2019,6,0.5,1.66,1.89,0,3,3,0.0
KY,Fulton,2020,1,0.0,4.0,4.0,0,1,0,0.0
KY,Fulton,2021,4,0.25,3.5,3.5,0,0,4,0.0
KY,Fulton,2022,1,1.0,8.0,8.0,0,1,0,0.0
KY,Gallatin,2017,4,1.25,2.57,2.62,0,1,3,0.0
KY,Gallatin,2018,13,1.77,6.59,6.61,6,6,1,46.15
KY,Gallatin,2019,11,1.18,4.45,4.53,3,2,6,27.27
KY,Gallatin,2020,3,1.0,6.67,7.0,1,1,1,33.33
KY,Gallatin,2021,23,1.57,6.83,6.91,1,8,14,4.35
KY,Gallatin,2022,21,1.62,19.81,19.86,4,5,12,19.05
KY,Garrard,2017,8,1.38,2.84,2.91,3,2,3,37.5
KY,Garrard,2018,17,1.06,2.61,2.68,2,1,14,11.76
KY,Garrard,2019,4,0.0,1.6,1.73,0,0,4,0.0
KY,Garrard,2020,1,0.0,1.0,1.0,0,0,1,0.0
KY,Garrard,2021,4,0.0,2.5,2.75,0,1,3,0.0
KY,Garrard,2022,8,0.38,3.62,3.88,3,0,5,37.5
KY,Grant,2017,8,1.25,1.85,2.61,1,2,5,12.5
KY,Grant,2018,38,1.71,6.88,7.18,6,11,21,15.79
KY,Grant,2019,42,1.62,2.49,2.68,12,9,21,28.57
KY,Grant,2020,6,1.33,3.17,3.17,1,2,3,16.67
KY,Grant,2021,12,1.58,4.08,4.17,0,3,9,0.0
KY,Grant,2022,18,1.17,5.67,5.78,0,4,14,0.0
KY,Graves,2017,5,1.8,6.09,6.12,3,1,1,60.0
KY,Graves,2018,32,1.88,6.52,6.55,8,8,16,25.0
KY,Graves,2019,14,0.71,3.71,3.64,1,6,7,7.14
KY,Graves,2020,4,0.75,6.0,6.5,0,2,2,0.0
KY,Graves,2021,3,1.0,4.67,4.67,1,1,1,33.33
KY,Graves,2022,11,0.73,3.73,3.82,0,2,9,0.0
KY,Grayson,2017,17,1.76,5.61,5.94,1,9,7,5.88
KY,Grayson,2018,31,1.35,3.64,3.86,7,10,14,22.58
KY,Grayson,2019,7,1.14,7.02,7.02,1,0,6,14.29
KY,Grayson,2020,7,0.57,4.14,4.14,3,0,4,42.86
KY,Grayson,2021,3,0.67,5.0,5.0,3,0,0,100.0
KY,Grayson,2022,10,0.9,5.0,5.2,1,3,6,10.0
KY,Green,2017,7,1.57,8.17,8.2,2,3,2,28.57
KY,Green,2018,4,1.25,6.34,6.31,1,3,0,25.0
KY,Green,2019,2,1.5,21.5,21.5,1,1,0,50.0
KY,Green,2020,3,0.67,5.33,5.33,1,1,1,33.33
KY,Green,2021,1,1.0,5.0,5.0,1,0,0,100.0
KY,Green,2022,1,1.0,5.0,5.0,0,0,1,0.0
KY,Greenup,2016,5,1.4,2.35,2.37,1,1,3,20.0
KY,Greenup,2017,16,1.44,5.01,6.22,7,4,5,43.75
KY,Greenup,2018,17,1.71,6.86,6.88,4,6,7,23.53
KY,Greenup,2019,6,1.17,8.02,8.04,2,2,2,33.33
KY,Greenup,2020,4,0.75,5.0,6.0,2,2,0,50.0
KY,Greenup,2021,3,0.33,5.33,6.0,1,0,2,33.33
KY,Greenup,2022,9,0.44,4.0,3.78,3,0,6,33.33
KY,Hancock,2017,3,1.33,2.21,2.17,1,1,1,33.33
KY,Hancock,2018,2,1.5,3.89,3.97,0,1,1,0.0
KY,Hancock,2019,1,1.0,4.37,4.37,0,0,1,0.0
KY,Hancock,2020,1,1.0,8.0,8.0,0,1,0,0.0
KY,Hancock,2022,1,1.0,3.0,3.0,0,0,1,0.0
KY,Hardin,2017,92,1.77,5.74,6.09,14,32,46,15.22
KY,Hardin,2018,121,1.72,4.08,4.89,18,49,54,14.88
KY,Hardin,2019,41,1.29,5.86,6.01,11,12,18,26.83
KY,Hardin,2020,11,0.82,1.73,2.82,0,9,2,0.0
KY,Hardin,2021,28,1.36,5.18,5.79,1,14,13,3.57
KY,Hardin,2022,11,1.55,7.0,7.0,0,4,7,0.0
KY,Harlan,2017,14,1.64,4.22,4.51,2,7,5,14.29
KY,Harlan,2018,12,1.92,11.65,11.78,4,8,0,33.33
KY,Harlan,2019,7,0.57,4.02,4.1,0,5,2,0.0
KY,Harlan,2020,12,1.0,4.92,5.25,0,6,6,0.0
KY,Harlan,2021,7,1.14,6.29,6.43,1,4,2,14.29
KY,Harlan,2022,7,0.71,5.14,5.86,1,3,3,14.29
KY,Harrison,2016,1,2.0,6.82,6.97,0,1,0,0.0
KY,Harrison,2017,7,1.57,4.64,4.69,1,4,2,14.29
KY,Harrison,2018,9,1.67,9.36,9.49,1,3,5,11.11
KY,Harrison,2019,5,0.2,7.66,7.48,1,1,3,20.0
KY,Harrison,2020,3,0.33,4.33,4.67,0,0,3,0.0
KY,Harrison,2021,1,0.0,1.0,1.0,0,1,0,0.0
KY,Harrison,2022,10,0.4,3.9,3.9,0,1,9,0.0
KY,Hart,2017,8,1.75,5.22,6.61,0,3,5,0.0
KY,Hart,2018,13,1.46,5.65,5.74,2,3,8,15.38
KY,Hart,2019,28,1.64,3.46,3.46,5,5,18,17.86
KY,Hart,2020,16,0.88,5.19,6.5,2,2,12,12.5
KY,Hart,2021,13,1.15,5.92,6.31,1,6,6,7.69
KY,Hart,2022,11,1.82,7.18,7.27,0,1,10,0.0
KY,Henderson,2017,25,1.68,3.46,3.65,1,14,10,4.0
KY,Henderson,2018,36,1.69,4.91,5.03,7,9,20,19.44
KY,Henderson,2019,19,1.16,3.65,3.71,5,7,7,26.32
KY,Henderson,2020,6,1.5,5.0,5.17,1,5,0,16.67
KY,Henderson,2021,11,1.82,5.27,5.36,2,6,3,18.18
KY,Henderson,2022,14,1.07,3.21,3.5,1,2,11,7.14
KY,Henry,2017,8,2.0,8.74,8.88,1,2,5,12.5
KY,Henry,2018,6,1.67,2.85,2.86,1,1,4,16.67
KY,Henry,2019,12,1.42,5.19,5.27,2,4,6,16.67
KY,Henry,2020,9,1.44,4.67,4.67,0,3,6,0.0
KY,Henry,2021,8,1.75,5.12,5.25,0,2,6,0.0
KY,Henry,2022,13,1.54,4.85,4.92,0,2,11,0.0
KY,Hickman,2017,1,0.0,0.95,1.43,1,0,0,100.0
KY,Hickman,2018,8,1.62,5.62,5.68,1,3,4,12.5
KY,Hickman,2019,6,1.0,5.04,5.07,2,2,2,33.33
KY,Hickman,2020,3,0.33,2.33,2.33,0,1,2,0.0
KY,Hickman,2021,3,0.33,3.0,3.0,0,0,3,0.0
KY,Hickman,2022,3,1.0,4.67,4.67,0,2,1,0.0
KY,Hopkins,2017,8,1.5,5.63,5.71,3,4,1,37.5
KY,Hopkins,2018,30,1.27,3.59,3.82,7,3,20,23.33
KY,Hopkins,2019,16,1.12,5.46,5.53,5,2,9,31.25
KY,Hopkins,2020,3,1.0,3.33,3.33,0,1,2,0.0
KY,Hopkins,2021,3,1.0,7.33,8.33,2,0,1,66.67
KY,Hopkins,2022,10,1.1,6.8,7.0,1,5,4,10.0
KY,Jackson,2017,15,1.33,3.63,3.78,1,7,7,6.67
KY,Jackson,2018,5,1.4,5.88,5.95,0,3,2,0.0
KY,Jackson,2019,2,0.5,3.5,4.0,0,1,1,0.0
KY,Jackson,2020,3,0.67,4.33,4.67,0,0,3,0.0
KY,Jackson,2021,3,0.67,5.0,5.0,0,1,2,0.0
KY,Jackson,2022,4,0.5,5.25,5.25,1,1,2,25.0
KY,Jefferson,2017,329,1.43,3.13,3.81,113,120,96,34.35
KY,Jefferson,2018,961,1.52,3.39,4.12,321,387,253,33.4
KY,Jefferson,2019,720,1.25,2.93,3.77,171,308,241,23.75
KY,Jefferson,2020,389,0.74,2.13,3.62,66,264,59,16.97
KY,Jefferson,2021,733,0.95,2.73,3.77,102,415,216,13.92
KY,Jefferson,2022,325,1.31,4.44,4.92,49,144,132,15.08
KY,Jessamine,2017,17,1.35,2.69,2.92,1,6,10,5.88
KY,Jessamine,2018,43,1.33,4.32,4.54,3,21,19,6.98
KY,Jessamine,2019,9,0.22,2.14,2.3,0,6,3,0.0
KY,Jessamine,2020,10,0.5,6.3,6.8,2,5,3,20.0
KY,Jessamine,2021,16,0.19,1.56,2.75,0,5,11,0.0
KY,Jessamine,2022,15,0.27,4.0,4.47,1,5,9,6.67
KY,Johnson,2017,2,2.0,12.5,12.55,0,0,2,0.0
KY,Johnson,2018,9,1.78,5.56,5.59,0,1,8,0.0
KY,Johnson,2019,3,1.33,4.35,4.39,0,0,3,0.0
KY,Johnson,2020,5,1.6,8.6,8.8,0,1,4,0.0
KY,Johnson,2021,1,1.0,5.0,6.0,0,1,0,0.0
KY,Johnson,2022,5,0.8,4.6,4.8,0,0,5,0.0
KY,Kenton,2017,80,1.58,4.29,5.07,34,25,21,42.5
KY,Kenton,2018,229,1.6,3.42,3.96,46,75,108,20.09
KY,Kenton,2019,211,1.24,2.6,3.48,28,62,121,13.27
KY,Kenton,2020,190,1.35,3.35,3.92,32,80,78,16.84
KY,Kenton,2021,188,1.3,3.49,3.99,21,75,92,11.17
KY,Kenton,2022,156,1.59,2.78,4.52,6,82,68,3.85
KY,Knott,2017,3,2.0,6.52,6.75,0,2,1,0.0
KY,Knott,2018,17,1.59,4.8,4.82,4,6,7,23.53
KY,Knott,2019,12,1.33,5.36,5.46,2,3,7,16.67
KY,Knott,2020,12,1.42,6.17,6.33,1,6,5,8.33
KY,Knott,2021,4,0.75,4.0,4.75,1,2,1,25.0
KY,Knott,2022,11,0.91,5.55,5.82,0,8,3,0.0
KY,Knox,2017,4,1.25,9.85,9.88,1,2,1,25.0
KY,Knox,2018,8,1.75,8.46,8.55,2,3,3,25.0
KY,Knox,2019,22,1.5,5.34,5.63,4,14,4,18.18
KY,Knox,2020,8,1.62,5.38,5.75,1,2,5,12.5
KY,Knox,2021,5,1.6,3.4,4.6,0,1,4,0.0
KY,Knox,2022,5,1.0,3.4,3.4,2,0,3,40.0
KY,Larue,2017,10,1.9,7.96,8.1,4,3,3,40.0
KY,Larue,2018,9,1.67,2.57,3.36,2,3,4,22.22
KY,Larue,2019,18,1.39,2.2,2.37,7,2,9,38.89
KY,Larue,2020,1,1.0,7.0,7.0,0,0,1,0.0
KY,Larue,2022,6,1.17,8.67,8.67,4,1,1,66.67
KY,Laurel,2017,34,1.56,4.23,4.43,13,9,12,38.24
KY,Laurel,2018,39,1.67,8.29,8.83,10,12,17,25.64
KY,Laurel,2019,90,1.24,3.24,4.18,22,31,37,24.44
KY,Laurel,2020,35,1.46,4.97,5.51,3,13,19,8.57
KY,Laurel,2021,91,1.71,4.47,5.14,1,30,60,1.1
KY,Laurel,2022,38,1.0,4.58,4.74,2,9,27,5.26
KY,Lawrence,2017,1,2.0,9.33,9.35,1,0,0,100.0
KY,Lawrence,2018,11,1.36,3.92,4.02,4,6,1,36.36
KY,Lawrence,2019,7,1.43,4.33,4.36,2,3,2,28.57
KY,Lawrence,2020,5,1.4,5.8,5.8,0,3,2,0.0
KY,Lawrence,2021,3,1.0,4.0,4.67,0,2,1,0.0
KY,Lawrence,2022,5,0.8,2.4,2.4,1,0,4,20.0
KY,Lee,2017,3,0.67,5.57,5.78,1,1,1,33.33
KY,Lee,2018,1,1.0,1.33,1.37,0,1,0,0.0
KY,Lee,2019,1,1.0,8.0,9.0,1,0,0,100.0
KY,Lee,2020,2,0.5,5.0,5.0,2,0,0,100.0
KY,Lee,2021,2,1.0,8.0,8.0,2,0,0,100.0
KY,Leslie,2017,28,1.71,6.66,6.91,5,7,16,17.86
KY,Leslie,2018,34,1.76,6.52,7.13,4,17,13,11.76
KY,Leslie,2019,5,0.8,5.07,6.31,1,0,4,20.0
KY,Leslie,2020,4,1.0,11.75,13.5,1,1,2,25.0
KY,Leslie,2021,1,1.0,8.0,8.0,1,0,0,100.0
KY,Leslie,2022,4,1.0,5.25,5.75,1,1,2,25.0
KY,Letcher,2017,11,1.55,8.03,8.06,4,4,3,36.36
KY,Letcher,2018,31,1.81,5.51,5.61,7,14,10,22.58
KY,Letcher,2019,23,1.57,5.05,5.15,10,8,5,43.48
KY,Letcher,2020,10,1.2,6.4,6.8,2,4,4,20.0
KY,Letcher,2021,12,1.17,4.75,5.25,1,6,5,8.33
KY,Letcher,2022,15,0.93,6.6,6.73,2,8,5,13.33
KY,Lewis,2016,7,1.71,3.19,3.19,2,3,2,28.57
KY,Lewis,2017,10,1.4,3.59,3.59,1,2,7,10.0
KY,Lewis,2018,18,1.72,5.53,5.57,2,3,13,11.11
KY,Lewis,2019,5,0.8,5.4,5.8,1,1,3,20.0
KY,Lewis,2020,4,0.75,5.0,5.25,1,1,2,25.0
KY,Lewis,2021,3,0.33,4.0,4.0,1,1,1,33.33
KY,Lewis,2022,1,0.0,2.0,2.0,0,0,1,0.0
KY,Lincoln,2017,17,1.35,2.22,2.26,3,4,10,17.65
KY,Lincoln,2018,19,1.42,3.09,3.12,3,0,16,15.79
KY,Lincoln,2019,6,0.5,3.48,3.53,0,2,4,0.0
KY,Lincoln,2020,2,0.5,4.0,4.5,0,1,1,0.0
KY,Lincoln,2021,2,0.5,4.0,4.0,0,0,2,0.0
KY,Lincoln,2022,11,0.36,3.09,3.18,0,4,7,0.0
KY,Livingston,2017,2,1.0,1.96,2.01,1,0,1,50.0
KY,Livingston,2018,2,2.5,30.01,30.17,1,0,1,50.0
KY,Livingston,2019,2,1.5,8.0,8.0,1,1,0,50.0
KY,Livingston,2020,2,0.5,2.5,3.0,0,2,0,0.0
KY,Livingston,2021,4,0.75,5.0,5.25,0,0,4,0.0
KY,Livingston,2022,2,0.5,5.0,5.5,0,1,1,0.0
KY,Logan,2017,5,1.4,1.48,1.52,2,1,2,40.0
KY,Logan,2018,18,1.5,3.24,3.24,0,3,15,0.0
KY,Logan,2019,4,0.25,5.0,5.0,0,2,2,0.0
KY,Logan,2020,1,1.0,5.0,5.0,0,1,0,0.0
KY,Logan,2021,1,0.0,4.0,4.0,0,0,1,0.0
KY,Logan,2022,4,0.5,2.0,2.0,0,0,4,0.0
KY,Lyon,2017,4,1.5,6.78,6.78,3,1,0,75.0
KY,Lyon,2018,57,1.86,4.18,4.2,7,31,19,12.28
KY,Lyon,2019,10,1.2,1.36,1.36,3,2,5,30.0
KY,Lyon,2020,1,1.0,2.0,2.0,0,1,0,0.0
KY,Lyon,2021,11,1.64,4.55,4.64,0,7,4,0.0
KY,Lyon,2022,1,2.0,3.0,3.0,0,0,1,0.0
KY,Madison,2017,44,1.32,4.79,5.43,15,19,10,34.09
KY,Madison,2018,49,1.71,3.76,5.05,17,7,25,34.69
KY,Madison,2019,51,1.27,4.19,4.62,16,16,19,31.37
KY,Madison,2020,10,1.6,8.8,8.9,1,3,6,10.0
KY,Madison,2021,27,1.44,5.22,5.41,3,8,16,11.11
KY,Madison,2022,32,1.22,5.84,6.03,7,6,19,21.88
KY,Magoffin,2017,4,1.5,4.6,4.7,0,2,2,0.0
KY,Magoffin,2018,8,1.62,8.71,8.9,7,1,0,87.5
KY,Magoffin,2019,4,1.0,4.43,4.68,1,1,2,25.0
KY,Magoffin,2020,13,0.85,5.08,5.31,0,5,8,0.0
KY,Magoffin,2021,2,1.5,4.0,9.0,0,1,1,0.0
KY,Magoffin,2022,5,1.0,8.6,8.6,0,2,3,0.0
KY,Marion,2017,2,1.0,4.34,4.37,0,0,2,0.0
KY,Marion,2018,3,1.67,5.45,5.48,0,2,1,0.0
KY,Marion,2019,3,0.0,12.36,12.82,0,1,2,0.0
KY,Marion,2020,2,1.0,5.0,6.0,0,1,1,0.0
KY,Marion,2021,5,0.6,4.0,4.2,0,2,3,0.0
KY,Marion,2022,15,0.47,3.67,4.2,1,2,12,6.67
KY,Marshall,2017,4,2.0,11.99,12.03,2,2,0,50.0
KY,Marshall,2018,42,1.67,6.23,6.69,8,11,23,19.05
KY,Marshall,2019,9,0.89,2.34,2.46,1,0,8,11.11
KY,Marshall,2020,3,0.67,6.67,7.0,1,2,0,33.33
KY,Marshall,2021,4,1.25,2.5,2.75,0,1,3,0.0
KY,Marshall,2022,6,0.83,3.33,3.33,0,0,6,0.0
KY,Martin,2019,1,0.0,2.0,2.0,1,0,0,100.0
KY,Martin,2021,1,0.0,3.0,3.0,0,0,1,0.0
KY,Mason,2016,4,1.25,0.14,0.17,0,2,2,0.0
KY,Mason,2017,28,1.61,6.19,6.76,9,10,9,32.14
KY,Mason,2018,65,1.55,2.53,5.3,13,29,23,20.0
KY,Mason,2019,22,0.86,2.65,6.92,4,11,7,18.18
KY,Mason,2020,18,0.89,4.5,6.11,4,6,8,22.22
KY,Mason,2021,27,0.93,3.15,8.19,2,20,5,7.41
KY,Mason,2022,26,0.73,3.15,6.5,3,9,14,11.54
KY,McCracken,2017,15,1.87,5.78,6.52,5,10,0,33.33
KY,McCracken,2018,29,1.72,4.59,5.05,6,17,6,20.69
KY,McCracken,2019,16,1.12,5.74,6.44,8,8,0,50.0
KY,McCracken,2020,2,1.0,6.0,6.5,0,2,0,0.0
KY,McCracken,2021,9,0.89,4.56,5.22,4,4,1,44.44
KY,McCracken,2022,8,1.0,5.0,5.38,0,4,4,0.0
KY,McCreary,2017,17,1.29,2.29,2.36,1,4,12,5.88
KY,McCreary,2018,3,1.67,5.7,5.71,1,1,1,33.33
KY,McCreary,2019,5,1.2,12.78,12.77,1,1,3,20.0
KY,McCreary,2020,2,1.0,5.0,5.5,1,1,0,50.0
KY,McCreary,2021,1,1.0,7.0,7.0,0,1,0,0.0
KY,McCreary,2022,5,0.0,2.2,2.2,0,1,4,0.0
KY,McLean,2017,4,1.75,3.61,3.62,2,1,1,50.0
KY,McLean,2018,8,1.25,7.0,7.22,5,1,2,62.5
KY,McLean,2019,3,0.67,8.46,8.47,3,0,0,100.0
KY,McLean,2020,2,1.0,7.0,7.0,1,1,0,50.0
KY,McLean,2021,1,1.0,8.0,8.0,1,0,0,100.0
KY,McLean,2022,1,1.0,5.0,5.0,0,0,1,0.0
KY,Mccracken,2017,2,2.0,7.5,7.75,0,1,1,0.0
KY,Mccracken,2018,1,2.0,7.67,7.67,1,0,0,100.0
KY,Mccreary,2017,1,2.0,12.32,12.35,0,1,0,0.0
KY,Mclean,2017,1,2.0,13.97,13.97,1,0,0,100.0
KY,Meade,2017,7,1.0,3.74,4.92,1,2,4,14.29
KY,Meade,2018,1,1.0,0.25,0.25,0,0,1,0.0
KY,Meade,2019,4,1.5,7.76,7.51,2,0,2,50.0
KY,Meade,2020,2,1.0,5.0,5.0,1,0,1,50.0
KY,Meade,2021,6,0.5,3.33,3.83,0,1,5,0.0
KY,Meade,2022,6,0.33,4.33,4.33,0,1,5,0.0
KY,Menifee,2017,3,2.0,7.26,7.68,0,2,1,0.0
KY,Menifee,2018,1,2.0,0.0,0.0,1,0,0,100.0
KY,Menifee,2019,1,1.0,5.0,5.0,0,0,1,0.0
KY,Menifee,2020,3,1.33,9.67,10.0,1,0,2,33.33
KY,Menifee,2021,1,1.0,7.0,7.0,0,1,0,0.0
KY,Mercer,2017,4,2.0,6.53,7.62,2,0,2,50.0
KY,Mercer,2018,11,1.64,5.48,6.78,9,1,1,81.82
KY,Mercer,2019,7,1.71,6.98,6.98,2,1,4,28.57
KY,Mercer,2020,4,1.0,3.5,3.75,0,1,3,0.0
KY,Mercer,2021,4,1.0,2.75,4.75,0,2,2,0.0
KY,Mercer,2022,1,0.0,4.0,4.0,0,0,1,0.0
KY,Metcalfe,2017,12,1.83,8.56,8.84,9,3,0,75.0
KY,Metcalfe,2018,18,1.83,10.17,10.24,5,9,4,27.78
KY,Metcalfe,2019,1,1.0,6.0,7.0,0,1,0,0.0
KY,Metcalfe,2020,1,0.0,2.0,2.0,0,1,0,0.0
KY,Metcalfe,2021,2,1.0,6.5,6.5,0,1,1,0.0
KY,Metcalfe,2022,2,1.0,6.5,6.5,0,1,1,0.0
KY,Monroe,2017,2,0.0,1.65,1.79,0,1,1,0.0
KY,Monroe,2018,5,2.0,13.38,13.38,5,0,0,100.0
KY,Monroe,2019,2,0.5,17.5,17.5,1,1,0,50.0
KY,Monroe,2021,3,0.0,3.33,3.33,0,2,1,0.0
KY,Montgomery,2017,16,1.56,4.11,4.68,4,5,7,25.0
KY,Montgomery,2018,39,1.67,5.04,5.81,14,6,19,35.9
KY,Montgomery,2019,12,1.42,3.46,3.63,3,2,7,25.0
KY,Montgomery,2020,7,1.71,6.29,6.29,0,2,5,0.0
KY,Montgomery,2021,8,1.25,5.0,5.5,0,2,6,0.0
KY,Montgomery,2022,7,1.14,3.0,3.14,1,0,6,14.29
KY,Morgan,2017,4,1.75,4.74,6.27,2,0,2,50.0
KY,Morgan,2018,3,1.33,0.91,1.81,1,0,2,33.33
KY,Morgan,2019,3,1.0,11.67,11.67,1,1,1,33.33
KY,Morgan,2020,4,0.75,5.5,6.25,0,3,1,0.0
KY,Morgan,2021,3,1.0,2.67,4.67,0,3,0,0.0
KY,Morgan,2022,2,0.5,5.5,5.5,2,0,0,100.0
KY,Muhlenberg,2017,11,1.91,9.54,9.57,4,3,4,36.36
KY,Muhlenberg,2018,20,1.7,5.21,5.25,2,6,12,10.0
KY,Muhlenberg,2019,19,1.11,3.43,3.49,2,5,12,10.53
KY,Muhlenberg,2020,10,0.9,4.7,5.0,1,5,4,10.0
KY,Muhlenberg,2021,1,1.0,4.0,4.0,0,0,1,0.0
KY,Muhlenberg,2022,9,1.11,5.89,6.11,0,6,3,0.0
KY,Nelson,2017,22,1.36,5.68,6.21,2,12,8,9.09
KY,Nelson,2018,23,1.43,4.61,4.76,3,5,15,13.04
KY,Nelson,2019,9,1.44,8.43,8.43,0,5,4,0.0
KY,Nelson,2020,12,0.33,2.17,3.33,1,8,3,8.33
KY,Nelson,2021,13,0.46,3.0,3.46,4,5,4,30.77
KY,Nelson,2022,20,0.7,6.1,6.35,1,5,14,5.0
KY,Nicholas,2017,10,1.5,4.58,5.63,0,1,9,0.0
KY,Nicholas,2018,13,1.15,3.88,7.18,2,4,7,15.38
KY,Nicholas,2020,2,0.5,3.5,3.5,0,0,2,0.0
KY,Nicholas,2021,1,0.0,2.0,2.0,0,0,1,0.0
KY,Nicholas,2022,5,0.6,3.2,4.0,0,2,3,0.0
KY,Ohio,2017,23,1.83,3.62,3.62,3,4,16,13.04
KY,Ohio,2018,45,1.87,4.97,4.97,3,10,32,6.67
KY,Ohio,2019,13,1.0,4.16,4.42,4,2,7,30.77
KY,Ohio,2020,4,1.25,5.0,5.25,0,1,3,0.0
KY,Ohio,2021,5,1.2,6.0,6.0,0,1,4,0.0
KY,Ohio,2022,7,0.71,3.14,3.29,0,2,5,0.0
KY,Oldham,2017,3,1.33,3.64,3.72,1,1,1,33.33
KY,Oldham,2018,15,1.53,7.46,7.7,9,5,1,60.0
KY,Oldham,2019,17,1.41,5.56,5.73,1,6,10,5.88
KY,Oldham,2020,22,1.5,4.41,4.55,2,8,12,9.09
KY,Oldham,2021,51,1.37,5.08,5.31,4,21,26,7.84
KY,Oldham,2022,34,1.91,12.68,12.88,5,12,17,14.71
KY,Owen,2017,7,1.57,5.19,5.21,2,2,3,28.57
KY,Owen,2018,2,1.0,5.29,5.57,0,0,2,0.0
KY,Owen,2019,9,0.67,3.44,5.22,0,7,2,0.0
KY,Owen,2020,9,0.67,5.0,5.11,1,6,2,11.11
KY,Owen,2021,2,1.0,5.0,5.5,0,1,1,0.0
KY,Owen,2022,3,0.67,3.67,4.67,0,0,3,0.0
KY,Owsley,2017,2,1.5,6.95,7.08,1,1,0,50.0
KY,Owsley,2018,1,1.0,6.2,8.08,1,0,0,100.0
KY,Owsley,2019,3,0.67,4.11,5.14,1,1,1,33.33
KY,Owsley,2020,1,0.0,3.0,3.0,0,1,0,0.0
KY,Owsley,2021,1,1.0,12.0,12.0,1,0,0,100.0
KY,Owsley,2022,2,0.5,7.0,7.0,0,1,1,0.0
KY,Pendleton,2016,3,2.0,0.0,0.0,1,2,0,33.33
KY,Pendleton,2017,28,1.64,3.93,6.15,6,14,8,21.43
KY,Pendleton,2018,56,1.61,3.42,6.48,11,29,16,19.64
KY,Pendleton,2019,21,0.76,1.78,6.37,2,8,11,9.52
KY,Pendleton,2020,8,1.12,4.5,7.38,0,4,4,0.0
KY,Pendleton,2021,3,0.33,2.67,3.67,0,0,3,0.0
KY,Pendleton,2022,6,0.67,5.83,6.0,0,1,5,0.0
KY,Perry,2017,13,1.54,3.78,3.92,5,0,8,38.46
KY,Perry,2018,29,1.69,6.29,6.49,10,11,8,34.48
KY,Perry,2019,69,1.46,5.98,6.23,29,26,14,42.03
KY,Perry,2020,26,1.27,4.12,4.46,4,11,11,15.38
KY,Perry,2021,9,1.56,4.67,5.22,1,4,4,11.11
KY,Perry,2022,13,1.15,6.0,6.23,0,6,7,0.0
KY,Pike,2017,17,1.76,4.16,4.42,0,9,8,0.0
KY,Pike,2018,43,1.65,4.97,5.18,6,13,24,13.95
KY,Pike,2019,31,1.39,4.89,5.07,9,7,15,29.03
KY,Pike,2020,17,1.24,3.94,3.94,2,4,11,11.76
KY,Pike,2021,12,1.67,4.58,4.92,0,3,9,0.0
KY,Pike,2022,17,1.35,4.06,4.18,3,4,10,17.65
KY,Powell,2017,4,1.25,0.68,8.65,0,3,1,0.0
KY,Powell,2018,16,1.62,5.4,6.94,2,6,8,12.5
KY,Powell,2019,2,1.5,7.4,7.42,1,1,0,50.0
KY,Powell,2020,3,1.67,4.33,4.33,0,1,2,0.0
KY,Powell,2022,4,1.5,6.0,6.5,1,0,3,25.0
KY,Pulaski,2017,82,1.28,1.67,2.11,13,40,29,15.85
KY,Pulaski,2018,111,1.26,1.81,2.21,16,45,50,14.41
KY,Pulaski,2019,37,0.57,3.98,4.52,7,12,18,18.92
KY,Pulaski,2020,10,0.3,1.6,3.1,1,4,5,10.0
KY,Pulaski,2021,44,0.39,2.23,3.95,6,23,15,13.64
KY,Pulaski,2022,31,0.68,4.9,5.13,5,2,24,16.13
KY,Robertson,2016,1,0.0,0.0,0.0,0,0,1,0.0
KY,Robertson,2017,1,2.0,5.78,5.78,0,1,0,0.0
KY,Robertson,2018,1,1.0,4.7,4.68,0,1,0,0.0
KY,Robertson,2020,1,1.0,7.0,6.0,0,0,1,0.0
KY,Robertson,2021,1,1.0,8.0,8.0,0,0,1,0.0
KY,Robertson,2022,1,0.0,1.0,1.0,0,0,1,0.0
KY,Rockcastle,2017,32,1.75,5.18,6.12,4,11,17,12.5
KY,Rockcastle,2018,92,2.01,5.44,5.75,13,29,50,14.13
KY,Rockcastle,2019,91,1.74,6.92,7.33,28,28,35,30.77
KY,Rockcastle,2020,6,1.17,10.33,10.33,1,3,2,16.67
KY,Rockcastle,2021,14,1.14,2.86,3.07,0,3,11,0.0
KY,Rockcastle,2022,16,1.19,4.06,4.25,3,4,9,18.75
KY,Rowan,2017,7,1.86,5.37,5.48,1,2,4,14.29
KY,Rowan,2018,16,1.5,4.71,4.83,5,6,5,31.25
KY,Rowan,2019,15,1.6,3.96,4.0,8,3,4,53.33
KY,Rowan,2020,7,0.29,3.0,3.57,2,2,3,28.57
KY,Rowan,2021,10,1.3,4.2,4.4,2,0,8,20.0
KY,Rowan,2022,12,0.33,2.08,2.25,3,1,8,25.0
KY,Russell,2017,6,1.67,2.79,3.08,3,2,1,50.0
KY,Russell,2018,8,2.0,6.24,6.28,6,0,2,75.0
KY,Russell,2019,10,1.7,7.03,7.19,1,5,4,10.0
KY,Russell,2020,5,1.0,2.8,3.0,0,2,3,0.0
KY,Russell,2021,5,1.6,3.0,3.4,0,1,4,0.0
KY,Russell,2022,4,1.5,4.75,4.75,1,0,3,25.0
KY,Scott,2017,27,1.48,3.71,4.98,6,8,13,22.22
KY,Scott,2018,64,1.59,3.4,4.29,23,15,26,35.94
KY,Scott,2019,59,1.51,2.29,2.32,9,7,43,15.25
KY,Scott,2020,6,0.67,3.5,3.5,1,3,2,16.67
KY,Scott,2021,28,1.25,4.0,4.21,3,7,18,10.71
KY,Scott,2022,17,1.0,3.47,3.65,0,2,15,0.0
KY,Shelby,2017,21,1.33,4.79,5.34,2,10,9,9.52
KY,Shelby,2018,82,2.0,6.36,6.38,8,28,46,9.76
KY,Shelby,2019,30,1.43,3.6,3.67,7,9,14,23.33
KY,Shelby,2020,6,1.17,8.5,9.0,2,1,3,33.33
KY,Shelby,2021,21,1.33,5.48,5.76,1,7,13,4.76
KY,Shelby,2022,26,1.65,5.62,5.69,2,5,19,7.69
KY,Simpson,2017,13,1.46,2.77,2.87,3,4,6,23.08
KY,Simpson,2018,17,1.65,4.49,4.58,4,4,9,23.53
KY,Simpson,2019,2,1.5,12.5,12.5,0,1,1,0.0
KY,Simpson,2021,7,1.29,6.14,6.29,0,3,4,0.0
KY,Simpson,2022,7,1.14,4.86,5.0,0,3,4,0.0
KY,Spencer,2017,5,1.6,10.32,10.43,4,0,1,80.0
KY,Spencer,2018,18,1.44,7.07,7.48,9,9,0,50.0
KY,Spencer,2019,7,1.14,6.81,7.7,2,5,0,28.57
KY,Spencer,2020,1,1.0,6.0,6.0,1,0,0,100.0
KY,Spencer,2021,2,1.0,5.0,6.0,0,2,0,0.0
KY,Spencer,2022,6,1.0,10.67,11.5,0,4,2,0.0
KY,Taylor,2017,2,1.0,1.11,1.41,0,0,2,0.0
KY,Taylor,2018,14,1.71,9.58,9.73,4,2,8,28.57
KY,Taylor,2019,6,1.17,5.83,6.07,1,3,2,16.67
KY,Taylor,2020,5,0.8,9.2,9.2,1,3,1,20.0
KY,Taylor,2021,3,1.33,9.33,9.33,1,2,0,33.33
KY,Taylor,2022,3,0.33,3.0,3.67,1,1,1,33.33
KY,Todd,2017,1,1.0,0.4,0.42,1,0,0,100.0
KY,Todd,2018,13,1.38,4.53,4.58,0,4,9,0.0
KY,Todd,2019,6,0.17,3.65,3.65,0,4,2,0.0
KY,Todd,2020,2,0.5,5.5,5.5,1,0,1,50.0
KY,Todd,2021,8,0.62,3.88,4.0,0,2,6,0.0
KY,Todd,2022,2,0.5,2.0,2.0,0,0,2,0.0
KY,Trigg,2017,9,1.67,3.1,3.12,1,4,4,11.11
KY,Trigg,2018,18,1.44,4.05,4.05,1,2,15,5.56
KY,Trigg,2019,9,1.44,4.84,4.62,3,2,4,33.33
KY,Trigg,2020,11,1.64,4.0,4.09,1,2,8,9.09
KY,Trigg,2021,44,1.52,5.16,5.11,3,22,19,6.82
KY,Trigg,2022,4,1.0,2.75,3.25,1,0,3,25.0
KY,Trimble,2017,2,2.5,7.92,7.87,0,0,2,0.0
KY,Trimble,2018,10,1.7,5.73,5.86,2,5,3,20.0
KY,Trimble,2019,6,0.83,4.01,4.01,0,2,4,0.0
KY,Trimble,2020,4,1.25,4.25,4.25,0,1,3,0.0
KY,Trimble,2021,4,1.25,4.25,4.5,0,0,4,0.0
KY,Trimble,2022,4,0.75,4.0,4.25,0,0,4,0.0
KY,Union,2017,6,1.5,8.79,8.8,1,3,2,16.67
KY,Union,2018,4,1.5,4.93,5.03,0,2,2,0.0
KY,Union,2019,3,1.33,10.0,10.0,2,0,1,66.67
KY,Union,2020,4,0.75,5.25,5.25,4,0,0,100.0
KY,Union,2021,3,0.33,2.0,3.67,1,1,1,33.33
KY,Union,2022,6,0.67,5.0,5.33,1,0,5,16.67
KY,Warren,2017,56,1.64,3.98,4.45,29,22,5,51.79
KY,Warren,2018,54,1.43,2.06,2.4,15,15,24,27.78
KY,Warren,2019,25,1.16,4.69,4.96,6,4,15,24.0
KY,Warren,2020,21,0.62,1.52,4.76,6,14,1,28.57
KY,Warren,2021,66,0.7,2.03,4.06,13,39,14,19.7
KY,Warren,2022,24,0.75,5.25,5.21,1,7,16,4.17
KY,Washington,2017,10,1.2,3.22,3.71,1,5,4,10.0
KY,Washington,2018,22,1.77,4.47,4.62,4,8,10,18.18
KY,Washington,2019,3,1.0,4.0,4.33,1,1,1,33.33
KY,Washington,2020,1,1.0,4.0,4.0,0,0,1,0.0
KY,Washington,2021,4,0.25,4.0,4.0,0,1,3,0.0
KY,Washington,2022,9,0.89,8.22,8.33,0,1,8,0.0
KY,Wayne,2017,6,1.83,9.56,9.58,4,2,0,66.67
KY,Wayne,2018,7,1.71,5.57,5.56,4,0,3,57.14
KY,Wayne,2019,1,0.0,3.0,3.0,1,0,0,100.0
KY,Wayne,2021,1,1.0,8.0,8.0,1,0,0,100.0
KY,Wayne,2022,3,0.33,3.67,4.0,3,0,0,100.0
KY,Webster,2017,3,2.0,9.18,9.21,2,1,0,66.67
KY,Webster,2018,18,1.72,4.07,4.13,2,3,13,11.11
KY,Webster,2019,7,1.0,4.29,4.29,1,1,5,14.29
KY,Webster,2020,6,0.83,4.17,4.17,1,2,3,16.67
KY,Webster,2021,5,0.6,4.6,4.8,2,0,3,40.0
KY,Webster,2022,5,0.4,4.8,4.8,0,2,3,0.0
KY,Whitley,2017,37,1.59,2.83,3.08,17,13,7,45.95
KY,Whitley,2018,39,1.77,4.47,4.78,19,10,10,48.72
KY,Whitley,2019,70,1.54,3.3,3.65,38,12,20,54.29
KY,Whitley,2020,21,1.05,3.33,3.48,3,7,11,14.29
KY,Whitley,2021,45,1.62,4.47,4.6,1,17,27,2.22
KY,Whitley,2022,32,1.53,6.72,6.75,0,4,28,0.0
KY,Wolfe,2017,4,1.25,2.59,2.6,0,1,3,0.0
KY,Wolfe,2018,5,2.0,8.79,8.76,3,1,1,60.0
KY,Wolfe,2019,3,1.67,7.96,7.96,1,1,1,33.33
KY,Wolfe,2020,4,1.5,11.0,11.0,1,2,1,25.0
KY,Wolfe,2021,2,2.0,4.0,4.0,0,2,0,0.0
KY,Wolfe,2022,1,1.0,3.0,4.0,0,0,1,0.0
KY,Woodford,2017,28,1.57,4.37,5.51,8,8,12,28.57
KY,Woodford,2018,34,1.68,3.95,4.41,7,5,22,20.59
KY,Woodford,2019,22,1.09,3.85,4.09,3,5,14,13.64
KY,Woodford,2020,10,1.0,4.3,4.4,0,4,6,0.0
KY,Woodford,2021,26,0.69,4.38,4.54,3,9,14,11.54
KY,Woodford,2022,16,0.56,4.0,4.19,0,3,13,0.0
LA,Acadia,2017,14,1.36,6.12,6.13,4,3,7,28.57
LA,Acadia,2018,35,1.54,9.14,9.14,8,6,21,22.86
LA,Acadia,2019,55,1.24,2.69,2.74,13,9,33,23.64
LA,Acadia,2020,21,1.14,7.05,7.05,2,9,10,9.52
LA,Acadia,2021,44,1.59,6.25,6.48,3,12,29,6.82
LA,Acadia,2022,10,1.1,4.2,4.4,1,2,7,10.0
LA,Allen,2017,15,1.47,1.77,5.09,3,4,8,20.0
LA,Allen,2018,16,1.44,3.19,3.21,2,4,10,12.5
LA,Allen,2019,11,1.0,3.84,3.84,1,5,5,9.09
LA,Allen,2020,10,0.4,3.6,3.6,1,5,4,10.0
LA,Allen,2021,12,0.83,3.0,3.08,0,4,8,0.0
LA,Allen,2022,3,0.67,9.33,9.33,0,2,1,0.0
LA,Ascension,2017,171,0.98,2.68,3.98,25,98,48,14.62
LA,Ascension,2018,409,1.05,3.11,4.33,61,214,134,14.91
LA,Ascension,2019,222,0.82,2.64,3.67,31,101,90,13.96
LA,Ascension,2020,93,0.54,3.32,4.74,8,49,36,8.6
LA,Ascension,2021,143,0.76,4.01,5.23,27,77,39,18.88
LA,Ascension,2022,78,0.79,4.4,5.68,11,51,16,14.1
LA,Assumption,2017,5,0.8,7.72,7.75,1,2,2,20.0
LA,Assumption,2018,10,1.3,4.12,4.18,1,4,5,10.0
LA,Assumption,2019,5,0.4,2.3,2.38,0,0,5,0.0
LA,Assumption,2021,3,1.0,4.33,4.33,0,1,2,0.0
LA,Avoyelles,2017,5,1.2,2.82,2.84,1,1,3,20.0
LA,Avoyelles,2018,8,1.5,6.23,6.29,2,4,2,25.0
LA,Avoyelles,2019,5,1.4,6.71,6.74,0,1,4,0.0
LA,Avoyelles,2020,5,0.8,4.2,4.4,0,0,5,0.0
LA,Avoyelles,2021,14,0.5,3.64,3.79,0,6,8,0.0
LA,Avoyelles,2022,2,0.5,5.0,5.0,0,0,2,0.0
LA,Beauregard,2017,8,1.62,4.89,4.91,2,3,3,25.0
LA,Beauregard,2018,7,1.86,7.07,7.08,1,5,1,14.29
LA,Beauregard,2019,19,0.42,4.48,4.47,7,6,6,36.84
LA,Beauregard,2020,31,0.52,4.9,4.94,0,7,24,0.0
LA,Beauregard,2021,6,0.5,4.83,5.17,1,3,2,16.67
LA,Beauregard,2022,2,0.0,3.5,3.5,0,1,1,0.0
LA,Bienville,2017,17,2.0,9.51,9.67,4,7,6,23.53
LA,Bienville,2018,14,1.64,7.05,7.38,4,1,9,28.57
LA,Bienville,2019,44,1.59,2.45,2.46,12,6,26,27.27
LA,Bienville,2020,10,0.9,5.2,5.2,2,3,5,20.0
LA,Bienville,2021,88,1.34,6.17,6.35,2,11,75,2.27
LA,Bienville,2022,4,1.0,4.5,4.5,0,0,4,0.0
LA,Bossier,2017,37,1.54,5.18,5.57,10,15,12,27.03
LA,Bossier,2018,83,1.39,3.96,4.48,32,25,26,38.55
LA,Bossier,2019,55,1.11,2.94,3.53,22,14,19,40.0
LA,Bossier,2020,44,0.77,3.66,4.55,21,15,8,47.73
LA,Bossier,2021,247,0.96,5.7,6.32,55,106,86,22.27
LA,Bossier,2022,31,1.32,6.32,6.87,7,12,12,22.58
LA,Caddo,2017,37,1.43,5.4,5.71,9,18,10,24.32
LA,Caddo,2018,140,1.73,5.09,5.2,34,67,39,24.29
LA,Caddo,2019,122,1.25,4.13,4.33,24,42,56,19.67
LA,Caddo,2020,47,0.89,3.15,4.28,12,22,13,25.53
LA,Caddo,2021,558,0.89,4.32,4.9,81,254,223,14.52
LA,Caddo,2022,23,1.39,4.91,5.09,5,10,8,21.74
LA,Calcasieu,2017,86,1.52,4.45,4.64,25,30,31,29.07
LA,Calcasieu,2018,214,1.74,6.71,7.11,63,87,64,29.44
LA,Calcasieu,2019,321,1.19,5.05,5.83,113,114,94,35.2
LA,Calcasieu,2020,228,0.87,4.93,5.23,49,80,99,21.49
LA,Calcasieu,2021,192,1.26,5.68,6.14,26,73,93,13.54
LA,Calcasieu,2022,41,1.44,7.07,7.49,5,17,19,12.2
LA,Caldwell,2017,12,1.67,5.02,5.03,5,5,2,41.67
LA,Caldwell,2019,9,1.56,5.37,5.37,1,8,0,11.11
LA,Caldwell,2020,6,0.67,5.67,5.83,2,1,3,33.33
LA,Caldwell,2021,15,1.2,3.13,3.2,0,7,8,0.0
LA,Cameron,2017,3,1.67,15.58,15.61,3,0,0,100.0
LA,Cameron,2018,6,1.33,7.78,8.38,4,0,2,66.67
LA,Cameron,2019,2,1.0,7.79,7.81,2,0,0,100.0
LA,Cameron,2020,4,0.75,9.0,8.75,3,1,0,75.0
LA,Cameron,2021,1,1.0,10.0,10.0,1,0,0,100.0
LA,Cameron,2022,2,0.5,8.0,8.0,1,0,1,50.0
LA,Catahoula,2017,3,1.67,5.01,5.08,0,1,2,0.0
LA,Catahoula,2018,8,1.75,6.54,6.54,1,3,4,12.5
LA,Catahoula,2019,6,1.33,8.77,8.77,2,2,2,33.33
LA,Catahoula,2020,12,0.92,5.83,5.83,2,7,3,16.67
LA,Catahoula,2021,5,0.8,3.6,3.6,0,3,2,0.0
LA,Catahoula,2022,3,1.0,7.33,7.33,0,1,2,0.0
LA,Claiborne,2017,5,1.4,6.27,6.57,1,2,2,20.0
LA,Claiborne,2018,8,1.62,4.35,4.37,2,2,4,25.0
LA,Claiborne,2020,1,1.0,6.0,7.0,0,0,1,0.0
LA,Claiborne,2021,28,0.25,2.39,2.61,3,9,16,10.71
LA,Claiborne,2022,3,1.0,6.0,6.33,0,1,2,0.0
LA,Concordia,2017,7,1.71,4.47,4.51,4,1,2,57.14
LA,Concordia,2018,6,1.5,2.36,3.02,3,1,2,50.0
LA,Concordia,2019,7,1.29,5.66,5.66,5,1,1,71.43
LA,Concordia,2020,16,0.81,5.5,5.62,13,0,3,81.25
LA,Concordia,2021,30,1.23,3.5,3.53,12,9,9,40.0
LA,Concordia,2022,6,1.0,9.5,9.5,3,0,3,50.0
LA,De Soto,2017,7,1.86,8.23,8.25,2,3,2,28.57
LA,De Soto,2018,11,1.91,10.79,10.8,4,2,5,36.36
LA,De Soto,2019,12,1.25,3.55,3.47,4,2,6,33.33
LA,De Soto,2020,12,0.75,4.67,4.75,0,7,5,0.0
LA,De Soto,2021,105,1.24,4.15,4.35,0,29,76,0.0
LA,De Soto,2022,4,1.5,7.0,7.0,0,2,2,0.0
LA,East Baton Rouge,2017,357,1.18,2.3,3.94,96,157,104,26.89
LA,East Baton Rouge,2018,891,1.18,2.56,3.8,203,409,279,22.78
LA,East Baton Rouge,2019,587,0.82,2.16,3.5,142,249,196,24.19
LA,East Baton Rouge,2020,238,1.04,3.07,4.94,50,119,69,21.01
LA,East Baton Rouge,2021,800,1.21,4.5,6.01,142,416,242,17.75
LA,East Baton Rouge,2022,457,1.42,4.12,6.65,79,214,164,17.29
LA,East Carroll,2017,13,1.62,6.84,7.03,3,4,6,23.08
LA,East Carroll,2018,5,1.8,5.54,5.54,0,3,2,0.0
LA,East Carroll,2019,3,0.33,3.33,3.67,2,1,0,66.67
LA,East Carroll,2020,12,1.0,5.67,5.5,8,1,3,66.67
LA,East Carroll,2021,17,1.12,3.18,3.06,1,8,8,5.88
LA,East Feliciana,2017,16,1.19,6.83,6.88,3,5,8,18.75
LA,East Feliciana,2018,6,1.67,12.33,12.35,1,4,1,16.67
LA,East Feliciana,2019,5,1.0,4.56,4.56,0,1,4,0.0
LA,East Feliciana,2020,6,0.67,5.5,5.67,0,3,3,0.0
LA,East Feliciana,2021,5,0.6,4.0,4.2,0,1,4,0.0
LA,Evangeline,2017,14,1.36,6.15,6.21,4,6,4,28.57
LA,Evangeline,2018,7,1.57,5.35,5.38,0,2,5,0.0
LA,Evangeline,2019,6,1.33,6.04,6.04,1,2,3,16.67
LA,Evangeline,2020,4,1.25,6.5,6.75,0,1,3,0.0
LA,Evangeline,2021,9,1.22,6.11,6.11,1,3,5,11.11
LA,Evangeline,2022,2,1.0,7.0,7.0,0,0,2,0.0
LA,Franklin,2017,2,1.0,7.16,7.21,0,0,2,0.0
LA,Franklin,2018,2,2.0,6.34,6.33,0,2,0,0.0
LA,Franklin,2019,6,0.83,8.33,8.5,1,2,3,16.67
LA,Franklin,2020,7,0.43,5.29,5.43,0,2,5,0.0
LA,Franklin,2021,9,0.78,5.67,5.67,1,2,6,11.11
LA,Franklin,2022,6,1.17,7.67,7.83,0,3,3,0.0
LA,Grant,2017,5,1.8,2.12,2.14,0,3,2,0.0
LA,Grant,2018,12,1.67,3.97,4.06,2,5,5,16.67
LA,Grant,2019,11,1.27,5.83,5.92,3,5,3,27.27
LA,Grant,2020,13,0.69,4.46,4.38,0,3,10,0.0
LA,Grant,2021,11,0.64,3.64,3.64,1,6,4,9.09
LA,Grant,2022,1,1.0,8.0,8.0,1,0,0,100.0
LA,Iberia,2017,7,0.71,3.56,3.68,5,2,0,71.43
LA,Iberia,2018,12,1.42,2.5,2.57,7,1,4,58.33
LA,Iberia,2019,5,0.6,1.79,1.8,1,2,2,20.0
LA,Iberia,2020,6,0.83,3.33,3.67,3,2,1,50.0
LA,Iberia,2021,5,0.8,4.2,4.2,0,2,3,0.0
LA,Iberia,2022,1,0.0,4.0,4.0,0,0,1,0.0
LA,Iberville,2017,27,1.19,4.74,4.9,6,4,17,22.22
LA,Iberville,2018,56,1.05,4.81,4.93,5,14,37,8.93
LA,Iberville,2019,46,1.24,5.22,5.35,5,8,33,10.87
LA,Iberville,2020,21,1.05,4.81,4.81,0,7,14,0.0
LA,Iberville,2021,34,1.71,8.47,8.47,2,19,13,5.88
LA,Iberville,2022,27,1.48,4.7,4.78,1,7,19,3.7
LA,Jackson,2017,5,1.8,6.47,6.73,3,1,1,60.0
LA,Jackson,2018,7,2.0,13.21,13.38,4,2,1,57.14
LA,Jackson,2019,4,1.25,11.28,11.3,1,1,2,25.0
LA,Jackson,2020,4,0.75,7.0,7.0,1,2,1,25.0
LA,Jackson,2021,27,0.3,3.48,3.56,2,11,14,7.41
LA,Jefferson,2017,190,1.27,2.26,3.03,67,71,52,35.26
LA,Jefferson,2018,383,1.2,2.18,3.01,110,149,124,28.72
LA,Jefferson,2019,314,0.56,1.98,2.63,93,126,95,29.62
LA,Jefferson,2020,217,0.58,2.43,3.33,44,127,46,20.28
LA,Jefferson,2021,363,1.05,3.39,4.17,62,182,119,17.08
LA,Jefferson,2022,209,1.28,4.32,4.95,50,90,69,23.92
LA,Jefferson Davis,2017,7,1.71,5.25,5.25,2,1,4,28.57
LA,Jefferson Davis,2018,52,1.83,5.48,6.14,12,13,27,23.08
LA,Jefferson Davis,2019,65,1.51,3.82,3.89,13,15,37,20.0
LA,Jefferson Davis,2020,54,1.09,3.63,3.78,4,5,45,7.41
LA,Jefferson Davis,2021,22,1.55,22.68,23.32,1,7,14,4.55
LA,Jefferson Davis,2022,9,1.78,13.89,13.89,1,2,6,11.11
LA,La Salle,2017,1,0.0,1.37,1.38,0,0,1,0.0
LA,La Salle,2018,11,1.64,4.51,4.53,4,5,2,36.36
LA,La Salle,2019,2,1.5,6.0,6.0,0,0,2,0.0
LA,La Salle,2021,12,1.25,4.75,4.83,0,6,6,0.0
LA,La Salle,2022,5,1.2,6.8,7.6,0,5,0,0.0
LA,Lafayette,2017,164,0.91,2.34,3.58,65,63,36,39.63
LA,Lafayette,2018,262,0.97,2.71,4.01,146,73,43,55.73
LA,Lafayette,2019,217,0.77,2.25,3.59,122,61,34,56.22
LA,Lafayette,2020,197,0.59,2.71,4.09,128,56,13,64.97
LA,Lafayette,2021,247,0.91,3.12,4.0,93,87,67,37.65
LA,Lafayette,2022,83,0.98,5.17,6.19,31,34,18,37.35
LA,Lafourche,2017,18,0.89,5.33,5.54,7,7,4,38.89
LA,Lafourche,2018,42,0.55,3.1,3.28,7,14,21,16.67
LA,Lafourche,2019,17,0.41,3.29,3.47,4,5,8,23.53
LA,Lafourche,2020,15,0.27,1.73,2.8,1,13,1,6.67
LA,Lafourche,2021,142,0.42,3.25,3.81,11,73,58,7.75
LA,Lafourche,2022,8,0.38,3.12,3.75,1,4,3,12.5
LA,Lincoln,2017,11,1.73,5.46,5.51,4,5,2,36.36
LA,Lincoln,2018,24,1.83,5.87,5.89,7,7,10,29.17
LA,Lincoln,2019,46,1.5,2.78,2.83,15,9,22,32.61
LA,Lincoln,2020,4,1.5,6.25,6.0,0,2,2,0.0
LA,Lincoln,2021,157,1.01,5.03,5.13,4,45,108,2.55
LA,Lincoln,2022,4,0.5,3.75,3.75,0,1,3,0.0
LA,Livingston,2017,46,1.65,3.41,4.45,7,17,22,15.22
LA,Livingston,2018,110,1.53,3.68,4.54,18,31,61,16.36
LA,Livingston,2019,71,1.31,3.58,4.83,5,15,51,7.04
LA,Livingston,2020,35,1.0,4.31,4.74,9,13,13,25.71
LA,Livingston,2021,102,1.17,3.94,4.2,6,25,71,5.88
LA,Livingston,2022,76,1.67,5.09,5.8,4,21,51,5.26
LA,Madison,2017,7,1.29,1.51,1.97,1,0,6,14.29
LA,Madison,2018,4,1.5,1.43,1.42,2,2,0,50.0
LA,Madison,2019,35,1.43,2.38,2.38,20,3,12,57.14
LA,Madison,2020,31,1.65,7.0,7.1,7,11,13,22.58
LA,Madison,2021,43,1.23,3.09,3.16,0,7,36,0.0
LA,Madison,2022,4,0.75,6.0,6.0,0,0,4,0.0
LA,Morehouse,2017,7,1.71,7.09,7.11,4,2,1,57.14
LA,Morehouse,2018,13,1.62,5.52,5.52,8,2,3,61.54
LA,Morehouse,2019,25,1.24,6.44,6.53,7,8,10,28.0
LA,Morehouse,2020,6,1.33,6.33,6.5,1,4,1,16.67
LA,Morehouse,2021,38,1.0,2.95,3.0,0,21,17,0.0
LA,Morehouse,2022,1,2.0,9.0,9.0,0,1,0,0.0
LA,Natchitoches,2017,9,1.33,5.17,5.22,3,3,3,33.33
LA,Natchitoches,2018,16,1.75,8.55,8.57,6,5,5,37.5
LA,Natchitoches,2019,11,1.45,3.51,3.51,4,1,6,36.36
LA,Natchitoches,2020,3,0.33,4.0,4.33,0,1,2,0.0
LA,Natchitoches,2021,68,1.47,4.82,5.19,2,10,56,2.94
LA,Natchitoches,2022,1,1.0,5.0,6.0,0,0,1,0.0
LA,Orleans,2017,310,1.33,2.82,3.8,132,113,65,42.58
LA,Orleans,2018,632,1.34,2.73,4.01,230,255,147,36.39
LA,Orleans,2019,557,0.89,2.92,4.05,204,223,130,36.62
LA,Orleans,2020,715,0.56,1.93,3.85,208,434,73,29.09
LA,Orleans,2021,976,0.67,2.27,4.14,255,571,150,26.13
LA,Orleans,2022,353,1.08,3.39,4.39,93,150,110,26.35
LA,Ouachita,2017,37,1.62,6.12,6.64,12,18,7,32.43
LA,Ouachita,2018,56,1.71,5.15,5.58,26,20,10,46.43
LA,Ouachita,2019,51,1.51,2.78,3.01,17,16,18,33.33
LA,Ouachita,2020,14,1.86,5.43,5.64,5,7,2,35.71
LA,Ouachita,2021,129,1.23,3.6,4.08,14,47,68,10.85
LA,Ouachita,2022,13,1.31,11.15,12.15,3,5,5,23.08
LA,Plaquemines,2017,15,1.2,6.22,6.22,9,3,3,60.0
LA,Plaquemines,2018,22,1.0,5.89,6.07,14,3,5,63.64
LA,Plaquemines,2019,772,0.18,3.0,3.1,746,15,11,96.63
LA,Plaquemines,2020,547,0.14,2.76,2.89,528,7,12,96.53
LA,Plaquemines,2021,63,0.46,4.76,4.92,5,11,47,7.94
LA,Plaquemines,2022,7,0.43,3.86,4.0,1,4,2,14.29
LA,Pointe Coupee,2017,9,1.33,4.42,4.49,1,3,5,11.11
LA,Pointe Coupee,2018,34,1.41,4.27,4.82,2,4,28,5.88
LA,Pointe Coupee,2019,13,0.54,3.88,4.7,0,4,9,0.0
LA,Pointe Coupee,2020,9,0.78,6.0,5.89,2,3,4,22.22
LA,Pointe Coupee,2021,9,0.78,6.11,6.33,4,1,4,44.44
LA,Pointe Coupee,2022,4,0.25,2.75,3.0,1,0,3,25.0
LA,Rapides,2017,19,1.79,5.85,5.97,8,6,5,42.11
LA,Rapides,2018,63,1.57,6.7,6.77,22,27,14,34.92
LA,Rapides,2019,47,1.28,4.9,4.97,10,18,19,21.28
LA,Rapides,2020,38,0.82,4.32,4.47,9,13,16,23.68
LA,Rapides,2021,100,1.12,3.1,3.33,6,35,59,6.0
LA,Rapides,2022,11,1.55,5.91,6.18,0,1,10,0.0
LA,Red River,2017,3,1.67,2.77,2.79,1,1,1,33.33
LA,Red River,2018,4,1.25,6.85,6.88,0,1,3,0.0
LA,Red River,2019,2,0.0,2.0,2.0,1,1,0,50.0
LA,Red River,2020,5,0.8,5.4,5.4,0,3,2,0.0
LA,Red River,2021,28,0.57,3.43,3.61,1,18,9,3.57
LA,Richland,2017,5,1.8,5.8,5.81,2,1,2,40.0
LA,Richland,2018,23,1.74,4.86,5.33,0,7,16,0.0
LA,Richland,2019,22,1.23,3.23,3.32,4,5,13,18.18
LA,Richland,2020,7,1.14,6.86,7.0,2,4,1,28.57
LA,Richland,2021,49,1.24,3.9,4.02,1,7,41,2.04
LA,Richland,2022,1,1.0,2.0,2.0,0,0,1,0.0
LA,Sabine,2017,8,1.12,4.26,5.02,1,3,4,12.5
LA,Sabine,2018,2,2.0,7.09,7.09,2,0,0,100.0
LA,Sabine,2019,9,0.89,7.27,7.27,1,6,2,11.11
LA,Sabine,2020,8,0.88,6.12,6.12,2,4,2,25.0
LA,Sabine,2021,5,0.6,5.8,5.8,1,3,1,20.0
LA,Sabine,2022,1,0.0,1.0,1.0,0,1,0,0.0
LA,Saint Bernard,2017,2,1.0,0.84,0.86,1,0,1,50.0
LA,Saint Bernard,2018,2,1.0,8.14,8.22,1,1,0,50.0
LA,Saint Charles,2017,7,1.43,3.11,3.46,0,2,5,0.0
LA,Saint Charles,2018,10,1.6,2.92,3.07,1,5,4,10.0
LA,Saint Landry,2017,9,1.56,5.22,5.34,4,0,5,44.44
LA,Saint Landry,2018,1,1.0,1.88,1.88,0,0,1,0.0
LA,Saint Martin,2017,1,0.0,0.73,0.75,1,0,0,100.0
LA,Saint Martin,2018,1,2.0,5.7,5.75,1,0,0,100.0
LA,Saint Mary,2017,8,1.88,8.36,8.44,4,3,1,50.0
LA,Saint Mary,2018,2,1.0,1.0,1.03,2,0,0,100.0
LA,Saint Tammany,2017,36,1.22,3.0,4.42,7,24,5,19.44
LA,Saint Tammany,2018,54,1.28,2.69,4.91,14,31,9,25.93
LA,St Bernard,2022,3,0.67,4.0,4.33,0,2,1,0.0
LA,St Charles,2022,2,1.0,1.0,1.0,0,0,2,0.0
LA,St Helena,2022,2,0.5,10.0,11.0,0,1,1,0.0
LA,St James,2022,1,1.0,13.0,13.0,0,1,0,0.0
LA,St John The Baptist,2017,21,1.24,2.39,2.68,3,5,13,14.29
LA,St John The Baptist,2018,21,1.1,0.97,1.51,2,3,16,9.52
LA,St John the Baptist,2022,1,2.0,3.0,3.0,0,0,1,0.0
LA,St Landry,2022,8,0.62,4.75,5.38,0,6,2,0.0
LA,St Mary,2022,1,1.0,6.0,6.0,0,1,0,0.0
LA,St Tammany,2022,35,0.77,4.66,5.74,3,21,11,8.57
LA,St. Bernard,2017,5,1.4,4.67,4.81,3,2,0,60.0
LA,St. Bernard,2018,5,2.0,20.12,20.11,4,1,0,80.0
LA,St. Bernard,2019,4,0.25,3.6,3.71,0,4,0,0.0
LA,St. Bernard,2020,5,0.4,3.0,3.0,0,4,1,0.0
LA,St. Bernard,2021,4,0.25,4.25,4.25,0,3,1,0.0
LA,St. Bernard,2022,3,0.67,5.67,6.0,0,3,0,0.0
LA,St. Charles,2017,38,1.42,3.04,3.23,5,9,24,13.16
LA,St. Charles,2018,90,1.5,4.58,4.78,14,32,44,15.56
LA,St. Charles,2019,85,1.18,2.44,2.84,13,30,42,15.29
LA,St. Charles,2020,26,1.19,3.62,3.81,1,18,7,3.85
LA,St. Charles,2021,94,1.3,3.93,4.15,0,29,65,0.0
LA,St. Charles,2022,45,1.58,5.0,5.31,1,17,27,2.22
LA,St. Helena,2018,5,0.8,4.09,4.15,0,3,2,0.0
LA,St. Helena,2019,2,0.0,2.5,2.5,0,2,0,0.0
LA,St. Helena,2020,2,0.5,3.0,3.5,0,1,1,0.0
LA,St. Helena,2021,2,0.5,3.0,3.0,0,0,2,0.0
LA,St. James,2017,8,1.38,5.22,5.34,2,3,3,25.0
LA,St. James,2018,37,1.27,5.15,5.32,6,18,13,16.22
LA,St. James,2019,46,0.89,2.45,2.67,7,20,19,15.22
LA,St. James,2020,8,0.75,5.62,5.88,1,3,4,12.5
LA,St. James,2021,8,1.12,5.62,5.88,0,7,1,0.0
LA,St. John the Baptist,2017,26,1.35,2.92,3.03,6,10,10,23.08
LA,St. John the Baptist,2018,48,1.56,3.51,3.78,9,17,22,18.75
LA,St. John the Baptist,2019,67,0.7,1.96,2.13,17,9,41,25.37
LA,St. John the Baptist,2020,24,0.71,4.08,4.25,2,7,15,8.33
LA,St. John the Baptist,2021,50,0.9,4.58,4.7,4,20,26,8.0
LA,St. John the Baptist,2022,10,0.3,3.2,3.5,1,3,6,10.0
LA,St. Landry,2017,20,1.2,6.26,6.41,4,8,8,20.0
LA,St. Landry,2018,80,1.59,5.1,5.14,14,21,45,17.5
LA,St. Landry,2019,27,0.67,4.15,4.27,8,12,7,29.63
LA,St. Landry,2020,34,0.56,4.21,4.62,3,19,12,8.82
LA,St. Landry,2021,32,0.44,3.06,3.78,0,15,17,0.0
LA,St. Landry,2022,5,0.4,4.0,4.0,0,2,3,0.0
LA,St. Martin,2017,22,1.59,2.8,2.94,7,7,8,31.82
LA,St. Martin,2018,68,1.66,4.26,4.28,28,14,26,41.18
LA,St. Martin,2019,53,1.64,6.2,6.28,11,14,28,20.75
LA,St. Martin,2020,27,1.67,8.81,8.89,5,9,13,18.52
LA,St. Martin,2021,54,1.37,4.93,5.04,8,16,30,14.81
LA,St. Martin,2022,18,1.78,6.94,7.0,0,7,11,0.0
LA,St. Mary,2017,24,1.33,4.2,4.25,3,6,15,12.5
LA,St. Mary,2018,30,1.2,3.92,4.28,17,7,6,56.67
LA,St. Mary,2019,21,0.9,4.65,5.4,14,6,1,66.67
LA,St. Mary,2020,14,0.93,2.93,4.21,2,6,6,14.29
LA,St. Mary,2021,12,1.25,5.5,6.17,1,8,3,8.33
LA,St. Mary,2022,3,1.0,11.0,11.33,1,1,1,33.33
LA,St. Tammany,2017,59,1.44,3.02,3.78,12,30,17,20.34
LA,St. Tammany,2018,222,1.43,3.9,4.47,43,85,94,19.37
LA,St. Tammany,2019,254,0.97,2.99,3.53,51,101,102,20.08
LA,St. Tammany,2020,218,0.69,3.48,4.51,44,105,69,20.18
LA,St. Tammany,2021,465,0.78,3.34,4.21,60,245,160,12.9
LA,St. Tammany,2022,171,1.22,4.51,5.54,23,78,70,13.45
LA,Tangipahoa,2017,53,1.49,3.03,3.5,11,21,21,20.75
LA,Tangipahoa,2018,94,1.65,4.8,4.95,19,35,40,20.21
LA,Tangipahoa,2019,45,1.31,2.71,2.84,10,11,24,22.22
LA,Tangipahoa,2020,34,0.91,3.53,4.12,2,20,12,5.88
LA,Tangipahoa,2021,88,0.75,2.84,3.23,7,25,56,7.95
LA,Tangipahoa,2022,38,1.03,4.47,4.66,3,6,29,7.89
LA,Tensas,2017,3,1.67,3.32,3.39,0,0,3,0.0
LA,Tensas,2018,3,2.0,7.12,7.12,0,2,1,0.0
LA,Tensas,2019,8,1.38,6.0,6.12,0,1,7,0.0
LA,Tensas,2020,7,1.0,4.14,4.0,1,1,5,14.29
LA,Tensas,2021,11,1.45,5.27,5.36,2,1,8,18.18
LA,Tensas,2022,3,1.0,5.33,5.33,0,0,3,0.0
LA,Terrebonne,2017,9,1.11,5.24,5.65,2,5,2,22.22
LA,Terrebonne,2018,26,1.42,6.86,7.19,10,12,4,38.46
LA,Terrebonne,2019,17,0.88,6.09,6.45,7,6,4,41.18
LA,Terrebonne,2020,12,0.5,4.0,4.17,1,4,7,8.33
LA,Terrebonne,2021,49,0.71,5.35,5.61,4,28,17,8.16
LA,Terrebonne,2022,13,1.0,6.38,6.46,3,8,2,23.08
LA,Union,2017,5,2.0,9.71,9.73,4,0,1,80.0
LA,Union,2018,9,1.67,9.77,9.89,2,4,3,22.22
LA,Union,2019,6,0.17,2.3,2.46,0,2,4,0.0
LA,Union,2020,4,0.75,4.25,4.0,3,0,1,75.0
LA,Union,2021,73,0.7,4.08,4.12,1,19,53,1.37
LA,Union,2022,7,0.29,3.29,3.57,0,0,7,0.0
LA,Vermilion,2017,2,2.0,8.57,8.97,2,0,0,100.0
LA,Vermilion,2018,11,1.27,4.53,4.71,7,2,2,63.64
LA,Vermilion,2019,5,0.8,2.0,2.01,1,2,2,20.0
LA,Vermilion,2020,5,0.2,3.0,3.2,2,1,2,40.0
LA,Vermilion,2021,5,0.6,4.0,4.2,0,2,3,0.0
LA,Vermilion,2022,1,0.0,2.0,2.0,0,0,1,0.0
LA,Vernon,2017,14,1.29,4.66,5.26,4,6,4,28.57
LA,Vernon,2018,6,1.5,2.14,2.45,1,2,3,16.67
LA,Vernon,2019,18,0.83,6.37,6.32,2,10,6,11.11
LA,Vernon,2020,18,1.0,5.39,5.5,2,6,10,11.11
LA,Vernon,2021,28,0.82,4.61,4.57,1,8,19,3.57
LA,Vernon,2022,5,0.8,5.2,5.2,0,0,5,0.0
LA,Washington,2017,6,1.33,5.38,5.65,1,2,3,16.67
LA,Washington,2018,6,1.33,5.61,5.62,1,2,3,16.67
LA,Washington,2019,7,0.71,4.42,4.57,0,3,4,0.0
LA,Washington,2020,5,1.0,15.2,15.2,1,1,3,20.0
LA,Washington,2021,1,0.0,0.0,4.0,0,0,1,0.0
LA,Washington,2022,1,0.0,1.0,1.0,0,0,1,0.0
LA,Webster,2017,35,1.66,5.01,5.08,1,12,22,2.86
LA,Webster,2018,21,1.71,3.94,4.7,2,7,12,9.52
LA,Webster,2019,30,1.37,2.38,2.38,11,5,14,36.67
LA,Webster,2020,8,0.88,4.5,4.38,3,3,2,37.5
LA,Webster,2021,117,0.96,6.88,7.04,3,35,79,2.56
LA,Webster,2022,5,1.8,10.0,10.2,0,3,2,0.0
LA,West Baton Rouge,2017,30,1.27,7.35,9.15,3,10,17,10.0
LA,West Baton Rouge,2018,93,1.08,3.92,4.65,10,34,49,10.75
LA,West Baton Rouge,2019,83,1.34,5.87,6.84,30,30,23,36.14
LA,West Baton Rouge,2020,47,1.26,3.77,4.21,5,24,18,10.64
LA,West Baton Rouge,2021,113,1.43,5.12,5.4,5,36,72,4.42
LA,West Baton Rouge,2022,50,1.56,5.06,5.9,1,24,25,2.0
LA,West Carroll,2017,2,1.5,10.08,10.61,1,1,0,50.0
LA,West Carroll,2018,2,1.5,13.29,13.5,2,0,0,100.0
LA,West Carroll,2019,7,0.57,4.86,4.86,5,0,2,71.43
LA,West Carroll,2020,9,0.56,4.78,5.0,8,0,1,88.89
LA,West Carroll,2021,5,0.4,2.2,2.2,1,0,4,20.0
LA,West Carroll,2022,4,0.75,6.5,7.0,1,0,3,25.0
LA,West Feliciana,2017,7,1.0,0.81,0.83,0,1,6,0.0
LA,West Feliciana,2018,15,1.2,3.12,3.18,2,3,10,13.33
LA,West Feliciana,2019,5,1.0,2.48,2.49,2,0,3,40.0
LA,West Feliciana,2020,6,1.0,5.5,5.67,3,0,3,50.0
LA,West Feliciana,2021,3,0.33,2.67,2.67,0,0,3,0.0
LA,Winn,2017,5,2.0,5.36,5.45,2,1,2,40.0
LA,Winn,2018,9,1.67,8.26,8.28,2,5,2,22.22
LA,Winn,2019,6,1.83,15.44,15.44,1,4,1,16.67
LA,Winn,2020,5,0.2,4.0,4.0,0,2,3,0.0
LA,Winn,2021,21,0.29,3.19,3.33,0,6,15,0.0
LA,Winn,2022,2,1.0,9.5,10.0,1,0,1,50.0
MA,Barnstable,2016,47,0.74,0.46,0.47,20,20,7,42.55
MA,Barnstable,2017,217,0.57,2.03,2.59,51,121,45,23.5
MA,Barnstable,2018,424,0.73,2.89,3.4,84,239,101,19.81
MA,Barnstable,2019,546,0.2,2.16,2.63,198,264,84,36.26
MA,Barnstable,2020,213,0.2,2.04,2.86,60,103,50,28.17
MA,Barnstable,2021,484,0.2,2.36,3.03,180,255,49,37.19
MA,Barnstable,2022,485,0.28,2.68,3.42,181,210,94,37.32
MA,Berkshire,2016,48,1.35,1.08,1.1,13,21,14,27.08
MA,Berkshire,2017,254,1.3,4.23,4.37,32,89,133,12.6
MA,Berkshire,2018,75,1.63,4.77,4.9,19,25,31,25.33
MA,Berkshire,2019,211,1.16,3.39,3.55,75,70,66,35.55
MA,Berkshire,2020,106,1.04,3.25,3.6,15,55,36,14.15
MA,Berkshire,2021,76,0.95,2.16,2.74,2,38,36,2.63
MA,Berkshire,2022,38,1.18,4.32,4.58,2,13,23,5.26
MA,Bristol,2016,203,1.33,1.07,1.34,36,92,75,17.73
MA,Bristol,2017,462,1.36,2.97,3.45,114,157,191,24.68
MA,Bristol,2018,446,1.34,3.71,4.28,72,145,229,16.14
MA,Bristol,2019,339,0.89,3.46,3.92,48,151,140,14.16
MA,Bristol,2020,182,0.79,3.4,3.91,36,89,57,19.78
MA,Bristol,2021,208,1.01,2.94,3.54,20,108,80,9.62
MA,Bristol,2022,254,1.09,4.65,5.06,30,84,140,11.81
MA,Dukes,2019,5,0.6,8.6,8.4,3,2,0,60.0
MA,Dukes,2020,35,0.8,6.0,6.54,12,23,0,34.29
MA,Dukes,2021,3,0.67,7.0,7.33,3,0,0,100.0
MA,Dukes,2022,3,0.67,6.0,6.0,0,3,0,0.0
MA,Essex,2016,391,1.26,1.66,2.02,73,172,146,18.67
MA,Essex,2017,1033,1.25,3.16,4.37,194,439,400,18.78
MA,Essex,2018,1133,1.17,2.46,3.8,207,464,462,18.27
MA,Essex,2019,1082,0.78,2.93,3.78,267,313,502,24.68
MA,Essex,2020,503,0.59,2.61,4.08,121,263,119,24.06
MA,Essex,2021,887,0.68,3.36,4.36,183,391,313,20.63
MA,Essex,2022,510,0.79,3.58,4.72,57,192,261,11.18
MA,Franklin,2016,27,1.48,2.55,2.56,1,6,20,3.7
MA,Franklin,2017,97,1.56,4.16,4.42,7,26,64,7.22
MA,Franklin,2018,82,1.52,3.35,3.92,12,19,51,14.63
MA,Franklin,2019,132,1.38,3.73,3.72,16,23,93,12.12
MA,Franklin,2020,30,1.03,3.47,3.6,1,11,18,3.33
MA,Franklin,2021,21,1.19,2.67,2.81,2,10,9,9.52
MA,Franklin,2022,20,1.25,2.95,3.1,0,2,18,0.0
MA,Hampden,2016,119,1.5,1.26,1.55,48,36,35,40.34
MA,Hampden,2017,411,1.48,3.36,3.95,155,135,121,37.71
MA,Hampden,2018,311,1.57,3.91,4.21,107,95,109,34.41
MA,Hampden,2019,333,1.28,3.66,3.8,75,71,187,22.52
MA,Hampden,2020,149,0.76,2.22,3.52,23,73,53,15.44
MA,Hampden,2021,170,0.84,2.66,3.52,25,100,45,14.71
MA,Hampden,2022,79,1.29,4.41,4.57,4,31,44,5.06
MA,Hampshire,2016,54,1.3,1.2,1.46,12,31,11,22.22
MA,Hampshire,2017,137,1.5,3.61,3.8,47,53,37,34.31
MA,Hampshire,2018,83,1.48,3.87,4.23,24,33,26,28.92
MA,Hampshire,2019,150,0.51,2.68,3.06,72,42,36,48.0
MA,Hampshire,2020,65,0.32,2.49,3.29,30,22,13,46.15
MA,Hampshire,2021,71,0.15,0.89,2.06,37,27,7,52.11
MA,Hampshire,2022,23,0.83,3.61,3.87,2,9,12,8.7
MA,Middlesex,2016,1282,1.31,1.61,2.23,319,487,476,24.88
MA,Middlesex,2017,2803,1.18,2.52,4.14,748,918,1137,26.69
MA,Middlesex,2018,3138,1.21,2.18,4.06,655,1104,1379,20.87
MA,Middlesex,2019,2760,0.98,2.79,4.43,760,804,1196,27.54
MA,Middlesex,2020,1732,0.57,1.32,3.61,491,952,289,28.35
MA,Middlesex,2021,2425,0.83,2.42,3.89,577,1005,843,23.79
MA,Middlesex,2022,1302,1.28,3.73,4.74,155,325,822,11.9
MA,Nantucket,2020,1,1.0,9.0,10.0,1,0,0,100.0
MA,Norfolk,2016,563,1.42,1.8,2.38,81,200,282,14.39
MA,Norfolk,2017,1375,1.44,3.4,5.37,201,485,689,14.62
MA,Norfolk,2018,1549,1.3,2.57,4.21,244,527,778,15.75
MA,Norfolk,2019,1202,1.03,2.61,4.26,226,436,540,18.8
MA,Norfolk,2020,642,0.94,2.01,3.6,104,348,190,16.2
MA,Norfolk,2021,1379,1.19,3.24,4.33,181,524,674,13.13
MA,Norfolk,2022,844,1.32,3.29,4.55,67,315,462,7.94
MA,Plymouth,2016,89,1.33,1.18,1.3,18,17,54,20.22
MA,Plymouth,2017,266,1.24,3.43,3.9,34,62,170,12.78
MA,Plymouth,2018,431,1.11,3.87,4.28,53,149,229,12.3
MA,Plymouth,2019,344,1.02,3.87,4.26,41,96,207,11.92
MA,Plymouth,2020,181,0.95,3.83,4.75,33,92,56,18.23
MA,Plymouth,2021,264,1.19,3.72,4.49,32,139,93,12.12
MA,Plymouth,2022,296,1.02,4.62,4.87,24,122,150,8.11
MA,Suffolk,2016,801,1.28,1.58,2.58,473,261,67,59.05
MA,Suffolk,2017,1852,1.25,3.26,5.6,1058,621,173,57.13
MA,Suffolk,2018,1716,1.19,2.47,4.66,903,592,221,52.62
MA,Suffolk,2019,1694,1.1,3.21,5.2,1016,538,140,59.98
MA,Suffolk,2020,2037,0.52,0.81,3.78,955,1023,59,46.88
MA,Suffolk,2021,2127,0.78,2.06,4.67,984,881,262,46.26
MA,Suffolk,2022,734,1.44,4.03,6.36,230,321,183,31.34
MA,Worcester,2016,435,1.37,2.15,2.46,110,150,175,25.29
MA,Worcester,2017,1122,1.36,3.17,3.71,230,477,415,20.5
MA,Worcester,2018,1230,1.33,2.76,3.34,286,500,444,23.25
MA,Worcester,2019,986,0.84,3.53,3.94,212,297,477,21.5
MA,Worcester,2020,533,0.53,2.25,3.55,81,349,103,15.2
MA,Worcester,2021,676,0.68,2.33,3.46,107,419,150,15.83
MA,Worcester,2022,392,1.09,3.98,4.46,49,129,214,12.5
MD,Allegany,2016,31,1.74,2.4,2.52,5,10,16,16.13
MD,Allegany,2017,68,1.63,4.06,4.14,10,13,45,14.71
MD,Allegany,2018,81,1.93,4.8,4.83,13,23,45,16.05
MD,Allegany,2019,86,1.57,4.0,4.16,29,21,36,33.72
MD,Allegany,2020,18,1.17,4.22,4.89,4,6,8,22.22
MD,Allegany,2021,27,1.3,2.07,2.7,0,3,24,0.0
MD,Allegany,2022,34,1.21,4.97,5.12,2,9,23,5.88
MD,Anne Arundel,2016,278,1.19,1.47,1.76,31,115,132,11.15
MD,Anne Arundel,2017,558,1.14,3.02,3.95,88,225,245,15.77
MD,Anne Arundel,2018,1053,1.1,2.97,3.99,160,370,523,15.19
MD,Anne Arundel,2019,990,0.98,3.04,3.83,148,357,485,14.95
MD,Anne Arundel,2020,217,1.09,3.26,4.0,38,95,84,17.51
MD,Anne Arundel,2021,572,1.27,3.76,4.31,52,249,271,9.09
MD,Anne Arundel,2022,497,1.13,4.3,5.12,38,229,230,7.65
MD,Baltimore,2016,133,1.14,1.23,1.44,52,63,18,39.1
MD,Baltimore,2017,203,1.17,1.81,2.09,83,99,21,40.89
MD,Baltimore,2018,126,1.2,2.14,2.64,44,51,31,34.92
MD,Baltimore,2022,45,1.04,6.71,6.98,4,25,16,8.89
MD,Baltimore (City),2022,20,0.95,3.45,4.05,10,8,2,50.0
MD,Baltimore City,2016,434,1.28,1.11,1.42,321,91,22,73.96
MD,Baltimore City,2017,790,1.25,2.07,2.75,576,152,62,72.91
MD,Baltimore City,2018,860,1.38,2.51,3.26,587,179,94,68.26
MD,Baltimore City,2019,710,0.98,2.58,3.46,380,184,146,53.52
MD,Baltimore City,2020,1403,0.82,0.65,3.49,323,1031,49,23.02
MD,Baltimore City,2021,1403,0.76,0.66,3.33,332,1027,44,23.66
MD,Baltimore City,2022,125,1.27,4.51,4.83,52,52,21,41.6
MD,Baltimore County,2016,386,1.6,1.38,1.91,46,152,188,11.92
MD,Baltimore County,2017,675,1.48,2.42,3.53,93,211,371,13.78
MD,Baltimore County,2018,920,1.51,2.71,4.0,126,270,524,13.7
MD,Baltimore County,2019,849,1.21,2.57,3.6,115,237,497,13.55
MD,Baltimore County,2020,379,0.95,2.54,3.65,34,188,157,8.97
MD,Baltimore County,2021,890,1.36,2.71,3.35,23,307,560,2.58
MD,Baltimore County,2022,529,1.61,3.49,4.64,11,175,343,2.08
MD,Calvert,2016,4,0.5,2.01,2.06,0,2,2,0.0
MD,Calvert,2017,16,0.81,4.63,4.76,2,7,7,12.5
MD,Calvert,2018,37,0.46,2.39,3.01,3,13,21,8.11
MD,Calvert,2019,34,0.38,3.7,4.07,5,10,19,14.71
MD,Calvert,2020,5,0.4,3.0,3.8,0,0,5,0.0
MD,Calvert,2021,22,0.5,4.0,4.23,4,8,10,18.18
MD,Calvert,2022,18,0.56,6.89,7.11,0,5,13,0.0
MD,Caroline,2016,14,1.43,2.86,2.98,1,8,5,7.14
MD,Caroline,2017,49,1.59,5.25,5.41,4,23,22,8.16
MD,Caroline,2018,15,0.93,5.75,5.81,3,4,8,20.0
MD,Caroline,2019,10,1.4,6.96,7.37,1,4,5,10.0
MD,Caroline,2020,7,0.86,3.57,4.14,0,1,6,0.0
MD,Caroline,2021,9,1.44,4.67,4.78,0,6,3,0.0
MD,Caroline,2022,39,0.95,5.15,5.18,2,12,25,5.13
MD,Carroll,2016,19,1.37,1.16,1.49,4,12,3,21.05
MD,Carroll,2017,69,1.22,4.34,4.99,13,38,18,18.84
MD,Carroll,2018,104,1.09,3.91,4.36,25,45,34,24.04
MD,Carroll,2019,55,0.65,3.25,4.3,9,34,12,16.36
MD,Carroll,2020,29,0.66,5.55,6.07,5,17,7,17.24
MD,Carroll,2021,16,0.19,3.19,3.56,1,7,8,6.25
MD,Carroll,2022,21,0.38,3.81,4.14,0,7,14,0.0
MD,Cecil,2016,88,1.55,2.4,2.49,16,48,24,18.18
MD,Cecil,2017,136,1.35,3.05,3.31,20,45,71,14.71
MD,Cecil,2018,115,1.55,4.64,5.01,36,41,38,31.3
MD,Cecil,2019,78,0.88,3.94,4.9,21,22,35,26.92
MD,Cecil,2020,22,1.27,3.77,4.0,5,10,7,22.73
MD,Cecil,2021,49,1.29,3.37,3.33,8,15,26,16.33
MD,Cecil,2022,36,1.31,4.39,4.67,5,9,22,13.89
MD,Charles,2016,1,1.0,1.17,1.4,1,0,0,100.0
MD,Charles,2017,97,1.15,2.17,2.56,11,54,32,11.34
MD,Charles,2018,163,1.15,2.24,2.58,26,80,57,15.95
MD,Charles,2019,180,1.1,2.71,3.12,24,91,65,13.33
MD,Charles,2020,42,0.93,3.4,3.76,10,19,13,23.81
MD,Charles,2021,56,1.09,2.36,2.8,2,24,30,3.57
MD,Charles,2022,78,0.78,7.22,7.79,5,35,38,6.41
MD,Dorchester,2017,13,1.23,3.34,3.36,2,7,4,15.38
MD,Dorchester,2018,19,1.26,2.47,2.68,3,13,3,15.79
MD,Dorchester,2019,25,0.84,4.37,4.56,4,10,11,16.0
MD,Dorchester,2020,5,1.0,5.2,5.0,2,1,2,40.0
MD,Dorchester,2021,16,0.75,5.31,5.25,2,8,6,12.5
MD,Dorchester,2022,19,0.74,5.89,5.89,1,7,11,5.26
MD,Frederick,2016,143,1.51,1.48,1.69,22,48,73,15.38
MD,Frederick,2017,344,1.35,3.3,3.9,37,136,171,10.76
MD,Frederick,2018,389,1.34,2.76,3.47,60,116,213,15.42
MD,Frederick,2019,380,1.22,2.83,3.51,53,115,212,13.95
MD,Frederick,2020,178,1.12,3.47,4.17,18,64,96,10.11
MD,Frederick,2021,328,1.32,3.36,3.8,22,121,185,6.71
MD,Frederick,2022,201,1.51,4.5,5.0,13,72,116,6.47
MD,Garrett,2016,51,1.59,3.61,3.84,4,18,29,7.84
MD,Garrett,2017,177,1.71,4.42,4.6,16,46,115,9.04
MD,Garrett,2018,106,1.78,4.58,4.66,15,20,71,14.15
MD,Garrett,2019,91,1.52,3.56,3.68,20,24,47,21.98
MD,Garrett,2020,52,1.5,4.23,4.52,7,16,29,13.46
MD,Garrett,2021,35,1.46,3.0,3.54,1,5,29,2.86
MD,Garrett,2022,34,1.12,3.32,3.53,2,5,27,5.88
MD,Harford,2016,156,1.32,1.39,1.48,25,76,55,16.03
MD,Harford,2017,266,1.28,2.95,3.24,47,99,120,17.67
MD,Harford,2018,301,1.25,2.72,3.2,59,131,111,19.6
MD,Harford,2019,91,0.99,4.01,4.51,23,37,31,25.27
MD,Harford,2020,57,1.12,3.96,4.37,2,33,22,3.51
MD,Harford,2021,169,1.52,3.67,3.73,1,39,129,0.59
MD,Harford,2022,129,1.54,4.89,5.29,8,31,90,6.2
MD,Howard,2016,162,1.3,1.39,1.65,34,66,62,20.99
MD,Howard,2017,234,1.31,2.84,3.54,44,103,87,18.8
MD,Howard,2018,492,1.16,2.17,3.15,58,165,269,11.79
MD,Howard,2019,479,0.87,2.3,3.24,39,138,302,8.14
MD,Howard,2020,116,0.96,3.09,3.69,12,39,65,10.34
MD,Howard,2021,349,1.28,2.68,2.93,3,64,282,0.86
MD,Howard,2022,235,1.29,3.19,3.71,6,53,176,2.55
MD,Kent,2016,1,1.0,0.03,0.03,0,0,1,0.0
MD,Kent,2017,2,1.0,3.02,3.08,1,1,0,50.0
MD,Kent,2018,9,1.11,2.02,2.04,2,4,3,22.22
MD,Kent,2019,18,0.94,1.4,1.4,3,5,10,16.67
MD,Kent,2020,9,1.0,6.56,6.78,3,4,2,33.33
MD,Kent,2021,4,0.75,6.0,6.0,3,1,0,75.0
MD,Kent,2022,5,1.0,4.4,4.8,2,1,2,40.0
MD,Montgomery,2016,700,1.29,1.38,2.09,145,271,284,20.71
MD,Montgomery,2017,1264,1.25,2.33,4.27,271,499,494,21.44
MD,Montgomery,2018,1826,1.19,1.98,3.84,404,744,678,22.12
MD,Montgomery,2019,1616,1.04,2.43,4.2,344,661,611,21.29
MD,Montgomery,2020,660,0.76,2.37,3.97,96,389,175,14.55
MD,Montgomery,2021,988,1.25,3.09,4.22,61,438,489,6.17
MD,Montgomery,2022,675,1.47,3.58,5.17,48,274,353,7.11
MD,Prince George's,2016,606,1.42,1.78,2.42,114,182,310,18.81
MD,Prince George's,2017,1185,1.36,3.02,4.44,207,392,586,17.47
MD,Prince George's,2018,1920,1.2,2.29,3.71,316,574,1030,16.46
MD,Prince George's,2019,1865,1.09,2.4,3.71,415,585,865,22.25
MD,Prince George's,2020,609,0.99,2.38,3.42,90,265,254,14.78
MD,Prince George's,2021,1668,1.27,2.68,3.29,70,666,932,4.2
MD,Prince George's,2022,1152,1.21,3.33,4.25,65,499,588,5.64
MD,Prince Georges,2016,218,1.09,1.07,1.44,78,124,16,35.78
MD,Prince Georges,2017,433,1.15,2.22,3.0,158,240,35,36.49
MD,Prince Georges,2018,270,1.13,2.23,3.29,92,135,43,34.07
MD,Prince Georges,2019,1,0.0,0.57,0.6,0,1,0,0.0
MD,Queen Anne's,2016,11,1.36,1.89,1.91,1,2,8,9.09
MD,Queen Anne's,2017,43,1.37,6.3,6.66,7,9,27,16.28
MD,Queen Anne's,2018,49,1.27,3.33,3.71,7,12,30,14.29
MD,Queen Anne's,2019,68,1.41,5.66,6.52,18,27,23,26.47
MD,Queen Anne's,2020,16,1.19,6.38,6.62,4,3,9,25.0
MD,Queen Anne's,2021,62,0.77,2.94,3.61,0,28,34,0.0
MD,Queen Anne's,2022,53,0.89,3.28,4.13,2,18,33,3.77
MD,Queen Annes,2016,13,1.62,1.16,1.19,0,2,11,0.0
MD,Queen Annes,2017,16,1.31,3.71,3.9,0,5,11,0.0
MD,Queen Annes,2018,19,1.21,3.34,3.75,0,3,16,0.0
MD,Queen Annes,2022,21,0.86,7.81,7.9,3,7,11,14.29
MD,Saint Marys,2017,4,0.5,0.28,4.65,0,3,1,0.0
MD,Saint Marys,2018,8,0.62,3.26,5.91,0,5,3,0.0
MD,Somerset,2017,7,1.57,7.17,7.23,4,0,3,57.14
MD,Somerset,2018,23,1.3,4.37,4.45,2,3,18,8.7
MD,Somerset,2019,8,1.38,3.19,3.23,3,2,3,37.5
MD,Somerset,2020,3,1.0,5.33,5.33,0,2,1,0.0
MD,Somerset,2021,4,1.5,4.75,4.75,0,3,1,0.0
MD,Somerset,2022,11,1.18,4.36,4.73,4,0,7,36.36
MD,St Marys,2022,8,0.75,5.25,5.25,0,5,3,0.0
MD,St. Mary's,2017,25,0.8,4.17,5.79,1,13,11,4.0
MD,St. Mary's,2018,66,0.58,3.31,5.25,8,34,24,12.12
MD,St. Mary's,2019,61,0.34,1.86,3.46,5,26,30,8.2
MD,St. Mary's,2020,14,0.36,3.79,4.57,2,4,8,14.29
MD,St. Mary's,2021,4,0.0,2.25,3.0,0,2,2,0.0
MD,St. Mary's,2022,9,0.56,4.22,4.78,0,3,6,0.0
MD,Talbot,2016,52,1.19,0.5,0.52,13,20,19,25.0
MD,Talbot,2017,65,1.2,1.86,2.11,14,29,22,21.54
MD,Talbot,2018,38,1.32,2.71,3.1,3,18,17,7.89
MD,Talbot,2019,57,1.12,2.36,2.63,11,27,19,19.3
MD,Talbot,2020,12,0.92,1.5,1.92,2,4,6,16.67
MD,Talbot,2021,14,0.79,3.21,3.57,2,7,5,14.29
MD,Talbot,2022,29,0.41,2.52,2.9,2,11,16,6.9
MD,Washington,2016,69,1.64,1.42,1.51,17,26,26,24.64
MD,Washington,2017,150,1.57,5.04,5.2,43,44,63,28.67
MD,Washington,2018,133,1.71,4.8,5.11,32,31,70,24.06
MD,Washington,2019,135,1.45,3.54,3.92,32,37,66,23.7
MD,Washington,2020,57,0.88,2.72,3.25,5,16,36,8.77
MD,Washington,2021,82,1.41,3.59,3.76,7,25,50,8.54
MD,Washington,2022,75,1.44,4.09,4.4,3,27,45,4.0
MD,Wicomico,2017,11,1.73,4.06,4.09,7,0,4,63.64
MD,Wicomico,2018,56,1.54,4.94,5.03,13,14,29,23.21
MD,Wicomico,2019,35,1.11,3.39,3.59,9,12,14,25.71
MD,Wicomico,2020,12,0.83,4.83,4.92,5,6,1,41.67
MD,Wicomico,2021,8,1.12,4.0,4.25,1,5,2,12.5
MD,Wicomico,2022,47,0.85,3.81,4.11,3,20,24,6.38
MD,Worcester,2017,31,1.32,3.92,4.4,6,20,5,19.35
MD,Worcester,2018,117,1.14,3.38,3.73,6,44,67,5.13
MD,Worcester,2019,67,0.63,4.51,4.69,7,44,16,10.45
MD,Worcester,2020,34,0.71,4.53,5.35,7,22,5,20.59
MD,Worcester,2021,49,0.47,3.35,4.14,4,27,18,8.16
MD,Worcester,2022,45,0.49,2.82,3.09,3,16,26,6.67
ME,Androscoggin,2017,43,1.56,3.3,3.37,12,6,25,27.91
ME,Androscoggin,2018,48,1.48,4.67,4.7,19,14,15,39.58
ME,Androscoggin,2019,39,1.03,3.1,3.16,10,5,24,25.64
ME,Androscoggin,2020,29,0.83,4.41,4.76,0,12,17,0.0
ME,Androscoggin,2021,14,0.64,2.43,2.86,0,4,10,0.0
ME,Androscoggin,2022,13,0.85,4.38,4.46,1,2,10,7.69
ME,Aroostook,2017,67,1.54,1.44,1.46,43,8,16,64.18
ME,Aroostook,2018,56,1.38,2.49,2.66,18,10,28,32.14
ME,Aroostook,2019,40,1.85,4.13,4.15,13,7,20,32.5
ME,Aroostook,2020,43,1.28,5.67,5.7,1,10,32,2.33
ME,Aroostook,2021,36,1.08,4.19,4.56,1,3,32,2.78
ME,Aroostook,2022,84,1.64,3.82,3.89,61,0,23,72.62
ME,Cumberland,2017,286,1.34,2.52,2.88,81,132,73,28.32
ME,Cumberland,2018,448,1.38,2.58,2.97,131,220,97,29.24
ME,Cumberland,2019,299,1.13,4.12,4.44,84,101,114,28.09
ME,Cumberland,2020,214,1.07,3.24,4.16,31,120,63,14.49
ME,Cumberland,2021,169,1.25,2.31,3.79,21,118,30,12.43
ME,Cumberland,2022,58,1.45,5.41,5.81,10,19,29,17.24
ME,Franklin,2017,22,1.36,6.21,6.3,5,10,7,22.73
ME,Franklin,2018,35,1.37,7.43,7.47,12,10,13,34.29
ME,Franklin,2019,22,0.64,5.57,5.65,4,5,13,18.18
ME,Franklin,2020,12,0.83,5.33,5.83,0,7,5,0.0
ME,Franklin,2021,12,0.58,4.33,4.67,0,1,11,0.0
ME,Franklin,2022,22,0.5,3.5,3.68,0,1,21,0.0
ME,Hancock,2017,48,1.19,1.53,1.69,16,7,25,33.33
ME,Hancock,2018,72,1.36,3.15,3.44,25,13,34,34.72
ME,Hancock,2019,23,0.87,5.09,5.48,9,3,11,39.13
ME,Hancock,2020,10,0.5,4.6,4.8,3,2,5,30.0
ME,Hancock,2021,25,0.6,3.88,4.16,11,1,13,44.0
ME,Hancock,2022,12,0.75,5.17,5.42,1,2,9,8.33
ME,Kennebec,2017,71,1.56,3.41,3.46,14,20,37,19.72
ME,Kennebec,2018,115,1.63,5.43,5.49,36,36,43,31.3
ME,Kennebec,2019,109,1.38,3.96,4.01,37,19,53,33.94
ME,Kennebec,2020,71,0.99,4.93,5.07,16,10,45,22.54
ME,Kennebec,2021,26,1.15,4.46,4.65,0,5,21,0.0
ME,Kennebec,2022,34,1.09,4.06,4.12,1,5,28,2.94
ME,Knox,2017,97,1.15,1.39,1.88,10,57,30,10.31
ME,Knox,2018,133,1.25,2.46,2.91,23,73,37,17.29
ME,Knox,2019,18,0.28,3.66,4.0,9,6,3,50.0
ME,Knox,2020,13,0.38,4.0,4.54,1,7,5,7.69
ME,Knox,2021,19,0.11,2.05,2.37,0,8,11,0.0
ME,Knox,2022,2,0.0,1.5,2.0,0,1,1,0.0
ME,Lincoln,2017,38,1.32,3.33,4.07,4,9,25,10.53
ME,Lincoln,2018,99,1.4,2.99,3.4,11,24,64,11.11
ME,Lincoln,2019,19,0.79,5.64,6.31,4,5,10,21.05
ME,Lincoln,2020,12,0.5,6.92,7.67,1,3,8,8.33
ME,Lincoln,2021,19,0.63,2.79,5.05,4,3,12,21.05
ME,Lincoln,2022,14,1.14,6.5,7.86,4,0,10,28.57
ME,Oxford,2017,15,1.33,6.59,6.64,7,3,5,46.67
ME,Oxford,2018,104,1.69,5.63,5.69,24,30,50,23.08
ME,Oxford,2019,55,1.25,7.88,7.93,6,22,27,10.91
ME,Oxford,2020,24,1.08,7.42,7.67,3,8,13,12.5
ME,Oxford,2021,24,1.04,4.88,5.0,0,12,12,0.0
ME,Oxford,2022,24,1.08,4.75,5.04,0,3,21,0.0
ME,Penobscot,2017,75,1.71,4.35,4.48,40,12,23,53.33
ME,Penobscot,2018,98,1.48,3.72,3.77,14,31,53,14.29
ME,Penobscot,2019,78,1.36,4.06,4.19,13,12,53,16.67
ME,Penobscot,2020,81,1.22,4.51,4.58,20,24,37,24.69
ME,Penobscot,2021,67,1.21,4.58,4.78,6,13,48,8.96
ME,Penobscot,2022,36,1.14,3.89,4.03,5,3,28,13.89
ME,Piscataquis,2018,8,1.12,4.09,4.11,4,0,4,50.0
ME,Piscataquis,2019,5,0.8,5.23,5.48,1,0,4,20.0
ME,Piscataquis,2020,4,0.5,5.5,6.0,1,1,2,25.0
ME,Piscataquis,2021,8,0.38,3.75,3.88,3,0,5,37.5
ME,Piscataquis,2022,3,0.67,4.0,4.33,2,0,1,66.67
ME,Sagadahoc,2017,15,1.6,4.44,4.61,2,5,8,13.33
ME,Sagadahoc,2018,24,1.67,3.21,3.44,5,4,15,20.83
ME,Sagadahoc,2019,24,1.29,5.15,5.33,1,6,17,4.17
ME,Sagadahoc,2020,15,1.0,3.27,3.53,1,6,8,6.67
ME,Sagadahoc,2021,6,1.0,4.5,4.67,0,2,4,0.0
ME,Sagadahoc,2022,6,0.83,4.5,4.67,1,1,4,16.67
ME,Somerset,2017,19,1.79,3.92,4.0,8,6,5,42.11
ME,Somerset,2018,52,1.75,4.21,4.27,9,20,23,17.31
ME,Somerset,2019,67,1.63,3.8,3.87,22,15,30,32.84
ME,Somerset,2020,27,1.11,4.41,4.67,5,6,16,18.52
ME,Somerset,2021,15,1.2,5.47,5.6,2,3,10,13.33
ME,Somerset,2022,21,1.24,4.24,4.43,1,4,16,4.76
ME,Waldo,2017,34,1.21,2.89,3.05,4,5,25,11.76
ME,Waldo,2018,47,1.51,4.2,4.23,4,15,28,8.51
ME,Waldo,2019,15,0.6,4.66,4.81,5,3,7,33.33
ME,Waldo,2020,18,0.72,6.22,6.33,9,2,7,50.0
ME,Waldo,2021,7,0.86,5.29,5.71,3,1,3,42.86
ME,Waldo,2022,11,0.36,3.55,3.64,4,0,7,36.36
ME,Washington,2017,8,1.5,4.73,4.8,0,1,7,0.0
ME,Washington,2018,37,1.68,4.95,5.02,7,7,23,18.92
ME,Washington,2019,9,1.44,6.22,6.44,0,4,5,0.0
ME,Washington,2020,14,0.57,5.07,5.21,1,2,11,7.14
ME,Washington,2021,31,0.84,4.61,4.71,1,11,19,3.23
ME,Washington,2022,13,0.54,3.85,4.0,1,0,12,7.69
ME,York,2017,294,1.27,1.76,2.26,64,147,83,21.77
ME,York,2018,547,1.29,1.83,2.23,125,226,196,22.85
ME,York,2019,215,0.97,4.1,4.37,42,80,93,19.53
ME,York,2020,86,0.98,4.42,5.12,11,36,39,12.79
ME,York,2021,122,0.89,3.64,4.11,5,44,73,4.1
ME,York,2022,80,0.84,4.05,4.86,7,33,40,8.75
MI,Alcona,2016,2,1.5,3.26,3.26,1,0,1,50.0
MI,Alcona,2017,5,1.2,2.23,2.24,1,1,3,20.0
MI,Alcona,2018,3,1.67,11.27,11.35,1,1,1,33.33
MI,Alcona,2019,7,0.43,5.14,5.14,0,2,5,0.0
MI,Alcona,2020,12,0.42,3.67,3.75,0,0,12,0.0
MI,Alcona,2021,20,0.1,2.5,2.6,0,0,20,0.0
MI,Alcona,2022,1,1.0,5.0,6.0,0,0,1,0.0
MI,Alger,2019,7,1.0,3.43,3.43,0,2,5,0.0
MI,Alger,2020,5,1.4,5.8,5.8,0,2,3,0.0
MI,Alger,2021,3,1.33,3.0,3.33,1,0,2,33.33
MI,Alger,2022,2,1.0,5.0,5.0,0,0,2,0.0
MI,Allegan,2016,13,1.15,2.04,2.03,0,2,11,0.0
MI,Allegan,2017,33,1.48,4.31,4.33,4,4,25,12.12
MI,Allegan,2018,76,1.51,3.74,3.84,7,26,43,9.21
MI,Allegan,2019,173,1.1,3.51,3.53,18,18,137,10.4
MI,Allegan,2020,41,0.93,4.1,4.17,5,14,22,12.2
MI,Allegan,2021,75,1.59,5.25,5.25,1,24,50,1.33
MI,Allegan,2022,42,1.36,4.43,4.55,1,13,28,2.38
MI,Alpena,2016,1,1.0,0.0,0.0,0,0,1,0.0
MI,Alpena,2017,11,1.27,1.55,1.6,3,0,8,27.27
MI,Alpena,2018,4,1.75,3.04,3.17,0,3,1,0.0
MI,Alpena,2019,10,0.4,3.87,3.96,0,4,6,0.0
MI,Alpena,2020,10,0.7,5.8,5.9,0,7,3,0.0
MI,Alpena,2021,10,0.2,3.0,3.1,2,1,7,20.0
MI,Alpena,2022,3,0.67,4.33,4.33,1,0,2,33.33
MI,Antrim,2016,1,0.0,3.67,3.8,0,0,1,0.0
MI,Antrim,2017,8,1.38,3.69,3.72,1,0,7,12.5
MI,Antrim,2018,11,1.64,2.82,2.84,2,5,4,18.18
MI,Antrim,2019,21,1.1,4.3,4.27,1,4,16,4.76
MI,Antrim,2020,14,1.29,3.93,4.0,1,1,12,7.14
MI,Antrim,2021,24,0.75,3.75,3.88,0,3,21,0.0
MI,Antrim,2022,2,0.5,4.0,4.0,0,0,2,0.0
MI,Arenac,2016,33,1.64,0.53,0.52,2,8,23,6.06
MI,Arenac,2017,35,1.29,1.73,1.72,4,6,25,11.43
MI,Arenac,2018,33,1.67,3.15,3.08,6,3,24,18.18
MI,Arenac,2019,34,1.26,3.39,3.38,7,4,23,20.59
MI,Arenac,2020,23,0.78,2.87,2.96,1,1,21,4.35
MI,Arenac,2021,23,1.04,3.48,3.7,1,3,19,4.35
MI,Arenac,2022,25,0.88,3.6,3.88,0,7,18,0.0
MI,Baraga,2017,2,1.5,2.42,2.5,0,1,1,0.0
MI,Baraga,2018,7,1.86,5.01,5.01,0,3,4,0.0
MI,Baraga,2019,5,1.6,5.8,5.8,1,1,3,20.0
MI,Baraga,2020,12,1.42,6.67,6.67,1,3,8,8.33
MI,Baraga,2021,5,1.0,3.2,3.4,0,0,5,0.0
MI,Baraga,2022,1,1.0,9.0,9.0,0,0,1,0.0
MI,Barry,2016,4,1.5,3.58,3.77,0,1,3,0.0
MI,Barry,2017,6,1.67,4.72,4.73,0,2,4,0.0
MI,Barry,2018,19,1.21,5.25,5.28,2,4,13,10.53
MI,Barry,2019,19,0.37,4.0,4.06,3,4,12,15.79
MI,Barry,2020,13,0.69,6.0,6.15,1,3,9,7.69
MI,Barry,2021,18,0.44,4.0,4.06,0,1,17,0.0
MI,Barry,2022,6,0.33,5.33,5.67,0,2,4,0.0
MI,Bay,2016,16,1.56,5.5,5.5,6,6,4,37.5
MI,Bay,2017,38,1.47,6.17,6.18,7,6,25,18.42
MI,Bay,2018,55,1.6,3.45,3.49,14,12,29,25.45
MI,Bay,2019,72,1.04,6.29,6.28,25,23,24,34.72
MI,Bay,2020,42,0.93,5.33,5.6,6,13,23,14.29
MI,Bay,2021,51,0.61,6.53,6.63,0,16,35,0.0
MI,Bay,2022,28,0.75,5.54,5.68,2,12,14,7.14
MI,Benzie,2016,1,1.0,0.0,0.0,0,0,1,0.0
MI,Benzie,2017,5,1.2,3.06,3.11,1,0,4,20.0
MI,Benzie,2018,8,1.75,6.63,6.74,2,3,3,25.0
MI,Benzie,2019,11,1.0,5.52,5.53,1,3,7,9.09
MI,Benzie,2020,35,1.23,5.49,5.6,11,10,14,31.43
MI,Benzie,2021,8,0.75,2.12,2.25,0,0,8,0.0
MI,Berrien,2016,20,1.8,2.08,2.13,4,7,9,20.0
MI,Berrien,2017,75,1.45,3.52,3.52,7,8,60,9.33
MI,Berrien,2018,132,1.62,4.56,4.57,11,32,89,8.33
MI,Berrien,2019,182,1.53,4.12,4.18,27,56,99,14.84
MI,Berrien,2020,68,0.84,2.97,3.04,6,21,41,8.82
MI,Berrien,2021,22,1.23,3.73,3.91,1,7,14,4.55
MI,Berrien,2022,80,1.19,4.81,4.89,2,18,60,2.5
MI,Branch,2016,6,1.5,0.98,1.02,0,3,3,0.0
MI,Branch,2017,18,1.28,1.34,1.48,4,8,6,22.22
MI,Branch,2018,29,1.45,3.29,3.33,6,9,14,20.69
MI,Branch,2019,24,1.25,2.56,2.65,4,4,16,16.67
MI,Branch,2020,19,1.26,5.32,5.42,1,8,10,5.26
MI,Branch,2021,7,0.71,3.57,3.57,0,1,6,0.0
MI,Branch,2022,17,1.24,3.88,4.06,0,1,16,0.0
MI,Calhoun,2016,19,1.84,3.19,3.26,5,6,8,26.32
MI,Calhoun,2017,24,1.29,3.67,3.7,6,5,13,25.0
MI,Calhoun,2018,59,1.61,4.07,4.09,6,17,36,10.17
MI,Calhoun,2019,79,1.51,3.18,3.21,12,18,49,15.19
MI,Calhoun,2020,35,1.11,5.66,5.8,6,8,21,17.14
MI,Calhoun,2021,50,1.46,4.34,4.38,0,7,43,0.0
MI,Calhoun,2022,80,1.61,5.51,5.55,4,16,60,5.0
MI,Cass,2016,2,1.0,0.0,0.01,0,1,1,0.0
MI,Cass,2017,6,1.33,6.04,6.05,1,1,4,16.67
MI,Cass,2018,17,1.06,2.31,2.34,5,4,8,29.41
MI,Cass,2019,14,0.57,6.8,6.97,1,3,10,7.14
MI,Cass,2020,16,0.69,5.56,5.75,1,6,9,6.25
MI,Cass,2021,7,0.71,4.71,4.86,0,1,6,0.0
MI,Cass,2022,16,0.81,3.94,4.0,0,0,16,0.0
MI,Charlevoix,2017,5,1.0,2.04,2.17,1,2,2,20.0
MI,Charlevoix,2018,22,1.23,2.85,3.12,2,17,3,9.09
MI,Charlevoix,2019,44,1.05,4.12,4.23,10,17,17,22.73
MI,Charlevoix,2020,56,0.98,3.18,3.43,12,31,13,21.43
MI,Charlevoix,2021,23,1.04,3.26,3.48,0,8,15,0.0
MI,Charlevoix,2022,5,1.0,3.6,4.0,0,3,2,0.0
MI,Cheboygan,2017,21,1.48,1.46,1.46,4,4,13,19.05
MI,Cheboygan,2018,64,1.61,1.96,1.99,26,4,34,40.62
MI,Cheboygan,2019,63,1.38,2.81,2.84,17,6,40,26.98
MI,Cheboygan,2020,37,0.73,2.81,3.7,2,2,33,5.41
MI,Cheboygan,2021,54,0.39,2.3,3.09,1,1,52,1.85
MI,Cheboygan,2022,5,1.6,4.6,4.8,0,0,5,0.0
MI,Chippewa,2017,7,1.71,9.16,9.47,3,2,2,42.86
MI,Chippewa,2018,60,1.57,1.07,1.1,37,7,16,61.67
MI,Chippewa,2019,23,1.39,6.2,6.33,4,9,10,17.39
MI,Chippewa,2020,26,0.31,2.85,4.23,2,14,10,7.69
MI,Chippewa,2021,23,0.57,1.91,2.87,0,9,14,0.0
MI,Chippewa,2022,1,1.0,2.0,2.0,0,0,1,0.0
MI,Clare,2016,2,2.0,0.0,0.0,1,0,1,50.0
MI,Clare,2017,6,2.17,11.32,11.94,2,3,1,33.33
MI,Clare,2018,5,1.0,3.03,3.02,0,1,4,0.0
MI,Clare,2019,16,1.44,3.63,3.78,3,0,13,18.75
MI,Clare,2020,12,0.83,5.42,5.67,0,3,9,0.0
MI,Clare,2021,27,1.0,3.52,3.63,0,4,23,0.0
MI,Clare,2022,4,1.0,2.75,3.25,0,0,4,0.0
MI,Clinton,2016,8,2.0,1.35,1.34,1,1,6,12.5
MI,Clinton,2017,11,1.45,4.53,4.53,1,3,7,9.09
MI,Clinton,2018,38,1.89,6.66,6.65,9,6,23,23.68
MI,Clinton,2019,51,1.33,3.5,3.55,7,18,26,13.73
MI,Clinton,2020,23,1.39,4.65,4.7,3,6,14,13.04
MI,Clinton,2021,42,1.67,4.5,4.55,1,25,16,2.38
MI,Clinton,2022,24,1.42,3.5,3.5,1,6,17,4.17
MI,Crawford,2016,9,1.44,1.21,1.18,3,2,4,33.33
MI,Crawford,2017,19,1.68,2.03,2.03,2,2,15,10.53
MI,Crawford,2018,37,1.59,2.38,2.39,4,6,27,10.81
MI,Crawford,2019,82,1.26,4.23,4.3,13,24,45,15.85
MI,Crawford,2020,54,1.0,4.37,4.48,8,21,25,14.81
MI,Crawford,2021,11,0.82,4.09,4.18,0,1,10,0.0
MI,Crawford,2022,8,0.88,2.88,3.25,1,2,5,12.5
MI,Delta,2017,2,1.0,9.39,9.39,1,0,1,50.0
MI,Delta,2018,17,1.71,6.58,6.7,6,6,5,35.29
MI,Delta,2019,26,1.35,5.78,5.9,8,6,12,30.77
MI,Delta,2020,21,1.43,5.19,5.24,7,5,9,33.33
MI,Delta,2021,14,1.36,5.07,5.07,0,0,14,0.0
MI,Dickinson,2017,1,1.0,0.87,0.87,1,0,0,100.0
MI,Dickinson,2018,3,0.67,3.93,4.03,0,0,3,0.0
MI,Dickinson,2019,4,0.75,6.0,6.0,1,0,3,25.0
MI,Dickinson,2020,6,1.5,7.0,7.0,1,1,4,16.67
MI,Dickinson,2021,8,0.5,3.38,3.5,0,0,8,0.0
MI,Eaton,2016,9,1.78,5.09,5.09,2,1,6,22.22
MI,Eaton,2017,19,1.53,5.85,5.89,3,4,12,15.79
MI,Eaton,2018,33,1.58,4.25,4.26,9,6,18,27.27
MI,Eaton,2019,63,1.32,3.24,3.28,16,9,38,25.4
MI,Eaton,2020,19,1.32,5.79,5.79,5,9,5,26.32
MI,Eaton,2021,135,1.5,3.63,3.65,5,36,94,3.7
MI,Eaton,2022,15,1.47,4.53,4.67,0,4,11,0.0
MI,Emmet,2017,22,1.32,3.93,4.05,5,4,13,22.73
MI,Emmet,2018,32,1.28,1.84,2.05,3,20,9,9.38
MI,Emmet,2019,40,1.3,4.71,4.85,2,15,23,5.0
MI,Emmet,2020,81,0.73,1.93,3.22,5,18,58,6.17
MI,Emmet,2021,44,0.59,1.36,3.27,0,15,29,0.0
MI,Emmet,2022,9,1.56,8.67,9.22,3,2,4,33.33
MI,Genesee,2016,29,1.38,2.68,2.64,6,8,15,20.69
MI,Genesee,2017,63,1.41,4.45,4.52,19,13,31,30.16
MI,Genesee,2018,145,1.7,5.07,5.14,48,38,59,33.1
MI,Genesee,2019,189,1.22,4.78,4.85,48,56,85,25.4
MI,Genesee,2020,61,0.85,4.33,4.54,15,13,33,24.59
MI,Genesee,2021,153,0.84,3.75,3.78,26,41,86,16.99
MI,Genesee,2022,72,1.1,3.78,3.85,4,9,59,5.56
MI,Gladwin,2016,1,2.0,19.63,19.63,0,1,0,0.0
MI,Gladwin,2017,2,1.5,7.63,7.71,0,1,1,0.0
MI,Gladwin,2018,1,2.0,13.33,13.33,1,0,0,100.0
MI,Gladwin,2019,7,0.86,5.71,5.86,1,2,4,14.29
MI,Gladwin,2020,4,0.25,3.5,3.75,0,0,4,0.0
MI,Gladwin,2021,14,0.21,2.71,2.93,0,0,14,0.0
MI,Gladwin,2022,4,0.75,5.25,5.25,0,0,4,0.0
MI,Gogebic,2017,1,1.0,4.48,4.57,0,0,1,0.0
MI,Gogebic,2018,6,1.0,1.53,1.93,3,0,3,50.0
MI,Gogebic,2019,6,1.17,5.03,5.39,1,1,4,16.67
MI,Gogebic,2020,5,1.4,9.2,9.4,2,1,2,40.0
MI,Gogebic,2021,13,1.38,3.77,4.08,0,0,13,0.0
MI,Gogebic,2022,3,0.67,3.0,3.0,0,0,3,0.0
MI,Grand Traverse,2016,13,1.46,1.46,1.44,6,3,4,46.15
MI,Grand Traverse,2017,68,1.22,4.21,4.5,16,23,29,23.53
MI,Grand Traverse,2018,71,1.3,4.25,4.66,26,17,28,36.62
MI,Grand Traverse,2019,62,0.95,4.48,4.79,22,15,25,35.48
MI,Grand Traverse,2020,35,0.74,2.74,3.14,13,11,11,37.14
MI,Grand Traverse,2021,35,0.74,4.09,4.34,7,14,14,20.0
MI,Grand Traverse,2022,13,0.69,4.23,5.38,2,6,5,15.38
MI,Gratiot,2016,21,1.71,3.18,3.11,6,5,10,28.57
MI,Gratiot,2017,19,1.95,6.41,8.89,6,3,10,31.58
MI,Gratiot,2018,20,1.55,6.35,6.4,7,5,8,35.0
MI,Gratiot,2019,27,1.33,6.33,6.31,0,11,16,0.0
MI,Gratiot,2020,9,1.22,3.56,3.56,0,2,7,0.0
MI,Gratiot,2021,9,0.89,3.67,4.0,0,2,7,0.0
MI,Gratiot,2022,3,1.0,5.67,6.0,0,1,2,0.0
MI,Hillsdale,2016,9,1.33,1.83,1.83,0,6,3,0.0
MI,Hillsdale,2017,28,1.29,4.5,4.6,4,11,13,14.29
MI,Hillsdale,2018,101,1.22,4.77,4.87,16,35,50,15.84
MI,Hillsdale,2019,52,1.02,4.92,5.12,6,15,31,11.54
MI,Hillsdale,2020,21,1.19,7.71,8.0,7,6,8,33.33
MI,Hillsdale,2021,13,0.85,3.23,3.69,0,3,10,0.0
MI,Hillsdale,2022,44,0.8,4.16,4.5,0,11,33,0.0
MI,Houghton,2017,3,1.67,2.93,2.96,1,0,2,33.33
MI,Houghton,2018,2,2.0,7.79,8.04,1,0,1,50.0
MI,Houghton,2019,8,1.0,4.25,4.38,0,1,7,0.0
MI,Houghton,2020,5,0.8,4.0,4.2,2,1,2,40.0
MI,Houghton,2021,11,0.91,4.91,5.0,3,4,4,27.27
MI,Houghton,2022,1,0.0,1.0,1.0,0,0,1,0.0
MI,Huron,2017,10,1.5,4.31,4.35,4,5,1,40.0
MI,Huron,2018,23,1.61,5.46,5.57,10,5,8,43.48
MI,Huron,2019,22,0.41,4.18,4.32,3,8,11,13.64
MI,Huron,2020,29,0.52,4.9,4.9,3,9,17,10.34
MI,Huron,2021,13,0.23,3.54,3.62,0,4,9,0.0
MI,Huron,2022,1,1.0,5.0,5.0,0,1,0,0.0
MI,Ingham,2016,32,1.78,4.42,4.43,10,13,9,31.25
MI,Ingham,2017,53,1.75,5.29,5.52,16,16,21,30.19
MI,Ingham,2018,121,1.78,5.28,5.39,41,43,37,33.88
MI,Ingham,2019,109,1.42,4.47,4.6,19,30,60,17.43
MI,Ingham,2020,47,1.15,5.53,5.64,14,15,18,29.79
MI,Ingham,2021,66,1.27,4.5,4.58,6,16,44,9.09
MI,Ingham,2022,29,1.45,6.1,6.17,8,6,15,27.59
MI,Ionia,2016,12,1.67,1.46,1.43,0,5,7,0.0
MI,Ionia,2017,25,1.6,4.77,5.05,3,8,14,12.0
MI,Ionia,2018,17,1.59,4.52,4.6,2,3,12,11.76
MI,Ionia,2019,99,1.25,5.15,5.15,10,33,56,10.1
MI,Ionia,2020,17,0.76,3.53,4.35,1,6,10,5.88
MI,Ionia,2021,62,1.45,4.73,4.84,1,12,49,1.61
MI,Ionia,2022,20,1.15,4.05,4.15,0,1,19,0.0
MI,Iosco,2016,20,1.4,1.7,1.7,2,5,13,10.0
MI,Iosco,2017,33,1.39,2.52,2.53,13,7,13,39.39
MI,Iosco,2018,7,1.71,4.33,4.34,1,4,2,14.29
MI,Iosco,2019,19,0.16,3.05,2.95,3,2,14,15.79
MI,Iosco,2020,13,0.54,5.77,5.85,2,2,9,15.38
MI,Iosco,2021,37,0.3,3.7,3.7,0,8,29,0.0
MI,Iosco,2022,32,0.62,4.31,4.56,0,3,29,0.0
MI,Iron,2017,4,1.75,4.36,4.41,1,1,2,25.0
MI,Iron,2018,1,2.0,4.67,5.08,0,0,1,0.0
MI,Iron,2019,13,1.46,6.12,6.21,1,4,8,7.69
MI,Iron,2020,7,1.29,4.14,4.14,1,3,3,14.29
MI,Iron,2021,9,1.11,3.22,3.22,0,0,9,0.0
MI,Iron,2022,1,1.0,1.0,2.0,0,0,1,0.0
MI,Isabella,2016,1,0.0,3.4,3.83,0,0,1,0.0
MI,Isabella,2017,6,2.0,8.22,8.24,1,0,5,16.67
MI,Isabella,2018,15,1.6,6.64,6.66,5,5,5,33.33
MI,Isabella,2019,32,0.88,4.55,4.62,1,12,19,3.12
MI,Isabella,2020,20,1.0,4.9,5.0,1,10,9,5.0
MI,Isabella,2021,18,1.0,4.33,4.5,1,3,14,5.56
MI,Isabella,2022,5,0.2,2.8,2.8,0,0,5,0.0
MI,Jackson,2016,29,1.55,2.08,2.08,1,10,18,3.45
MI,Jackson,2017,51,1.51,5.81,6.07,10,17,24,19.61
MI,Jackson,2018,93,1.43,3.96,4.49,27,24,42,29.03
MI,Jackson,2019,107,1.43,4.37,4.5,22,35,50,20.56
MI,Jackson,2020,30,1.33,4.5,5.0,5,11,14,16.67
MI,Jackson,2021,66,1.17,4.71,5.23,6,15,45,9.09
MI,Jackson,2022,62,1.45,4.26,4.27,4,7,51,6.45
MI,Kalamazoo,2016,40,1.62,3.26,3.33,9,7,24,22.5
MI,Kalamazoo,2017,89,1.38,4.13,4.21,28,19,42,31.46
MI,Kalamazoo,2018,91,1.49,4.09,4.18,23,16,52,25.27
MI,Kalamazoo,2019,192,1.35,4.25,4.32,25,40,127,13.02
MI,Kalamazoo,2020,58,0.9,5.21,5.72,13,24,21,22.41
MI,Kalamazoo,2021,69,1.0,4.96,5.2,4,34,31,5.8
MI,Kalamazoo,2022,51,1.41,5.43,5.57,2,19,30,3.92
MI,Kalkaska,2016,4,1.0,4.27,4.29,0,1,3,0.0
MI,Kalkaska,2017,13,1.08,2.05,2.09,0,4,9,0.0
MI,Kalkaska,2018,35,1.26,5.2,5.25,3,11,21,8.57
MI,Kalkaska,2019,19,0.84,2.89,2.89,5,4,10,26.32
MI,Kalkaska,2020,34,0.24,2.94,2.91,7,9,18,20.59
MI,Kalkaska,2021,12,1.17,2.92,3.0,0,1,11,0.0
MI,Kalkaska,2022,4,0.0,3.25,3.5,0,0,4,0.0
MI,Kent,2016,237,1.36,1.91,2.11,52,106,79,21.94
MI,Kent,2017,442,1.37,3.94,4.71,88,182,172,19.91
MI,Kent,2018,554,1.49,4.21,4.78,112,222,220,20.22
MI,Kent,2019,726,1.03,3.99,4.44,148,240,338,20.39
MI,Kent,2020,212,0.93,3.89,4.38,53,91,68,25.0
MI,Kent,2021,236,1.22,3.95,4.27,35,87,114,14.83
MI,Kent,2022,147,1.19,3.5,4.2,20,52,75,13.61
MI,Keweenaw,2017,1,2.0,8.27,8.25,0,0,1,0.0
MI,Keweenaw,2020,1,1.0,12.0,12.0,0,1,0,0.0
MI,Keweenaw,2021,1,0.0,2.0,2.0,1,0,0,100.0
MI,Lake,2017,4,1.75,6.65,6.64,1,2,1,25.0
MI,Lake,2018,9,1.89,8.45,8.44,1,4,4,11.11
MI,Lake,2019,9,0.89,5.18,5.18,0,4,5,0.0
MI,Lake,2020,4,0.5,4.0,4.0,0,1,3,0.0
MI,Lake,2021,6,0.67,4.0,4.17,0,0,6,0.0
MI,Lake,2022,1,0.0,1.0,2.0,0,0,1,0.0
MI,Lapeer,2016,12,1.25,0.45,0.51,1,6,5,8.33
MI,Lapeer,2017,47,1.4,2.8,3.41,19,23,5,40.43
MI,Lapeer,2018,90,1.2,1.72,2.25,12,51,27,13.33
MI,Lapeer,2019,80,0.75,2.42,2.75,9,34,37,11.25
MI,Lapeer,2020,44,0.82,2.84,3.16,5,21,18,11.36
MI,Lapeer,2021,74,1.26,2.97,3.05,1,13,60,1.35
MI,Lapeer,2022,44,1.36,4.07,4.52,0,21,23,0.0
MI,Leelanau,2017,1,1.0,6.22,6.28,0,0,1,0.0
MI,Leelanau,2018,3,1.67,5.79,5.83,1,1,1,33.33
MI,Leelanau,2019,22,0.68,5.95,6.09,2,8,12,9.09
MI,Leelanau,2020,22,0.68,6.45,6.5,2,4,16,9.09
MI,Leelanau,2021,4,0.5,4.75,4.75,1,0,3,25.0
MI,Leelanau,2022,4,0.25,3.0,3.0,0,0,4,0.0
MI,Lenawee,2016,4,1.5,3.97,3.99,0,1,3,0.0
MI,Lenawee,2017,25,1.52,4.45,4.49,9,7,9,36.0
MI,Lenawee,2018,54,1.46,5.16,5.32,12,23,19,22.22
MI,Lenawee,2019,39,1.05,5.81,5.94,7,12,20,17.95
MI,Lenawee,2020,26,0.77,4.46,4.54,2,12,12,7.69
MI,Lenawee,2021,25,0.92,4.32,4.52,0,2,23,0.0
MI,Lenawee,2022,26,0.77,4.62,4.58,1,5,20,3.85
MI,Livingston,2016,86,1.51,1.59,1.8,10,32,44,11.63
MI,Livingston,2017,157,1.41,4.06,4.32,23,76,58,14.65
MI,Livingston,2018,221,1.58,3.63,3.8,33,60,128,14.93
MI,Livingston,2019,280,0.91,3.6,3.9,24,70,186,8.57
MI,Livingston,2020,63,0.84,3.57,3.97,8,10,45,12.7
MI,Livingston,2021,110,0.88,4.05,4.18,1,33,76,0.91
MI,Livingston,2022,129,0.91,5.32,5.5,11,37,81,8.53
MI,Luce,2017,2,1.0,4.29,4.29,1,1,0,50.0
MI,Luce,2019,5,1.8,8.6,8.6,0,4,1,0.0
MI,Luce,2020,2,1.5,9.0,9.0,0,1,1,0.0
MI,Luce,2021,3,1.0,2.0,2.0,0,0,3,0.0
MI,Luce,2022,1,1.0,2.0,2.0,0,0,1,0.0
MI,Mackinac,2017,28,1.68,2.83,3.28,11,14,3,39.29
MI,Mackinac,2018,100,1.59,1.62,1.68,35,53,12,35.0
MI,Mackinac,2019,110,1.41,3.99,4.0,14,39,57,12.73
MI,Mackinac,2020,82,1.26,1.4,3.18,0,12,70,0.0
MI,Mackinac,2021,86,1.43,1.19,2.81,0,11,75,0.0
MI,Mackinac,2022,31,1.61,4.0,4.1,2,14,15,6.45
MI,Macomb,2016,343,1.21,1.6,1.79,123,157,63,35.86
MI,Macomb,2017,1195,1.07,3.55,4.21,396,629,170,33.14
MI,Macomb,2018,2050,0.9,2.87,3.63,664,1165,221,32.39
MI,Macomb,2019,1114,0.78,3.17,3.8,285,580,249,25.58
MI,Macomb,2020,237,0.9,4.24,4.74,58,122,57,24.47
MI,Macomb,2021,461,0.96,3.69,3.92,92,258,111,19.96
MI,Macomb,2022,330,1.0,3.88,4.25,65,164,101,19.7
MI,Manistee,2016,2,1.0,5.07,5.11,0,1,1,0.0
MI,Manistee,2017,2,1.0,0.84,0.84,0,0,2,0.0
MI,Manistee,2018,8,1.12,0.92,0.92,0,4,4,0.0
MI,Manistee,2019,5,1.0,2.96,2.95,2,0,3,40.0
MI,Manistee,2020,10,0.8,3.0,2.8,3,6,1,30.0
MI,Manistee,2021,4,1.25,2.75,2.75,0,2,2,0.0
MI,Manistee,2022,1,0.0,4.0,4.0,0,0,1,0.0
MI,Marquette,2017,13,1.69,5.89,6.01,0,5,8,0.0
MI,Marquette,2018,4,1.75,12.49,12.5,1,2,1,25.0
MI,Marquette,2019,32,1.22,3.97,4.0,0,5,27,0.0
MI,Marquette,2020,11,1.27,7.27,7.27,2,5,4,18.18
MI,Marquette,2021,4,0.5,4.25,4.25,0,0,4,0.0
MI,Mason,2016,4,1.5,2.51,2.55,0,2,2,0.0
MI,Mason,2017,5,1.4,1.26,1.28,1,2,2,20.0
MI,Mason,2018,12,1.42,3.97,4.07,2,3,7,16.67
MI,Mason,2019,15,0.87,2.95,2.96,1,1,13,6.67
MI,Mason,2020,9,1.44,5.78,5.78,0,3,6,0.0
MI,Mason,2021,22,1.09,3.18,3.5,0,1,21,0.0
MI,Mason,2022,16,0.94,3.12,3.31,0,0,16,0.0
MI,Mecosta,2016,8,1.38,0.67,0.69,0,2,6,0.0
MI,Mecosta,2017,17,1.24,4.51,4.51,3,3,11,17.65
MI,Mecosta,2018,14,1.07,2.65,2.65,4,1,9,28.57
MI,Mecosta,2019,23,1.13,2.69,2.65,5,3,15,21.74
MI,Mecosta,2020,20,0.95,5.9,6.0,1,7,12,5.0
MI,Mecosta,2021,11,0.73,2.55,3.0,0,0,11,0.0
MI,Mecosta,2022,4,1.5,6.25,6.25,0,0,4,0.0
MI,Menominee,2017,22,1.18,1.3,1.34,1,7,14,4.55
MI,Menominee,2018,15,1.67,1.89,1.94,3,8,4,20.0
MI,Menominee,2019,7,1.43,4.47,4.46,1,1,5,14.29
MI,Menominee,2020,6,1.5,5.67,5.67,0,2,4,0.0
MI,Menominee,2021,20,1.15,3.55,3.65,0,1,19,0.0
MI,Menominee,2022,2,1.5,6.5,6.5,0,0,2,0.0
MI,Midland,2016,4,2.0,1.82,1.8,1,2,1,25.0
MI,Midland,2017,5,1.6,7.07,7.03,1,2,2,20.0
MI,Midland,2018,9,1.44,4.07,4.09,0,2,7,0.0
MI,Midland,2019,16,0.81,4.92,5.11,3,10,3,18.75
MI,Midland,2020,14,0.64,4.64,5.14,1,7,6,7.14
MI,Midland,2021,8,0.25,3.88,3.88,1,3,4,12.5
MI,Midland,2022,1,1.0,5.0,5.0,0,0,1,0.0
MI,Missaukee,2016,5,1.8,1.21,1.22,0,2,3,0.0
MI,Missaukee,2017,1,1.0,5.12,5.42,0,0,1,0.0
MI,Missaukee,2018,3,1.0,3.32,3.39,0,0,3,0.0
MI,Missaukee,2019,6,1.0,5.87,6.03,0,2,4,0.0
MI,Missaukee,2021,8,0.0,1.75,2.0,0,0,8,0.0
MI,Missaukee,2022,1,0.0,3.0,4.0,0,0,1,0.0
MI,Monroe,2016,40,1.52,1.85,2.14,12,15,13,30.0
MI,Monroe,2017,111,1.49,4.57,4.94,33,41,37,29.73
MI,Monroe,2018,127,1.56,5.57,6.1,50,52,25,39.37
MI,Monroe,2019,165,1.28,4.3,5.15,39,69,57,23.64
MI,Monroe,2020,53,1.23,4.58,5.96,6,22,25,11.32
MI,Monroe,2021,75,1.25,4.19,5.01,4,30,41,5.33
MI,Monroe,2022,48,1.62,8.42,8.46,6,12,30,12.5
MI,Montcalm,2016,8,1.62,2.78,2.76,2,1,5,25.0
MI,Montcalm,2017,23,1.13,3.5,3.54,1,7,15,4.35
MI,Montcalm,2018,19,1.32,2.7,2.7,2,5,12,10.53
MI,Montcalm,2019,35,1.11,4.76,4.83,8,9,18,22.86
MI,Montcalm,2020,15,0.93,4.6,4.8,1,8,6,6.67
MI,Montcalm,2021,17,1.24,4.29,4.41,0,3,14,0.0
MI,Montcalm,2022,1,0.0,3.0,3.0,0,0,1,0.0
MI,Montmorency,2017,1,2.0,13.12,13.25,0,1,0,0.0
MI,Montmorency,2019,1,2.0,8.15,8.15,0,1,0,0.0
MI,Montmorency,2020,3,0.67,5.33,5.33,0,0,3,0.0
MI,Montmorency,2021,11,0.18,3.64,3.64,0,0,11,0.0
MI,Muskegon,2016,9,1.89,4.52,4.52,3,4,2,33.33
MI,Muskegon,2017,26,1.69,6.58,6.64,7,11,8,26.92
MI,Muskegon,2018,54,1.44,4.58,4.64,11,24,19,20.37
MI,Muskegon,2019,47,1.04,3.26,3.31,1,12,34,2.13
MI,Muskegon,2020,41,1.22,4.71,4.71,4,17,20,9.76
MI,Muskegon,2021,15,1.13,4.2,4.27,0,7,8,0.0
MI,Muskegon,2022,8,1.12,2.5,2.62,0,0,8,0.0
MI,Newaygo,2018,2,1.5,10.66,10.66,1,1,0,50.0
MI,Newaygo,2019,14,0.64,4.89,4.93,0,3,11,0.0
MI,Newaygo,2020,2,0.5,4.0,4.0,0,1,1,0.0
MI,Newaygo,2021,7,0.14,4.29,4.29,0,1,6,0.0
MI,Newaygo,2022,2,0.5,4.0,5.0,1,1,0,50.0
MI,Oakland,2016,713,1.34,1.74,2.0,187,287,239,26.23
MI,Oakland,2017,1777,1.27,3.28,4.16,457,751,569,25.72
MI,Oakland,2018,2129,1.24,2.86,3.77,529,912,688,24.85
MI,Oakland,2019,1947,1.04,3.42,3.99,422,870,655,21.67
MI,Oakland,2020,607,1.17,3.9,4.35,112,298,197,18.45
MI,Oakland,2021,779,1.31,3.31,3.66,87,355,337,11.17
MI,Oakland,2022,547,1.35,4.79,5.12,60,212,275,10.97
MI,Oceana,2016,1,2.0,0.0,0.0,1,0,0,100.0
MI,Oceana,2017,6,1.33,3.56,3.59,1,1,4,16.67
MI,Oceana,2018,20,1.65,5.39,5.37,5,6,9,25.0
MI,Oceana,2019,23,1.22,3.82,3.87,1,5,17,4.35
MI,Oceana,2020,13,0.85,5.0,5.0,1,4,8,7.69
MI,Oceana,2021,6,1.17,4.17,4.5,0,3,3,0.0
MI,Oceana,2022,4,1.0,2.75,3.0,0,1,3,0.0
MI,Ogemaw,2016,5,1.2,2.9,2.85,0,1,4,0.0
MI,Ogemaw,2017,27,1.78,3.54,3.46,8,4,15,29.63
MI,Ogemaw,2018,38,1.71,3.71,3.79,12,10,16,31.58
MI,Ogemaw,2019,29,1.52,3.63,3.56,12,3,14,41.38
MI,Ogemaw,2020,12,0.75,3.67,3.75,2,3,7,16.67
MI,Ogemaw,2021,16,0.62,2.94,3.06,0,0,16,0.0
MI,Ogemaw,2022,1,2.0,4.0,4.0,0,0,1,0.0
MI,Ontonagon,2017,1,1.0,5.22,5.37,0,0,1,0.0
MI,Ontonagon,2018,3,2.0,7.1,7.2,0,0,3,0.0
MI,Ontonagon,2019,5,1.0,4.81,4.82,1,0,4,20.0
MI,Ontonagon,2020,6,1.0,4.67,4.83,2,1,3,33.33
MI,Ontonagon,2021,11,0.45,2.45,3.0,0,0,11,0.0
MI,Ontonagon,2022,6,0.67,3.0,3.33,0,0,6,0.0
MI,Osceola,2016,6,1.17,0.59,0.6,0,1,5,0.0
MI,Osceola,2017,16,1.56,4.35,4.43,1,3,12,6.25
MI,Osceola,2018,26,1.42,5.11,5.08,5,4,17,19.23
MI,Osceola,2019,33,1.18,4.13,4.22,9,3,21,27.27
MI,Osceola,2020,11,1.0,4.0,4.09,0,1,10,0.0
MI,Osceola,2021,10,0.9,3.7,3.9,0,1,9,0.0
MI,Osceola,2022,1,0.0,3.0,3.0,0,0,1,0.0
MI,Oscoda,2018,1,2.0,6.98,6.98,0,1,0,0.0
MI,Oscoda,2019,5,1.0,7.4,7.4,1,1,3,20.0
MI,Oscoda,2021,5,0.2,3.0,3.2,0,0,5,0.0
MI,Oscoda,2022,1,0.0,3.0,4.0,0,0,1,0.0
MI,Otsego,2016,5,1.8,4.5,4.54,0,1,4,0.0
MI,Otsego,2017,20,1.3,1.19,1.18,9,4,7,45.0
MI,Otsego,2018,52,1.62,2.46,2.48,14,11,27,26.92
MI,Otsego,2019,54,1.26,2.97,3.01,9,8,37,16.67
MI,Otsego,2020,24,0.88,4.42,4.58,5,7,12,20.83
MI,Otsego,2021,25,0.68,3.64,3.92,0,1,24,0.0
MI,Otsego,2022,5,0.2,3.4,3.8,0,0,5,0.0
MI,Ottawa,2016,46,1.48,1.0,1.19,10,19,17,21.74
MI,Ottawa,2017,65,1.52,3.9,4.13,11,23,31,16.92
MI,Ottawa,2018,97,1.39,4.15,4.32,24,44,29,24.74
MI,Ottawa,2019,262,1.32,5.06,5.12,27,93,142,10.31
MI,Ottawa,2020,116,0.9,5.0,5.27,13,66,37,11.21
MI,Ottawa,2021,67,1.28,3.18,3.51,6,26,35,8.96
MI,Ottawa,2022,67,1.36,4.76,4.97,3,25,39,4.48
MI,Presque Isle,2017,1,1.0,0.38,0.38,1,0,0,100.0
MI,Presque Isle,2018,3,2.0,6.34,6.37,1,1,1,33.33
MI,Presque Isle,2019,10,0.5,4.54,4.54,1,2,7,10.0
MI,Presque Isle,2020,10,0.2,3.6,3.8,1,0,9,10.0
MI,Presque Isle,2021,13,0.23,2.92,2.92,1,0,12,7.69
MI,Presque Isle,2022,3,0.0,1.33,1.33,0,0,3,0.0
MI,Roscommon,2016,5,2.0,1.9,1.83,0,2,3,0.0
MI,Roscommon,2017,11,1.73,3.9,3.89,2,1,8,18.18
MI,Roscommon,2018,46,1.74,2.93,2.93,22,4,20,47.83
MI,Roscommon,2019,49,1.18,3.2,3.22,24,10,15,48.98
MI,Roscommon,2020,24,0.96,5.25,5.29,5,7,12,20.83
MI,Roscommon,2021,16,0.81,3.06,3.06,1,2,13,6.25
MI,Roscommon,2022,5,1.2,4.8,5.0,0,0,5,0.0
MI,Saginaw,2016,13,1.54,1.34,1.41,3,1,9,23.08
MI,Saginaw,2017,36,1.31,3.09,3.11,5,12,19,13.89
MI,Saginaw,2018,61,1.69,4.78,4.85,16,21,24,26.23
MI,Saginaw,2019,70,0.94,4.43,4.48,25,19,26,35.71
MI,Saginaw,2020,41,0.66,3.2,3.32,8,7,26,19.51
MI,Saginaw,2021,61,0.95,4.85,5.08,1,19,41,1.64
MI,Saginaw,2022,33,0.7,4.03,4.48,0,4,29,0.0
MI,Saint Clair,2016,2,2.0,5.24,5.34,2,0,0,100.0
MI,Saint Clair,2017,7,1.43,6.92,7.17,5,2,0,71.43
MI,Saint Clair,2018,5,1.8,2.92,3.65,1,2,2,20.0
MI,Saint Joseph,2016,6,1.0,1.87,2.02,1,1,4,16.67
MI,Saint Joseph,2017,22,1.09,2.18,2.2,1,8,13,4.55
MI,Saint Joseph,2018,16,1.0,1.04,1.11,0,5,11,0.0
MI,Sanilac,2016,4,1.5,1.73,1.73,1,1,2,25.0
MI,Sanilac,2017,10,1.7,6.71,7.14,3,5,2,30.0
MI,Sanilac,2018,18,1.44,4.67,4.73,4,8,6,22.22
MI,Sanilac,2019,18,0.5,3.92,4.03,3,6,9,16.67
MI,Sanilac,2020,15,0.67,4.33,4.67,1,3,11,6.67
MI,Sanilac,2021,10,0.3,2.5,3.9,0,2,8,0.0
MI,Sanilac,2022,3,0.67,4.33,4.67,0,0,3,0.0
MI,Schoolcraft,2018,12,1.83,4.68,4.73,0,5,7,0.0
MI,Schoolcraft,2019,19,1.58,4.37,4.37,0,3,16,0.0
MI,Schoolcraft,2020,4,1.75,6.5,6.5,0,1,3,0.0
MI,Schoolcraft,2021,13,1.46,4.23,4.31,0,2,11,0.0
MI,Schoolcraft,2022,2,1.0,2.5,2.5,0,0,2,0.0
MI,Shiawassee,2016,1,2.0,5.65,5.68,1,0,0,100.0
MI,Shiawassee,2017,8,1.5,6.58,6.59,4,2,2,50.0
MI,Shiawassee,2018,42,1.57,7.0,6.99,15,15,12,35.71
MI,Shiawassee,2019,44,1.68,5.83,5.85,7,16,21,15.91
MI,Shiawassee,2020,19,1.37,5.53,5.58,3,8,8,15.79
MI,Shiawassee,2021,8,0.88,4.12,4.25,0,3,5,0.0
MI,Shiawassee,2022,9,0.78,3.78,3.89,0,0,9,0.0
MI,St Joseph,2022,13,0.77,3.46,3.46,0,1,12,0.0
MI,St. Clair,2016,4,1.5,3.71,3.66,1,0,3,25.0
MI,St. Clair,2017,131,1.95,4.2,4.4,119,0,12,90.84
MI,St. Clair,2018,259,2.07,4.52,5.21,236,9,14,91.12
MI,St. Clair,2019,302,1.82,4.67,5.11,224,25,53,74.17
MI,St. Clair,2020,81,1.51,5.11,5.95,51,10,20,62.96
MI,St. Clair,2021,116,1.46,3.59,3.94,23,22,71,19.83
MI,St. Clair,2022,109,1.76,5.73,6.03,81,16,12,74.31
MI,St. Joseph,2016,3,1.33,3.46,3.48,1,0,2,33.33
MI,St. Joseph,2017,16,1.06,3.99,3.99,1,8,7,6.25
MI,St. Joseph,2018,38,1.29,2.31,2.34,4,14,20,10.53
MI,St. Joseph,2019,80,1.14,3.19,3.23,14,34,32,17.5
MI,St. Joseph,2020,52,1.13,2.56,2.98,11,25,16,21.15
MI,St. Joseph,2021,4,0.75,2.0,2.0,0,0,4,0.0
MI,St. Joseph,2022,7,0.86,2.43,2.43,0,0,7,0.0
MI,Tuscola,2016,1,1.0,0.0,0.0,0,0,1,0.0
MI,Tuscola,2018,17,1.35,4.53,4.55,2,5,10,11.76
MI,Tuscola,2019,25,0.88,6.34,6.46,7,7,11,28.0
MI,Tuscola,2020,21,0.48,3.24,3.19,0,0,21,0.0
MI,Tuscola,2021,13,0.23,2.0,2.23,0,0,13,0.0
MI,Tuscola,2022,7,0.57,3.14,3.14,0,0,7,0.0
MI,Van Buren,2016,8,1.62,1.49,1.51,0,2,6,0.0
MI,Van Buren,2017,32,1.5,3.51,3.51,3,4,25,9.38
MI,Van Buren,2018,42,1.67,4.59,4.62,3,9,30,7.14
MI,Van Buren,2019,147,1.31,3.48,3.53,11,15,121,7.48
MI,Van Buren,2020,26,0.88,4.04,4.12,2,7,17,7.69
MI,Van Buren,2021,9,1.56,4.78,4.78,0,1,8,0.0
MI,Van Buren,2022,27,1.04,4.0,4.11,0,3,24,0.0
MI,Washtenaw,2016,212,1.42,2.07,2.21,43,54,115,20.28
MI,Washtenaw,2017,362,1.39,3.9,4.52,75,110,177,20.72
MI,Washtenaw,2018,403,1.46,3.85,4.62,91,152,160,22.58
MI,Washtenaw,2019,537,0.99,3.58,4.13,147,146,244,27.37
MI,Washtenaw,2020,234,0.89,4.94,5.21,40,126,68,17.09
MI,Washtenaw,2021,224,1.21,4.67,4.82,22,71,131,9.82
MI,Washtenaw,2022,164,1.09,4.49,4.67,11,58,95,6.71
MI,Wayne,2016,853,1.36,1.87,2.09,261,307,285,30.6
MI,Wayne,2017,2082,1.36,3.65,4.27,618,764,700,29.68
MI,Wayne,2018,2768,1.32,3.21,3.97,968,941,859,34.97
MI,Wayne,2019,1935,1.22,3.64,4.31,585,710,640,30.23
MI,Wayne,2020,929,0.73,3.84,4.64,189,570,170,20.34
MI,Wayne,2021,919,1.22,3.42,3.88,98,458,363,10.66
MI,Wayne,2022,702,1.47,4.12,4.39,100,281,321,14.25
MI,Wexford,2016,7,1.43,1.25,1.25,2,4,1,28.57
MI,Wexford,2017,13,1.38,3.72,3.94,2,5,6,15.38
MI,Wexford,2018,23,1.39,4.43,4.5,7,7,9,30.43
MI,Wexford,2019,25,1.16,4.4,4.48,2,5,18,8.0
MI,Wexford,2020,10,1.2,6.7,6.9,3,0,7,30.0
MI,Wexford,2021,26,0.65,3.42,3.5,0,1,25,0.0
MI,Wexford,2022,4,0.75,2.5,2.75,0,0,4,0.0
MN,Aitkin,2017,3,1.33,0.7,0.74,0,1,2,0.0
MN,Aitkin,2018,11,1.73,3.63,3.68,3,3,5,27.27
MN,Aitkin,2019,10,0.6,5.3,5.4,1,3,6,10.0
MN,Aitkin,2020,4,0.75,5.25,5.25,0,0,4,0.0
MN,Aitkin,2021,18,0.67,3.11,3.39,0,2,16,0.0
MN,Aitkin,2022,3,1.0,6.33,6.33,0,0,3,0.0
MN,Anoka,2017,162,1.01,3.12,3.78,38,74,50,23.46
MN,Anoka,2018,373,1.13,2.83,3.57,54,173,146,14.48
MN,Anoka,2019,315,0.97,3.37,4.18,49,155,111,15.56
MN,Anoka,2020,114,0.69,3.4,3.85,21,65,28,18.42
MN,Anoka,2021,147,0.97,3.39,4.07,11,76,60,7.48
MN,Anoka,2022,120,1.31,4.22,4.82,17,72,31,14.17
MN,Becker,2017,49,1.29,3.2,3.34,10,14,25,20.41
MN,Becker,2018,26,1.27,2.05,2.21,7,9,10,26.92
MN,Becker,2019,22,0.95,3.5,3.56,6,6,10,27.27
MN,Becker,2020,7,0.86,5.71,5.71,1,2,4,14.29
MN,Becker,2021,15,1.0,3.53,3.67,1,1,13,6.67
MN,Becker,2022,4,1.0,3.0,3.0,0,0,4,0.0
MN,Beltrami,2017,3,1.0,1.27,1.26,1,1,1,33.33
MN,Beltrami,2019,2,1.5,9.2,9.29,0,1,1,0.0
MN,Beltrami,2020,1,2.0,15.0,15.0,1,0,0,100.0
MN,Beltrami,2021,9,1.11,4.44,5.22,0,2,7,0.0
MN,Beltrami,2022,5,0.4,3.0,3.0,0,0,5,0.0
MN,Benton,2017,8,1.12,1.8,1.84,5,3,0,62.5
MN,Benton,2018,14,1.36,3.85,3.86,3,5,6,21.43
MN,Benton,2019,17,1.35,4.17,4.18,5,7,5,29.41
MN,Benton,2020,7,1.29,3.14,3.43,0,4,3,0.0
MN,Benton,2021,10,0.8,3.9,4.0,1,0,9,10.0
MN,Benton,2022,2,1.5,4.5,4.5,0,0,2,0.0
MN,Big Stone,2018,7,1.0,0.81,0.81,0,1,6,0.0
MN,Big Stone,2019,1,2.0,1.37,1.38,1,0,0,100.0
MN,Big Stone,2020,2,0.5,5.0,5.0,0,0,2,0.0
MN,Big Stone,2021,8,0.88,4.12,4.38,0,0,8,0.0
MN,Big Stone,2022,2,1.0,8.0,8.0,0,1,1,0.0
MN,Blue Earth,2017,11,1.18,1.28,1.33,2,6,3,18.18
MN,Blue Earth,2018,43,1.26,4.4,4.42,7,12,24,16.28
MN,Blue Earth,2019,31,0.81,3.97,3.99,6,5,20,19.35
MN,Blue Earth,2020,5,1.0,5.0,5.0,1,0,4,20.0
MN,Blue Earth,2021,33,1.09,3.73,4.0,1,5,27,3.03
MN,Blue Earth,2022,6,0.83,2.5,2.67,0,0,6,0.0
MN,Brown,2017,4,1.5,5.41,5.42,0,0,4,0.0
MN,Brown,2018,11,1.55,4.11,4.13,1,1,9,9.09
MN,Brown,2019,4,0.75,5.99,6.08,1,0,3,25.0
MN,Brown,2020,2,0.0,3.5,3.5,1,0,1,50.0
MN,Brown,2021,8,1.0,4.5,4.5,0,1,7,0.0
MN,Carlton,2017,18,1.72,3.27,3.27,3,4,11,16.67
MN,Carlton,2018,14,2.29,7.65,7.63,3,5,6,21.43
MN,Carlton,2019,12,1.08,5.31,5.31,4,4,4,33.33
MN,Carlton,2020,7,0.57,4.43,4.43,2,3,2,28.57
MN,Carlton,2021,10,1.0,2.1,2.3,0,1,9,0.0
MN,Carlton,2022,4,2.0,7.25,7.25,0,0,4,0.0
MN,Carver,2017,17,0.82,3.05,3.12,3,6,8,17.65
MN,Carver,2018,59,1.03,4.63,4.77,13,13,33,22.03
MN,Carver,2019,68,0.82,3.62,3.79,7,23,38,10.29
MN,Carver,2020,47,0.68,5.17,5.32,2,29,16,4.26
MN,Carver,2021,33,0.85,4.79,4.79,0,10,23,0.0
MN,Carver,2022,5,1.0,4.0,4.8,0,1,4,0.0
MN,Cass,2017,1,1.0,0.0,0.02,0,1,0,0.0
MN,Cass,2018,6,1.33,4.19,4.27,2,1,3,33.33
MN,Cass,2019,16,1.38,4.5,4.5,3,2,11,18.75
MN,Cass,2020,15,1.33,3.73,3.67,0,4,11,0.0
MN,Cass,2021,31,0.84,4.1,4.16,1,5,25,3.23
MN,Cass,2022,2,0.5,2.5,2.5,1,0,1,50.0
MN,Chippewa,2017,2,2.0,6.12,6.15,0,0,2,0.0
MN,Chippewa,2018,11,1.36,4.0,4.02,2,0,9,18.18
MN,Chippewa,2019,6,1.0,4.03,4.05,0,1,5,0.0
MN,Chippewa,2020,2,1.0,3.5,3.5,0,1,1,0.0
MN,Chippewa,2021,16,0.44,2.62,2.88,0,0,16,0.0
MN,Chippewa,2022,1,0.0,1.0,1.0,0,0,1,0.0
MN,Chisago,2017,11,1.73,3.8,3.84,0,3,8,0.0
MN,Chisago,2018,52,2.04,6.89,7.14,4,19,29,7.69
MN,Chisago,2019,59,1.71,5.31,5.62,7,11,41,11.86
MN,Chisago,2020,31,1.35,4.81,5.0,1,8,22,3.23
MN,Chisago,2021,33,1.3,6.0,6.21,2,4,27,6.06
MN,Chisago,2022,15,1.4,4.8,4.8,1,2,12,6.67
MN,Clay,2017,25,1.28,1.74,1.77,6,4,15,24.0
MN,Clay,2018,28,1.57,2.73,2.76,8,5,15,28.57
MN,Clay,2019,38,1.39,3.38,3.41,22,6,10,57.89
MN,Clay,2020,18,0.89,6.33,6.33,13,3,2,72.22
MN,Clay,2021,31,1.1,2.97,3.13,4,3,24,12.9
MN,Clay,2022,17,1.12,5.82,5.94,2,4,11,11.76
MN,Clearwater,2017,2,1.5,4.11,4.65,0,0,2,0.0
MN,Clearwater,2019,1,0.0,1.0,1.0,0,1,0,0.0
MN,Clearwater,2021,6,0.83,5.0,5.17,0,1,5,0.0
MN,Clearwater,2022,1,0.0,4.0,4.0,0,0,1,0.0
MN,Cook,2018,5,1.8,10.4,10.46,0,3,2,0.0
MN,Cook,2019,3,2.33,11.0,11.33,0,1,2,0.0
MN,Cook,2020,13,1.54,3.62,3.62,0,1,12,0.0
MN,Cook,2021,18,1.78,3.94,4.28,0,0,18,0.0
MN,Cook,2022,1,2.0,3.0,3.0,0,0,1,0.0
MN,Cottonwood,2017,3,2.0,10.01,10.01,1,1,1,33.33
MN,Cottonwood,2018,15,0.87,4.02,4.06,1,0,14,6.67
MN,Cottonwood,2019,8,1.25,3.32,3.36,1,1,6,12.5
MN,Cottonwood,2020,5,1.0,3.6,3.6,1,1,3,20.0
MN,Cottonwood,2021,4,1.0,5.0,5.0,2,0,2,50.0
MN,Cottonwood,2022,2,1.0,2.0,2.0,0,0,2,0.0
MN,Crow Wing,2017,2,1.5,3.85,3.97,0,1,1,0.0
MN,Crow Wing,2018,29,1.52,4.86,4.98,4,15,10,13.79
MN,Crow Wing,2019,29,1.21,5.03,5.16,1,8,20,3.45
MN,Crow Wing,2020,20,1.1,4.75,5.05,1,7,12,5.0
MN,Crow Wing,2021,25,0.92,4.52,4.64,0,1,24,0.0
MN,Crow Wing,2022,3,1.0,3.67,4.33,0,0,3,0.0
MN,Dakota,2017,147,1.31,3.49,4.19,22,43,82,14.97
MN,Dakota,2018,442,1.34,3.59,4.04,51,143,248,11.54
MN,Dakota,2019,342,1.12,4.37,4.73,42,126,174,12.28
MN,Dakota,2020,114,0.75,4.69,4.85,18,59,37,15.79
MN,Dakota,2021,121,0.88,3.4,3.57,0,41,80,0.0
MN,Dakota,2022,68,1.19,4.24,4.4,7,20,41,10.29
MN,Dodge,2017,2,1.0,1.08,1.08,0,0,2,0.0
MN,Dodge,2018,15,1.27,3.75,3.75,2,0,13,13.33
MN,Dodge,2019,13,1.08,3.74,3.76,4,2,7,30.77
MN,Dodge,2020,3,0.33,4.67,4.67,1,0,2,33.33
MN,Dodge,2021,2,1.0,8.0,8.5,1,1,0,50.0
MN,Dodge,2022,1,0.0,3.0,3.0,1,0,0,100.0
MN,Douglas,2017,62,1.76,2.41,2.41,7,16,39,11.29
MN,Douglas,2018,26,1.77,2.45,2.46,5,4,17,19.23
MN,Douglas,2019,37,1.57,2.24,2.28,29,1,7,78.38
MN,Douglas,2020,12,1.25,8.42,8.83,3,6,3,25.0
MN,Douglas,2021,35,1.17,5.06,5.29,0,1,34,0.0
MN,Douglas,2022,11,1.18,4.64,4.64,0,1,10,0.0
MN,Faribault,2017,20,1.4,2.17,2.17,6,3,11,30.0
MN,Faribault,2018,63,1.52,2.23,2.25,3,12,48,4.76
MN,Faribault,2019,48,1.52,2.82,2.87,7,7,34,14.58
MN,Faribault,2020,10,1.4,5.7,5.7,1,1,8,10.0
MN,Faribault,2021,11,0.64,2.73,3.18,2,2,7,18.18
MN,Faribault,2022,2,1.0,3.5,3.0,0,0,2,0.0
MN,Fillmore,2017,7,1.14,3.39,3.41,0,4,3,0.0
MN,Fillmore,2018,18,1.61,7.41,7.46,3,5,10,16.67
MN,Fillmore,2019,16,1.12,2.98,3.04,2,3,11,12.5
MN,Fillmore,2020,7,1.29,6.71,6.86,1,3,3,14.29
MN,Fillmore,2021,7,0.86,3.71,3.86,0,0,7,0.0
MN,Freeborn,2017,23,1.57,2.63,2.63,4,4,15,17.39
MN,Freeborn,2018,90,1.64,3.47,3.48,7,3,80,7.78
MN,Freeborn,2019,129,1.64,3.32,3.33,12,16,101,9.3
MN,Freeborn,2020,10,1.3,4.5,4.7,2,1,7,20.0
MN,Freeborn,2021,10,1.4,3.4,3.5,0,1,9,0.0
MN,Freeborn,2022,7,1.14,1.86,1.86,0,0,7,0.0
MN,Goodhue,2017,11,1.45,6.6,6.6,1,4,6,9.09
MN,Goodhue,2018,40,1.58,4.86,4.86,4,5,31,10.0
MN,Goodhue,2019,41,0.85,3.93,3.97,6,8,27,14.63
MN,Goodhue,2020,10,1.0,4.7,4.7,3,1,6,30.0
MN,Goodhue,2021,11,0.55,3.09,3.18,0,1,10,0.0
MN,Goodhue,2022,4,0.75,3.0,3.0,0,0,4,0.0
MN,Grant,2018,8,1.12,0.87,0.88,4,0,4,50.0
MN,Grant,2019,18,1.78,4.17,4.23,13,1,4,72.22
MN,Grant,2020,3,0.67,4.0,4.0,1,1,1,33.33
MN,Grant,2021,15,0.87,3.4,3.47,1,1,13,6.67
MN,Grant,2022,2,1.5,5.0,6.0,1,0,1,50.0
MN,Hennepin,2017,871,1.23,3.37,4.47,192,368,311,22.04
MN,Hennepin,2018,2300,1.28,3.06,3.92,423,875,1002,18.39
MN,Hennepin,2019,1690,1.04,3.29,4.21,319,668,703,18.88
MN,Hennepin,2020,697,0.55,2.29,3.87,127,468,102,18.22
MN,Hennepin,2021,1070,0.68,2.62,3.61,79,599,392,7.38
MN,Hennepin,2022,580,0.89,3.49,4.2,42,265,273,7.24
MN,Houston,2017,1,1.0,2.9,2.9,0,1,0,0.0
MN,Houston,2018,1,0.0,2.48,2.5,0,0,1,0.0
MN,Houston,2019,10,0.5,5.2,5.4,2,1,7,20.0
MN,Houston,2020,7,1.29,10.57,10.71,3,2,2,42.86
MN,Houston,2021,7,0.29,3.0,3.0,0,0,7,0.0
MN,Hubbard,2017,1,1.0,3.93,3.97,0,0,1,0.0
MN,Hubbard,2018,2,2.0,9.32,9.39,0,1,1,0.0
MN,Hubbard,2019,6,0.83,5.35,5.54,1,2,3,16.67
MN,Hubbard,2020,4,0.5,3.75,3.75,0,0,4,0.0
MN,Hubbard,2021,15,0.53,3.0,3.0,0,1,14,0.0
MN,Hubbard,2022,4,0.75,3.5,4.0,0,0,4,0.0
MN,Isanti,2017,3,0.67,3.35,3.37,0,0,3,0.0
MN,Isanti,2018,5,0.4,5.01,5.04,2,1,2,40.0
MN,Isanti,2019,14,0.5,5.4,5.71,2,2,10,14.29
MN,Isanti,2020,9,0.44,4.56,4.67,0,3,6,0.0
MN,Isanti,2021,18,0.61,5.17,5.39,0,2,16,0.0
MN,Isanti,2022,1,1.0,5.0,5.0,0,0,1,0.0
MN,Itasca,2017,7,1.0,0.64,0.67,1,3,3,14.29
MN,Itasca,2018,12,1.25,3.17,3.32,2,4,6,16.67
MN,Itasca,2019,21,0.71,6.14,6.29,8,4,9,38.1
MN,Itasca,2020,12,0.67,3.58,3.83,5,3,4,41.67
MN,Itasca,2021,34,0.94,3.29,3.56,3,1,30,8.82
MN,Itasca,2022,3,0.67,4.0,5.0,0,2,1,0.0
MN,Jackson,2017,11,1.55,2.32,2.32,7,1,3,63.64
MN,Jackson,2018,66,1.33,3.69,3.7,9,5,52,13.64
MN,Jackson,2019,38,1.66,3.29,3.29,13,4,21,34.21
MN,Jackson,2020,20,1.3,4.95,4.95,2,6,12,10.0
MN,Jackson,2021,21,1.24,2.71,2.71,0,0,21,0.0
MN,Jackson,2022,9,1.33,3.22,3.67,0,0,9,0.0
MN,Kanabec,2017,8,1.12,2.78,3.72,1,2,5,12.5
MN,Kanabec,2018,7,1.29,6.93,7.29,1,3,3,14.29
MN,Kanabec,2019,2,1.5,9.5,10.5,1,1,0,50.0
MN,Kanabec,2020,4,0.75,6.25,6.5,2,1,1,50.0
MN,Kanabec,2021,10,0.8,5.2,5.2,0,4,6,0.0
MN,Kanabec,2022,2,1.0,4.5,4.5,0,1,1,0.0
MN,Kandiyohi,2017,6,1.67,6.72,6.77,2,0,4,33.33
MN,Kandiyohi,2018,29,1.31,4.41,4.43,4,7,18,13.79
MN,Kandiyohi,2019,28,1.07,3.61,3.62,4,3,21,14.29
MN,Kandiyohi,2020,8,1.25,5.75,5.88,0,3,5,0.0
MN,Kandiyohi,2021,16,0.69,3.06,3.12,3,0,13,18.75
MN,Kandiyohi,2022,3,1.0,4.67,4.67,0,1,2,0.0
MN,Kittson,2017,1,2.0,4.55,4.6,0,0,1,0.0
MN,Kittson,2018,4,1.75,5.73,5.88,0,1,3,0.0
MN,Kittson,2019,3,1.33,5.0,5.33,1,1,1,33.33
MN,Kittson,2020,5,0.6,3.6,3.8,0,0,5,0.0
MN,Kittson,2021,7,0.86,4.43,4.57,3,0,4,42.86
MN,Kittson,2022,3,1.0,5.67,6.0,1,0,2,33.33
MN,Koochiching,2017,2,2.0,8.86,8.88,0,1,1,0.0
MN,Koochiching,2018,3,1.67,5.52,5.52,1,0,2,33.33
MN,Koochiching,2019,3,1.33,4.0,4.0,1,0,2,33.33
MN,Koochiching,2021,13,0.62,3.46,3.77,0,0,13,0.0
MN,Koochiching,2022,1,0.0,2.0,2.0,0,0,1,0.0
MN,Lac qui Parle,2017,2,1.5,3.55,3.54,1,0,1,50.0
MN,Lac qui Parle,2018,6,2.0,8.19,8.19,1,1,4,16.67
MN,Lac qui Parle,2019,6,1.0,2.86,2.87,1,2,3,16.67
MN,Lac qui Parle,2020,7,1.14,6.14,6.43,3,1,3,42.86
MN,Lac qui Parle,2021,8,1.12,4.5,4.88,0,1,7,0.0
MN,Lac qui Parle,2022,1,1.0,2.0,2.0,0,0,1,0.0
MN,Lake,2017,6,2.0,4.59,6.23,2,3,1,33.33
MN,Lake,2018,16,1.88,3.42,5.62,5,2,9,31.25
MN,Lake,2019,4,1.25,3.25,3.25,0,2,2,0.0
MN,Lake,2020,18,1.61,4.67,5.44,1,4,13,5.56
MN,Lake,2021,11,1.27,2.73,3.09,0,1,10,0.0
MN,Lake,2022,2,1.5,2.5,2.5,0,0,2,0.0
MN,Lake of the Woods,2018,1,2.0,5.08,5.3,0,0,1,0.0
MN,Lake of the Woods,2019,2,0.5,5.5,5.5,0,0,2,0.0
MN,Lake of the Woods,2020,9,0.78,7.11,7.0,1,0,8,11.11
MN,Lake of the Woods,2021,6,0.33,3.5,3.5,0,1,5,0.0
MN,Lake of the Woods,2022,1,0.0,2.0,3.0,0,0,1,0.0
MN,Le Sueur,2017,2,1.5,1.49,1.49,1,0,1,50.0
MN,Le Sueur,2018,22,1.0,3.49,3.53,0,5,17,0.0
MN,Le Sueur,2019,8,0.62,4.06,4.04,3,1,4,37.5
MN,Le Sueur,2020,5,1.0,6.4,6.2,3,0,2,60.0
MN,Le Sueur,2021,15,0.93,5.47,5.47,2,2,11,13.33
MN,Le Sueur,2022,2,0.0,3.5,4.0,0,0,2,0.0
MN,Lincoln,2017,2,1.5,0.64,0.65,1,1,0,50.0
MN,Lincoln,2018,2,2.0,2.48,2.49,1,0,1,50.0
MN,Lincoln,2019,11,0.82,3.83,3.86,1,1,9,9.09
MN,Lincoln,2020,4,0.75,4.0,4.25,0,0,4,0.0
MN,Lincoln,2021,7,1.14,4.86,4.86,1,0,6,14.29
MN,Lincoln,2022,1,2.0,6.0,6.0,0,0,1,0.0
MN,Lyon,2017,6,1.33,1.61,1.65,0,2,4,0.0
MN,Lyon,2018,30,1.2,2.94,2.96,1,4,25,3.33
MN,Lyon,2019,18,1.33,5.08,5.08,1,3,14,5.56
MN,Lyon,2020,15,1.47,5.53,5.6,1,8,6,6.67
MN,Lyon,2021,11,1.45,4.09,4.18,1,0,10,9.09
MN,Lyon,2022,3,1.33,5.33,5.67,0,0,3,0.0
MN,Mahnomen,2018,1,2.0,1.53,1.58,0,0,1,0.0
MN,Mahnomen,2019,1,1.0,2.0,2.0,0,0,1,0.0
MN,Mahnomen,2020,4,1.0,4.25,4.25,1,1,2,25.0
MN,Mahnomen,2021,1,1.0,6.0,6.0,1,0,0,100.0
MN,Marshall,2017,3,0.67,3.91,4.0,1,0,2,33.33
MN,Marshall,2018,1,2.0,6.03,6.12,0,0,1,0.0
MN,Marshall,2019,8,0.75,4.89,5.14,0,1,7,0.0
MN,Marshall,2020,3,0.67,5.0,5.0,0,1,2,0.0
MN,Marshall,2021,5,0.6,4.0,4.0,0,0,5,0.0
MN,Marshall,2022,1,0.0,3.0,3.0,0,0,1,0.0
MN,Martin,2017,12,1.83,2.28,2.28,2,1,9,16.67
MN,Martin,2018,43,1.7,3.9,3.91,3,5,35,6.98
MN,Martin,2019,30,1.73,2.25,2.25,4,3,23,13.33
MN,Martin,2020,6,2.33,6.0,6.0,0,2,4,0.0
MN,Martin,2021,10,1.0,3.8,4.0,0,1,9,0.0
MN,Martin,2022,6,1.5,4.17,4.17,0,1,5,0.0
MN,McLeod,2017,11,1.09,4.67,4.68,1,0,10,9.09
MN,McLeod,2018,17,1.18,6.1,6.12,1,1,15,5.88
MN,McLeod,2019,9,1.11,3.76,3.77,1,1,7,11.11
MN,McLeod,2020,4,0.75,5.5,5.5,0,3,1,0.0
MN,McLeod,2021,20,0.5,3.15,3.15,0,1,19,0.0
MN,Meeker,2017,11,1.36,7.76,7.77,4,2,5,36.36
MN,Meeker,2018,11,1.09,2.5,2.5,1,3,7,9.09
MN,Meeker,2019,14,1.07,3.4,3.42,3,1,10,21.43
MN,Meeker,2020,8,1.0,7.0,7.0,2,2,4,25.0
MN,Meeker,2021,8,0.62,3.88,4.0,2,0,6,25.0
MN,Meeker,2022,2,1.5,4.0,4.0,0,0,2,0.0
MN,Mille Lacs,2017,11,1.45,3.24,4.16,1,2,8,9.09
MN,Mille Lacs,2018,14,1.57,4.9,5.09,2,5,7,14.29
MN,Mille Lacs,2019,13,0.46,3.52,3.52,0,3,10,0.0
MN,Mille Lacs,2020,7,0.43,4.71,4.86,0,2,5,0.0
MN,Mille Lacs,2021,17,0.82,6.76,7.06,0,2,15,0.0
MN,Mille Lacs,2022,1,0.0,1.0,1.0,0,0,1,0.0
MN,Morrison,2017,8,1.25,2.71,2.72,2,2,4,25.0
MN,Morrison,2018,25,1.52,4.02,4.06,7,4,14,28.0
MN,Morrison,2019,11,1.18,5.12,5.12,1,5,5,9.09
MN,Morrison,2020,10,1.0,5.0,5.0,2,4,4,20.0
MN,Morrison,2021,12,0.83,3.83,4.0,0,1,11,0.0
MN,Mower,2017,9,1.67,3.75,3.77,4,0,5,44.44
MN,Mower,2018,48,1.52,3.76,3.83,13,10,25,27.08
MN,Mower,2019,53,1.58,2.98,3.01,16,7,30,30.19
MN,Mower,2020,11,1.09,4.27,4.27,1,3,7,9.09
MN,Mower,2021,10,1.1,3.0,3.0,0,0,10,0.0
MN,Mower,2022,7,1.0,2.86,3.29,0,1,6,0.0
MN,Murray,2017,2,0.5,4.44,4.5,0,1,1,0.0
MN,Murray,2018,10,1.3,4.44,4.54,5,0,5,50.0
MN,Murray,2019,1,1.0,6.5,6.53,0,0,1,0.0
MN,Murray,2020,4,0.75,5.0,5.25,4,0,0,100.0
MN,Murray,2021,2,1.0,5.0,5.0,1,0,1,50.0
MN,Murray,2022,1,0.0,1.0,1.0,1,0,0,100.0
MN,Nicollet,2017,7,1.14,2.59,2.65,1,2,4,14.29
MN,Nicollet,2018,51,1.02,2.8,2.87,11,12,28,21.57
MN,Nicollet,2019,38,0.92,4.05,4.08,12,5,21,31.58
MN,Nicollet,2020,9,0.78,9.89,9.89,2,2,5,22.22
MN,Nicollet,2021,13,0.77,4.69,4.77,2,1,10,15.38
MN,Nicollet,2022,3,1.0,3.33,5.67,0,1,2,0.0
MN,Nobles,2017,20,1.5,4.02,4.04,8,1,11,40.0
MN,Nobles,2018,52,1.42,4.68,4.72,10,9,33,19.23
MN,Nobles,2019,33,1.58,2.71,2.74,10,4,19,30.3
MN,Nobles,2020,19,1.32,6.0,6.11,6,5,8,31.58
MN,Nobles,2021,29,1.38,3.31,3.41,2,2,25,6.9
MN,Nobles,2022,8,0.88,3.12,3.25,1,1,6,12.5
MN,Norman,2017,1,2.0,7.25,7.3,1,0,0,100.0
MN,Norman,2018,3,1.0,6.28,6.25,1,1,1,33.33
MN,Norman,2019,4,0.0,2.0,2.0,1,1,2,25.0
MN,Norman,2020,8,0.38,4.0,3.88,1,0,7,12.5
MN,Norman,2021,8,0.25,3.12,3.12,0,1,7,0.0
MN,Norman,2022,10,0.7,5.0,5.2,0,2,8,0.0
MN,Olmsted,2017,16,1.62,4.35,4.42,3,5,8,18.75
MN,Olmsted,2018,74,1.58,3.5,3.72,25,18,31,33.78
MN,Olmsted,2019,98,1.2,2.91,3.06,23,23,52,23.47
MN,Olmsted,2020,26,0.58,4.77,4.88,1,20,5,3.85
MN,Olmsted,2021,25,0.88,3.48,3.52,3,5,17,12.0
MN,Olmsted,2022,4,1.5,4.25,4.25,1,0,3,25.0
MN,Otter Tail,2017,23,1.57,1.46,1.46,8,4,11,34.78
MN,Otter Tail,2018,33,1.52,5.19,5.23,13,5,15,39.39
MN,Otter Tail,2019,63,1.4,1.77,1.8,46,3,14,73.02
MN,Otter Tail,2020,34,1.0,5.21,5.35,4,17,13,11.76
MN,Otter Tail,2021,62,0.92,3.89,4.0,3,4,55,4.84
MN,Otter Tail,2022,30,1.13,3.57,3.6,0,0,30,0.0
MN,Pennington,2017,3,1.67,4.14,4.24,1,1,1,33.33
MN,Pennington,2019,1,0.0,4.0,4.0,0,1,0,0.0
MN,Pennington,2020,14,0.29,3.57,3.71,0,2,12,0.0
MN,Pennington,2021,3,0.33,3.67,3.67,0,0,3,0.0
MN,Pennington,2022,2,1.0,5.5,6.0,0,0,2,0.0
MN,Pine,2017,34,2.09,6.54,7.53,3,8,23,8.82
MN,Pine,2018,85,2.08,7.99,7.99,11,35,39,12.94
MN,Pine,2019,19,1.58,4.42,4.96,2,8,9,10.53
MN,Pine,2020,17,1.41,4.41,4.53,1,3,13,5.88
MN,Pine,2021,15,1.27,5.93,6.07,0,3,12,0.0
MN,Pine,2022,3,1.67,4.33,5.0,0,1,2,0.0
MN,Pipestone,2017,3,1.33,7.78,7.8,0,1,2,0.0
MN,Pipestone,2018,4,1.5,3.75,3.78,0,0,4,0.0
MN,Pipestone,2019,4,0.5,2.85,3.11,1,0,3,25.0
MN,Pipestone,2020,4,0.25,3.25,3.25,0,0,4,0.0
MN,Pipestone,2021,7,0.29,2.57,2.57,1,0,6,14.29
MN,Pipestone,2022,1,2.0,7.0,8.0,0,0,1,0.0
MN,Polk,2017,15,1.53,3.97,4.82,3,1,11,20.0
MN,Polk,2018,18,1.5,4.57,4.64,4,4,10,22.22
MN,Polk,2019,18,1.06,2.92,2.98,1,8,9,5.56
MN,Polk,2020,17,1.06,2.94,2.94,2,7,8,11.76
MN,Polk,2021,35,1.06,3.6,3.91,6,2,27,17.14
MN,Polk,2022,16,1.0,4.25,4.31,1,1,14,6.25
MN,Pope,2018,8,1.38,5.92,5.99,1,2,5,12.5
MN,Pope,2019,9,1.0,5.19,5.41,4,3,2,44.44
MN,Pope,2020,4,1.25,9.0,9.0,1,2,1,25.0
MN,Pope,2021,10,0.7,5.4,5.5,3,0,7,30.0
MN,Ramsey,2017,331,1.49,3.68,4.96,58,164,109,17.52
MN,Ramsey,2018,686,1.54,3.29,4.34,93,257,336,13.56
MN,Ramsey,2019,844,1.09,3.57,4.35,165,396,283,19.55
MN,Ramsey,2020,154,0.76,3.44,4.08,28,98,28,18.18
MN,Ramsey,2021,264,1.14,3.33,3.55,44,106,114,16.67
MN,Ramsey,2022,151,1.17,3.6,3.96,24,48,79,15.89
MN,Red Lake,2017,3,1.33,4.18,4.24,1,0,2,33.33
MN,Red Lake,2018,1,2.0,0.0,0.0,0,1,0,0.0
MN,Red Lake,2019,1,1.0,2.0,2.0,0,1,0,0.0
MN,Redwood,2017,5,1.6,3.77,3.84,1,1,3,20.0
MN,Redwood,2018,17,1.41,4.75,4.77,3,4,10,17.65
MN,Redwood,2019,16,0.94,4.61,4.62,3,5,8,18.75
MN,Redwood,2020,4,0.75,2.75,2.75,1,0,3,25.0
MN,Redwood,2021,12,0.75,3.58,3.83,3,1,8,25.0
MN,Redwood,2022,2,1.5,3.5,3.5,0,0,2,0.0
MN,Renville,2017,6,1.33,7.81,7.85,0,1,5,0.0
MN,Renville,2018,14,1.36,3.56,3.64,1,1,12,7.14
MN,Renville,2019,25,1.28,3.14,3.18,1,6,18,4.0
MN,Renville,2020,5,1.4,6.8,6.8,1,0,4,20.0
MN,Renville,2021,19,1.26,3.53,3.74,0,0,19,0.0
MN,Renville,2022,1,1.0,3.0,3.0,0,0,1,0.0
MN,Rice,2017,15,1.6,5.28,5.28,1,1,13,6.67
MN,Rice,2018,146,1.63,4.97,4.98,6,25,115,4.11
MN,Rice,2019,83,1.47,4.19,4.25,6,11,66,7.23
MN,Rice,2020,17,1.18,4.35,4.41,1,4,12,5.88
MN,Rice,2021,19,1.47,4.42,4.42,0,6,13,0.0
MN,Rice,2022,11,1.82,6.36,6.36,0,2,9,0.0
MN,Rock,2017,8,1.75,2.61,2.62,1,1,6,12.5
MN,Rock,2018,23,1.65,3.15,3.17,3,4,16,13.04
MN,Rock,2019,22,1.45,1.71,1.74,4,4,14,18.18
MN,Rock,2020,4,0.75,2.5,2.75,0,2,2,0.0
MN,Rock,2021,15,1.73,6.73,6.87,0,1,14,0.0
MN,Rock,2022,1,1.0,2.0,2.0,0,0,1,0.0
MN,Roseau,2017,4,1.5,1.18,1.23,1,1,2,25.0
MN,Roseau,2019,2,0.5,3.5,3.5,1,0,1,50.0
MN,Roseau,2020,6,0.17,3.17,3.33,0,0,6,0.0
MN,Roseau,2021,11,0.09,3.55,3.64,0,0,11,0.0
MN,Roseau,2022,3,1.0,7.0,7.33,0,0,3,0.0
MN,Saint Louis,2017,15,1.27,3.57,3.6,2,7,6,13.33
MN,Saint Louis,2018,1,2.0,2.93,2.93,0,1,0,0.0
MN,Scott,2017,33,1.09,2.53,3.03,4,9,20,12.12
MN,Scott,2018,187,1.16,3.16,3.32,28,51,108,14.97
MN,Scott,2019,81,0.88,3.81,4.21,15,25,41,18.52
MN,Scott,2020,35,0.8,4.83,4.97,9,11,15,25.71
MN,Scott,2021,53,0.68,4.43,4.49,1,22,30,1.89
MN,Scott,2022,19,0.47,4.05,4.16,0,12,7,0.0
MN,Sherburne,2017,53,1.11,1.8,2.07,9,14,30,16.98
MN,Sherburne,2018,106,1.24,2.71,3.2,13,46,47,12.26
MN,Sherburne,2019,62,0.73,2.05,2.5,12,19,31,19.35
MN,Sherburne,2020,32,0.84,3.88,4.72,8,18,6,25.0
MN,Sherburne,2021,53,0.91,2.83,3.58,0,14,39,0.0
MN,Sherburne,2022,9,0.89,6.56,6.78,1,5,3,11.11
MN,Sibley,2017,2,2.0,6.53,6.53,1,0,1,50.0
MN,Sibley,2018,10,0.8,3.94,3.97,2,0,8,20.0
MN,Sibley,2019,9,0.78,5.51,5.41,3,0,6,33.33
MN,Sibley,2020,2,0.5,16.5,16.5,1,0,1,50.0
MN,Sibley,2021,12,0.42,4.0,4.25,0,0,12,0.0
MN,Sibley,2022,1,0.0,4.0,4.0,0,0,1,0.0
MN,St. Louis,2017,25,1.68,6.39,6.39,6,8,11,24.0
MN,St. Louis,2018,40,1.52,4.35,4.46,18,8,14,45.0
MN,St. Louis,2019,38,1.18,4.83,4.85,11,18,9,28.95
MN,St. Louis,2020,36,1.0,4.31,4.42,11,11,14,30.56
MN,St. Louis,2021,57,1.07,3.47,3.74,8,8,41,14.04
MN,St. Louis,2022,12,1.25,4.25,4.42,1,2,9,8.33
MN,Stearns,2017,33,1.55,3.54,3.7,13,5,15,39.39
MN,Stearns,2018,86,1.53,3.26,3.46,22,23,41,25.58
MN,Stearns,2019,117,1.5,3.26,3.35,63,17,37,53.85
MN,Stearns,2020,45,1.27,3.8,4.47,4,26,15,8.89
MN,Stearns,2021,48,1.19,2.77,3.21,1,12,35,2.08
MN,Stearns,2022,9,1.56,7.78,7.78,1,1,7,11.11
MN,Steele,2017,18,1.94,5.4,6.23,2,3,13,11.11
MN,Steele,2018,94,1.64,3.73,3.79,4,11,79,4.26
MN,Steele,2019,57,1.53,3.53,3.56,2,4,51,3.51
MN,Steele,2020,27,1.37,5.85,5.81,0,8,19,0.0
MN,Steele,2021,8,1.62,4.25,4.38,1,1,6,12.5
MN,Steele,2022,1,3.0,12.0,12.0,0,1,0,0.0
MN,Stevens,2017,1,0.0,2.88,3.02,0,0,1,0.0
MN,Stevens,2018,3,1.67,4.23,4.27,2,1,0,66.67
MN,Stevens,2019,2,1.0,2.0,2.0,1,0,1,50.0
MN,Stevens,2020,5,1.0,4.4,4.4,1,0,4,20.0
MN,Stevens,2021,6,0.83,3.67,3.67,3,0,3,50.0
MN,Stevens,2022,1,1.0,4.0,4.0,0,0,1,0.0
MN,Swift,2017,4,1.25,2.58,2.65,2,0,2,50.0
MN,Swift,2018,15,1.2,3.59,3.7,0,2,13,0.0
MN,Swift,2019,8,1.0,3.02,3.01,3,1,4,37.5
MN,Swift,2020,6,0.83,3.0,3.33,2,0,4,33.33
MN,Swift,2021,8,0.62,3.5,3.5,2,0,6,25.0
MN,Todd,2017,5,1.4,3.87,3.9,1,1,3,20.0
MN,Todd,2018,18,1.44,5.62,5.62,2,2,14,11.11
MN,Todd,2019,7,1.43,4.96,4.96,3,0,4,42.86
MN,Todd,2020,2,0.5,6.5,6.5,1,0,1,50.0
MN,Todd,2021,19,0.84,3.21,3.26,0,1,18,0.0
MN,Todd,2022,4,0.75,4.0,4.25,0,0,4,0.0
MN,Traverse,2018,6,1.5,5.55,5.59,0,2,4,0.0
MN,Traverse,2020,1,1.0,8.0,8.0,0,0,1,0.0
MN,Traverse,2021,6,0.33,3.67,3.67,1,0,5,16.67
MN,Traverse,2022,3,0.67,5.67,5.67,0,0,3,0.0
MN,Wabasha,2017,1,1.0,1.37,1.37,0,0,1,0.0
MN,Wabasha,2018,17,1.65,6.86,6.89,1,7,9,5.88
MN,Wabasha,2019,14,0.36,3.43,3.42,2,1,11,14.29
MN,Wabasha,2020,7,0.86,5.14,5.14,1,1,5,14.29
MN,Wabasha,2021,8,0.25,3.0,3.12,0,1,7,0.0
MN,Wabasha,2022,3,1.0,5.0,5.33,1,0,2,33.33
MN,Wadena,2017,14,1.07,0.83,0.89,9,1,4,64.29
MN,Wadena,2018,16,1.25,1.08,1.12,8,1,7,50.0
MN,Wadena,2019,18,1.11,2.71,2.72,6,2,10,33.33
MN,Wadena,2020,7,1.29,3.86,3.86,5,0,2,71.43
MN,Wadena,2021,8,0.62,3.12,3.12,0,0,8,0.0
MN,Wadena,2022,3,0.67,2.0,2.0,0,0,3,0.0
MN,Waseca,2017,1,2.0,5.33,5.33,0,0,1,0.0
MN,Waseca,2018,12,1.17,5.36,5.43,2,3,7,16.67
MN,Waseca,2019,26,1.08,4.27,4.28,0,1,25,0.0
MN,Waseca,2020,4,0.75,3.5,3.75,0,0,4,0.0
MN,Waseca,2021,4,0.75,3.75,3.75,0,0,4,0.0
MN,Waseca,2022,2,1.5,6.0,6.5,1,0,1,50.0
MN,Washington,2017,69,1.14,2.12,2.49,10,27,32,14.49
MN,Washington,2018,252,1.48,3.44,3.72,22,83,147,8.73
MN,Washington,2019,244,1.03,3.53,3.68,44,103,97,18.03
MN,Washington,2020,104,0.8,4.98,5.09,11,66,27,10.58
MN,Washington,2021,54,1.04,3.89,3.94,1,13,40,1.85
MN,Washington,2022,76,1.34,3.71,3.84,3,19,54,3.95
MN,Watonwan,2017,1,2.0,15.1,15.1,1,0,0,100.0
MN,Watonwan,2018,18,0.56,4.63,4.68,0,2,16,0.0
MN,Watonwan,2019,9,1.11,4.96,4.97,0,2,7,0.0
MN,Watonwan,2020,2,2.0,9.0,9.0,1,0,1,50.0
MN,Watonwan,2021,10,0.7,3.6,3.6,1,1,8,10.0
MN,Watonwan,2022,3,0.67,2.67,2.67,0,0,3,0.0
MN,Wilkin,2017,6,1.33,2.66,2.7,3,0,3,50.0
MN,Wilkin,2018,6,1.33,2.91,2.91,1,1,4,16.67
MN,Wilkin,2019,8,1.25,2.25,2.25,7,0,1,87.5
MN,Wilkin,2020,1,1.0,1.0,2.0,0,0,1,0.0
MN,Wilkin,2021,23,0.96,4.09,4.3,3,0,20,13.04
MN,Wilkin,2022,13,0.85,4.23,4.54,2,0,11,15.38
MN,Winona,2017,14,1.36,1.96,1.96,6,5,3,42.86
MN,Winona,2018,53,1.57,2.9,2.92,6,7,40,11.32
MN,Winona,2019,79,1.44,2.81,2.82,26,6,47,32.91
MN,Winona,2020,9,1.0,3.78,3.78,2,0,7,22.22
MN,Winona,2021,33,1.06,3.7,4.03,6,0,27,18.18
MN,Winona,2022,9,1.0,3.56,3.56,0,1,8,0.0
MN,Wright,2017,36,1.5,2.61,2.79,4,12,20,11.11
MN,Wright,2018,148,1.49,3.46,3.68,14,34,100,9.46
MN,Wright,2019,149,1.39,3.74,3.96,27,35,87,18.12
MN,Wright,2020,47,0.91,3.47,3.7,2,26,19,4.26
MN,Wright,2021,67,1.54,4.33,4.66,6,15,46,8.96
MN,Wright,2022,41,1.68,5.34,5.49,1,12,28,2.44
MN,Yellow Medicine,2017,2,1.0,1.31,1.31,0,1,1,0.0
MN,Yellow Medicine,2018,23,1.61,4.63,4.66,2,6,15,8.7
MN,Yellow Medicine,2019,13,0.92,3.69,3.74,4,2,7,30.77
MN,Yellow Medicine,2020,16,1.38,5.0,5.0,1,2,13,6.25
MN,Yellow Medicine,2021,12,0.58,4.75,5.0,1,0,11,8.33
MN,Yellow Medicine,2022,4,1.25,4.75,4.75,0,0,4,0.0
MO,Adair,2017,1,2.0,5.52,5.52,0,0,1,0.0
MO,Adair,2018,1,1.0,3.48,3.48,0,0,1,0.0
MO,Adair,2019,12,1.0,2.78,2.82,1,5,6,8.33
MO,Adair,2020,9,0.78,5.22,5.44,1,1,7,11.11
MO,Adair,2022,10,0.7,4.2,4.2,0,0,10,0.0
MO,Andrew,2017,4,1.25,7.15,7.14,0,1,3,0.0
MO,Andrew,2018,10,1.5,4.71,4.74,1,0,9,10.0
MO,Andrew,2019,40,1.45,3.07,3.05,12,7,21,30.0
MO,Andrew,2020,13,0.77,3.38,3.46,1,3,9,7.69
MO,Andrew,2021,2,2.0,4.5,4.5,0,1,1,0.0
MO,Andrew,2022,13,1.31,4.31,4.38,0,1,12,0.0
MO,Atchison,2017,6,1.83,4.03,4.05,0,1,5,0.0
MO,Atchison,2018,19,1.89,5.18,5.21,1,5,13,5.26
MO,Atchison,2019,39,1.59,3.02,3.03,4,4,31,10.26
MO,Atchison,2020,20,1.15,3.9,3.95,1,7,12,5.0
MO,Atchison,2021,9,1.0,5.67,5.78,0,3,6,0.0
MO,Atchison,2022,7,1.0,3.29,3.29,0,1,6,0.0
MO,Audrain,2017,4,1.5,2.66,2.66,1,3,0,25.0
MO,Audrain,2018,3,1.0,1.57,1.58,1,0,2,33.33
MO,Audrain,2019,19,0.89,4.11,4.12,4,5,10,21.05
MO,Audrain,2020,16,0.88,3.88,3.88,1,4,11,6.25
MO,Audrain,2021,1,2.0,5.0,5.0,0,1,0,0.0
MO,Audrain,2022,27,0.78,3.52,3.52,0,2,25,0.0
MO,Barry,2017,1,2.0,0.0,0.1,1,0,0,100.0
MO,Barry,2018,10,1.5,5.47,5.49,1,3,6,10.0
MO,Barry,2019,1,0.0,2.0,2.0,0,0,1,0.0
MO,Barry,2020,3,0.33,4.33,4.0,0,0,3,0.0
MO,Barry,2022,13,0.46,4.23,4.31,1,0,12,7.69
MO,Barton,2018,4,1.5,2.08,2.14,1,1,2,25.0
MO,Barton,2019,3,1.0,3.13,3.13,2,1,0,66.67
MO,Barton,2020,6,0.5,7.5,7.67,0,1,5,0.0
MO,Barton,2021,2,0.5,5.5,6.0,0,0,2,0.0
MO,Barton,2022,13,0.62,3.92,3.85,1,0,12,7.69
MO,Bates,2017,1,1.0,0.0,0.0,0,1,0,0.0
MO,Bates,2018,7,2.0,0.81,0.82,2,0,5,28.57
MO,Bates,2019,32,1.31,1.95,1.96,22,0,10,68.75
MO,Bates,2020,12,0.42,3.75,3.83,5,0,7,41.67
MO,Bates,2022,7,1.0,6.29,6.29,1,2,4,14.29
MO,Benton,2017,1,2.0,2.95,2.95,0,1,0,0.0
MO,Benton,2018,6,1.0,2.16,2.17,0,3,3,0.0
MO,Benton,2019,3,1.33,8.32,8.38,1,0,2,33.33
MO,Benton,2020,6,1.17,5.83,6.0,0,2,4,0.0
MO,Benton,2022,7,1.14,4.0,4.0,0,0,7,0.0
MO,Bollinger,2018,1,2.0,0.0,0.0,0,1,0,0.0
MO,Bollinger,2019,4,0.5,3.75,4.0,0,0,4,0.0
MO,Bollinger,2020,4,1.25,7.25,7.25,0,2,2,0.0
MO,Bollinger,2021,1,0.0,4.0,4.0,0,0,1,0.0
MO,Boone,2017,9,1.78,5.5,5.75,4,2,3,44.44
MO,Boone,2018,22,1.59,4.52,4.56,6,4,12,27.27
MO,Boone,2019,72,1.28,3.81,3.85,17,16,39,23.61
MO,Boone,2020,26,0.96,3.88,4.15,3,4,19,11.54
MO,Boone,2021,20,1.8,4.5,4.5,1,6,13,5.0
MO,Boone,2022,89,1.22,3.94,4.03,4,7,78,4.49
MO,Buchanan,2017,9,1.33,3.5,3.58,1,4,4,11.11
MO,Buchanan,2018,20,1.8,4.37,4.38,9,3,8,45.0
MO,Buchanan,2019,52,1.35,3.44,3.56,19,6,27,36.54
MO,Buchanan,2020,17,0.76,4.0,4.12,1,6,10,5.88
MO,Buchanan,2021,4,2.0,6.5,6.5,1,2,1,25.0
MO,Buchanan,2022,22,1.27,4.14,4.18,1,2,19,4.55
MO,Butler,2017,1,1.0,8.75,8.78,0,0,1,0.0
MO,Butler,2018,5,1.0,2.47,2.48,0,0,5,0.0
MO,Butler,2019,6,1.33,3.05,3.05,3,0,3,50.0
MO,Butler,2020,3,1.0,7.0,7.0,0,1,2,0.0
MO,Butler,2022,14,0.86,3.64,3.79,0,1,13,0.0
MO,Caldwell,2017,1,1.0,0.62,0.6,1,0,0,100.0
MO,Caldwell,2018,6,1.33,5.38,5.38,0,0,6,0.0
MO,Caldwell,2019,15,1.2,2.6,2.61,5,0,10,33.33
MO,Caldwell,2020,5,1.2,3.2,3.2,0,0,5,0.0
MO,Caldwell,2021,1,1.0,0.0,5.0,1,0,0,100.0
MO,Caldwell,2022,6,1.17,6.0,6.5,3,0,3,50.0
MO,Callaway,2017,8,1.75,3.7,3.76,1,3,4,12.5
MO,Callaway,2018,31,1.61,5.12,5.22,4,9,18,12.9
MO,Callaway,2019,87,1.34,2.98,2.97,29,8,50,33.33
MO,Callaway,2020,15,1.13,4.0,4.13,2,3,10,13.33
MO,Callaway,2021,17,1.53,7.59,7.59,0,6,11,0.0
MO,Callaway,2022,79,1.25,3.81,3.87,0,4,75,0.0
MO,Camden,2017,2,1.0,3.38,5.1,0,1,1,0.0
MO,Camden,2018,18,1.56,3.78,4.05,4,6,8,22.22
MO,Camden,2019,13,1.23,4.8,4.84,4,4,5,30.77
MO,Camden,2020,9,1.22,6.89,7.0,0,2,7,0.0
MO,Camden,2021,3,1.33,4.0,4.33,0,1,2,0.0
MO,Camden,2022,14,1.21,3.36,3.64,1,4,9,7.14
MO,Cape Girardeau,2017,5,1.6,2.58,2.7,3,2,0,60.0
MO,Cape Girardeau,2018,12,1.5,5.47,5.5,5,2,5,41.67
MO,Cape Girardeau,2019,42,1.55,4.47,4.56,9,9,24,21.43
MO,Cape Girardeau,2020,20,1.35,5.05,5.15,3,7,10,15.0
MO,Cape Girardeau,2021,19,1.16,4.21,4.53,1,9,9,5.26
MO,Cape Girardeau,2022,12,1.5,3.5,3.67,0,1,11,0.0
MO,Carroll,2018,11,1.91,4.44,4.49,0,2,9,0.0
MO,Carroll,2019,6,1.0,5.67,5.67,0,0,6,0.0
MO,Carroll,2020,9,0.56,3.0,3.11,0,0,9,0.0
MO,Carroll,2021,1,1.0,6.0,6.0,0,0,1,0.0
MO,Carroll,2022,5,0.6,3.0,3.0,0,0,5,0.0
MO,Carter,2019,1,1.0,1.9,1.92,0,0,1,0.0
MO,Carter,2020,1,1.0,9.0,9.0,0,0,1,0.0
MO,Carter,2021,1,2.0,4.0,4.0,0,0,1,0.0
MO,Carter,2022,2,0.5,3.5,3.5,0,0,2,0.0
MO,Cass,2017,19,1.26,1.95,2.46,2,3,14,10.53
MO,Cass,2018,75,1.69,5.06,5.36,9,21,45,12.0
MO,Cass,2019,84,1.2,3.04,3.24,28,14,42,33.33
MO,Cass,2020,9,0.78,2.78,2.89,1,1,7,11.11
MO,Cass,2021,25,1.48,4.44,4.52,2,12,11,8.0
MO,Cass,2022,36,0.94,3.81,4.08,1,4,31,2.78
MO,Cedar,2018,2,1.5,0.0,0.0,0,0,2,0.0
MO,Cedar,2019,1,0.0,4.0,4.0,0,0,1,0.0
MO,Cedar,2020,2,0.5,2.0,2.0,1,0,1,50.0
MO,Cedar,2022,7,1.14,4.57,5.0,1,0,6,14.29
MO,Chariton,2017,2,2.0,3.0,3.07,1,0,1,50.0
MO,Chariton,2018,1,2.0,0.0,0.0,0,1,0,0.0
MO,Chariton,2019,7,0.29,3.43,3.43,1,0,6,14.29
MO,Chariton,2020,6,0.67,4.17,4.17,1,0,5,16.67
MO,Chariton,2021,3,0.33,3.33,4.67,1,0,2,33.33
MO,Chariton,2022,4,0.0,2.75,3.0,1,0,3,25.0
MO,Christian,2017,4,1.25,2.46,2.71,1,2,1,25.0
MO,Christian,2018,15,1.6,5.84,6.39,2,3,10,13.33
MO,Christian,2019,11,0.91,3.29,3.51,0,3,8,0.0
MO,Christian,2020,2,1.5,5.0,5.0,1,0,1,50.0
MO,Christian,2021,2,0.5,4.0,4.5,1,1,0,50.0
MO,Christian,2022,15,0.67,2.6,2.8,0,1,14,0.0
MO,Clark,2017,1,2.0,15.93,15.93,0,1,0,0.0
MO,Clark,2018,6,1.67,7.16,7.2,1,1,4,16.67
MO,Clark,2019,20,1.1,4.41,4.42,4,6,10,20.0
MO,Clark,2020,18,0.94,4.39,4.44,2,3,13,11.11
MO,Clark,2021,3,1.67,5.33,5.33,0,1,2,0.0
MO,Clark,2022,10,0.6,3.0,3.0,2,1,7,20.0
MO,Clay,2017,113,1.68,4.25,4.77,34,52,27,30.09
MO,Clay,2018,168,1.55,4.38,4.76,56,50,62,33.33
MO,Clay,2019,175,1.25,3.46,3.84,34,66,75,19.43
MO,Clay,2020,45,0.93,3.62,3.98,7,15,23,15.56
MO,Clay,2021,80,1.3,4.24,4.49,7,37,36,8.75
MO,Clay,2022,73,0.97,4.11,4.23,5,16,52,6.85
MO,Clinton,2017,4,0.75,3.33,3.35,2,0,2,50.0
MO,Clinton,2018,13,1.69,4.09,4.08,2,3,8,15.38
MO,Clinton,2019,26,1.54,2.14,2.22,0,4,22,0.0
MO,Clinton,2020,9,0.78,3.78,3.89,0,1,8,0.0
MO,Clinton,2021,3,1.67,4.0,4.0,0,0,3,0.0
MO,Clinton,2022,17,1.06,5.35,5.47,0,0,17,0.0
MO,Cole,2017,10,1.2,1.54,1.86,0,7,3,0.0
MO,Cole,2018,22,1.36,3.96,4.22,5,10,7,22.73
MO,Cole,2019,32,0.84,4.06,4.3,6,10,16,18.75
MO,Cole,2020,5,1.4,12.6,12.6,3,1,1,60.0
MO,Cole,2021,4,0.75,5.0,5.0,0,2,2,0.0
MO,Cole,2022,33,0.94,3.42,3.55,0,4,29,0.0
MO,Cooper,2017,3,2.0,4.52,4.53,0,0,3,0.0
MO,Cooper,2018,22,1.86,7.33,7.33,3,10,9,13.64
MO,Cooper,2019,26,1.54,2.49,2.49,8,5,13,30.77
MO,Cooper,2020,8,1.0,3.62,3.62,1,0,7,12.5
MO,Cooper,2021,6,1.33,5.5,5.67,1,3,2,16.67
MO,Cooper,2022,51,1.33,4.47,4.49,2,2,47,3.92
MO,Crawford,2017,3,1.67,3.45,3.48,0,0,3,0.0
MO,Crawford,2018,13,2.15,8.73,8.74,2,2,9,15.38
MO,Crawford,2019,15,2.0,4.71,4.77,2,5,8,13.33
MO,Crawford,2020,4,1.25,3.75,4.0,0,0,4,0.0
MO,Crawford,2021,6,1.83,5.17,5.17,0,0,6,0.0
MO,Crawford,2022,7,0.86,3.86,4.14,0,0,7,0.0
MO,Dade,2018,2,1.5,1.7,1.69,1,0,1,50.0
MO,Dade,2019,5,0.8,7.0,7.0,0,0,5,0.0
MO,Dade,2020,6,0.67,5.83,6.0,0,1,5,0.0
MO,Dade,2021,1,0.0,3.0,3.0,0,1,0,0.0
MO,Dade,2022,5,1.2,6.6,6.6,0,1,4,0.0
MO,Dallas,2017,2,1.5,1.78,1.85,0,2,0,0.0
MO,Dallas,2018,3,1.67,2.99,2.99,1,2,0,33.33
MO,Dallas,2019,4,1.75,7.28,7.28,0,2,2,0.0
MO,Dallas,2020,1,0.0,1.0,1.0,0,1,0,0.0
MO,Dallas,2022,7,0.71,3.71,3.86,0,0,7,0.0
MO,Daviess,2017,5,1.4,2.38,2.41,0,0,5,0.0
MO,Daviess,2018,14,1.57,3.9,3.9,2,4,8,14.29
MO,Daviess,2019,48,1.31,2.74,2.86,6,5,37,12.5
MO,Daviess,2020,16,0.75,2.94,2.94,0,3,13,0.0
MO,Daviess,2022,10,1.0,4.6,4.6,0,1,9,0.0
MO,DeKalb,2017,12,1.67,4.88,4.93,1,5,6,8.33
MO,DeKalb,2018,18,1.67,4.6,4.62,4,6,8,22.22
MO,DeKalb,2019,30,1.1,3.89,3.9,11,5,14,36.67
MO,DeKalb,2020,21,0.76,4.62,4.76,3,5,13,14.29
MO,DeKalb,2021,2,0.5,4.5,5.0,0,0,2,0.0
MO,DeKalb,2022,8,1.0,4.0,4.12,0,0,8,0.0
MO,Dekalb,2017,5,1.6,6.99,7.03,0,3,2,0.0
MO,Dekalb,2022,4,1.25,4.75,5.0,0,0,4,0.0
MO,Dent,2017,1,2.0,17.92,17.92,0,1,0,0.0
MO,Dent,2018,1,2.0,0.03,0.0,1,0,0,100.0
MO,Dent,2019,1,2.0,11.0,11.0,0,0,1,0.0
MO,Dent,2020,2,1.0,6.5,7.0,0,0,2,0.0
MO,Dent,2021,1,1.0,8.0,8.0,0,0,1,0.0
MO,Dent,2022,8,0.75,5.25,5.62,0,1,7,0.0
MO,Douglas,2022,2,0.5,4.0,4.0,0,0,2,0.0
MO,Dunklin,2018,3,2.0,8.18,8.18,2,0,1,66.67
MO,Dunklin,2019,3,0.33,5.33,5.33,1,1,1,33.33
MO,Dunklin,2020,2,0.5,3.5,3.5,0,1,1,0.0
MO,Dunklin,2021,1,0.0,3.0,4.0,0,0,1,0.0
MO,Dunklin,2022,9,0.56,4.33,4.56,0,0,9,0.0
MO,Franklin,2017,21,1.24,4.11,4.31,4,6,11,19.05
MO,Franklin,2018,55,1.51,4.43,4.58,9,19,27,16.36
MO,Franklin,2019,63,1.35,4.0,4.08,5,14,44,7.94
MO,Franklin,2020,34,0.79,5.29,5.41,2,9,23,5.88
MO,Franklin,2021,21,1.48,5.0,5.05,2,7,12,9.52
MO,Franklin,2022,63,1.08,4.68,4.78,3,7,53,4.76
MO,Gasconade,2017,3,1.33,4.44,4.75,0,0,3,0.0
MO,Gasconade,2018,2,1.0,1.75,1.74,0,0,2,0.0
MO,Gasconade,2019,2,1.0,4.5,4.5,0,1,1,0.0
MO,Gasconade,2020,7,0.43,9.57,9.71,0,2,5,0.0
MO,Gasconade,2021,4,0.0,2.0,2.5,0,0,4,0.0
MO,Gasconade,2022,11,0.45,3.64,3.82,0,0,11,0.0
MO,Gentry,2017,8,1.62,4.23,4.27,0,6,2,0.0
MO,Gentry,2019,9,0.44,4.33,4.44,0,2,7,0.0
MO,Gentry,2020,8,0.25,3.38,3.38,0,1,7,0.0
MO,Gentry,2021,5,0.6,5.2,5.4,0,0,5,0.0
MO,Gentry,2022,9,0.67,4.78,4.89,0,1,8,0.0
MO,Greene,2017,48,1.52,5.12,5.5,17,21,10,35.42
MO,Greene,2018,74,1.61,5.35,5.69,28,23,23,37.84
MO,Greene,2019,98,1.06,4.22,4.48,28,39,31,28.57
MO,Greene,2020,31,0.94,5.19,5.39,8,17,6,25.81
MO,Greene,2021,19,1.58,3.95,4.26,3,8,8,15.79
MO,Greene,2022,34,1.03,4.35,4.71,2,16,16,5.88
MO,Grundy,2018,4,1.75,3.16,3.2,0,1,3,0.0
MO,Grundy,2019,10,0.7,3.9,3.8,0,1,9,0.0
MO,Grundy,2020,13,0.69,4.15,4.15,0,2,11,0.0
MO,Grundy,2021,1,0.0,4.0,4.0,0,0,1,0.0
MO,Grundy,2022,7,0.57,3.71,3.86,0,0,7,0.0
MO,Harrison,2017,3,1.67,5.61,5.69,1,0,2,33.33
MO,Harrison,2018,10,2.0,6.58,6.59,1,1,8,10.0
MO,Harrison,2019,64,1.42,2.18,2.19,15,5,44,23.44
MO,Harrison,2020,23,0.7,4.09,4.09,3,2,18,13.04
MO,Harrison,2021,5,0.6,4.8,5.0,0,1,4,0.0
MO,Harrison,2022,16,1.25,4.25,4.25,1,0,15,6.25
MO,Henry,2017,4,1.75,8.71,9.0,0,4,0,0.0
MO,Henry,2018,10,1.7,4.88,5.17,4,3,3,40.0
MO,Henry,2019,16,1.12,4.9,4.9,5,0,11,31.25
MO,Henry,2020,10,1.3,6.9,6.9,1,2,7,10.0
MO,Henry,2021,4,0.75,5.25,5.5,0,0,4,0.0
MO,Henry,2022,33,0.79,4.06,4.09,3,1,29,9.09
MO,Hickory,2017,3,1.33,6.56,6.56,0,1,2,0.0
MO,Hickory,2018,6,1.67,4.27,4.42,0,4,2,0.0
MO,Hickory,2019,4,0.75,4.0,4.0,0,1,3,0.0
MO,Hickory,2020,4,1.0,5.75,5.75,1,0,3,25.0
MO,Hickory,2022,4,1.25,3.5,3.75,0,0,4,0.0
MO,Holt,2017,2,1.0,2.59,2.59,1,0,1,50.0
MO,Holt,2018,12,1.67,3.62,3.63,3,3,6,25.0
MO,Holt,2019,44,1.75,3.39,3.4,11,8,25,25.0
MO,Holt,2020,14,0.79,3.43,3.57,1,1,12,7.14
MO,Holt,2021,3,0.67,5.0,5.0,0,0,3,0.0
MO,Holt,2022,8,1.12,3.38,3.5,0,0,8,0.0
MO,Howard,2019,6,0.33,4.18,4.18,0,1,5,0.0
MO,Howard,2020,9,0.22,5.22,5.33,0,2,7,0.0
MO,Howard,2021,3,1.33,5.0,5.0,0,0,3,0.0
MO,Howard,2022,12,0.75,4.5,4.83,0,2,10,0.0
MO,Howell,2017,3,2.0,17.16,17.16,1,2,0,33.33
MO,Howell,2018,5,1.8,5.29,5.36,0,3,2,0.0
MO,Howell,2019,1,2.0,5.78,5.97,1,0,0,100.0
MO,Howell,2022,5,1.0,4.2,4.2,0,0,5,0.0
MO,Iron,2017,1,2.0,0.0,0.02,1,0,0,100.0
MO,Iron,2018,2,2.0,0.01,0.06,2,0,0,100.0
MO,Iron,2019,1,1.0,6.0,6.0,0,1,0,0.0
MO,Iron,2020,3,1.33,9.33,9.33,0,2,1,0.0
MO,Jackson,2017,241,1.58,3.63,4.68,68,114,59,28.22
MO,Jackson,2018,684,1.64,3.49,4.12,191,281,212,27.92
MO,Jackson,2019,754,1.1,3.03,3.62,132,301,321,17.51
MO,Jackson,2020,208,0.76,2.49,3.4,36,107,65,17.31
MO,Jackson,2021,318,1.17,2.89,3.45,20,186,112,6.29
MO,Jackson,2022,228,1.3,3.56,3.78,19,90,119,8.33
MO,Jasper,2017,8,1.38,4.71,4.75,1,2,5,12.5
MO,Jasper,2018,26,1.58,4.02,4.63,7,8,11,26.92
MO,Jasper,2019,22,1.27,6.81,6.76,10,5,7,45.45
MO,Jasper,2020,8,1.12,4.5,4.5,1,1,6,12.5
MO,Jasper,2021,11,0.73,2.91,3.64,0,10,1,0.0
MO,Jasper,2022,9,0.44,3.22,3.33,0,2,7,0.0
MO,Jefferson,2016,10,1.2,1.59,5.59,0,10,0,0.0
MO,Jefferson,2017,44,1.73,5.19,5.49,14,15,15,31.82
MO,Jefferson,2018,58,1.6,5.17,5.64,17,19,22,29.31
MO,Jefferson,2019,133,0.94,3.77,3.99,13,26,94,9.77
MO,Jefferson,2020,28,1.29,3.89,4.04,0,11,17,0.0
MO,Jefferson,2021,27,1.33,4.74,5.19,3,8,16,11.11
MO,Jefferson,2022,62,1.08,4.44,4.68,1,11,50,1.61
MO,Johnson,2017,4,1.25,1.65,2.58,2,1,1,50.0
MO,Johnson,2018,13,1.62,6.96,6.99,1,5,7,7.69
MO,Johnson,2019,30,0.6,4.13,4.14,0,5,25,0.0
MO,Johnson,2020,17,0.35,3.71,3.65,2,2,13,11.76
MO,Johnson,2021,7,0.86,7.14,7.14,0,0,7,0.0
MO,Johnson,2022,24,0.42,3.38,3.58,0,0,24,0.0
MO,Knox,2018,1,1.0,5.83,5.87,0,0,1,0.0
MO,Knox,2019,2,1.0,9.0,9.0,0,1,1,0.0
MO,Knox,2020,3,0.67,4.0,4.33,0,0,3,0.0
MO,Knox,2021,5,0.4,4.0,4.2,0,0,5,0.0
MO,Knox,2022,4,0.5,3.75,4.0,0,0,4,0.0
MO,Laclede,2017,15,1.4,6.19,8.56,0,7,8,0.0
MO,Laclede,2018,29,1.28,2.36,4.26,3,4,22,10.34
MO,Laclede,2019,25,1.36,3.37,3.45,5,6,14,20.0
MO,Laclede,2020,28,0.5,3.21,4.75,1,2,25,3.57
MO,Laclede,2021,24,0.42,2.67,4.29,2,5,17,8.33
MO,Laclede,2022,18,1.06,3.17,3.39,1,2,15,5.56
MO,Lafayette,2017,5,1.6,4.42,4.42,0,3,2,0.0
MO,Lafayette,2018,20,1.6,2.81,2.81,1,5,14,5.0
MO,Lafayette,2019,54,1.52,2.77,2.79,30,11,13,55.56
MO,Lafayette,2020,17,0.41,3.88,4.0,3,0,14,17.65
MO,Lafayette,2021,8,0.88,5.75,5.75,0,3,5,0.0
MO,Lafayette,2022,34,1.26,4.97,5.09,0,1,33,0.0
MO,Lawrence,2017,5,2.2,14.55,14.53,2,1,2,40.0
MO,Lawrence,2018,24,1.88,6.78,6.78,2,4,18,8.33
MO,Lawrence,2019,21,1.24,4.02,4.02,2,4,15,9.52
MO,Lawrence,2020,7,1.14,3.29,3.57,1,3,3,14.29
MO,Lawrence,2021,7,1.86,4.43,4.43,0,2,5,0.0
MO,Lawrence,2022,9,1.22,11.67,11.78,1,1,7,11.11
MO,Lewis,2017,1,1.0,5.72,5.7,0,1,0,0.0
MO,Lewis,2018,6,1.33,6.12,6.37,1,1,4,16.67
MO,Lewis,2019,31,0.97,2.99,3.03,2,7,22,6.45
MO,Lewis,2020,8,0.38,2.5,2.5,0,0,8,0.0
MO,Lewis,2021,4,0.5,4.0,4.0,0,1,3,0.0
MO,Lewis,2022,24,1.12,5.17,5.17,2,0,22,8.33
MO,Lincoln,2017,2,1.0,0.24,0.24,1,0,1,50.0
MO,Lincoln,2018,23,1.26,3.38,3.46,9,3,11,39.13
MO,Lincoln,2019,61,1.02,2.39,2.42,9,11,41,14.75
MO,Lincoln,2020,6,0.5,3.5,3.83,2,0,4,33.33
MO,Lincoln,2021,5,1.0,3.8,3.8,0,0,5,0.0
MO,Lincoln,2022,25,1.0,3.76,3.8,0,1,24,0.0
MO,Linn,2018,5,1.6,3.53,3.54,0,1,4,0.0
MO,Linn,2019,15,1.0,3.91,3.91,3,5,7,20.0
MO,Linn,2020,7,0.14,2.0,2.14,0,1,6,0.0
MO,Linn,2021,1,0.0,4.0,4.0,0,0,1,0.0
MO,Linn,2022,3,0.67,3.67,3.67,1,0,2,33.33
MO,Livingston,2017,3,1.33,0.24,0.25,1,0,2,33.33
MO,Livingston,2018,11,1.36,3.96,3.97,4,3,4,36.36
MO,Livingston,2019,17,1.29,3.59,3.59,2,4,11,11.76
MO,Livingston,2020,20,1.3,4.65,4.65,3,3,14,15.0
MO,Livingston,2021,1,0.0,3.0,3.0,1,0,0,100.0
MO,Livingston,2022,6,1.33,3.33,3.33,0,0,6,0.0
MO,Macon,2017,4,1.5,4.6,4.76,0,2,2,0.0
MO,Macon,2018,10,1.6,5.62,5.63,2,3,5,20.0
MO,Macon,2019,18,1.22,4.11,4.29,3,3,12,16.67
MO,Macon,2020,11,1.0,5.27,5.27,0,4,7,0.0
MO,Macon,2021,8,1.0,3.38,3.62,4,2,2,50.0
MO,Macon,2022,12,1.08,3.0,3.58,0,1,11,0.0
MO,Madison,2017,4,1.5,2.05,2.06,2,1,1,50.0
MO,Madison,2018,4,2.0,12.75,12.76,1,1,2,25.0
MO,Madison,2019,11,0.82,3.79,3.79,4,2,5,36.36
MO,Madison,2020,3,1.67,6.67,6.67,0,0,3,0.0
MO,Madison,2022,4,1.0,3.0,3.0,0,0,4,0.0
MO,Maries,2017,6,1.5,0.0,5.74,0,3,3,0.0
MO,Maries,2018,4,1.75,4.34,4.36,1,3,0,25.0
MO,Maries,2019,9,1.78,7.56,7.56,0,2,7,0.0
MO,Maries,2020,6,1.0,4.33,4.33,1,0,5,16.67
MO,Maries,2022,11,0.91,2.82,3.09,0,0,11,0.0
MO,Marion,2017,29,1.17,1.95,2.13,4,4,21,13.79
MO,Marion,2018,80,1.15,1.27,1.44,7,13,60,8.75
MO,Marion,2019,66,1.2,3.19,3.3,16,16,34,24.24
MO,Marion,2020,13,0.85,2.31,2.38,2,4,7,15.38
MO,Marion,2021,13,1.23,2.54,3.31,1,3,9,7.69
MO,Marion,2022,36,0.86,2.69,2.83,3,1,32,8.33
MO,McDonald,2017,8,1.12,0.89,1.05,1,2,5,12.5
MO,McDonald,2018,5,1.8,6.17,6.15,0,3,2,0.0
MO,McDonald,2019,6,1.0,8.1,7.95,2,0,4,33.33
MO,McDonald,2020,4,1.25,11.75,12.25,1,3,0,25.0
MO,McDonald,2021,1,2.0,3.0,3.0,0,0,1,0.0
MO,McDonald,2022,6,1.33,4.5,4.67,0,1,5,0.0
MO,Mercer,2018,5,1.4,5.97,6.01,0,3,2,0.0
MO,Mercer,2019,6,0.83,5.33,5.5,0,1,5,0.0
MO,Mercer,2020,12,0.75,5.33,5.5,0,2,10,0.0
MO,Mercer,2021,3,0.67,5.67,5.67,0,1,2,0.0
MO,Mercer,2022,2,0.0,3.5,3.5,0,0,2,0.0
MO,Miller,2018,7,1.57,4.83,4.83,1,3,3,14.29
MO,Miller,2019,21,1.05,4.68,4.64,0,4,17,0.0
MO,Miller,2020,10,1.1,4.1,4.2,0,1,9,0.0
MO,Miller,2021,2,1.5,4.0,4.0,0,0,2,0.0
MO,Miller,2022,11,0.64,3.82,3.91,0,1,10,0.0
MO,Mississippi,2017,1,2.0,2.45,2.43,0,0,1,0.0
MO,Mississippi,2018,7,2.0,5.35,5.41,1,1,5,14.29
MO,Mississippi,2019,12,1.75,2.8,2.81,3,0,9,25.0
MO,Mississippi,2020,2,1.0,4.5,4.5,1,0,1,50.0
MO,Mississippi,2021,10,0.9,6.1,6.1,0,4,6,0.0
MO,Mississippi,2022,11,1.09,3.82,3.82,0,0,11,0.0
MO,Moniteau,2017,5,1.8,1.78,1.78,2,3,0,40.0
MO,Moniteau,2018,7,2.0,4.85,4.86,0,3,4,0.0
MO,Moniteau,2019,4,0.75,6.5,6.5,1,0,3,25.0
MO,Moniteau,2020,8,0.5,3.75,3.75,0,0,8,0.0
MO,Moniteau,2021,2,0.0,2.5,3.0,0,0,2,0.0
MO,Moniteau,2022,17,0.18,2.65,2.82,3,2,12,17.65
MO,Monroe,2017,1,2.0,0.0,0.03,1,0,0,100.0
MO,Monroe,2018,2,1.5,0.84,0.88,0,2,0,0.0
MO,Monroe,2019,7,0.71,5.05,5.05,0,2,5,0.0
MO,Monroe,2020,10,0.8,5.0,5.0,0,2,8,0.0
MO,Monroe,2021,5,0.4,3.6,3.6,0,0,5,0.0
MO,Monroe,2022,10,0.7,5.9,6.1,0,1,9,0.0
MO,Montgomery,2017,2,1.0,2.25,2.23,0,0,2,0.0
MO,Montgomery,2018,31,1.77,6.55,6.59,2,10,19,6.45
MO,Montgomery,2019,41,1.49,4.32,4.36,18,8,15,43.9
MO,Montgomery,2020,16,1.56,7.56,7.56,3,3,10,18.75
MO,Montgomery,2021,8,1.62,5.25,5.38,0,2,6,0.0
MO,Montgomery,2022,31,1.32,4.68,4.74,0,2,29,0.0
MO,Morgan,2017,2,1.5,6.9,6.9,1,0,1,50.0
MO,Morgan,2018,5,2.0,4.68,4.69,0,3,2,0.0
MO,Morgan,2019,7,0.43,4.57,5.0,1,0,6,14.29
MO,Morgan,2020,7,0.57,4.57,4.71,0,0,7,0.0
MO,Morgan,2021,2,0.0,3.0,3.0,0,0,2,0.0
MO,Morgan,2022,6,0.17,3.0,3.0,0,0,6,0.0
MO,New Madrid,2017,2,1.5,1.0,1.0,1,1,0,50.0
MO,New Madrid,2018,36,1.64,4.99,5.02,0,3,33,0.0
MO,New Madrid,2019,38,1.55,3.35,3.38,2,7,29,5.26
MO,New Madrid,2020,4,0.25,3.5,3.5,0,2,2,0.0
MO,New Madrid,2021,5,0.6,2.2,2.4,0,1,4,0.0
MO,New Madrid,2022,45,1.22,4.56,4.64,0,1,44,0.0
MO,Newton,2017,6,1.5,2.88,3.0,1,1,4,16.67
MO,Newton,2018,23,1.74,5.76,5.79,7,4,12,30.43
MO,Newton,2019,3,0.67,2.89,3.23,1,2,0,33.33
MO,Newton,2020,4,0.0,3.25,3.25,0,0,4,0.0
MO,Newton,2021,1,2.0,4.0,4.0,0,0,1,0.0
MO,Newton,2022,10,0.4,5.2,5.3,1,0,9,10.0
MO,Nodaway,2017,2,1.5,2.65,2.66,0,0,2,0.0
MO,Nodaway,2018,6,1.67,12.66,12.68,2,3,1,33.33
MO,Nodaway,2019,25,0.84,3.72,3.85,5,5,15,20.0
MO,Nodaway,2020,23,0.78,3.74,3.78,2,4,17,8.7
MO,Nodaway,2021,6,0.5,4.5,4.67,0,1,5,0.0
MO,Nodaway,2022,9,0.56,3.11,3.22,0,0,9,0.0
MO,Oregon,2018,3,1.33,2.48,2.54,0,0,3,0.0
MO,Oregon,2022,3,1.0,2.0,2.0,0,0,3,0.0
MO,Osage,2017,3,2.0,4.61,4.6,1,1,1,33.33
MO,Osage,2018,3,1.67,7.56,7.56,1,2,0,33.33
MO,Osage,2019,7,0.86,3.43,3.57,0,2,5,0.0
MO,Osage,2020,11,0.82,4.45,4.45,0,1,10,0.0
MO,Osage,2021,6,0.67,4.33,4.33,0,2,4,0.0
MO,Osage,2022,15,0.67,3.4,3.73,0,1,14,0.0
MO,Ozark,2018,1,2.0,0.02,0.0,0,1,0,0.0
MO,Ozark,2021,1,0.0,2.0,2.0,0,0,1,0.0
MO,Ozark,2022,4,0.0,2.25,2.5,0,0,4,0.0
MO,Pemiscot,2017,6,2.0,4.24,4.25,2,3,1,33.33
MO,Pemiscot,2018,18,1.61,4.09,4.1,3,1,14,16.67
MO,Pemiscot,2019,22,1.82,3.31,3.35,6,8,8,27.27
MO,Pemiscot,2020,3,0.67,4.33,4.33,0,1,2,0.0
MO,Pemiscot,2021,4,1.0,2.75,2.75,0,3,1,0.0
MO,Pemiscot,2022,28,1.32,7.54,7.64,1,3,24,3.57
MO,Perry,2017,4,1.0,1.59,1.6,2,0,2,50.0
MO,Perry,2018,5,1.8,3.81,3.82,1,3,1,20.0
MO,Perry,2019,24,1.38,3.86,3.96,4,2,18,16.67
MO,Perry,2020,1,1.0,5.0,5.0,0,0,1,0.0
MO,Perry,2021,1,1.0,5.0,5.0,0,0,1,0.0
MO,Perry,2022,14,1.21,4.86,5.14,0,0,14,0.0
MO,Pettis,2017,11,1.36,1.36,1.79,4,4,3,36.36
MO,Pettis,2018,23,1.48,3.67,4.01,2,13,8,8.7
MO,Pettis,2019,17,0.71,2.62,2.92,0,7,10,0.0
MO,Pettis,2020,6,1.0,3.83,3.83,0,1,5,0.0
MO,Pettis,2021,2,1.5,3.5,4.5,0,0,2,0.0
MO,Pettis,2022,22,0.73,3.91,4.14,1,1,20,4.55
MO,Phelps,2017,15,1.73,1.31,5.12,4,3,8,26.67
MO,Phelps,2018,19,1.89,5.17,5.19,2,7,10,10.53
MO,Phelps,2019,28,1.79,4.11,4.13,3,5,20,10.71
MO,Phelps,2020,25,1.88,2.88,4.24,1,6,18,4.0
MO,Phelps,2021,40,1.82,3.05,4.35,0,13,27,0.0
MO,Phelps,2022,23,1.52,4.3,4.3,0,7,16,0.0
MO,Pike,2017,3,1.33,0.77,0.77,0,2,1,0.0
MO,Pike,2018,27,1.11,2.05,2.05,2,3,22,7.41
MO,Pike,2019,45,1.11,2.09,2.12,3,5,37,6.67
MO,Pike,2020,16,1.31,6.06,6.19,2,1,13,12.5
MO,Pike,2021,1,0.0,2.0,2.0,0,0,1,0.0
MO,Pike,2022,28,1.07,3.54,3.54,0,1,27,0.0
MO,Platte,2017,14,1.79,7.48,7.54,6,3,5,42.86
MO,Platte,2018,39,1.74,5.1,5.1,15,8,16,38.46
MO,Platte,2019,92,1.39,2.59,2.62,21,26,45,22.83
MO,Platte,2020,14,0.86,4.71,4.79,2,8,4,14.29
MO,Platte,2021,24,1.67,4.46,4.58,6,9,9,25.0
MO,Platte,2022,60,1.05,3.92,4.03,0,6,54,0.0
MO,Polk,2017,1,2.0,2.27,2.28,0,0,1,0.0
MO,Polk,2018,7,1.14,3.87,3.9,1,0,6,14.29
MO,Polk,2019,3,1.67,3.44,3.46,0,2,1,0.0
MO,Polk,2020,2,2.0,8.0,8.0,0,0,2,0.0
MO,Polk,2021,2,1.0,4.5,4.5,0,1,1,0.0
MO,Polk,2022,8,1.12,3.88,4.0,1,0,7,12.5
MO,Pulaski,2017,2,2.0,8.7,8.7,0,2,0,0.0
MO,Pulaski,2018,3,1.67,3.91,3.9,0,1,2,0.0
MO,Pulaski,2019,16,1.38,2.51,2.87,1,1,14,6.25
MO,Pulaski,2020,2,1.0,2.0,4.0,0,0,2,0.0
MO,Pulaski,2021,4,1.25,3.25,3.25,0,1,3,0.0
MO,Pulaski,2022,10,1.4,5.6,5.7,0,0,10,0.0
MO,Putnam,2017,1,2.0,5.55,5.58,0,1,0,0.0
MO,Putnam,2019,5,0.0,2.0,2.0,0,2,3,0.0
MO,Putnam,2020,3,0.0,2.67,2.67,1,1,1,33.33
MO,Putnam,2021,2,0.5,6.0,6.0,0,0,2,0.0
MO,Putnam,2022,1,1.0,5.0,5.0,0,0,1,0.0
MO,Ralls,2017,3,1.33,6.79,6.8,0,2,1,0.0
MO,Ralls,2018,14,1.07,1.11,1.12,2,4,8,14.29
MO,Ralls,2019,18,1.33,3.03,3.05,3,3,12,16.67
MO,Ralls,2020,9,0.67,4.33,4.33,0,1,8,0.0
MO,Ralls,2021,2,2.0,7.0,7.0,0,0,2,0.0
MO,Ralls,2022,29,0.93,4.0,4.1,0,1,28,0.0
MO,Randolph,2017,2,1.5,6.42,6.38,0,1,1,0.0
MO,Randolph,2018,6,1.67,2.7,2.75,1,0,5,16.67
MO,Randolph,2019,7,0.86,3.79,4.08,0,2,5,0.0
MO,Randolph,2020,8,1.12,2.75,3.12,0,1,7,0.0
MO,Randolph,2021,1,1.0,7.0,8.0,0,0,1,0.0
MO,Randolph,2022,20,1.15,3.8,3.95,0,2,18,0.0
MO,Ray,2017,2,2.0,3.82,3.86,0,2,0,0.0
MO,Ray,2018,7,1.0,3.41,3.49,4,2,1,57.14
MO,Ray,2019,11,0.45,4.1,4.2,0,1,10,0.0
MO,Ray,2020,4,0.5,3.5,3.75,0,0,4,0.0
MO,Ray,2022,7,0.29,3.14,3.14,1,0,6,14.29
MO,Reynolds,2019,1,2.0,10.0,10.0,1,0,0,100.0
MO,Reynolds,2020,2,1.0,7.0,7.5,0,0,2,0.0
MO,Reynolds,2021,3,0.67,5.0,5.67,2,0,1,66.67
MO,Reynolds,2022,4,0.0,3.25,3.0,1,0,3,25.0
MO,Ripley,2018,2,2.0,5.92,5.96,0,0,2,0.0
MO,Ripley,2020,1,1.0,7.0,7.0,0,0,1,0.0
MO,Ripley,2022,1,0.0,5.0,4.0,0,0,1,0.0
MO,Saint Charles,2017,8,1.5,5.11,5.23,4,3,1,50.0
MO,Saint Charles,2018,1,0.0,1.77,2.1,0,1,0,0.0
MO,Saint Clair,2017,1,1.0,2.2,2.22,0,1,0,0.0
MO,Saint Louis,2016,85,0.91,2.33,2.71,33,49,3,38.82
MO,Saint Louis,2017,177,1.1,3.13,3.9,70,104,3,39.55
MO,Saint Louis,2018,98,1.03,2.69,3.72,45,48,5,45.92
MO,Saint Louis,2020,1,0.0,3.0,3.0,0,1,0,0.0
MO,Saint Louis City,2016,22,1.36,2.36,2.74,18,4,0,81.82
MO,Saint Louis City,2017,40,1.35,3.79,4.14,36,4,0,90.0
MO,Saint Louis City,2018,32,1.69,4.52,4.73,14,3,15,43.75
MO,Saline,2017,5,1.8,6.83,6.83,1,2,2,20.0
MO,Saline,2018,19,1.58,3.48,3.49,3,7,9,15.79
MO,Saline,2019,38,1.32,2.81,2.81,19,3,16,50.0
MO,Saline,2020,15,0.73,3.87,3.93,2,3,10,13.33
MO,Saline,2021,4,1.5,14.75,14.75,1,1,2,25.0
MO,Saline,2022,47,1.28,5.89,6.02,3,2,42,6.38
MO,Schuyler,2017,1,1.0,0.0,0.0,1,0,0,100.0
MO,Schuyler,2019,2,1.0,5.0,5.0,0,0,2,0.0
MO,Schuyler,2020,4,1.0,2.75,3.0,0,1,3,0.0
MO,Schuyler,2021,4,1.25,4.25,4.5,0,0,4,0.0
MO,Scotland,2018,2,2.0,15.66,15.65,1,1,0,50.0
MO,Scotland,2019,6,0.5,4.17,4.5,0,0,6,0.0
MO,Scotland,2020,4,0.75,4.75,4.75,0,1,3,0.0
MO,Scotland,2021,2,1.0,6.0,6.0,0,0,2,0.0
MO,Scotland,2022,4,1.0,5.75,6.25,0,0,4,0.0
MO,Scott,2017,1,2.0,6.45,6.45,0,0,1,0.0
MO,Scott,2018,19,1.47,2.99,3.02,2,2,15,10.53
MO,Scott,2019,20,1.6,2.55,2.56,8,3,9,40.0
MO,Scott,2020,4,0.75,5.0,5.25,0,1,3,0.0
MO,Scott,2021,7,1.14,3.86,3.86,0,1,6,0.0
MO,Scott,2022,10,0.8,3.1,3.1,0,1,9,0.0
MO,Shannon,2018,1,2.0,0.0,0.0,1,0,0,100.0
MO,Shannon,2019,1,0.0,4.0,4.0,1,0,0,100.0
MO,Shannon,2021,1,1.0,6.0,6.0,1,0,0,100.0
MO,Shannon,2022,3,1.0,6.0,6.0,2,0,1,66.67
MO,Shelby,2017,2,1.0,2.18,2.18,0,0,2,0.0
MO,Shelby,2018,5,1.4,4.88,4.88,1,0,4,20.0
MO,Shelby,2019,7,1.14,4.09,4.08,0,1,6,0.0
MO,Shelby,2020,6,1.17,3.67,3.67,0,2,4,0.0
MO,Shelby,2021,1,1.0,6.0,6.0,0,1,0,0.0
MO,Shelby,2022,10,1.1,3.7,3.7,0,0,10,0.0
MO,St Charles,2022,50,1.16,5.02,6.2,3,16,31,6.0
MO,St Clair,2022,6,1.0,3.5,3.33,0,0,6,0.0
MO,St Francois,2022,12,0.92,3.67,3.75,0,1,11,0.0
MO,St Louis,2017,1,1.0,1.78,1.82,0,0,1,0.0
MO,St Louis,2018,1,1.0,0.9,1.92,0,1,0,0.0
MO,St Louis,2022,68,0.78,3.38,3.57,6,41,21,8.82
MO,St Louis (City),2022,11,1.36,5.45,5.45,3,6,2,27.27
MO,St. Charles,2016,49,1.45,7.78,7.92,11,17,21,22.45
MO,St. Charles,2017,97,1.22,4.13,4.62,18,26,53,18.56
MO,St. Charles,2018,206,1.41,4.11,4.54,48,49,109,23.3
MO,St. Charles,2019,369,1.15,3.77,4.17,45,78,246,12.2
MO,St. Charles,2020,123,1.11,4.38,4.8,16,45,62,13.01
MO,St. Charles,2021,165,1.53,3.44,4.02,3,55,107,1.82
MO,St. Charles,2022,130,1.55,4.9,5.36,3,39,88,2.31
MO,St. Clair,2017,1,1.0,1.85,1.85,0,0,1,0.0
MO,St. Clair,2018,1,1.0,2.25,2.23,0,0,1,0.0
MO,St. Clair,2019,14,1.07,4.86,4.86,0,1,13,0.0
MO,St. Clair,2020,16,0.81,4.69,4.75,3,4,9,18.75
MO,St. Clair,2021,2,1.0,4.5,4.5,1,0,1,50.0
MO,St. Clair,2022,2,1.0,1.5,1.5,0,0,2,0.0
MO,St. Francois,2018,12,1.67,15.21,15.24,6,1,5,50.0
MO,St. Francois,2019,16,0.69,4.31,4.38,0,2,14,0.0
MO,St. Francois,2020,3,0.67,5.0,5.0,0,1,2,0.0
MO,St. Francois,2021,2,1.5,3.0,4.5,0,0,2,0.0
MO,St. Francois,2022,4,1.5,3.75,3.75,0,0,4,0.0
MO,St. Louis City,2016,78,1.79,1.91,2.4,31,40,7,39.74
MO,St. Louis City,2017,223,1.61,3.48,4.13,91,106,26,40.81
MO,St. Louis City,2018,236,1.55,3.6,4.05,105,84,47,44.49
MO,St. Louis City,2019,246,1.24,3.41,3.95,87,113,46,35.37
MO,St. Louis City,2020,117,0.38,1.63,3.43,27,84,6,23.08
MO,St. Louis City,2021,135,0.59,1.91,3.44,34,93,8,25.19
MO,St. Louis City,2022,82,1.59,4.5,4.59,12,35,35,14.63
MO,St. Louis County,2016,327,1.52,2.19,2.65,50,125,152,15.29
MO,St. Louis County,2017,680,1.43,2.84,4.06,134,241,305,19.71
MO,St. Louis County,2018,825,1.4,2.91,3.96,169,281,375,20.48
MO,St. Louis County,2019,1179,1.0,3.02,3.74,194,440,545,16.45
MO,St. Louis County,2020,265,0.88,2.69,3.33,34,149,82,12.83
MO,St. Louis County,2021,393,1.12,3.26,3.72,41,207,145,10.43
MO,St. Louis County,2022,315,1.1,3.46,3.78,29,94,192,9.21
MO,Ste Genevieve,2017,2,1.5,2.95,3.04,0,1,1,0.0
MO,Ste Genevieve,2018,12,1.58,4.65,4.66,5,2,5,41.67
MO,Ste Genevieve,2019,26,1.54,2.18,2.19,3,6,17,11.54
MO,Ste Genevieve,2021,2,1.0,3.5,3.5,0,0,2,0.0
MO,Ste Genevieve,2022,5,1.8,8.6,8.6,0,0,5,0.0
MO,Stoddard,2018,7,1.43,3.65,3.66,0,0,7,0.0
MO,Stoddard,2019,16,1.44,3.69,3.69,6,5,5,37.5
MO,Stoddard,2020,3,0.67,5.33,5.0,0,1,2,0.0
MO,Stoddard,2022,11,1.09,3.91,3.82,0,0,11,0.0
MO,Stone,2017,1,0.0,0.0,1.37,0,0,1,0.0
MO,Stone,2018,6,1.33,2.67,2.83,4,1,1,66.67
MO,Stone,2019,1,2.0,25.0,25.0,1,0,0,100.0
MO,Stone,2020,1,0.0,3.0,3.0,0,0,1,0.0
MO,Stone,2021,3,1.33,9.67,9.67,2,1,0,66.67
MO,Stone,2022,9,0.56,5.56,6.0,1,3,5,11.11
MO,Sullivan,2018,3,1.0,6.08,6.08,0,0,3,0.0
MO,Sullivan,2019,5,0.2,4.16,4.63,1,2,2,20.0
MO,Sullivan,2020,9,0.44,3.67,4.11,0,2,7,0.0
MO,Sullivan,2021,1,2.0,10.0,10.0,0,0,1,0.0
MO,Sullivan,2022,6,1.17,7.67,7.83,0,1,5,0.0
MO,Taney,2017,28,0.71,1.95,5.03,2,24,2,7.14
MO,Taney,2018,71,1.25,3.77,6.64,27,41,3,38.03
MO,Taney,2019,9,0.44,2.58,3.36,6,1,2,66.67
MO,Taney,2020,26,0.58,3.81,5.31,13,8,5,50.0
MO,Taney,2021,60,0.55,3.18,5.98,35,25,0,58.33
MO,Taney,2022,52,0.69,4.12,5.92,11,27,14,21.15
MO,Texas,2017,3,1.67,4.33,4.32,0,1,2,0.0
MO,Texas,2018,7,1.57,3.03,3.05,1,1,5,14.29
MO,Texas,2019,12,1.17,5.54,5.54,2,2,8,16.67
MO,Texas,2020,13,1.54,9.46,9.54,2,1,10,15.38
MO,Texas,2021,5,0.8,6.6,6.8,0,3,2,0.0
MO,Texas,2022,12,0.75,4.42,4.42,0,0,12,0.0
MO,Vernon,2017,3,1.0,0.9,0.9,3,0,0,100.0
MO,Vernon,2018,9,1.44,1.49,1.51,5,1,3,55.56
MO,Vernon,2019,24,1.21,2.31,2.32,18,2,4,75.0
MO,Vernon,2020,3,1.0,5.0,5.0,0,0,3,0.0
MO,Vernon,2022,10,1.2,4.4,4.5,1,1,8,10.0
MO,Warren,2017,2,2.0,3.27,3.28,0,0,2,0.0
MO,Warren,2018,16,1.88,5.27,5.28,0,5,11,0.0
MO,Warren,2019,46,1.37,3.29,3.3,15,7,24,32.61
MO,Warren,2020,12,1.5,5.58,5.75,2,2,8,16.67
MO,Warren,2021,29,1.48,4.76,4.83,1,6,22,3.45
MO,Warren,2022,47,1.34,5.34,5.34,0,7,40,0.0
MO,Washington,2017,1,1.0,0.32,0.38,0,0,1,0.0
MO,Washington,2018,3,2.0,9.92,9.94,0,3,0,0.0
MO,Washington,2019,4,0.5,3.74,3.98,0,0,4,0.0
MO,Washington,2020,3,1.33,11.33,11.33,1,0,2,33.33
MO,Washington,2021,1,1.0,1.0,1.0,0,0,1,0.0
MO,Washington,2022,10,0.4,2.8,2.8,0,1,9,0.0
MO,Wayne,2017,2,1.0,0.52,0.52,1,0,1,50.0
MO,Wayne,2018,2,2.0,6.01,6.02,0,0,2,0.0
MO,Wayne,2019,8,0.88,4.04,4.05,3,0,5,37.5
MO,Wayne,2020,2,2.0,14.0,14.0,1,1,0,50.0
MO,Wayne,2021,4,1.0,2.5,2.75,0,1,3,0.0
MO,Wayne,2022,2,1.5,4.5,4.5,0,0,2,0.0
MO,Webster,2017,4,1.75,6.07,6.11,1,1,2,25.0
MO,Webster,2018,18,1.56,3.08,3.11,3,7,8,16.67
MO,Webster,2019,18,1.28,2.68,2.73,0,6,12,0.0
MO,Webster,2020,12,1.67,5.83,5.75,1,5,6,8.33
MO,Webster,2021,2,2.0,4.0,4.0,0,0,2,0.0
MO,Webster,2022,9,1.22,3.67,3.67,0,0,9,0.0
MO,Worth,2019,2,0.5,4.5,4.5,0,0,2,0.0
MO,Worth,2020,2,0.5,4.5,4.5,0,2,0,0.0
MO,Worth,2021,1,2.0,14.0,14.0,0,0,1,0.0
MO,Wright,2018,7,1.57,7.3,7.33,4,0,3,57.14
MO,Wright,2019,7,1.29,6.6,6.6,1,1,5,14.29
MO,Wright,2020,6,0.83,6.67,7.0,0,2,4,0.0
MO,Wright,2021,1,2.0,11.0,11.0,0,0,1,0.0
MO,Wright,2022,10,0.9,5.6,5.6,0,0,10,0.0
MS,Adams,2017,9,1.44,2.85,2.92,7,1,1,77.78
MS,Adams,2018,22,1.59,3.08,3.13,8,6,8,36.36
MS,Adams,2019,7,0.86,4.48,4.48,2,3,2,28.57
MS,Adams,2020,11,0.27,2.64,2.64,3,4,4,27.27
MS,Adams,2021,17,1.29,1.76,2.47,0,16,1,0.0
MS,Adams,2022,2,1.0,4.0,4.0,0,0,2,0.0
MS,Alcorn,2017,6,1.17,4.59,4.97,0,5,1,0.0
MS,Alcorn,2018,28,1.43,3.58,3.96,5,11,12,17.86
MS,Alcorn,2019,26,1.31,3.46,4.08,17,9,0,65.38
MS,Alcorn,2020,7,1.57,4.43,5.57,2,5,0,28.57
MS,Alcorn,2021,31,1.39,2.23,2.94,0,21,10,0.0
MS,Alcorn,2022,5,1.2,6.4,6.0,0,0,5,0.0
MS,Amite,2017,1,2.0,7.88,8.07,0,1,0,0.0
MS,Amite,2018,17,1.65,5.31,5.35,0,9,8,0.0
MS,Amite,2019,2,1.0,12.0,12.0,1,1,0,50.0
MS,Amite,2020,2,0.5,5.0,5.5,0,1,1,0.0
MS,Amite,2021,4,0.5,4.75,4.75,0,2,2,0.0
MS,Attala,2018,3,1.0,1.16,1.18,1,1,1,33.33
MS,Attala,2019,5,0.6,4.2,4.4,1,2,2,20.0
MS,Attala,2020,15,0.47,4.07,4.13,0,3,12,0.0
MS,Attala,2021,37,0.46,4.43,4.49,2,20,15,5.41
MS,Attala,2022,1,1.0,6.0,6.0,0,0,1,0.0
MS,Benton,2017,2,1.5,8.85,8.85,0,0,2,0.0
MS,Benton,2018,19,1.42,5.47,5.49,1,2,16,5.26
MS,Benton,2019,6,1.0,3.32,3.32,4,2,0,66.67
MS,Benton,2020,2,0.5,5.0,5.0,0,1,1,0.0
MS,Benton,2021,5,1.6,6.0,6.2,0,1,4,0.0
MS,Benton,2022,4,1.5,4.5,4.5,0,0,4,0.0
MS,Bolivar,2017,10,1.5,1.53,1.55,0,3,7,0.0
MS,Bolivar,2018,19,1.32,6.19,6.22,3,6,10,15.79
MS,Bolivar,2019,24,1.21,3.42,3.48,10,4,10,41.67
MS,Bolivar,2020,24,1.21,4.04,4.62,5,6,13,20.83
MS,Bolivar,2021,37,1.05,2.95,3.84,6,17,14,16.22
MS,Bolivar,2022,11,1.18,6.82,7.0,0,6,5,0.0
MS,Calhoun,2017,1,2.0,2.5,2.47,1,0,0,100.0
MS,Calhoun,2018,4,1.25,11.74,11.79,1,0,3,25.0
MS,Calhoun,2019,4,0.75,2.78,2.78,1,1,2,25.0
MS,Calhoun,2020,4,0.75,5.25,5.5,0,1,3,0.0
MS,Calhoun,2021,5,1.0,6.8,6.4,1,0,4,20.0
MS,Carroll,2017,9,1.44,2.0,2.03,6,1,2,66.67
MS,Carroll,2018,17,1.65,5.13,5.14,11,1,5,64.71
MS,Carroll,2019,30,1.53,2.87,2.87,17,4,9,56.67
MS,Carroll,2020,9,0.78,5.56,5.56,2,2,5,22.22
MS,Carroll,2021,15,1.0,3.2,3.33,3,5,7,20.0
MS,Carroll,2022,1,0.0,1.0,1.0,0,0,1,0.0
MS,Chickasaw,2017,2,1.5,12.53,12.64,0,2,0,0.0
MS,Chickasaw,2018,7,1.29,5.99,6.05,2,2,3,28.57
MS,Chickasaw,2019,10,0.8,5.8,5.9,0,6,4,0.0
MS,Chickasaw,2020,9,0.33,3.44,3.56,0,1,8,0.0
MS,Chickasaw,2021,6,0.67,4.0,4.17,1,2,3,16.67
MS,Chickasaw,2022,2,1.0,9.0,9.0,0,1,1,0.0
MS,Choctaw,2018,4,1.0,10.06,10.2,0,2,2,0.0
MS,Choctaw,2019,3,0.67,1.33,1.67,0,0,3,0.0
MS,Choctaw,2020,5,0.8,5.6,5.6,1,0,4,20.0
MS,Choctaw,2021,12,0.5,4.83,4.92,0,4,8,0.0
MS,Claiborne,2017,3,1.33,0.86,0.91,1,0,2,33.33
MS,Claiborne,2018,4,1.25,6.18,6.29,0,3,1,0.0
MS,Claiborne,2019,4,0.5,9.03,9.03,0,1,3,0.0
MS,Claiborne,2020,5,0.8,4.6,5.2,0,3,2,0.0
MS,Claiborne,2021,13,0.85,3.08,3.31,1,2,10,7.69
MS,Claiborne,2022,2,1.0,2.5,2.5,0,0,2,0.0
MS,Clarke,2017,6,1.33,2.38,2.38,2,1,3,33.33
MS,Clarke,2018,7,1.71,6.52,6.56,2,1,4,28.57
MS,Clarke,2019,19,1.63,4.98,4.99,4,3,12,21.05
MS,Clarke,2020,8,1.5,6.38,6.5,0,3,5,0.0
MS,Clarke,2021,4,0.5,3.75,3.75,3,1,0,75.0
MS,Clarke,2022,4,0.5,3.25,3.25,0,0,4,0.0
MS,Clay,2017,4,2.0,11.22,11.38,2,2,0,50.0
MS,Clay,2018,8,1.62,3.82,3.98,0,1,7,0.0
MS,Clay,2019,5,1.4,5.07,5.09,0,2,3,0.0
MS,Clay,2020,4,0.75,4.75,4.75,1,2,1,25.0
MS,Clay,2021,5,2.0,3.2,3.4,0,0,5,0.0
MS,Clay,2022,2,1.5,5.0,5.0,0,0,2,0.0
MS,Coahoma,2017,6,1.5,5.48,5.58,1,0,5,16.67
MS,Coahoma,2018,35,1.37,4.53,4.54,6,8,21,17.14
MS,Coahoma,2019,24,1.12,4.2,4.24,8,5,11,33.33
MS,Coahoma,2020,10,0.9,6.4,6.2,3,2,5,30.0
MS,Coahoma,2021,5,0.6,2.0,2.0,0,3,2,0.0
MS,Coahoma,2022,6,0.67,5.17,5.33,0,1,5,0.0
MS,Copiah,2017,8,1.5,3.29,3.47,2,3,3,25.0
MS,Copiah,2018,13,1.85,6.21,6.24,2,3,8,15.38
MS,Copiah,2019,18,1.44,2.77,2.83,2,5,11,11.11
MS,Copiah,2020,1,0.0,2.0,2.0,0,1,0,0.0
MS,Copiah,2021,29,0.97,3.45,3.59,1,4,24,3.45
MS,Copiah,2022,5,1.2,8.0,8.0,0,1,4,0.0
MS,Covington,2017,6,1.83,11.31,11.32,1,3,2,16.67
MS,Covington,2018,36,1.25,3.84,3.86,1,5,30,2.78
MS,Covington,2019,22,1.23,2.48,2.49,4,3,15,18.18
MS,Covington,2020,4,1.0,4.0,4.25,0,1,3,0.0
MS,Covington,2021,10,1.3,5.2,5.3,1,4,5,10.0
MS,Covington,2022,3,1.0,2.0,2.33,0,0,3,0.0
MS,DeSoto,2017,50,1.44,2.55,3.08,15,15,20,30.0
MS,DeSoto,2018,124,1.44,3.9,4.24,30,50,44,24.19
MS,DeSoto,2019,79,1.24,4.39,4.81,39,28,12,49.37
MS,DeSoto,2020,65,0.43,2.45,3.77,13,40,12,20.0
MS,DeSoto,2021,173,0.79,2.91,3.79,25,99,49,14.45
MS,DeSoto,2022,43,1.14,5.86,6.02,6,12,25,13.95
MS,Desoto,2017,20,1.55,2.3,3.22,7,11,2,35.0
MS,Desoto,2018,50,1.44,1.97,3.16,22,24,4,44.0
MS,Forrest,2017,20,1.4,2.45,2.54,5,8,7,25.0
MS,Forrest,2018,110,1.31,2.1,2.21,22,31,57,20.0
MS,Forrest,2019,56,1.41,2.23,2.37,14,12,30,25.0
MS,Forrest,2020,3,1.67,7.0,7.0,0,1,2,0.0
MS,Forrest,2021,6,2.0,13.83,14.0,2,1,3,33.33
MS,Forrest,2022,5,1.6,7.0,7.0,1,3,1,20.0
MS,Franklin,2018,6,1.5,7.27,7.27,1,1,4,16.67
MS,Franklin,2019,5,1.0,2.57,2.57,1,0,4,20.0
MS,Franklin,2020,3,1.67,11.33,11.67,1,1,1,33.33
MS,Franklin,2021,10,1.3,2.3,2.3,0,8,2,0.0
MS,Franklin,2022,1,1.0,3.0,3.0,0,0,1,0.0
MS,George,2017,5,1.4,4.5,4.51,0,1,4,0.0
MS,George,2018,7,1.57,7.17,7.19,0,3,4,0.0
MS,George,2019,13,1.23,5.15,5.22,3,3,7,23.08
MS,George,2020,4,0.75,7.25,7.25,0,2,2,0.0
MS,Greene,2017,5,1.2,2.54,2.64,2,0,3,40.0
MS,Greene,2018,8,1.75,8.13,8.13,1,3,4,12.5
MS,Greene,2019,15,0.6,2.92,2.93,5,2,8,33.33
MS,Greene,2020,1,0.0,1.0,1.0,0,1,0,0.0
MS,Greene,2021,3,0.67,4.67,4.67,0,1,2,0.0
MS,Greene,2022,2,0.5,4.0,4.0,0,0,2,0.0
MS,Grenada,2017,6,1.33,1.61,1.67,1,1,4,16.67
MS,Grenada,2018,18,1.61,2.39,3.77,7,3,8,38.89
MS,Grenada,2019,11,1.27,3.0,3.0,6,3,2,54.55
MS,Grenada,2020,1,1.0,7.0,7.0,0,0,1,0.0
MS,Grenada,2021,26,0.85,3.77,3.81,0,4,22,0.0
MS,Grenada,2022,3,0.0,1.0,1.33,0,0,3,0.0
MS,Hancock,2017,17,1.53,1.34,1.42,7,6,4,41.18
MS,Hancock,2018,40,1.62,5.46,5.51,10,16,14,25.0
MS,Hancock,2019,80,1.44,2.49,2.53,33,9,38,41.25
MS,Hancock,2020,17,1.06,4.18,4.24,2,8,7,11.76
MS,Hancock,2021,32,1.44,9.0,9.56,1,8,23,3.12
MS,Hancock,2022,23,1.61,4.87,5.0,0,6,17,0.0
MS,Harrison,2017,71,1.32,2.32,2.69,15,41,15,21.13
MS,Harrison,2018,254,1.35,2.72,3.15,68,127,59,26.77
MS,Harrison,2019,174,1.2,2.69,3.21,28,86,60,16.09
MS,Harrison,2020,54,0.94,5.54,6.35,17,26,11,31.48
MS,Harrison,2021,120,0.78,3.34,4.11,22,46,52,18.33
MS,Harrison,2022,42,1.1,8.52,9.36,15,18,9,35.71
MS,Hinds,2017,53,1.58,4.03,4.29,14,22,17,26.42
MS,Hinds,2018,101,1.78,5.22,5.39,30,40,31,29.7
MS,Hinds,2019,117,1.39,4.55,4.75,37,46,34,31.62
MS,Hinds,2020,82,1.26,4.21,4.49,25,30,27,30.49
MS,Hinds,2021,212,1.23,3.65,3.99,39,65,108,18.4
MS,Hinds,2022,38,1.61,5.55,5.68,13,12,13,34.21
MS,Holmes,2017,5,2.0,2.66,2.66,1,1,3,20.0
MS,Holmes,2018,30,1.4,4.74,4.77,14,3,13,46.67
MS,Holmes,2019,30,1.33,2.58,2.58,8,3,19,26.67
MS,Holmes,2020,4,0.5,3.75,4.0,1,1,2,25.0
MS,Holmes,2021,52,0.92,4.37,4.44,3,16,33,5.77
MS,Holmes,2022,5,0.6,5.2,5.0,0,2,3,0.0
MS,Humphreys,2017,4,1.75,5.2,5.35,0,1,3,0.0
MS,Humphreys,2018,6,1.5,4.91,4.94,0,2,4,0.0
MS,Humphreys,2019,7,0.43,3.71,3.86,0,1,6,0.0
MS,Humphreys,2020,11,0.64,5.27,5.36,0,2,9,0.0
MS,Humphreys,2021,10,0.4,4.1,4.2,0,0,10,0.0
MS,Humphreys,2022,5,0.8,5.4,5.6,0,0,5,0.0
MS,Issaquena,2017,1,1.0,1.3,1.43,0,1,0,0.0
MS,Issaquena,2018,9,1.22,5.66,5.65,1,4,4,11.11
MS,Issaquena,2019,12,1.0,4.73,4.98,3,7,2,25.0
MS,Issaquena,2020,4,0.75,4.25,4.25,1,1,2,25.0
MS,Issaquena,2021,3,0.67,2.33,2.67,2,1,0,66.67
MS,Issaquena,2022,1,1.0,6.0,6.0,0,0,1,0.0
MS,Itawamba,2017,6,1.33,7.04,7.11,3,0,3,50.0
MS,Itawamba,2018,8,1.5,3.79,3.8,2,2,4,25.0
MS,Itawamba,2019,17,1.18,2.94,3.06,11,2,4,64.71
MS,Itawamba,2020,16,0.69,7.06,7.12,2,8,6,12.5
MS,Itawamba,2021,59,1.47,5.53,5.73,2,25,32,3.39
MS,Itawamba,2022,3,1.33,8.0,8.0,0,1,2,0.0
MS,Jackson,2017,73,1.25,1.89,2.3,6,33,34,8.22
MS,Jackson,2018,149,1.42,2.66,2.85,34,48,67,22.82
MS,Jackson,2019,90,1.4,3.25,3.35,28,17,45,31.11
MS,Jackson,2020,27,0.93,3.22,3.48,2,11,14,7.41
MS,Jackson,2021,76,1.3,4.49,4.61,8,21,47,10.53
MS,Jackson,2022,39,1.26,4.79,4.97,0,7,32,0.0
MS,Jasper,2017,3,1.33,4.81,4.83,0,0,3,0.0
MS,Jasper,2018,20,2.1,7.0,7.0,6,4,10,30.0
MS,Jasper,2019,22,1.64,1.9,1.91,12,0,10,54.55
MS,Jasper,2020,3,1.67,11.33,12.0,1,2,0,33.33
MS,Jasper,2021,2,0.5,4.5,5.5,1,1,0,50.0
MS,Jasper,2022,3,2.33,11.33,11.33,0,1,2,0.0
MS,Jefferson,2017,2,1.5,4.66,4.66,2,0,0,100.0
MS,Jefferson,2018,7,1.29,1.84,1.86,2,3,2,28.57
MS,Jefferson,2020,8,0.75,6.62,6.88,0,2,6,0.0
MS,Jefferson,2021,6,1.0,5.33,5.33,0,3,3,0.0
MS,Jefferson,2022,1,0.0,1.0,1.0,0,1,0,0.0
MS,Jefferson Davis,2017,2,0.5,3.02,3.0,0,0,2,0.0
MS,Jefferson Davis,2018,6,1.5,5.83,5.86,0,3,3,0.0
MS,Jefferson Davis,2019,7,0.43,2.14,4.01,0,1,6,0.0
MS,Jefferson Davis,2020,4,0.25,5.25,5.25,0,2,2,0.0
MS,Jefferson Davis,2021,2,2.0,3.5,3.5,0,0,2,0.0
MS,Jefferson Davis,2022,2,1.5,3.5,3.5,0,0,2,0.0
MS,Jones,2017,13,1.77,5.25,5.26,2,8,3,15.38
MS,Jones,2018,27,1.85,4.19,4.3,6,4,17,22.22
MS,Jones,2019,27,1.67,2.92,2.92,6,10,11,22.22
MS,Jones,2020,14,1.0,3.07,4.14,1,6,7,7.14
MS,Jones,2021,18,0.17,0.67,3.17,0,15,3,0.0
MS,Jones,2022,18,1.67,4.44,4.44,0,2,16,0.0
MS,Kemper,2017,5,1.0,5.88,5.97,1,3,1,20.0
MS,Kemper,2018,3,1.67,8.85,8.85,0,2,1,0.0
MS,Kemper,2019,8,1.0,5.75,5.78,0,4,4,0.0
MS,Kemper,2020,7,0.86,6.14,6.29,0,3,4,0.0
MS,Kemper,2021,3,0.67,5.33,5.33,1,2,0,33.33
MS,Kemper,2022,2,0.0,1.5,1.5,0,0,2,0.0
MS,Lafayette,2017,8,1.62,9.32,9.34,1,3,4,12.5
MS,Lafayette,2018,7,1.57,6.44,6.6,4,2,1,57.14
MS,Lafayette,2019,9,1.11,5.38,5.68,3,4,2,33.33
MS,Lafayette,2020,9,1.0,4.44,4.44,1,7,1,11.11
MS,Lafayette,2021,10,1.0,2.8,3.0,1,8,1,10.0
MS,Lafayette,2022,3,1.0,3.0,4.33,1,1,1,33.33
MS,Lamar,2017,10,1.4,3.95,4.5,2,1,7,20.0
MS,Lamar,2018,25,1.4,5.5,5.84,7,8,10,28.0
MS,Lamar,2019,24,1.54,2.16,2.69,9,3,12,37.5
MS,Lamar,2020,10,1.7,3.1,4.2,1,2,7,10.0
MS,Lamar,2021,10,1.3,2.9,3.2,1,3,6,10.0
MS,Lamar,2022,6,1.5,5.67,6.17,1,1,4,16.67
MS,Lauderdale,2017,7,1.43,2.42,2.51,6,0,1,85.71
MS,Lauderdale,2018,18,1.94,8.13,8.14,8,6,4,44.44
MS,Lauderdale,2019,29,1.38,4.04,4.07,9,8,12,31.03
MS,Lauderdale,2020,17,0.82,4.71,4.71,7,5,5,41.18
MS,Lauderdale,2021,9,1.11,3.33,3.33,1,5,3,11.11
MS,Lauderdale,2022,15,1.07,8.6,8.53,4,4,7,26.67
MS,Lawrence,2018,2,1.0,0.06,0.06,0,0,2,0.0
MS,Lawrence,2019,5,1.4,6.74,6.76,1,1,3,20.0
MS,Lawrence,2020,5,1.2,6.8,6.8,2,0,3,40.0
MS,Lawrence,2021,21,1.19,4.05,3.95,0,10,11,0.0
MS,Lawrence,2022,1,1.0,9.0,9.0,0,0,1,0.0
MS,Leake,2017,4,1.25,1.79,1.78,1,1,2,25.0
MS,Leake,2018,9,1.56,4.54,4.54,2,3,4,22.22
MS,Leake,2019,9,1.0,9.33,9.43,2,4,3,22.22
MS,Leake,2020,14,0.79,6.5,6.57,2,4,8,14.29
MS,Leake,2021,14,0.43,4.0,4.07,2,6,6,14.29
MS,Leake,2022,3,0.33,3.67,3.0,0,1,2,0.0
MS,Lee,2017,15,1.2,3.36,3.67,9,1,5,60.0
MS,Lee,2018,26,1.38,6.6,7.59,21,3,2,80.77
MS,Lee,2019,24,1.08,4.65,5.0,12,7,5,50.0
MS,Lee,2020,18,0.78,5.39,5.39,0,10,8,0.0
MS,Lee,2021,51,1.24,5.59,5.94,7,27,17,13.73
MS,Lee,2022,1,0.0,0.0,2.0,0,1,0,0.0
MS,Leflore,2017,13,1.46,5.74,6.07,8,4,1,61.54
MS,Leflore,2018,24,1.46,6.3,6.47,3,13,8,12.5
MS,Leflore,2019,33,1.06,4.19,4.5,13,14,6,39.39
MS,Leflore,2020,17,0.65,4.82,5.0,3,5,9,17.65
MS,Leflore,2021,20,0.3,3.0,3.2,2,6,12,10.0
MS,Leflore,2022,4,0.75,4.5,4.75,1,0,3,25.0
MS,Lincoln,2018,10,1.5,4.99,5.01,3,1,6,30.0
MS,Lincoln,2019,17,1.59,1.52,1.52,4,4,9,23.53
MS,Lincoln,2020,4,1.0,9.25,9.75,1,1,2,25.0
MS,Lincoln,2021,60,1.62,5.72,5.75,0,17,43,0.0
MS,Lincoln,2022,1,1.0,9.0,9.0,0,0,1,0.0
MS,Lowndes,2017,3,1.67,5.42,5.45,1,1,1,33.33
MS,Lowndes,2018,13,1.69,6.07,6.23,6,4,3,46.15
MS,Lowndes,2019,22,1.41,4.92,4.92,8,7,7,36.36
MS,Lowndes,2020,3,1.33,3.0,3.67,1,1,1,33.33
MS,Lowndes,2021,14,1.07,3.93,4.5,0,14,0,0.0
MS,Lowndes,2022,2,1.0,5.0,5.0,0,1,1,0.0
MS,Madison,2017,51,1.51,3.32,3.76,8,15,28,15.69
MS,Madison,2018,52,1.75,4.54,5.22,13,19,20,25.0
MS,Madison,2019,95,0.96,3.32,3.71,14,21,60,14.74
MS,Madison,2020,82,0.74,4.27,4.93,17,17,48,20.73
MS,Madison,2021,104,0.91,3.54,4.13,25,25,54,24.04
MS,Madison,2022,31,1.42,7.26,7.68,7,10,14,22.58
MS,Marion,2017,3,1.67,7.55,7.52,1,0,2,33.33
MS,Marion,2018,12,1.17,6.2,6.24,2,3,7,16.67
MS,Marion,2019,2,1.5,0.23,0.23,2,0,0,100.0
MS,Marion,2020,1,1.0,5.0,5.0,0,0,1,0.0
MS,Marion,2021,1,2.0,11.0,11.0,0,1,0,0.0
MS,Marion,2022,1,2.0,13.0,13.0,1,0,0,100.0
MS,Marshall,2017,8,1.38,3.54,3.53,4,2,2,50.0
MS,Marshall,2018,37,1.54,4.7,4.72,1,7,29,2.7
MS,Marshall,2019,15,1.13,4.38,4.38,9,5,1,60.0
MS,Marshall,2020,8,0.62,4.62,4.75,1,1,6,12.5
MS,Marshall,2021,39,1.46,4.49,4.59,1,12,26,2.56
MS,Marshall,2022,14,1.0,5.21,5.36,1,6,7,7.14
MS,Monroe,2017,5,2.0,9.65,9.66,0,3,2,0.0
MS,Monroe,2018,14,1.93,6.98,7.01,1,7,6,7.14
MS,Monroe,2019,6,0.83,4.51,4.52,0,1,5,0.0
MS,Monroe,2020,5,1.0,6.2,6.2,1,1,3,20.0
MS,Monroe,2021,27,0.52,4.11,4.41,0,15,12,0.0
MS,Montgomery,2017,4,1.75,7.15,7.18,0,2,2,0.0
MS,Montgomery,2018,8,1.5,3.86,3.88,4,1,3,50.0
MS,Montgomery,2019,21,1.57,3.05,3.05,10,4,7,47.62
MS,Montgomery,2020,6,1.5,5.17,5.33,0,1,5,0.0
MS,Montgomery,2021,11,1.0,2.91,3.09,1,4,6,9.09
MS,Montgomery,2022,1,1.0,5.0,5.0,1,0,0,100.0
MS,Neshoba,2017,1,2.0,6.35,6.35,0,0,1,0.0
MS,Neshoba,2018,6,1.5,4.96,4.97,1,2,3,16.67
MS,Neshoba,2019,7,0.43,4.78,4.78,1,3,3,14.29
MS,Neshoba,2020,3,0.67,5.0,5.0,0,2,1,0.0
MS,Neshoba,2021,14,0.29,3.21,4.0,2,3,9,14.29
MS,Neshoba,2022,3,1.33,7.67,7.33,0,0,3,0.0
MS,Newton,2017,2,1.5,0.31,0.31,1,0,1,50.0
MS,Newton,2018,5,1.2,7.08,7.09,2,1,2,40.0
MS,Newton,2019,21,1.76,2.75,2.75,8,3,10,38.1
MS,Newton,2020,4,0.75,5.0,5.25,1,3,0,25.0
MS,Newton,2021,15,1.07,3.6,3.6,0,6,9,0.0
MS,Newton,2022,2,1.5,6.5,7.0,0,2,0,0.0
MS,Noxubee,2017,1,1.0,7.55,7.48,0,1,0,0.0
MS,Noxubee,2018,5,1.4,2.93,2.93,1,0,4,20.0
MS,Noxubee,2019,6,1.0,4.08,4.26,1,3,2,16.67
MS,Noxubee,2020,4,1.25,12.0,12.0,1,1,2,25.0
MS,Noxubee,2021,2,0.5,4.0,4.5,0,0,2,0.0
MS,Noxubee,2022,3,1.0,8.0,8.0,0,2,1,0.0
MS,Oktibbeha,2017,3,2.0,10.03,10.03,1,2,0,33.33
MS,Oktibbeha,2018,3,1.33,4.33,4.33,2,0,1,66.67
MS,Oktibbeha,2019,6,1.33,4.19,4.24,6,0,0,100.0
MS,Oktibbeha,2020,6,1.0,6.33,6.5,1,4,1,16.67
MS,Oktibbeha,2021,26,1.15,3.04,3.23,3,17,6,11.54
MS,Panola,2017,9,1.78,0.96,0.97,1,3,5,11.11
MS,Panola,2018,23,1.74,3.86,3.96,4,5,14,17.39
MS,Panola,2019,19,1.26,3.41,3.57,4,4,11,21.05
MS,Panola,2020,8,1.0,4.62,4.75,4,3,1,50.0
MS,Panola,2021,24,1.29,2.96,3.33,0,10,14,0.0
MS,Panola,2022,7,1.14,6.14,6.29,1,1,5,14.29
MS,Pearl River,2017,10,1.4,3.2,3.28,3,1,6,30.0
MS,Pearl River,2018,16,1.75,6.2,6.21,4,1,11,25.0
MS,Pearl River,2019,37,1.57,2.45,2.48,10,6,21,27.03
MS,Pearl River,2020,8,1.38,6.0,6.0,1,1,6,12.5
MS,Pearl River,2021,3,1.33,5.33,5.33,0,2,1,0.0
MS,Pearl River,2022,3,0.67,9.33,9.67,1,0,2,33.33
MS,Perry,2018,5,1.4,10.3,10.34,1,1,3,20.0
MS,Perry,2019,6,1.67,8.38,8.38,1,2,3,16.67
MS,Perry,2020,1,1.0,5.0,5.0,0,0,1,0.0
MS,Perry,2021,3,0.33,5.33,5.33,1,1,1,33.33
MS,Perry,2022,1,1.0,5.0,5.0,0,0,1,0.0
MS,Pike,2017,17,1.65,5.05,5.1,4,7,6,23.53
MS,Pike,2018,38,1.82,4.37,4.4,2,18,18,5.26
MS,Pike,2019,19,1.68,2.97,2.98,2,9,8,10.53
MS,Pike,2020,3,1.0,4.67,4.67,0,1,2,0.0
MS,Pike,2021,33,1.55,6.61,6.94,2,6,25,6.06
MS,Pike,2022,2,2.5,7.5,7.5,0,0,2,0.0
MS,Pontotoc,2017,2,2.0,9.64,9.64,2,0,0,100.0
MS,Pontotoc,2018,8,1.5,7.12,7.22,3,3,2,37.5
MS,Pontotoc,2019,10,1.0,5.04,5.53,5,5,0,50.0
MS,Pontotoc,2020,11,0.82,4.64,5.36,1,5,5,9.09
MS,Pontotoc,2021,16,0.5,4.56,4.81,5,6,5,31.25
MS,Pontotoc,2022,1,1.0,3.0,3.0,0,0,1,0.0
MS,Prentiss,2017,4,1.75,11.86,11.87,1,2,1,25.0
MS,Prentiss,2019,2,0.5,4.0,4.0,0,1,1,0.0
MS,Prentiss,2020,3,0.33,5.0,5.0,1,0,2,33.33
MS,Prentiss,2021,7,0.71,3.86,4.0,0,2,5,0.0
MS,Quitman,2017,2,1.0,3.62,3.67,1,1,0,50.0
MS,Quitman,2018,5,1.0,4.13,4.27,2,2,1,40.0
MS,Quitman,2019,4,0.75,3.99,3.99,1,2,1,25.0
MS,Quitman,2020,3,1.0,4.33,5.0,0,2,1,0.0
MS,Quitman,2021,8,0.88,5.5,5.38,2,3,3,25.0
MS,Quitman,2022,5,0.8,6.4,6.0,0,3,2,0.0
MS,Rankin,2017,75,1.52,3.21,4.54,18,32,25,24.0
MS,Rankin,2018,108,1.63,5.25,6.12,27,53,28,25.0
MS,Rankin,2019,122,1.03,3.03,3.79,25,50,47,20.49
MS,Rankin,2020,46,1.0,3.57,3.98,9,25,12,19.57
MS,Rankin,2021,201,1.21,4.84,5.37,21,89,91,10.45
MS,Rankin,2022,55,1.07,4.96,5.62,9,26,20,16.36
MS,Scott,2017,10,1.8,7.32,7.34,5,3,2,50.0
MS,Scott,2018,16,1.81,11.52,11.56,10,2,4,62.5
MS,Scott,2019,22,1.55,3.29,3.34,10,3,9,45.45
MS,Scott,2020,7,0.71,7.43,7.43,3,3,1,42.86
MS,Scott,2021,59,1.15,8.92,9.15,3,14,42,5.08
MS,Scott,2022,3,1.33,3.33,3.33,1,0,2,33.33
MS,Sharkey,2017,9,1.33,4.15,4.16,3,3,3,33.33
MS,Sharkey,2018,8,1.5,5.53,5.54,0,2,6,0.0
MS,Sharkey,2019,9,0.78,4.18,4.34,1,1,7,11.11
MS,Sharkey,2020,5,1.2,5.2,5.2,0,1,4,0.0
MS,Sharkey,2021,9,1.22,2.78,2.44,0,5,4,0.0
MS,Sharkey,2022,6,1.33,4.0,4.5,0,3,3,0.0
MS,Simpson,2017,5,1.4,2.41,2.45,3,0,2,60.0
MS,Simpson,2018,14,1.21,3.21,3.29,2,1,11,14.29
MS,Simpson,2019,23,1.22,2.69,2.72,5,4,14,21.74
MS,Simpson,2020,4,1.0,4.5,4.25,0,1,3,0.0
MS,Simpson,2021,42,1.14,4.36,4.38,6,15,21,14.29
MS,Simpson,2022,2,1.5,7.5,8.0,0,0,2,0.0
MS,Smith,2017,2,2.0,22.67,22.69,1,1,0,50.0
MS,Smith,2018,8,1.62,8.81,8.9,5,2,1,62.5
MS,Smith,2021,6,0.0,3.0,3.0,1,1,4,16.67
MS,Smith,2022,1,1.0,5.0,5.0,0,0,1,0.0
MS,Stone,2017,1,2.0,21.13,21.17,1,0,0,100.0
MS,Stone,2018,20,1.4,4.52,4.55,5,3,12,25.0
MS,Stone,2019,7,1.29,0.95,0.99,2,2,3,28.57
MS,Stone,2020,2,1.5,8.0,8.0,0,1,1,0.0
MS,Sunflower,2017,5,1.6,6.9,6.89,1,1,3,20.0
MS,Sunflower,2018,26,1.73,5.68,5.78,4,11,11,15.38
MS,Sunflower,2019,31,1.03,3.25,3.39,4,7,20,12.9
MS,Sunflower,2020,20,0.9,5.1,5.15,2,3,15,10.0
MS,Sunflower,2021,31,0.68,4.0,4.48,0,12,19,0.0
MS,Sunflower,2022,16,0.69,4.38,4.81,0,2,14,0.0
MS,Tallahatchie,2017,4,1.75,6.26,6.46,0,1,3,0.0
MS,Tallahatchie,2018,16,1.56,4.55,4.74,5,2,9,31.25
MS,Tallahatchie,2019,8,0.5,4.5,4.88,2,1,5,25.0
MS,Tallahatchie,2020,8,0.5,4.88,4.88,0,5,3,0.0
MS,Tallahatchie,2021,20,0.65,5.05,5.0,1,8,11,5.0
MS,Tallahatchie,2022,2,0.5,3.5,3.5,0,0,2,0.0
MS,Tate,2017,3,1.67,12.31,12.32,1,1,1,33.33
MS,Tate,2018,20,1.3,3.48,3.53,2,9,9,10.0
MS,Tate,2019,13,1.46,4.12,4.19,2,3,8,15.38
MS,Tate,2020,3,1.0,3.67,4.0,0,2,1,0.0
MS,Tate,2021,23,1.04,3.04,3.39,0,8,15,0.0
MS,Tate,2022,6,0.83,6.0,6.33,1,3,2,16.67
MS,Tippah,2017,6,1.5,8.17,8.18,4,0,2,66.67
MS,Tippah,2018,22,1.18,5.08,5.21,4,4,14,18.18
MS,Tippah,2019,5,1.2,8.05,8.05,3,2,0,60.0
MS,Tippah,2020,3,0.33,4.0,4.0,0,0,3,0.0
MS,Tippah,2021,10,0.5,2.9,3.3,0,6,4,0.0
MS,Tippah,2022,6,1.17,6.0,6.33,0,1,5,0.0
MS,Tishomingo,2017,4,1.5,3.07,3.07,1,2,1,25.0
MS,Tishomingo,2018,5,1.4,8.17,8.18,2,1,2,40.0
MS,Tishomingo,2019,7,1.29,1.56,1.56,4,2,1,57.14
MS,Tishomingo,2020,7,0.43,5.43,5.43,1,3,3,14.29
MS,Tishomingo,2021,25,0.92,4.6,5.0,0,8,17,0.0
MS,Tishomingo,2022,9,0.78,5.33,5.44,0,3,6,0.0
MS,Tunica,2017,6,1.5,1.67,1.67,1,2,3,16.67
MS,Tunica,2018,7,1.86,4.67,4.66,1,3,3,14.29
MS,Tunica,2019,20,1.3,2.97,2.97,4,9,7,20.0
MS,Tunica,2020,7,1.29,6.57,6.71,1,1,5,14.29
MS,Tunica,2021,6,1.17,3.0,3.33,0,4,2,0.0
MS,Tunica,2022,7,1.57,5.0,5.14,0,2,5,0.0
MS,Union,2017,5,2.0,9.31,9.31,3,2,0,60.0
MS,Union,2018,8,1.5,2.92,2.92,3,3,2,37.5
MS,Union,2019,7,1.14,2.55,2.55,6,1,0,85.71
MS,Union,2020,2,0.5,1.0,1.0,1,0,1,50.0
MS,Union,2021,11,0.91,3.36,3.73,4,4,3,36.36
MS,Union,2022,4,1.25,12.25,12.5,2,1,1,50.0
MS,Walthall,2017,2,1.5,19.11,19.3,0,2,0,0.0
MS,Walthall,2018,2,1.5,2.46,2.46,0,1,1,0.0
MS,Walthall,2019,3,1.0,3.64,3.42,0,2,1,0.0
MS,Walthall,2021,2,1.0,7.5,7.5,0,1,1,0.0
MS,Walthall,2022,1,1.0,6.0,6.0,0,0,1,0.0
MS,Warren,2017,19,1.26,2.49,2.5,3,2,14,15.79
MS,Warren,2018,11,1.73,7.87,7.89,6,1,4,54.55
MS,Warren,2019,22,1.36,4.35,4.4,8,7,7,36.36
MS,Warren,2020,15,1.8,9.2,9.2,3,9,3,20.0
MS,Warren,2021,77,1.44,5.74,5.9,6,25,46,7.79
MS,Warren,2022,22,1.55,5.5,5.5,0,8,14,0.0
MS,Washington,2017,13,1.38,3.83,3.87,2,5,6,15.38
MS,Washington,2018,24,1.46,5.48,5.5,4,13,7,16.67
MS,Washington,2019,18,1.06,6.18,6.19,5,4,9,27.78
MS,Washington,2020,25,1.6,2.04,3.6,1,6,18,4.0
MS,Washington,2021,40,1.27,2.35,3.5,1,18,21,2.5
MS,Washington,2022,7,0.86,6.14,5.86,0,4,3,0.0
MS,Wayne,2017,9,1.22,3.16,3.23,2,1,6,22.22
MS,Wayne,2018,15,1.73,7.87,7.91,4,4,7,26.67
MS,Wayne,2019,16,1.62,6.84,6.84,7,4,5,43.75
MS,Wayne,2020,6,1.33,6.17,6.33,1,2,3,16.67
MS,Wayne,2021,7,0.71,3.43,3.86,0,2,5,0.0
MS,Wayne,2022,2,1.0,6.0,6.0,0,1,1,0.0
MS,Webster,2017,1,1.0,4.43,4.55,0,1,0,0.0
MS,Webster,2018,7,1.43,4.01,4.01,1,5,1,14.29
MS,Webster,2019,5,1.2,3.5,3.5,1,3,1,20.0
MS,Webster,2020,4,0.5,4.0,4.0,0,2,2,0.0
MS,Webster,2021,37,1.24,4.51,4.54,2,11,24,5.41
MS,Wilkinson,2017,8,1.38,1.65,1.67,2,1,5,25.0
MS,Wilkinson,2018,10,1.3,6.33,6.33,3,3,4,30.0
MS,Wilkinson,2019,1,2.0,13.0,13.0,0,0,1,0.0
MS,Wilkinson,2020,2,2.0,7.5,7.5,0,0,2,0.0
MS,Wilkinson,2021,2,1.0,2.0,2.0,0,0,2,0.0
MS,Wilkinson,2022,2,0.5,3.5,3.5,0,1,1,0.0
MS,Winston,2017,1,1.0,2.07,2.07,0,0,1,0.0
MS,Winston,2018,6,2.0,14.96,14.98,4,2,0,66.67
MS,Winston,2019,6,0.67,3.97,4.32,1,2,3,16.67
MS,Winston,2020,5,1.0,7.0,7.0,0,2,3,0.0
MS,Winston,2021,9,0.44,3.67,3.78,2,2,5,22.22
MS,Winston,2022,1,0.0,1.0,1.0,0,0,1,0.0
MS,Yalobusha,2017,8,1.62,3.99,3.99,4,0,4,50.0
MS,Yalobusha,2018,15,1.6,2.32,2.32,9,1,5,60.0
MS,Yalobusha,2019,10,1.4,2.33,2.34,3,0,7,30.0
MS,Yalobusha,2020,4,1.0,6.5,6.5,0,2,2,0.0
MS,Yalobusha,2021,15,1.53,6.87,6.93,1,1,13,6.67
MS,Yalobusha,2022,5,1.8,10.8,11.0,0,1,4,0.0
MS,Yazoo,2017,5,1.2,3.94,4.01,1,2,2,20.0
MS,Yazoo,2018,28,1.57,3.15,3.19,7,4,17,25.0
MS,Yazoo,2019,23,1.35,3.48,3.5,5,6,12,21.74
MS,Yazoo,2020,14,0.57,4.57,4.57,1,7,6,7.14
MS,Yazoo,2021,21,0.9,4.62,4.62,0,6,15,0.0
MS,Yazoo,2022,5,0.6,5.2,5.2,0,0,5,0.0
MT,Beaverhead,2017,39,1.97,3.9,3.9,6,3,30,15.38
MT,Beaverhead,2018,25,2.28,5.94,5.95,4,7,14,16.0
MT,Beaverhead,2019,83,1.83,2.8,2.81,30,4,49,36.14
MT,Beaverhead,2020,6,2.0,5.83,5.83,2,0,4,33.33
MT,Beaverhead,2021,17,1.35,3.94,4.0,1,0,16,5.88
MT,Beaverhead,2022,14,1.71,3.79,3.86,1,1,12,7.14
MT,Big Horn,2017,70,1.39,1.92,1.92,34,6,30,48.57
MT,Big Horn,2018,120,1.72,3.56,3.59,33,14,73,27.5
MT,Big Horn,2019,25,1.44,3.34,3.38,6,1,18,24.0
MT,Big Horn,2020,11,1.55,5.18,5.36,3,1,7,27.27
MT,Big Horn,2021,169,1.05,4.69,4.9,83,10,76,49.11
MT,Big Horn,2022,44,1.16,4.16,5.11,20,9,15,45.45
MT,Blaine,2017,2,2.0,3.36,3.39,0,0,2,0.0
MT,Blaine,2020,330,1.51,4.56,4.59,17,116,197,5.15
MT,Blaine,2021,15,1.53,3.87,4.2,0,6,9,0.0
MT,Broadwater,2017,18,1.56,3.81,3.86,2,0,16,11.11
MT,Broadwater,2018,8,1.75,3.09,3.13,0,1,7,0.0
MT,Broadwater,2019,7,1.29,3.64,3.93,1,1,5,14.29
MT,Broadwater,2020,179,0.58,4.84,4.88,1,34,144,0.56
MT,Broadwater,2021,18,1.39,4.06,4.33,1,5,12,5.56
MT,Broadwater,2022,3,1.0,5.0,4.33,0,0,3,0.0
MT,Carbon,2017,7,1.43,1.84,1.84,1,1,5,14.29
MT,Carbon,2018,9,1.67,5.89,5.92,0,3,6,0.0
MT,Carbon,2019,5,1.0,2.6,2.63,1,1,3,20.0
MT,Carbon,2020,3,1.33,3.0,3.0,1,0,2,33.33
MT,Carbon,2021,28,1.18,4.39,4.5,1,2,25,3.57
MT,Carbon,2022,3,1.0,2.67,3.0,0,0,3,0.0
MT,Carter,2017,2,1.0,1.54,1.55,2,0,0,100.0
MT,Carter,2020,3,1.0,5.67,6.0,2,1,0,66.67
MT,Carter,2021,8,1.0,2.12,2.25,0,2,6,0.0
MT,Carter,2022,1,2.0,9.0,10.0,0,0,1,0.0
MT,Cascade,2017,19,2.0,4.83,4.91,5,4,10,26.32
MT,Cascade,2018,33,1.67,2.47,2.75,9,4,20,27.27
MT,Cascade,2019,12,1.42,2.88,3.11,4,3,5,33.33
MT,Cascade,2020,6,1.5,1.67,2.5,0,3,3,0.0
MT,Cascade,2021,164,1.63,3.37,3.93,1,66,97,0.61
MT,Cascade,2022,3,1.33,3.0,3.33,0,2,1,0.0
MT,Chouteau,2017,20,1.55,4.3,4.26,3,3,14,15.0
MT,Chouteau,2018,2,1.5,4.05,4.05,1,0,1,50.0
MT,Chouteau,2019,2,2.0,4.71,4.69,0,1,1,0.0
MT,Chouteau,2020,1,2.0,7.0,7.0,0,1,0,0.0
MT,Chouteau,2021,5,1.6,6.6,6.6,0,0,5,0.0
MT,Custer,2017,8,2.12,4.34,4.4,1,1,6,12.5
MT,Custer,2018,47,1.85,4.09,4.11,1,7,39,2.13
MT,Custer,2019,13,1.92,6.09,6.09,3,3,7,23.08
MT,Custer,2021,4,0.5,2.5,2.5,0,0,4,0.0
MT,Daniels,2020,4,0.5,4.25,4.25,0,1,3,0.0
MT,Daniels,2021,2,1.0,5.5,5.5,0,1,1,0.0
MT,Dawson,2017,5,2.2,4.85,4.84,0,1,4,0.0
MT,Dawson,2018,6,2.0,3.83,3.82,1,1,4,16.67
MT,Dawson,2021,12,1.25,2.17,2.33,3,0,9,25.0
MT,Dawson,2022,1,1.0,1.0,1.0,0,0,1,0.0
MT,Deer Lodge,2017,5,1.8,8.85,8.88,2,1,2,40.0
MT,Deer Lodge,2018,5,2.2,3.45,3.46,1,1,3,20.0
MT,Deer Lodge,2019,1,1.0,2.0,2.0,0,0,1,0.0
MT,Deer Lodge,2020,1,2.0,3.0,4.0,0,0,1,0.0
MT,Deer Lodge,2021,9,0.89,3.11,3.33,2,1,6,22.22
MT,Deer Lodge,2022,1,0.0,2.0,2.0,0,0,1,0.0
MT,Fallon,2018,3,1.0,5.29,5.31,2,0,1,66.67
MT,Fallon,2019,1,1.0,2.0,2.0,0,0,1,0.0
MT,Fallon,2020,2,2.0,8.5,8.5,0,0,2,0.0
MT,Fallon,2021,1,0.0,4.0,4.0,1,0,0,100.0
MT,Fergus,2017,4,1.5,5.27,5.47,2,1,1,50.0
MT,Fergus,2018,18,1.56,4.27,4.31,3,3,12,16.67
MT,Fergus,2019,3,1.0,2.87,2.86,2,0,1,66.67
MT,Fergus,2021,88,1.81,5.67,5.75,0,38,50,0.0
MT,Flathead,2017,11,1.64,3.57,3.76,1,4,6,9.09
MT,Flathead,2018,37,1.14,1.8,1.88,12,14,11,32.43
MT,Flathead,2019,5,1.2,3.4,3.6,2,3,0,40.0
MT,Flathead,2020,52,1.17,3.04,3.13,14,24,14,26.92
MT,Flathead,2021,47,1.43,3.77,4.3,9,15,23,19.15
MT,Flathead,2022,9,1.44,4.78,5.44,4,2,3,44.44
MT,Gallatin,2017,139,1.58,3.27,3.35,16,12,111,11.51
MT,Gallatin,2018,161,1.54,3.61,3.74,18,21,122,11.18
MT,Gallatin,2019,61,1.38,2.95,3.02,7,9,45,11.48
MT,Gallatin,2020,47,1.28,2.91,3.68,8,16,23,17.02
MT,Gallatin,2021,142,1.35,3.73,4.27,6,15,121,4.23
MT,Gallatin,2022,50,1.3,4.38,4.64,1,4,45,2.0
MT,Garfield,2021,16,1.81,4.5,4.5,0,4,12,0.0
MT,Garfield,2022,1,2.0,7.0,6.0,0,0,1,0.0
MT,Glacier,2017,4,1.75,5.86,5.89,1,1,2,25.0
MT,Glacier,2018,4,1.5,0.85,1.96,1,0,3,25.0
MT,Glacier,2019,2,1.5,8.0,8.0,0,0,2,0.0
MT,Glacier,2020,29,1.21,3.31,3.38,11,10,8,37.93
MT,Glacier,2021,31,1.1,4.35,4.74,0,6,25,0.0
MT,Glacier,2022,13,0.85,4.31,4.46,0,0,13,0.0
MT,Golden Valley,2017,2,1.5,2.37,2.33,1,0,1,50.0
MT,Golden Valley,2019,1,1.0,3.0,3.0,0,0,1,0.0
MT,Golden Valley,2020,1,1.0,2.0,2.0,1,0,0,100.0
MT,Granite,2017,28,1.71,4.39,4.42,6,2,20,21.43
MT,Granite,2018,26,2.0,6.21,6.25,7,0,19,26.92
MT,Granite,2019,19,1.95,4.03,4.08,10,0,9,52.63
MT,Granite,2020,9,1.44,3.0,3.0,0,0,9,0.0
MT,Granite,2021,6,1.33,2.5,2.67,0,0,6,0.0
MT,Granite,2022,8,1.75,4.0,4.25,0,0,8,0.0
MT,Hill,2017,3,1.33,2.4,2.35,2,0,1,66.67
MT,Hill,2018,1,1.0,2.7,2.57,0,0,1,0.0
MT,Hill,2019,2,1.0,5.0,5.0,0,1,1,0.0
MT,Hill,2020,32,1.28,4.22,4.34,9,9,14,28.12
MT,Hill,2021,4,1.25,3.0,3.0,0,2,2,0.0
MT,Hill,2022,1,1.0,7.0,7.0,0,1,0,0.0
MT,Jefferson,2017,155,1.71,3.74,3.77,12,14,129,7.74
MT,Jefferson,2018,165,1.89,3.84,3.91,11,20,134,6.67
MT,Jefferson,2019,85,1.73,3.36,3.38,8,10,67,9.41
MT,Jefferson,2020,46,1.46,2.22,3.37,2,1,43,4.35
MT,Jefferson,2021,123,1.55,2.09,3.21,0,3,120,0.0
MT,Jefferson,2022,28,1.68,3.75,3.89,1,1,26,3.57
MT,Judith Basin,2017,6,1.5,3.11,3.1,0,3,3,0.0
MT,Judith Basin,2018,52,2.0,5.62,5.63,5,19,28,9.62
MT,Judith Basin,2019,1,1.0,4.0,4.0,0,0,1,0.0
MT,Judith Basin,2021,7,1.86,6.57,6.57,0,1,6,0.0
MT,Lake,2017,6,1.67,1.94,1.98,0,0,6,0.0
MT,Lake,2018,14,1.43,5.28,5.27,3,3,8,21.43
MT,Lake,2019,4,1.5,8.98,8.99,1,0,3,25.0
MT,Lake,2020,4,1.5,4.75,5.0,2,0,2,50.0
MT,Lake,2021,7,1.71,8.29,8.29,0,2,5,0.0
MT,Lake,2022,1,2.0,7.0,8.0,0,0,1,0.0
MT,Lewis And Clark,2017,7,1.86,5.0,5.39,1,3,3,14.29
MT,Lewis And Clark,2018,22,1.82,2.6,2.84,3,10,9,13.64
MT,Lewis and Clark,2017,62,1.73,3.83,4.09,10,10,42,16.13
MT,Lewis and Clark,2018,73,2.0,4.78,5.09,10,26,37,13.7
MT,Lewis and Clark,2019,32,1.69,5.06,5.43,11,8,13,34.38
MT,Lewis and Clark,2020,33,1.09,2.33,2.94,4,8,21,12.12
MT,Lewis and Clark,2021,50,1.24,1.76,2.7,1,17,32,2.0
MT,Lewis and Clark,2022,16,1.56,3.5,4.0,0,4,12,0.0
MT,Liberty,2018,9,1.33,3.43,3.42,2,3,4,22.22
MT,Liberty,2019,2,1.0,2.5,2.0,2,0,0,100.0
MT,Liberty,2020,11,0.91,3.55,3.64,5,2,4,45.45
MT,Liberty,2021,12,1.75,5.42,5.58,0,4,8,0.0
MT,Lincoln,2018,8,1.38,2.6,2.56,3,1,4,37.5
MT,Lincoln,2019,6,1.0,1.67,2.67,1,1,4,16.67
MT,Lincoln,2020,40,1.15,2.55,3.25,4,18,18,10.0
MT,Lincoln,2021,12,1.08,4.67,4.75,0,0,12,0.0
MT,Madison,2017,9,1.56,3.59,3.55,3,2,4,33.33
MT,Madison,2018,15,1.73,7.46,7.48,3,5,7,20.0
MT,Madison,2019,18,1.44,4.56,4.68,4,2,12,22.22
MT,Madison,2020,20,0.35,3.65,3.65,7,5,8,35.0
MT,Madison,2021,24,0.62,4.17,4.54,1,0,23,4.17
MT,Madison,2022,7,0.57,5.14,5.43,1,0,6,14.29
MT,McCone,2018,1,2.0,7.37,7.38,0,0,1,0.0
MT,McCone,2021,3,1.33,2.67,3.0,0,1,2,0.0
MT,McCone,2022,1,2.0,7.0,7.0,0,0,1,0.0
MT,Mccone,2017,1,2.0,5.13,5.18,0,0,1,0.0
MT,Meagher,2017,2,1.5,3.55,3.55,1,0,1,50.0
MT,Meagher,2021,3,1.33,5.0,5.33,0,0,3,0.0
MT,Mineral,2017,126,1.79,3.74,3.82,5,23,98,3.97
MT,Mineral,2018,178,1.87,4.03,4.08,4,35,139,2.25
MT,Mineral,2019,76,1.74,2.91,2.98,6,12,58,7.89
MT,Mineral,2020,64,1.59,2.81,3.42,2,5,57,3.12
MT,Mineral,2021,148,1.58,2.55,3.21,7,2,139,4.73
MT,Mineral,2022,44,1.52,3.27,3.55,1,1,42,2.27
MT,Missoula,2017,76,1.55,3.29,3.49,13,21,42,17.11
MT,Missoula,2018,133,1.62,3.14,3.66,28,37,68,21.05
MT,Missoula,2019,72,1.57,3.81,4.34,33,23,16,45.83
MT,Missoula,2020,34,1.35,3.65,4.47,2,14,18,5.88
MT,Missoula,2021,60,1.38,2.53,3.32,5,30,25,8.33
MT,Missoula,2022,12,1.5,3.92,4.0,1,1,10,8.33
MT,Musselshell,2018,7,1.71,3.83,3.91,1,1,5,14.29
MT,Musselshell,2019,1,0.0,4.43,4.37,0,0,1,0.0
MT,Park,2017,64,1.56,3.14,3.34,2,7,55,3.12
MT,Park,2018,80,1.62,2.45,3.44,10,10,60,12.5
MT,Park,2019,41,1.39,4.21,4.23,9,13,19,21.95
MT,Park,2020,27,1.33,3.74,4.11,0,4,23,0.0
MT,Park,2021,26,1.35,4.27,4.42,0,3,23,0.0
MT,Park,2022,23,1.17,3.78,4.13,1,1,21,4.35
MT,Phillips,2017,2,1.0,2.87,3.41,0,0,2,0.0
MT,Phillips,2018,5,1.4,3.23,3.22,3,1,1,60.0
MT,Phillips,2019,3,1.0,1.67,1.67,2,0,1,66.67
MT,Phillips,2020,16,1.19,3.25,3.38,10,3,3,62.5
MT,Phillips,2021,5,1.4,3.2,3.4,0,1,4,0.0
MT,Pondera,2017,2,1.5,2.96,3.01,0,0,2,0.0
MT,Pondera,2018,3,2.0,4.84,4.86,0,0,3,0.0
MT,Pondera,2019,4,0.75,3.06,3.06,0,1,3,0.0
MT,Pondera,2020,10,0.8,3.2,3.6,0,5,5,0.0
MT,Pondera,2021,10,1.2,4.7,5.2,0,1,9,0.0
MT,Pondera,2022,1,1.0,1.0,1.0,0,0,1,0.0
MT,Powder River,2017,289,1.72,5.81,5.81,43,195,51,14.88
MT,Powder River,2018,76,1.72,4.24,5.21,18,36,22,23.68
MT,Powder River,2019,2,1.5,3.27,3.27,1,0,1,50.0
MT,Powder River,2021,5,1.2,4.2,4.2,0,2,3,0.0
MT,Powder River,2022,2,1.0,2.5,2.5,0,0,2,0.0
MT,Powell,2017,49,1.73,4.37,4.4,5,4,40,10.2
MT,Powell,2018,61,1.92,5.14,5.26,6,6,49,9.84
MT,Powell,2019,37,1.97,3.15,3.16,13,2,22,35.14
MT,Powell,2020,14,1.79,2.64,3.86,0,4,10,0.0
MT,Powell,2021,55,1.58,2.87,3.4,0,11,44,0.0
MT,Powell,2022,14,1.57,2.93,3.29,0,0,14,0.0
MT,Prairie,2017,3,2.0,3.22,3.22,1,1,1,33.33
MT,Prairie,2018,8,2.0,1.91,1.89,1,1,6,12.5
MT,Prairie,2019,3,2.0,1.0,1.0,0,0,3,0.0
MT,Prairie,2020,4,1.75,5.0,5.25,0,0,4,0.0
MT,Ravalli,2017,17,1.47,4.2,4.4,7,4,6,41.18
MT,Ravalli,2018,9,1.89,5.3,5.52,0,2,7,0.0
MT,Ravalli,2019,2,1.0,4.0,4.0,1,0,1,50.0
MT,Ravalli,2020,5,1.4,3.0,3.2,1,3,1,20.0
MT,Ravalli,2021,7,1.57,3.14,5.57,2,3,2,28.57
MT,Ravalli,2022,2,1.0,4.5,4.0,0,1,1,0.0
MT,Richland,2017,2,1.5,4.07,4.17,0,0,2,0.0
MT,Richland,2018,43,1.79,5.68,5.7,1,1,41,2.33
MT,Richland,2019,2,1.5,4.89,4.93,0,1,1,0.0
MT,Richland,2020,1,2.0,9.0,9.0,0,0,1,0.0
MT,Richland,2021,2,2.0,5.5,6.0,1,0,1,50.0
MT,Roosevelt,2017,2,1.5,2.96,2.98,1,0,1,50.0
MT,Roosevelt,2018,4,1.5,3.57,3.68,2,1,1,50.0
MT,Roosevelt,2019,73,1.41,4.34,4.43,2,25,46,2.74
MT,Roosevelt,2020,81,1.1,2.42,2.99,17,44,20,20.99
MT,Roosevelt,2021,17,1.41,6.06,6.29,0,0,17,0.0
MT,Roosevelt,2022,4,1.5,3.25,3.5,0,0,4,0.0
MT,Rosebud,2017,113,1.18,1.66,1.67,91,18,4,80.53
MT,Rosebud,2018,59,1.64,4.23,4.27,11,26,22,18.64
MT,Rosebud,2019,7,1.43,5.94,5.94,2,3,2,28.57
MT,Rosebud,2020,9,1.67,4.78,5.33,1,8,0,11.11
MT,Rosebud,2021,10,1.9,5.2,5.4,0,3,7,0.0
MT,Rosebud,2022,7,1.57,4.29,4.29,0,1,6,0.0
MT,Sanders,2017,1,2.0,0.02,0.02,0,1,0,0.0
MT,Sanders,2018,2,1.0,3.92,3.9,1,0,1,50.0
MT,Sanders,2019,3,0.67,2.04,2.49,0,1,2,0.0
MT,Sanders,2020,1,2.0,16.0,15.0,1,0,0,100.0
MT,Sanders,2021,9,1.0,2.89,2.89,1,1,7,11.11
MT,Sheridan,2018,3,0.33,3.76,3.77,0,2,1,0.0
MT,Sheridan,2020,21,0.86,5.38,5.43,2,14,5,9.52
MT,Silver Bow,2017,60,1.72,3.1,3.19,4,9,47,6.67
MT,Silver Bow,2018,51,2.0,4.29,4.32,3,6,42,5.88
MT,Silver Bow,2019,29,1.59,2.14,2.21,3,2,24,10.34
MT,Silver Bow,2020,24,1.42,2.54,2.92,0,5,19,0.0
MT,Silver Bow,2021,36,1.44,2.44,2.94,0,2,34,0.0
MT,Silver Bow,2022,12,1.67,4.25,4.33,0,3,9,0.0
MT,Stillwater,2017,49,1.55,3.26,3.28,15,5,29,30.61
MT,Stillwater,2018,84,1.67,2.98,3.01,16,5,63,19.05
MT,Stillwater,2019,31,1.61,1.98,1.98,11,1,19,35.48
MT,Stillwater,2020,21,1.38,2.33,2.67,1,0,20,4.76
MT,Stillwater,2021,35,1.34,3.17,3.34,5,4,26,14.29
MT,Stillwater,2022,15,1.33,2.33,2.4,0,0,15,0.0
MT,Sweet Grass,2017,49,1.57,2.51,2.54,7,1,41,14.29
MT,Sweet Grass,2018,63,1.71,2.7,2.72,7,4,52,11.11
MT,Sweet Grass,2019,33,1.61,2.6,2.61,9,3,21,27.27
MT,Sweet Grass,2020,26,1.69,4.38,5.0,2,2,22,7.69
MT,Sweet Grass,2021,23,1.48,3.65,3.74,0,0,23,0.0
MT,Sweet Grass,2022,7,1.29,3.0,3.14,0,0,7,0.0
MT,Teton,2017,3,2.0,7.91,8.26,0,0,3,0.0
MT,Teton,2019,2,2.0,5.25,5.35,0,0,2,0.0
MT,Teton,2021,6,0.5,3.67,3.83,0,1,5,0.0
MT,Toole,2017,2,1.5,1.61,1.72,1,0,1,50.0
MT,Toole,2018,37,1.76,5.28,5.31,1,16,20,2.7
MT,Toole,2019,6,1.67,5.42,5.5,1,1,4,16.67
MT,Toole,2020,34,1.59,3.06,3.41,17,4,13,50.0
MT,Toole,2021,17,1.24,1.41,2.18,2,3,12,11.76
MT,Toole,2022,1,2.0,3.0,3.0,0,0,1,0.0
MT,Treasure,2017,2,1.5,2.66,2.65,0,0,2,0.0
MT,Treasure,2018,19,1.79,4.2,4.22,1,2,16,5.26
MT,Treasure,2019,2,2.0,2.4,2.43,1,0,1,50.0
MT,Treasure,2021,1,2.0,3.0,3.0,0,0,1,0.0
MT,Treasure,2022,4,1.5,3.5,3.5,0,0,4,0.0
MT,Valley,2018,4,1.25,1.05,1.04,2,1,1,50.0
MT,Valley,2019,6,1.33,5.0,5.02,1,3,2,16.67
MT,Valley,2020,35,1.06,3.43,3.54,6,8,21,17.14
MT,Valley,2021,4,1.0,3.0,3.25,0,1,3,0.0
MT,Wheatland,2017,10,1.6,6.17,6.16,3,0,7,30.0
MT,Wheatland,2018,5,2.0,9.47,9.4,1,2,2,20.0
MT,Wheatland,2019,6,1.5,4.38,4.37,1,3,2,16.67
MT,Wheatland,2021,5,1.6,4.0,4.0,0,2,3,0.0
MT,Wibaux,2017,1,3.0,10.0,10.07,1,0,0,100.0
MT,Wibaux,2018,5,1.8,6.42,6.43,1,1,3,20.0
MT,Wibaux,2021,2,2.5,9.5,9.5,0,1,1,0.0
MT,Wibaux,2022,1,2.0,9.0,9.0,0,0,1,0.0
MT,Yellowstone,2017,89,1.38,2.03,2.08,21,14,54,23.6
MT,Yellowstone,2018,98,1.71,3.25,3.29,14,17,67,14.29
MT,Yellowstone,2019,49,1.47,3.55,3.53,11,12,26,22.45
MT,Yellowstone,2020,38,1.32,3.05,3.84,11,14,13,28.95
MT,Yellowstone,2021,39,1.15,3.28,3.49,1,7,31,2.56
MT,Yellowstone,2022,31,1.39,4.65,4.97,2,4,25,6.45
NC,Alamance,2017,30,1.73,6.25,6.3,11,12,7,36.67
NC,Alamance,2018,58,1.34,5.19,5.27,16,20,22,27.59
NC,Alamance,2019,29,0.86,3.12,3.28,1,21,7,3.45
NC,Alamance,2020,3,1.33,3.33,3.67,1,2,0,33.33
NC,Alamance,2021,17,1.29,2.94,2.94,2,8,7,11.76
NC,Alamance,2022,14,1.36,7.57,7.57,3,3,8,21.43
NC,Alexander,2017,4,1.25,3.54,3.56,0,2,2,0.0
NC,Alexander,2018,7,1.14,1.65,1.71,2,2,3,28.57
NC,Alexander,2019,5,0.2,2.07,2.08,1,2,2,20.0
NC,Alexander,2020,1,0.0,2.0,2.0,0,0,1,0.0
NC,Alexander,2022,2,0.5,6.5,6.5,0,0,2,0.0
NC,Alleghany,2018,4,2.0,2.39,2.41,0,2,2,0.0
NC,Alleghany,2019,4,0.75,6.0,6.0,1,1,2,25.0
NC,Alleghany,2020,3,0.67,4.33,5.0,1,0,2,33.33
NC,Alleghany,2021,2,1.5,7.5,7.5,0,1,1,0.0
NC,Alleghany,2022,5,0.6,4.8,4.8,0,2,3,0.0
NC,Anson,2017,6,1.0,1.7,1.82,1,0,5,16.67
NC,Anson,2018,34,1.44,4.36,4.53,6,2,26,17.65
NC,Anson,2019,33,0.94,3.68,3.72,13,7,13,39.39
NC,Anson,2020,3,1.0,3.67,4.33,3,0,0,100.0
NC,Anson,2021,7,1.14,3.71,3.71,4,1,2,57.14
NC,Anson,2022,17,1.06,6.0,6.18,7,5,5,41.18
NC,Ashe,2017,8,1.88,6.27,6.41,0,5,3,0.0
NC,Ashe,2018,16,1.81,7.38,7.56,6,7,3,37.5
NC,Ashe,2019,6,0.5,3.68,3.87,1,2,3,16.67
NC,Ashe,2020,2,0.5,4.0,5.5,0,2,0,0.0
NC,Ashe,2022,9,0.89,5.33,5.56,4,2,3,44.44
NC,Avery,2017,4,1.0,5.6,5.6,2,0,2,50.0
NC,Avery,2018,5,1.8,3.86,3.83,4,1,0,80.0
NC,Avery,2019,6,0.67,10.45,10.95,2,1,3,33.33
NC,Avery,2020,8,0.62,5.12,5.38,0,1,7,0.0
NC,Avery,2021,1,0.0,1.0,2.0,0,0,1,0.0
NC,Avery,2022,13,0.46,4.69,4.85,8,4,1,61.54
NC,Beaufort,2017,7,1.86,8.35,8.41,3,3,1,42.86
NC,Beaufort,2018,7,1.43,4.75,4.78,1,1,5,14.29
NC,Beaufort,2019,11,0.82,2.5,2.68,1,4,6,9.09
NC,Beaufort,2020,3,0.67,3.67,3.67,0,1,2,0.0
NC,Beaufort,2022,14,0.57,5.14,5.43,0,4,10,0.0
NC,Bertie,2017,2,2.0,5.78,5.81,0,1,1,0.0
NC,Bertie,2018,14,1.43,6.86,6.89,3,5,6,21.43
NC,Bertie,2019,8,1.38,5.94,6.08,1,6,1,12.5
NC,Bertie,2020,3,1.0,4.0,4.0,0,1,2,0.0
NC,Bertie,2021,2,1.0,2.5,3.0,0,1,1,0.0
NC,Bertie,2022,9,1.11,5.78,5.89,2,2,5,22.22
NC,Bladen,2017,24,1.5,6.81,6.86,6,7,11,25.0
NC,Bladen,2018,67,1.34,6.71,6.74,21,23,23,31.34
NC,Bladen,2019,17,0.71,5.71,5.65,3,5,9,17.65
NC,Bladen,2020,5,0.4,4.6,4.8,4,0,1,80.0
NC,Bladen,2021,13,0.54,5.0,5.0,1,2,10,7.69
NC,Bladen,2022,9,0.78,5.78,5.67,2,3,4,22.22
NC,Brunswick,2017,21,1.24,3.23,3.28,3,6,12,14.29
NC,Brunswick,2018,96,0.99,2.96,3.1,6,31,59,6.25
NC,Brunswick,2019,22,1.09,5.29,5.78,4,5,13,18.18
NC,Brunswick,2020,17,0.76,5.47,5.59,4,8,5,23.53
NC,Brunswick,2021,17,1.24,5.47,5.94,5,6,6,29.41
NC,Brunswick,2022,18,1.5,8.33,8.61,8,4,6,44.44
NC,Buncombe,2017,206,1.45,4.07,4.44,50,100,56,24.27
NC,Buncombe,2018,467,1.54,3.54,4.17,106,209,152,22.7
NC,Buncombe,2019,323,1.24,3.62,3.99,84,136,103,26.01
NC,Buncombe,2020,169,1.22,5.07,5.51,38,87,44,22.49
NC,Buncombe,2021,350,1.47,3.91,4.8,22,146,182,6.29
NC,Buncombe,2022,188,1.3,5.96,6.35,16,67,105,8.51
NC,Burke,2017,25,1.56,5.63,5.67,9,11,5,36.0
NC,Burke,2018,107,1.74,4.15,4.2,24,32,51,22.43
NC,Burke,2019,137,1.74,3.52,3.54,31,56,50,22.63
NC,Burke,2020,16,1.62,4.19,4.06,1,3,12,6.25
NC,Burke,2021,12,1.33,3.25,3.25,0,2,10,0.0
NC,Burke,2022,29,1.52,7.41,7.38,3,4,22,10.34
NC,Cabarrus,2017,164,1.19,2.27,2.6,29,67,68,17.68
NC,Cabarrus,2018,253,1.26,3.17,3.66,46,93,114,18.18
NC,Cabarrus,2019,96,0.78,3.1,3.38,45,29,22,46.88
NC,Cabarrus,2020,21,0.43,3.9,4.29,4,10,7,19.05
NC,Cabarrus,2021,31,1.16,5.26,5.52,7,15,9,22.58
NC,Cabarrus,2022,49,0.96,5.2,5.29,4,18,27,8.16
NC,Caldwell,2017,11,1.45,2.55,2.62,1,6,4,9.09
NC,Caldwell,2018,45,1.44,5.0,5.09,9,18,18,20.0
NC,Caldwell,2019,35,1.37,5.35,5.47,6,15,14,17.14
NC,Caldwell,2020,7,1.57,9.0,9.29,1,4,2,14.29
NC,Caldwell,2021,9,1.22,2.67,3.11,0,1,8,0.0
NC,Caldwell,2022,20,1.1,5.3,5.05,1,2,17,5.0
NC,Camden,2017,2,1.5,6.2,6.25,0,1,1,0.0
NC,Camden,2018,1,2.0,6.65,6.65,0,0,1,0.0
NC,Camden,2019,2,2.0,5.03,5.04,1,0,1,50.0
NC,Camden,2020,1,2.0,11.0,11.0,0,1,0,0.0
NC,Camden,2021,1,2.0,8.0,8.0,0,0,1,0.0
NC,Camden,2022,2,0.5,4.0,4.0,0,0,2,0.0
NC,Carteret,2017,4,1.0,5.83,6.03,0,2,2,0.0
NC,Carteret,2018,26,1.46,5.52,5.85,1,21,4,3.85
NC,Carteret,2019,4,1.5,4.77,5.34,1,1,2,25.0
NC,Carteret,2021,1,1.0,10.0,11.0,1,0,0,100.0
NC,Carteret,2022,1,1.0,8.0,10.0,1,0,0,100.0
NC,Caswell,2017,9,1.22,4.63,4.67,2,4,3,22.22
NC,Caswell,2018,19,1.16,4.77,4.82,3,2,14,15.79
NC,Caswell,2019,3,0.67,4.0,4.0,0,1,2,0.0
NC,Caswell,2020,1,1.0,5.0,5.0,0,0,1,0.0
NC,Caswell,2022,5,0.8,5.0,5.0,0,2,3,0.0
NC,Catawba,2017,35,1.31,3.49,3.74,11,14,10,31.43
NC,Catawba,2018,95,1.32,3.72,4.02,16,29,50,16.84
NC,Catawba,2019,93,1.54,3.28,3.34,16,41,36,17.2
NC,Catawba,2020,23,1.3,5.78,6.0,3,10,10,13.04
NC,Catawba,2021,32,1.31,3.69,3.97,2,10,20,6.25
NC,Catawba,2022,26,1.12,7.15,7.31,4,5,17,15.38
NC,Chatham,2017,20,1.1,1.83,1.99,3,5,12,15.0
NC,Chatham,2018,84,1.52,3.78,3.85,9,20,55,10.71
NC,Chatham,2019,20,1.0,5.47,5.44,3,12,5,15.0
NC,Chatham,2020,15,0.87,6.53,6.6,4,7,4,26.67
NC,Chatham,2021,4,0.75,4.75,4.75,0,2,2,0.0
NC,Chatham,2022,16,0.81,4.19,4.25,1,2,13,6.25
NC,Cherokee,2017,10,1.3,2.59,2.62,3,1,6,30.0
NC,Cherokee,2018,17,1.41,5.68,5.7,6,2,9,35.29
NC,Cherokee,2019,9,1.22,10.99,11.01,6,1,2,66.67
NC,Cherokee,2020,7,1.29,3.14,3.14,0,3,4,0.0
NC,Cherokee,2021,2,2.0,4.5,5.5,1,1,0,50.0
NC,Cherokee,2022,3,1.33,3.0,3.33,1,1,1,33.33
NC,Chowan,2018,5,1.4,12.06,12.18,0,2,3,0.0
NC,Chowan,2019,1,1.0,2.0,2.0,0,0,1,0.0
NC,Chowan,2020,1,0.0,4.0,4.0,0,0,1,0.0
NC,Chowan,2021,1,1.0,2.0,2.0,0,0,1,0.0
NC,Chowan,2022,2,0.5,4.5,4.5,0,0,2,0.0
NC,Clay,2017,6,1.83,5.0,5.11,2,3,1,33.33
NC,Clay,2018,6,1.33,1.18,1.24,0,3,3,0.0
NC,Clay,2019,1,2.0,11.62,11.67,1,0,0,100.0
NC,Clay,2020,2,0.0,1.5,2.0,0,0,2,0.0
NC,Clay,2021,4,0.0,3.75,4.0,0,0,4,0.0
NC,Clay,2022,1,1.0,6.0,5.0,0,0,1,0.0
NC,Cleveland,2017,54,1.17,1.82,2.19,7,24,23,12.96
NC,Cleveland,2018,78,1.24,2.42,2.85,21,37,20,26.92
NC,Cleveland,2019,27,1.19,2.42,2.64,12,10,5,44.44
NC,Cleveland,2020,13,1.23,5.69,6.31,2,6,5,15.38
NC,Cleveland,2021,8,1.25,2.88,4.38,1,4,3,12.5
NC,Cleveland,2022,32,0.66,4.69,4.72,2,9,21,6.25
NC,Columbus,2017,6,1.67,3.88,3.92,4,0,2,66.67
NC,Columbus,2018,41,1.22,3.98,4.24,14,7,20,34.15
NC,Columbus,2019,16,1.25,5.87,5.95,8,5,3,50.0
NC,Columbus,2020,9,0.67,5.78,6.44,6,2,1,66.67
NC,Columbus,2021,14,1.14,6.14,6.5,6,4,4,42.86
NC,Columbus,2022,13,1.08,5.23,5.85,5,0,8,38.46
NC,Craven,2017,28,1.29,2.74,2.99,6,19,3,21.43
NC,Craven,2018,58,1.38,4.75,4.97,17,12,29,29.31
NC,Craven,2019,37,0.92,5.31,5.74,10,12,15,27.03
NC,Craven,2020,16,0.69,4.81,4.94,3,5,8,18.75
NC,Craven,2021,7,0.43,4.14,4.43,0,2,5,0.0
NC,Craven,2022,15,0.07,2.8,2.8,1,1,13,6.67
NC,Cumberland,2017,78,1.58,5.61,5.91,29,31,18,37.18
NC,Cumberland,2018,166,1.46,4.28,4.74,56,55,55,33.73
NC,Cumberland,2019,112,1.03,3.03,3.76,39,39,34,34.82
NC,Cumberland,2020,53,0.98,5.7,6.64,10,26,17,18.87
NC,Cumberland,2021,121,1.23,4.02,4.55,19,57,45,15.7
NC,Cumberland,2022,73,1.19,4.42,4.55,8,24,41,10.96
NC,Currituck,2017,1,2.0,18.02,18.02,0,1,0,0.0
NC,Currituck,2018,14,1.86,6.94,6.95,1,7,6,7.14
NC,Currituck,2019,13,0.77,3.64,3.65,0,4,9,0.0
NC,Currituck,2020,9,0.67,4.89,4.89,2,3,4,22.22
NC,Currituck,2021,19,0.32,3.89,3.89,1,9,9,5.26
NC,Currituck,2022,17,0.47,5.06,5.29,1,4,12,5.88
NC,Dare,2017,51,0.98,4.04,5.98,5,26,20,9.8
NC,Dare,2018,178,0.93,3.82,6.35,27,78,73,15.17
NC,Dare,2019,35,0.83,6.14,6.4,0,18,17,0.0
NC,Dare,2020,43,0.7,5.93,6.93,5,23,15,11.63
NC,Dare,2021,88,0.59,5.03,7.07,6,32,50,6.82
NC,Dare,2022,22,0.77,4.73,7.09,0,11,11,0.0
NC,Davidson,2017,16,1.31,4.81,4.94,3,3,10,18.75
NC,Davidson,2018,89,1.29,4.6,4.82,18,16,55,20.22
NC,Davidson,2019,37,0.54,3.14,3.21,9,9,19,24.32
NC,Davidson,2020,8,0.88,3.75,3.75,1,4,3,12.5
NC,Davidson,2021,9,0.89,4.78,4.78,0,3,6,0.0
NC,Davidson,2022,42,0.55,4.43,4.43,2,3,37,4.76
NC,Davie,2017,61,1.51,3.29,3.53,9,13,39,14.75
NC,Davie,2018,117,1.61,3.58,4.19,8,25,84,6.84
NC,Davie,2019,100,1.59,3.96,3.96,12,29,59,12.0
NC,Davie,2020,27,1.37,2.67,2.93,0,6,21,0.0
NC,Davie,2021,67,1.4,2.91,3.72,2,24,41,2.99
NC,Davie,2022,30,1.17,4.0,3.97,1,7,22,3.33
NC,Duplin,2017,16,1.75,3.29,3.37,6,5,5,37.5
NC,Duplin,2018,36,1.08,5.05,5.08,10,12,14,27.78
NC,Duplin,2019,57,1.32,2.81,3.18,30,4,23,52.63
NC,Duplin,2020,8,0.62,3.75,4.0,3,0,5,37.5
NC,Duplin,2021,4,1.5,4.5,4.5,0,0,4,0.0
NC,Duplin,2022,11,1.0,4.18,4.18,1,3,7,9.09
NC,Durham,2017,149,1.27,3.36,4.11,30,76,43,20.13
NC,Durham,2018,360,1.22,3.14,3.96,52,163,145,14.44
NC,Durham,2019,305,0.85,2.73,3.58,65,133,107,21.31
NC,Durham,2020,61,0.82,5.34,5.72,18,30,13,29.51
NC,Durham,2021,109,1.08,3.94,4.24,12,45,52,11.01
NC,Durham,2022,119,1.14,5.25,5.57,20,42,57,16.81
NC,Edgecombe,2017,5,1.8,6.35,6.49,1,4,0,20.0
NC,Edgecombe,2018,15,1.53,7.38,7.39,3,6,6,20.0
NC,Edgecombe,2019,12,0.83,7.56,7.64,3,3,6,25.0
NC,Edgecombe,2020,8,0.38,4.0,4.12,6,0,2,75.0
NC,Edgecombe,2021,6,0.0,3.5,3.5,0,1,5,0.0
NC,Edgecombe,2022,9,0.78,5.0,5.0,1,2,6,11.11
NC,Forsyth,2017,160,1.48,4.54,5.12,52,62,46,32.5
NC,Forsyth,2018,365,1.55,4.29,4.79,93,167,105,25.48
NC,Forsyth,2019,260,1.22,4.49,4.76,69,70,121,26.54
NC,Forsyth,2020,53,0.87,4.58,4.83,9,18,26,16.98
NC,Forsyth,2021,88,0.88,4.5,4.78,15,43,30,17.05
NC,Forsyth,2022,153,0.85,5.2,5.42,19,61,73,12.42
NC,Franklin,2017,6,0.83,1.98,2.04,0,3,3,0.0
NC,Franklin,2018,15,1.47,5.41,5.44,3,3,9,20.0
NC,Franklin,2019,15,1.07,2.33,2.42,4,6,5,26.67
NC,Franklin,2020,2,2.0,7.0,7.5,0,1,1,0.0
NC,Franklin,2021,4,1.0,4.75,4.75,0,2,2,0.0
NC,Franklin,2022,10,1.0,4.8,4.9,1,2,7,10.0
NC,Gaston,2017,156,1.31,2.0,2.76,42,99,15,26.92
NC,Gaston,2018,278,1.26,2.42,3.11,72,168,38,25.9
NC,Gaston,2019,142,0.77,2.25,3.02,31,56,55,21.83
NC,Gaston,2020,73,1.29,2.42,3.3,3,28,42,4.11
NC,Gaston,2021,277,1.49,3.37,3.94,6,85,186,2.17
NC,Gaston,2022,205,1.5,4.08,4.98,8,71,126,3.9
NC,Gates,2018,1,2.0,5.18,5.2,0,0,1,0.0
NC,Gates,2019,2,0.5,3.5,3.5,1,0,1,50.0
NC,Gates,2021,1,1.0,5.0,5.0,0,0,1,0.0
NC,Gates,2022,5,0.6,5.0,5.2,0,0,5,0.0
NC,Graham,2017,1,2.0,11.2,10.95,1,0,0,100.0
NC,Graham,2018,2,2.0,8.71,8.7,1,1,0,50.0
NC,Graham,2019,2,0.5,5.05,5.11,0,0,2,0.0
NC,Graham,2021,1,1.0,7.0,7.0,1,0,0,100.0
NC,Graham,2022,1,1.0,8.0,8.0,0,0,1,0.0
NC,Granville,2017,7,1.71,7.04,7.08,3,3,1,42.86
NC,Granville,2018,16,1.62,5.12,5.24,5,6,5,31.25
NC,Granville,2019,5,1.2,3.4,3.7,3,1,1,60.0
NC,Granville,2020,7,0.71,4.57,4.71,1,4,2,14.29
NC,Granville,2021,4,1.25,2.5,2.5,1,1,2,25.0
NC,Granville,2022,11,1.27,5.82,5.82,1,1,9,9.09
NC,Greene,2018,7,1.0,2.33,2.54,0,1,6,0.0
NC,Greene,2019,4,1.0,7.25,7.25,1,1,2,25.0
NC,Greene,2020,4,0.25,2.5,2.5,1,0,3,25.0
NC,Greene,2021,1,0.0,4.0,4.0,0,0,1,0.0
NC,Greene,2022,1,0.0,3.0,4.0,0,0,1,0.0
NC,Guilford,2017,136,1.6,4.33,4.59,54,58,24,39.71
NC,Guilford,2018,344,1.68,4.73,4.83,129,101,114,37.5
NC,Guilford,2019,198,1.31,4.04,4.21,102,60,36,51.52
NC,Guilford,2020,81,1.14,4.95,5.17,18,44,19,22.22
NC,Guilford,2021,82,1.32,4.02,4.63,11,44,27,13.41
NC,Guilford,2022,146,1.02,4.47,4.62,13,38,95,8.9
NC,Halifax,2017,28,1.5,4.25,4.25,4,4,20,14.29
NC,Halifax,2018,56,1.55,4.17,4.75,7,18,31,12.5
NC,Halifax,2019,35,1.63,3.02,3.06,9,7,19,25.71
NC,Halifax,2020,12,0.92,7.33,7.42,5,5,2,41.67
NC,Halifax,2021,31,1.35,3.87,3.9,2,9,20,6.45
NC,Halifax,2022,39,1.23,5.13,5.13,0,9,30,0.0
NC,Harnett,2017,41,1.32,4.35,4.41,3,17,21,7.32
NC,Harnett,2018,80,1.18,3.17,3.26,18,16,46,22.5
NC,Harnett,2019,49,0.92,3.65,3.75,19,10,20,38.78
NC,Harnett,2020,15,1.33,6.93,7.0,4,2,9,26.67
NC,Harnett,2021,40,1.72,4.82,4.95,9,8,23,22.5
NC,Harnett,2022,59,1.37,5.39,5.47,14,14,31,23.73
NC,Haywood,2017,37,1.62,3.73,3.84,6,14,17,16.22
NC,Haywood,2018,86,1.84,4.72,4.86,10,29,47,11.63
NC,Haywood,2019,169,1.7,5.22,5.26,48,31,90,28.4
NC,Haywood,2020,57,1.42,5.79,6.02,10,17,30,17.54
NC,Haywood,2021,86,1.67,6.69,6.8,11,31,44,12.79
NC,Haywood,2022,80,1.46,5.98,6.08,7,22,51,8.75
NC,Henderson,2017,57,1.35,3.05,3.24,14,19,24,24.56
NC,Henderson,2018,118,1.25,1.98,2.28,17,59,42,14.41
NC,Henderson,2019,48,1.17,2.99,3.11,15,14,19,31.25
NC,Henderson,2020,49,1.35,4.73,4.9,11,23,15,22.45
NC,Henderson,2021,98,1.59,5.24,5.49,7,41,50,7.14
NC,Henderson,2022,56,1.16,4.95,5.05,4,20,32,7.14
NC,Hertford,2017,2,2.0,17.41,17.36,2,0,0,100.0
NC,Hertford,2018,8,1.25,6.38,6.56,2,3,3,25.0
NC,Hertford,2019,8,1.12,5.69,5.78,1,7,0,12.5
NC,Hertford,2020,6,0.67,3.0,3.33,1,2,3,16.67
NC,Hertford,2021,2,0.5,3.5,4.0,0,1,1,0.0
NC,Hertford,2022,6,1.0,5.0,5.0,1,0,5,16.67
NC,Hoke,2017,1,2.0,20.12,20.18,1,0,0,100.0
NC,Hoke,2018,21,1.1,5.72,5.75,3,5,13,14.29
NC,Hoke,2019,2,1.0,5.86,5.86,0,2,0,0.0
NC,Hoke,2022,9,0.33,4.0,4.0,0,2,7,0.0
NC,Hyde,2018,1,2.0,5.02,5.07,0,0,1,0.0
NC,Hyde,2019,13,0.77,6.18,6.25,1,9,3,7.69
NC,Hyde,2020,11,0.64,6.18,6.27,0,7,4,0.0
NC,Hyde,2021,3,0.67,5.33,5.67,0,0,3,0.0
NC,Hyde,2022,5,0.8,5.0,5.2,0,4,1,0.0
NC,Iredell,2017,99,1.19,4.4,5.18,12,51,36,12.12
NC,Iredell,2018,318,1.12,3.63,4.48,43,125,150,13.52
NC,Iredell,2019,281,1.11,2.21,2.78,41,82,158,14.59
NC,Iredell,2020,117,0.74,2.86,4.11,5,33,79,4.27
NC,Iredell,2021,172,0.95,3.97,5.01,5,44,123,2.91
NC,Iredell,2022,155,1.05,4.54,5.26,7,38,110,4.52
NC,Jackson,2017,19,1.74,10.81,10.86,6,7,6,31.58
NC,Jackson,2018,36,1.78,4.93,5.01,16,9,11,44.44
NC,Jackson,2019,24,1.46,5.42,5.57,11,7,6,45.83
NC,Jackson,2020,11,1.45,3.18,3.64,2,5,4,18.18
NC,Jackson,2021,22,1.23,2.91,3.77,0,15,7,0.0
NC,Jackson,2022,15,1.0,3.27,3.73,0,8,7,0.0
NC,Johnston,2017,43,1.3,2.74,2.9,8,15,20,18.6
NC,Johnston,2018,152,1.49,4.85,5.07,30,75,47,19.74
NC,Johnston,2019,161,1.49,3.61,3.68,43,37,81,26.71
NC,Johnston,2020,52,1.12,5.17,5.4,7,26,19,13.46
NC,Johnston,2021,50,1.38,5.82,6.12,1,26,23,2.0
NC,Johnston,2022,81,1.19,6.47,6.68,2,24,55,2.47
NC,Jones,2017,7,1.43,3.92,3.94,0,3,4,0.0
NC,Jones,2018,14,1.86,7.37,7.42,0,6,8,0.0
NC,Jones,2019,18,1.0,5.9,6.02,6,5,7,33.33
NC,Jones,2020,6,0.83,4.0,4.17,1,1,4,16.67
NC,Jones,2021,1,1.0,1.0,5.0,0,0,1,0.0
NC,Jones,2022,2,0.5,2.5,2.5,0,1,1,0.0
NC,Lee,2017,19,1.21,1.7,1.76,5,7,7,26.32
NC,Lee,2018,48,1.33,3.35,3.43,9,14,25,18.75
NC,Lee,2019,27,1.33,3.09,3.11,6,15,6,22.22
NC,Lee,2020,4,1.0,5.5,5.75,2,1,1,50.0
NC,Lee,2021,1,1.0,5.0,5.0,0,1,0,0.0
NC,Lee,2022,12,1.08,3.92,4.08,0,1,11,0.0
NC,Lenoir,2017,3,1.67,4.47,4.58,1,1,1,33.33
NC,Lenoir,2018,31,1.42,4.27,4.34,13,6,12,41.94
NC,Lenoir,2019,9,0.78,5.62,5.64,1,3,5,11.11
NC,Lenoir,2020,7,0.57,3.86,4.0,1,1,5,14.29
NC,Lenoir,2021,2,1.0,3.0,3.5,0,1,1,0.0
NC,Lenoir,2022,8,0.88,3.25,3.38,0,2,6,0.0
NC,Lincoln,2017,22,0.45,1.88,2.55,2,8,12,9.09
NC,Lincoln,2018,50,0.56,2.5,3.13,7,16,27,14.0
NC,Lincoln,2019,35,0.4,2.89,3.38,4,10,21,11.43
NC,Lincoln,2020,45,0.09,1.27,2.62,1,42,2,2.22
NC,Lincoln,2021,55,0.47,4.04,4.69,13,21,21,23.64
NC,Lincoln,2022,61,0.46,4.33,4.84,5,10,46,8.2
NC,Macon,2017,14,1.71,4.92,4.94,4,6,4,28.57
NC,Macon,2018,55,1.73,4.92,4.98,16,29,10,29.09
NC,Macon,2019,28,1.43,5.5,5.72,1,14,13,3.57
NC,Macon,2020,22,1.27,4.73,5.23,1,8,13,4.55
NC,Macon,2021,12,0.67,2.67,3.25,2,5,5,16.67
NC,Macon,2022,14,0.93,3.43,3.79,1,4,9,7.14
NC,Madison,2017,4,1.5,8.35,8.4,2,1,1,50.0
NC,Madison,2018,22,1.73,7.91,7.95,16,4,2,72.73
NC,Madison,2019,8,1.5,2.88,3.12,0,2,6,0.0
NC,Madison,2020,25,1.48,3.64,4.12,3,3,19,12.0
NC,Madison,2021,30,1.47,2.23,2.97,0,3,27,0.0
NC,Madison,2022,16,1.81,3.06,3.38,0,1,15,0.0
NC,Martin,2017,6,1.67,7.3,7.38,2,3,1,33.33
NC,Martin,2018,32,1.38,6.36,6.5,9,6,17,28.12
NC,Martin,2019,4,1.25,4.35,4.37,3,1,0,75.0
NC,Martin,2020,4,0.0,3.25,3.25,0,2,2,0.0
NC,Martin,2021,4,0.25,6.0,6.5,1,0,3,25.0
NC,Martin,2022,11,0.36,3.55,3.82,3,3,5,27.27
NC,McDowell,2017,30,1.77,4.17,4.29,3,11,16,10.0
NC,McDowell,2018,91,1.71,3.86,3.88,14,21,56,15.38
NC,McDowell,2019,78,1.62,2.49,2.49,21,27,30,26.92
NC,McDowell,2020,15,0.73,2.93,3.6,2,4,9,13.33
NC,McDowell,2021,29,1.14,3.21,4.24,2,5,22,6.9
NC,McDowell,2022,28,1.07,5.14,5.29,0,6,22,0.0
NC,Mcdowell,2017,2,2.0,5.48,5.65,1,1,0,50.0
NC,Mcdowell,2018,3,2.0,3.44,3.33,1,2,0,33.33
NC,Mecklenburg,2017,1351,1.14,2.57,3.66,326,620,405,24.13
NC,Mecklenburg,2018,2951,1.16,2.36,3.75,635,1362,954,21.52
NC,Mecklenburg,2019,1820,0.95,2.49,3.89,381,819,620,20.93
NC,Mecklenburg,2020,424,0.96,2.9,3.9,73,195,156,17.22
NC,Mecklenburg,2021,1077,1.25,3.31,3.96,112,441,524,10.4
NC,Mecklenburg,2022,977,1.08,3.52,4.37,99,405,473,10.13
NC,Mitchell,2017,5,1.8,9.35,9.43,0,4,1,0.0
NC,Mitchell,2018,4,1.75,2.03,2.1,1,1,2,25.0
NC,Mitchell,2020,1,1.0,7.0,6.0,0,1,0,0.0
NC,Mitchell,2022,3,1.0,6.0,6.33,2,1,0,66.67
NC,Montgomery,2017,5,1.0,3.48,3.47,0,1,4,0.0
NC,Montgomery,2018,24,1.12,3.43,3.45,2,6,16,8.33
NC,Montgomery,2019,10,1.1,6.32,6.33,2,4,4,20.0
NC,Montgomery,2020,5,1.0,6.2,6.2,1,0,4,20.0
NC,Montgomery,2021,1,2.0,3.0,3.0,0,0,1,0.0
NC,Montgomery,2022,8,0.38,3.25,3.5,1,2,5,12.5
NC,Moore,2017,31,1.06,1.49,2.1,6,19,6,19.35
NC,Moore,2018,114,0.94,2.51,3.01,20,56,38,17.54
NC,Moore,2019,32,1.06,2.61,3.22,6,16,10,18.75
NC,Moore,2020,8,1.0,4.88,5.38,1,3,4,12.5
NC,Moore,2021,22,0.86,2.09,2.77,7,6,9,31.82
NC,Moore,2022,24,0.75,3.12,3.54,1,5,18,4.17
NC,Nash,2017,19,1.42,3.92,3.96,3,2,14,15.79
NC,Nash,2018,57,1.4,3.51,3.61,12,9,36,21.05
NC,Nash,2019,45,1.4,2.56,2.62,11,6,28,24.44
NC,Nash,2020,5,0.8,5.4,5.6,2,0,3,40.0
NC,Nash,2021,25,1.48,4.36,4.4,0,5,20,0.0
NC,Nash,2022,31,1.23,5.87,6.06,5,5,21,16.13
NC,New Hanover,2017,248,1.29,1.56,2.25,56,138,54,22.58
NC,New Hanover,2018,369,1.33,2.49,3.09,88,172,109,23.85
NC,New Hanover,2019,87,0.82,3.87,4.89,22,52,13,25.29
NC,New Hanover,2020,29,0.69,3.76,4.41,7,17,5,24.14
NC,New Hanover,2021,72,0.72,3.36,4.19,23,34,15,31.94
NC,New Hanover,2022,45,0.82,3.42,4.0,13,25,7,28.89
NC,Northampton,2017,3,1.67,7.11,7.09,2,1,0,66.67
NC,Northampton,2018,11,1.73,5.0,5.11,3,3,5,27.27
NC,Northampton,2019,32,1.31,3.23,3.23,4,12,16,12.5
NC,Northampton,2020,8,0.75,6.0,6.12,1,4,3,12.5
NC,Northampton,2021,13,1.38,3.46,3.31,1,4,8,7.69
NC,Northampton,2022,11,1.0,4.55,4.64,0,4,7,0.0
NC,Onslow,2017,25,1.44,3.15,3.34,13,7,5,52.0
NC,Onslow,2018,134,1.27,3.81,4.08,21,40,73,15.67
NC,Onslow,2019,33,1.36,4.45,4.85,10,14,9,30.3
NC,Onslow,2020,25,0.76,4.08,4.92,1,12,12,4.0
NC,Onslow,2021,20,1.0,3.65,4.75,4,9,7,20.0
NC,Onslow,2022,19,1.21,4.53,4.84,1,4,14,5.26
NC,Orange,2017,63,1.21,2.23,2.72,14,25,24,22.22
NC,Orange,2018,105,1.39,3.18,3.67,19,38,48,18.1
NC,Orange,2019,115,1.18,2.6,3.04,25,48,42,21.74
NC,Orange,2020,23,1.26,3.13,3.48,0,11,12,0.0
NC,Orange,2021,91,1.4,3.91,4.23,5,30,56,5.49
NC,Orange,2022,63,1.41,3.92,4.24,2,16,45,3.17
NC,Pamlico,2018,5,1.6,19.44,19.52,1,3,1,20.0
NC,Pamlico,2019,2,1.0,10.0,10.0,0,1,1,0.0
NC,Pamlico,2020,1,0.0,4.0,4.0,0,0,1,0.0
NC,Pasquotank,2017,3,1.67,3.31,3.38,2,1,0,66.67
NC,Pasquotank,2018,3,2.0,3.49,3.56,1,0,2,33.33
NC,Pasquotank,2019,4,1.5,5.15,5.22,1,1,2,25.0
NC,Pasquotank,2020,1,1.0,2.0,2.0,0,0,1,0.0
NC,Pasquotank,2022,6,1.17,5.17,5.17,0,3,3,0.0
NC,Pender,2017,40,1.35,4.79,4.94,6,18,16,15.0
NC,Pender,2018,78,1.05,4.28,4.66,6,25,47,7.69
NC,Pender,2019,36,1.06,4.2,4.61,11,9,16,30.56
NC,Pender,2020,21,0.81,4.48,4.95,3,10,8,14.29
NC,Pender,2021,30,1.13,4.17,4.47,4,4,22,13.33
NC,Pender,2022,24,1.25,7.54,7.96,8,7,9,33.33
NC,Perquimans,2018,1,2.0,0.0,0.0,0,1,0,0.0
NC,Perquimans,2019,1,2.0,4.2,4.2,0,1,0,0.0
NC,Perquimans,2020,3,1.67,5.67,5.67,0,1,2,0.0
NC,Perquimans,2022,2,1.5,4.0,4.0,0,0,2,0.0
NC,Person,2017,10,1.8,4.49,4.58,1,5,4,10.0
NC,Person,2018,17,1.65,3.96,3.97,8,4,5,47.06
NC,Person,2019,12,1.17,5.85,6.06,5,4,3,41.67
NC,Person,2020,5,1.2,11.4,11.4,2,0,3,40.0
NC,Person,2021,2,1.0,3.0,3.5,0,0,2,0.0
NC,Person,2022,11,0.36,2.73,3.09,1,0,10,9.09
NC,Pitt,2017,57,1.6,3.11,3.69,36,20,1,63.16
NC,Pitt,2018,86,1.55,3.42,4.05,35,33,18,40.7
NC,Pitt,2019,23,0.65,6.17,6.54,9,7,7,39.13
NC,Pitt,2020,17,0.65,3.88,4.71,5,6,6,29.41
NC,Pitt,2021,20,0.5,3.7,4.7,6,12,2,30.0
NC,Pitt,2022,20,0.3,4.3,4.35,2,9,9,10.0
NC,Polk,2017,4,1.25,3.48,3.53,0,3,1,0.0
NC,Polk,2018,13,1.31,2.76,2.78,2,3,8,15.38
NC,Polk,2019,15,1.6,4.27,4.29,7,6,2,46.67
NC,Polk,2020,7,1.14,3.71,4.0,0,3,4,0.0
NC,Polk,2021,5,1.8,4.0,4.0,0,0,5,0.0
NC,Polk,2022,9,0.78,3.11,3.11,0,0,9,0.0
NC,Randolph,2017,17,1.59,4.37,4.49,3,8,6,17.65
NC,Randolph,2018,100,1.31,3.8,3.92,6,32,62,6.0
NC,Randolph,2019,27,1.07,3.99,4.2,11,6,10,40.74
NC,Randolph,2020,6,0.83,4.5,4.67,1,1,4,16.67
NC,Randolph,2021,5,0.4,4.0,4.0,1,1,3,20.0
NC,Randolph,2022,37,1.14,4.46,4.46,2,2,33,5.41
NC,Richmond,2017,20,1.2,1.18,1.2,8,5,7,40.0
NC,Richmond,2018,40,1.27,3.22,3.25,4,10,26,10.0
NC,Richmond,2019,61,1.25,3.34,3.35,10,15,36,16.39
NC,Richmond,2020,6,1.17,3.0,3.0,0,3,3,0.0
NC,Richmond,2021,3,1.33,3.0,3.33,0,0,3,0.0
NC,Richmond,2022,13,1.31,4.92,5.08,0,1,12,0.0
NC,Robeson,2017,59,1.61,5.51,5.77,16,19,24,27.12
NC,Robeson,2018,184,1.48,4.29,4.8,53,51,80,28.8
NC,Robeson,2019,94,1.31,4.63,4.69,39,19,36,41.49
NC,Robeson,2020,22,1.09,4.91,5.14,5,4,13,22.73
NC,Robeson,2021,74,1.57,6.84,6.84,3,20,51,4.05
NC,Robeson,2022,40,1.58,5.7,5.75,4,11,25,10.0
NC,Rockingham,2017,6,1.5,4.86,4.89,1,0,5,16.67
NC,Rockingham,2018,46,1.33,3.78,3.8,8,8,30,17.39
NC,Rockingham,2019,17,1.18,9.72,9.72,9,4,4,52.94
NC,Rockingham,2020,10,0.7,5.5,5.9,1,5,4,10.0
NC,Rockingham,2021,3,1.33,4.67,4.67,0,1,2,0.0
NC,Rockingham,2022,15,0.8,3.93,3.93,0,3,12,0.0
NC,Rowan,2017,63,1.38,3.02,3.34,15,13,35,23.81
NC,Rowan,2018,219,1.49,3.8,4.01,39,61,119,17.81
NC,Rowan,2019,128,0.89,4.1,4.37,51,48,29,39.84
NC,Rowan,2020,19,0.47,4.11,4.21,2,12,5,10.53
NC,Rowan,2021,26,0.73,3.19,3.31,2,8,16,7.69
NC,Rowan,2022,37,0.54,3.76,3.76,3,6,28,8.11
NC,Rutherford,2017,13,1.54,4.36,4.49,6,1,6,46.15
NC,Rutherford,2018,15,1.67,6.77,6.81,5,4,6,33.33
NC,Rutherford,2019,6,0.5,9.54,9.59,2,3,1,33.33
NC,Rutherford,2020,1,1.0,3.0,3.0,0,0,1,0.0
NC,Rutherford,2021,6,0.67,4.5,4.67,1,3,2,16.67
NC,Rutherford,2022,13,0.62,5.77,5.62,2,2,9,15.38
NC,Sampson,2017,50,1.82,6.79,6.91,16,25,9,32.0
NC,Sampson,2018,145,1.73,6.07,6.21,23,74,48,15.86
NC,Sampson,2019,76,1.54,4.57,4.75,28,13,35,36.84
NC,Sampson,2020,11,1.09,4.91,4.91,4,3,4,36.36
NC,Sampson,2021,9,1.0,4.67,5.44,2,1,6,22.22
NC,Sampson,2022,15,0.53,4.0,4.2,2,0,13,13.33
NC,Scotland,2017,8,1.38,3.99,4.07,3,4,1,37.5
NC,Scotland,2018,41,1.51,4.76,4.77,6,14,21,14.63
NC,Scotland,2019,19,1.05,1.9,1.9,2,6,11,10.53
NC,Scotland,2021,1,2.0,7.0,7.0,1,0,0,100.0
NC,Scotland,2022,9,1.33,6.67,6.78,0,4,5,0.0
NC,Stanly,2017,10,1.4,3.47,3.5,3,3,4,30.0
NC,Stanly,2018,35,0.69,3.23,3.32,7,8,20,20.0
NC,Stanly,2019,20,0.5,4.0,4.03,4,8,8,20.0
NC,Stanly,2020,3,0.33,4.0,4.0,0,1,2,0.0
NC,Stanly,2021,1,0.0,2.0,2.0,0,0,1,0.0
NC,Stanly,2022,12,0.25,3.42,3.58,1,3,8,8.33
NC,Stokes,2017,3,1.33,4.8,5.06,0,1,2,0.0
NC,Stokes,2018,15,1.4,4.68,4.77,3,4,8,20.0
NC,Stokes,2019,10,0.4,8.16,8.19,2,1,7,20.0
NC,Stokes,2020,6,0.83,8.33,8.5,1,2,3,16.67
NC,Stokes,2021,7,1.0,6.43,6.29,0,3,4,0.0
NC,Stokes,2022,16,0.81,7.12,7.12,0,5,11,0.0
NC,Surry,2017,28,1.36,3.66,3.72,7,10,11,25.0
NC,Surry,2018,84,1.6,3.65,3.68,15,17,52,17.86
NC,Surry,2019,97,1.67,3.23,3.24,44,16,37,45.36
NC,Surry,2020,27,1.59,6.19,6.3,3,11,13,11.11
NC,Surry,2021,33,1.58,5.03,6.09,1,16,16,3.03
NC,Surry,2022,25,1.28,5.72,6.0,0,6,19,0.0
NC,Swain,2017,12,1.67,5.88,5.91,5,6,1,41.67
NC,Swain,2018,19,1.79,3.48,3.52,11,6,2,57.89
NC,Swain,2019,17,1.53,8.88,9.0,5,4,8,29.41
NC,Swain,2020,5,2.0,11.8,12.0,2,2,1,40.0
NC,Swain,2021,3,1.33,3.0,3.67,1,1,1,33.33
NC,Swain,2022,3,1.0,2.33,2.33,0,0,3,0.0
NC,Transylvania,2017,8,1.62,6.39,6.59,3,2,3,37.5
NC,Transylvania,2018,25,1.56,3.46,3.56,7,10,8,28.0
NC,Transylvania,2019,3,1.0,7.62,7.62,0,2,1,0.0
NC,Transylvania,2020,2,0.5,4.0,4.0,0,0,2,0.0
NC,Transylvania,2021,3,1.0,8.0,8.67,0,2,1,0.0
NC,Transylvania,2022,11,0.55,4.36,4.45,0,4,7,0.0
NC,Tyrrell,2018,5,2.0,10.0,10.77,0,2,3,0.0
NC,Tyrrell,2019,3,0.67,4.67,6.66,1,0,2,33.33
NC,Tyrrell,2020,1,0.0,3.0,3.0,0,0,1,0.0
NC,Tyrrell,2021,3,0.67,4.33,4.33,0,1,2,0.0
NC,Tyrrell,2022,3,0.33,4.0,3.67,0,1,2,0.0
NC,Union,2017,81,0.96,2.52,4.24,10,42,29,12.35
NC,Union,2018,238,1.15,2.25,3.0,28,82,128,11.76
NC,Union,2019,116,1.04,2.51,3.05,15,46,55,12.93
NC,Union,2020,20,0.75,4.6,5.0,3,11,6,15.0
NC,Union,2021,50,1.08,2.4,3.44,10,25,15,20.0
NC,Union,2022,55,0.76,2.82,3.44,4,21,30,7.27
NC,Vance,2017,3,1.33,8.35,8.45,3,0,0,100.0
NC,Vance,2018,11,1.45,2.34,2.37,1,4,6,9.09
NC,Vance,2019,12,1.42,2.82,2.82,9,1,2,75.0
NC,Vance,2020,2,1.0,3.0,3.5,1,0,1,50.0
NC,Vance,2022,6,1.33,5.67,5.67,0,1,5,0.0
NC,Wake,2017,645,1.18,2.73,3.79,118,288,239,18.29
NC,Wake,2018,1426,1.12,2.71,3.69,281,621,524,19.71
NC,Wake,2019,1168,0.97,2.85,4.04,162,507,499,13.87
NC,Wake,2020,244,1.26,4.23,4.93,48,114,82,19.67
NC,Wake,2021,489,1.14,3.84,4.32,43,208,238,8.79
NC,Wake,2022,462,1.07,4.66,5.14,42,201,219,9.09
NC,Warren,2017,6,1.83,8.02,8.07,2,4,0,33.33
NC,Warren,2018,6,1.33,3.51,3.55,0,0,6,0.0
NC,Warren,2019,4,1.25,2.09,2.12,3,0,1,75.0
NC,Warren,2021,4,1.25,8.25,8.5,0,3,1,0.0
NC,Warren,2022,8,1.25,7.62,7.88,2,3,3,25.0
NC,Washington,2018,11,1.55,4.24,4.38,3,5,3,27.27
NC,Washington,2019,5,1.0,7.68,7.96,1,4,0,20.0
NC,Washington,2020,2,0.5,4.0,4.5,0,1,1,0.0
NC,Washington,2021,2,0.5,3.5,4.0,0,0,2,0.0
NC,Washington,2022,2,0.5,6.0,6.5,0,1,1,0.0
NC,Watauga,2017,35,1.54,4.71,5.37,15,8,12,42.86
NC,Watauga,2018,56,1.7,4.15,4.58,18,21,17,32.14
NC,Watauga,2019,56,1.38,4.03,4.81,34,12,10,60.71
NC,Watauga,2020,94,1.39,2.17,3.49,13,70,11,13.83
NC,Watauga,2021,92,1.51,1.87,3.32,16,66,10,17.39
NC,Watauga,2022,50,1.12,4.2,4.68,17,11,22,34.0
NC,Wayne,2017,7,1.29,4.47,4.52,0,4,3,0.0
NC,Wayne,2018,48,1.5,4.36,4.39,7,21,20,14.58
NC,Wayne,2019,20,0.75,6.81,6.91,4,9,7,20.0
NC,Wayne,2020,14,0.43,4.21,4.29,0,9,5,0.0
NC,Wayne,2021,4,1.5,7.25,7.25,1,1,2,25.0
NC,Wayne,2022,19,0.79,5.16,5.26,2,4,13,10.53
NC,Wilkes,2017,27,1.33,3.32,3.54,6,9,12,22.22
NC,Wilkes,2018,36,1.47,3.73,4.04,5,7,24,13.89
NC,Wilkes,2019,24,1.08,3.74,3.88,2,7,15,8.33
NC,Wilkes,2020,20,1.15,3.7,4.0,0,4,16,0.0
NC,Wilkes,2021,7,0.86,2.29,2.86,0,2,5,0.0
NC,Wilkes,2022,21,0.62,3.9,4.14,0,2,19,0.0
NC,Wilson,2017,14,1.57,5.22,5.32,5,2,7,35.71
NC,Wilson,2018,56,1.41,4.31,4.35,14,25,17,25.0
NC,Wilson,2019,34,1.41,3.25,3.31,13,8,13,38.24
NC,Wilson,2020,11,0.82,6.45,6.64,4,4,3,36.36
NC,Wilson,2021,2,1.0,5.0,5.0,1,1,0,50.0
NC,Wilson,2022,24,1.08,6.21,6.21,0,6,18,0.0
NC,Yadkin,2017,7,1.29,0.83,0.84,3,0,4,42.86
NC,Yadkin,2018,38,1.55,5.74,5.75,6,8,24,15.79
NC,Yadkin,2019,54,1.56,4.63,4.95,15,13,26,27.78
NC,Yadkin,2020,27,1.56,7.63,8.52,0,11,16,0.0
NC,Yadkin,2021,82,2.2,8.04,9.05,0,36,46,0.0
NC,Yadkin,2022,29,1.55,8.17,8.86,3,4,22,10.34
NC,Yancey,2017,8,1.62,6.44,6.52,1,4,3,12.5
NC,Yancey,2018,7,2.0,6.91,7.17,1,4,2,14.29
NC,Yancey,2019,2,1.0,9.17,10.68,0,1,1,0.0
NC,Yancey,2020,2,1.0,3.5,3.5,0,0,2,0.0
NC,Yancey,2021,1,1.0,6.0,7.0,1,0,0,100.0
NC,Yancey,2022,2,1.0,3.5,3.5,0,1,1,0.0
ND,Adams,2017,1,2.0,6.28,6.23,0,0,1,0.0
ND,Adams,2018,13,1.77,5.82,5.81,0,8,5,0.0
ND,Adams,2019,1,2.0,8.0,7.0,0,0,1,0.0
ND,Adams,2020,2,0.0,1.0,1.0,0,0,2,0.0
ND,Adams,2021,1,0.0,2.0,2.0,0,0,1,0.0
ND,Barnes,2017,30,1.77,3.3,3.29,3,4,23,10.0
ND,Barnes,2018,35,1.46,3.34,3.37,4,2,29,11.43
ND,Barnes,2019,39,1.69,3.52,3.52,23,7,9,58.97
ND,Barnes,2020,15,0.93,5.33,5.4,4,3,8,26.67
ND,Barnes,2021,26,0.92,4.5,4.77,2,0,24,7.69
ND,Barnes,2022,26,1.31,4.92,5.04,1,1,24,3.85
ND,Benson,2017,2,1.5,4.87,4.88,0,0,2,0.0
ND,Benson,2018,5,1.4,4.06,4.14,0,2,3,0.0
ND,Benson,2019,5,1.2,4.01,4.02,2,0,3,40.0
ND,Benson,2020,24,1.29,4.25,4.38,0,10,14,0.0
ND,Benson,2021,5,1.6,6.8,6.8,1,0,4,20.0
ND,Billings,2017,4,1.5,2.76,2.85,2,0,2,50.0
ND,Billings,2018,7,1.57,5.2,5.18,0,0,7,0.0
ND,Billings,2019,3,1.33,2.58,2.59,0,0,3,0.0
ND,Billings,2020,1,2.0,4.0,5.0,0,0,1,0.0
ND,Billings,2021,1,3.0,11.0,10.0,0,1,0,0.0
ND,Billings,2022,2,2.5,11.5,12.5,0,0,2,0.0
ND,Bottineau,2017,1,2.0,6.18,6.25,0,0,1,0.0
ND,Bottineau,2018,3,2.0,7.36,7.43,1,0,2,33.33
ND,Bottineau,2019,7,1.43,4.25,4.27,1,2,4,14.29
ND,Bottineau,2020,13,0.85,5.62,5.77,4,3,6,30.77
ND,Bottineau,2021,28,1.21,4.39,4.57,0,4,24,0.0
ND,Bottineau,2022,3,1.0,1.67,1.67,0,0,3,0.0
ND,Bowman,2017,8,1.5,1.84,2.37,4,1,3,50.0
ND,Bowman,2018,9,1.56,4.25,4.24,1,2,6,11.11
ND,Bowman,2020,1,1.0,2.0,2.0,0,0,1,0.0
ND,Bowman,2021,3,1.0,3.67,3.67,0,2,1,0.0
ND,Burke,2018,2,1.0,3.78,3.88,0,1,1,0.0
ND,Burke,2020,18,1.11,4.78,4.78,4,3,11,22.22
ND,Burke,2021,12,0.75,4.33,4.75,1,1,10,8.33
ND,Burke,2022,3,0.67,3.67,3.67,1,0,2,33.33
ND,Burleigh,2017,69,1.39,2.95,2.97,12,28,29,17.39
ND,Burleigh,2018,59,1.59,2.53,2.67,16,12,31,27.12
ND,Burleigh,2019,92,1.42,2.37,2.38,31,15,46,33.7
ND,Burleigh,2020,21,1.0,3.05,3.43,3,10,8,14.29
ND,Burleigh,2021,12,1.08,3.5,3.67,2,3,7,16.67
ND,Burleigh,2022,12,1.25,3.17,3.17,1,1,10,8.33
ND,Cass,2017,61,1.52,2.98,3.06,6,18,37,9.84
ND,Cass,2018,84,1.6,2.59,2.71,14,17,53,16.67
ND,Cass,2019,119,1.45,2.99,3.05,78,12,29,65.55
ND,Cass,2020,33,0.67,4.82,4.91,5,21,7,15.15
ND,Cass,2021,50,0.78,3.92,4.02,3,7,40,6.0
ND,Cass,2022,53,0.98,3.45,3.58,2,3,48,3.77
ND,Cavalier,2017,1,1.0,0.0,0.0,1,0,0,100.0
ND,Cavalier,2020,11,0.73,3.45,3.27,1,1,9,9.09
ND,Cavalier,2021,3,0.67,3.67,3.67,0,0,3,0.0
ND,Cavalier,2022,5,1.0,4.6,4.6,0,1,4,0.0
ND,Dickey,2018,3,1.67,8.9,8.97,1,0,2,33.33
ND,Dickey,2019,17,0.65,3.5,3.68,5,3,9,29.41
ND,Dickey,2020,8,0.88,5.0,5.12,2,2,4,25.0
ND,Dickey,2021,6,1.0,4.67,4.67,2,0,4,33.33
ND,Dickey,2022,2,1.5,4.5,4.5,0,0,2,0.0
ND,Divide,2017,1,2.0,5.35,5.58,0,1,0,0.0
ND,Divide,2020,3,2.33,10.0,10.0,2,1,0,66.67
ND,Divide,2021,14,1.64,4.07,4.21,0,0,14,0.0
ND,Dunn,2017,76,0.82,5.36,5.36,1,18,57,1.32
ND,Dunn,2018,13,0.54,5.6,5.64,1,3,9,7.69
ND,Dunn,2019,7,0.57,4.15,4.3,0,0,7,0.0
ND,Dunn,2020,7,0.29,3.43,3.43,0,5,2,0.0
ND,Dunn,2021,11,0.27,2.82,3.0,0,0,11,0.0
ND,Dunn,2022,1,2.0,5.0,5.0,0,0,1,0.0
ND,Eddy,2017,1,1.0,7.62,7.68,0,0,1,0.0
ND,Eddy,2018,2,2.0,13.7,13.75,0,0,2,0.0
ND,Eddy,2019,2,0.5,1.0,1.0,0,0,2,0.0
ND,Eddy,2020,6,1.5,3.5,3.5,0,1,5,0.0
ND,Eddy,2021,7,1.0,4.57,4.71,4,0,3,57.14
ND,Eddy,2022,20,1.5,5.05,5.15,0,3,17,0.0
ND,Emmons,2017,1,1.0,0.83,0.83,1,0,0,100.0
ND,Emmons,2018,11,1.82,4.94,4.95,0,2,9,0.0
ND,Emmons,2019,18,1.28,8.81,8.91,8,3,7,44.44
ND,Emmons,2020,4,1.0,6.5,6.5,2,1,1,50.0
ND,Emmons,2021,6,1.17,4.83,4.83,0,1,5,0.0
ND,Emmons,2022,3,1.33,5.67,5.67,0,0,3,0.0
ND,Foster,2017,2,1.5,1.18,1.2,1,0,1,50.0
ND,Foster,2018,1,2.0,0.0,0.03,0,1,0,0.0
ND,Foster,2019,1,1.0,5.0,5.0,0,0,1,0.0
ND,Foster,2020,3,1.0,7.33,7.33,1,0,2,33.33
ND,Foster,2021,2,0.5,3.5,4.0,0,0,2,0.0
ND,Foster,2022,3,0.0,2.67,2.67,0,0,3,0.0
ND,Golden Valley,2017,1,3.0,9.92,9.92,0,0,1,0.0
ND,Golden Valley,2018,6,1.5,7.79,7.88,1,2,3,16.67
ND,Golden Valley,2019,4,1.75,3.33,3.39,0,1,3,0.0
ND,Golden Valley,2022,1,3.0,10.0,10.0,0,0,1,0.0
ND,Grand Forks,2017,17,1.59,3.9,3.96,4,1,12,23.53
ND,Grand Forks,2018,35,1.43,2.8,2.84,6,7,22,17.14
ND,Grand Forks,2019,17,1.24,4.07,4.14,6,6,5,35.29
ND,Grand Forks,2020,30,1.07,4.07,4.1,4,8,18,13.33
ND,Grand Forks,2021,47,0.7,5.19,5.26,11,11,25,23.4
ND,Grand Forks,2022,37,0.89,3.59,5.59,11,3,23,29.73
ND,Grant,2018,2,2.0,6.24,6.29,0,0,2,0.0
ND,Grant,2019,4,1.0,6.01,6.01,0,1,3,0.0
ND,Grant,2020,7,0.43,4.43,4.43,1,2,4,14.29
ND,Grant,2021,5,0.2,3.0,3.0,1,1,3,20.0
ND,Griggs,2019,1,1.0,7.0,7.0,0,0,1,0.0
ND,Griggs,2020,2,0.0,2.0,2.0,0,1,1,0.0
ND,Griggs,2022,3,0.0,2.33,3.0,0,0,3,0.0
ND,Hettinger,2018,3,1.0,6.61,6.68,0,0,3,0.0
ND,Hettinger,2019,4,1.25,11.0,11.0,0,1,3,0.0
ND,Hettinger,2020,4,0.0,2.0,2.0,0,0,4,0.0
ND,Hettinger,2021,11,0.64,5.18,5.18,0,0,11,0.0
ND,Hettinger,2022,3,0.67,4.67,4.67,0,0,3,0.0
ND,Kidder,2017,16,1.56,1.19,1.19,3,0,13,18.75
ND,Kidder,2018,19,1.63,3.18,3.18,0,1,18,0.0
ND,Kidder,2019,79,1.53,2.51,2.54,10,7,62,12.66
ND,Kidder,2020,5,0.8,4.4,4.6,0,0,5,0.0
ND,Kidder,2021,17,1.24,3.65,3.76,0,2,15,0.0
ND,Kidder,2022,5,1.2,2.6,2.6,0,0,5,0.0
ND,LaMoure,2017,2,2.0,2.81,2.9,0,1,1,0.0
ND,LaMoure,2018,2,1.5,3.48,3.5,0,1,1,0.0
ND,LaMoure,2019,17,0.65,4.88,4.94,0,6,11,0.0
ND,LaMoure,2020,15,0.47,4.27,4.53,2,6,7,13.33
ND,LaMoure,2021,11,1.0,6.09,6.18,0,1,10,0.0
ND,LaMoure,2022,4,0.5,4.0,4.0,0,0,4,0.0
ND,Logan,2019,13,0.62,4.31,4.46,0,6,7,0.0
ND,Logan,2020,6,0.5,5.5,5.67,1,3,2,16.67
ND,Logan,2021,2,1.0,5.0,5.5,0,0,2,0.0
ND,Logan,2022,1,1.0,5.0,5.0,0,0,1,0.0
ND,McHenry,2017,5,1.2,2.63,2.66,0,0,5,0.0
ND,McHenry,2018,17,1.65,4.24,4.24,1,6,10,5.88
ND,McHenry,2019,22,1.23,4.28,4.28,4,4,14,18.18
ND,McHenry,2020,10,0.9,4.1,4.3,1,1,8,10.0
ND,McHenry,2021,24,0.92,3.62,3.79,0,1,23,0.0
ND,McHenry,2022,6,1.17,3.17,3.17,0,0,6,0.0
ND,McIntosh,2019,6,0.17,3.67,3.83,1,2,3,16.67
ND,McIntosh,2020,9,0.89,5.56,5.56,4,0,5,44.44
ND,McIntosh,2021,5,0.2,3.6,3.6,0,0,5,0.0
ND,McIntosh,2022,2,1.0,7.5,8.0,0,0,2,0.0
ND,McKenzie,2017,11,0.91,3.73,3.75,1,0,10,9.09
ND,McKenzie,2018,54,1.02,4.57,4.62,4,7,43,7.41
ND,McKenzie,2019,14,0.86,4.36,4.48,1,3,10,7.14
ND,McKenzie,2020,14,0.57,4.14,4.14,1,3,10,7.14
ND,McKenzie,2021,39,0.77,4.64,4.69,9,5,25,23.08
ND,McKenzie,2022,11,1.09,4.82,5.0,0,1,10,0.0
ND,McLean,2017,4,0.5,5.68,5.72,1,2,1,25.0
ND,McLean,2018,4,1.0,5.91,5.88,1,1,2,25.0
ND,McLean,2019,11,1.18,6.37,7.46,5,3,3,45.45
ND,McLean,2020,22,0.23,3.27,3.27,0,6,16,0.0
ND,McLean,2021,27,0.78,4.44,4.44,1,4,22,3.7
ND,McLean,2022,2,1.0,4.5,4.5,0,0,2,0.0
ND,Mchenry,2017,3,1.33,3.5,3.56,0,0,3,0.0
ND,Mckenzie,2017,2,0.5,5.79,5.8,0,1,1,0.0
ND,Mercer,2018,2,0.5,4.41,4.47,0,1,1,0.0
ND,Mercer,2019,2,1.0,5.5,5.5,0,1,1,0.0
ND,Mercer,2020,3,1.0,5.67,6.0,0,2,1,0.0
ND,Mercer,2021,15,0.8,5.4,5.6,1,3,11,6.67
ND,Mercer,2022,3,0.67,5.67,5.67,0,0,3,0.0
ND,Morton,2017,67,1.63,1.15,1.15,22,7,38,32.84
ND,Morton,2018,54,1.76,3.32,3.33,12,4,38,22.22
ND,Morton,2019,183,1.51,2.03,2.04,31,28,124,16.94
ND,Morton,2020,8,0.75,2.75,2.75,1,1,6,12.5
ND,Morton,2021,14,0.86,3.5,3.64,0,1,13,0.0
ND,Morton,2022,15,1.53,3.53,3.53,0,0,15,0.0
ND,Mountrail,2017,66,0.21,3.42,3.45,6,11,49,9.09
ND,Mountrail,2018,60,0.47,3.66,3.69,3,17,40,5.0
ND,Mountrail,2019,11,0.91,3.13,3.12,2,1,8,18.18
ND,Mountrail,2020,18,0.78,3.94,4.06,6,2,10,33.33
ND,Mountrail,2021,21,0.48,2.9,3.05,5,5,11,23.81
ND,Mountrail,2022,8,0.38,2.62,2.75,1,1,6,12.5
ND,Nelson,2017,1,1.0,2.02,2.02,1,0,0,100.0
ND,Nelson,2018,6,1.33,3.92,3.88,0,0,6,0.0
ND,Nelson,2019,11,1.09,3.97,3.98,1,0,10,9.09
ND,Nelson,2020,8,0.5,4.88,5.0,3,1,4,37.5
ND,Nelson,2021,12,0.67,3.17,3.25,2,1,9,16.67
ND,Nelson,2022,9,1.0,3.67,3.89,3,1,5,33.33
ND,Oliver,2018,1,1.0,7.58,7.95,0,0,1,0.0
ND,Oliver,2020,5,0.6,5.0,5.4,0,2,3,0.0
ND,Oliver,2021,1,1.0,8.0,7.0,0,0,1,0.0
ND,Pembina,2017,4,2.0,1.71,1.68,2,1,1,50.0
ND,Pembina,2018,9,1.67,2.14,2.17,1,4,4,11.11
ND,Pembina,2019,18,1.39,5.6,5.64,2,3,13,11.11
ND,Pembina,2020,17,1.18,5.47,5.65,6,6,5,35.29
ND,Pembina,2021,32,0.75,3.72,3.88,1,3,28,3.12
ND,Pembina,2022,10,0.8,4.8,4.9,0,0,10,0.0
ND,Pierce,2018,3,1.0,1.63,1.67,1,0,2,33.33
ND,Pierce,2019,8,1.38,4.41,4.66,1,1,6,12.5
ND,Pierce,2021,2,0.5,2.0,2.0,0,0,2,0.0
ND,Pierce,2022,3,0.67,3.67,3.67,0,0,3,0.0
ND,Ramsey,2017,5,1.6,4.53,4.55,3,0,2,60.0
ND,Ramsey,2018,4,1.5,2.57,2.57,2,0,2,50.0
ND,Ramsey,2019,7,1.29,3.43,3.43,4,0,3,57.14
ND,Ramsey,2020,6,1.0,4.67,4.67,2,3,1,33.33
ND,Ramsey,2021,11,1.09,3.0,3.73,0,0,11,0.0
ND,Ramsey,2022,6,1.0,3.33,3.5,0,1,5,0.0
ND,Ransom,2018,1,0.0,3.75,3.87,0,0,1,0.0
ND,Ransom,2019,8,0.62,4.62,4.62,4,4,0,50.0
ND,Ransom,2020,13,0.69,6.23,6.23,5,5,3,38.46
ND,Ransom,2021,4,0.25,2.0,2.0,2,1,1,50.0
ND,Ransom,2022,3,0.0,3.67,4.0,2,0,1,66.67
ND,Renville,2017,1,2.0,4.92,5.03,0,0,1,0.0
ND,Renville,2018,2,1.5,3.45,3.61,0,0,2,0.0
ND,Renville,2019,1,2.0,15.0,15.0,0,1,0,0.0
ND,Renville,2020,3,0.67,5.33,5.33,0,0,3,0.0
ND,Renville,2021,7,1.29,4.86,5.0,0,0,7,0.0
ND,Richland,2017,2,1.5,5.09,5.05,0,0,2,0.0
ND,Richland,2018,22,1.91,5.48,5.5,3,5,14,13.64
ND,Richland,2019,23,1.61,4.51,4.54,10,4,9,43.48
ND,Richland,2020,23,0.52,4.52,4.52,5,4,14,21.74
ND,Richland,2021,30,0.5,4.9,5.3,3,1,26,10.0
ND,Richland,2022,7,0.0,2.43,2.57,2,0,5,28.57
ND,Rolette,2018,1,1.0,4.37,4.3,0,0,1,0.0
ND,Rolette,2019,2,1.5,5.07,5.09,0,0,2,0.0
ND,Rolette,2020,6,0.83,3.5,3.5,2,1,3,33.33
ND,Rolette,2021,5,0.6,4.2,4.2,0,2,3,0.0
ND,Rolette,2022,6,0.5,3.67,3.83,0,1,5,0.0
ND,Sargent,2017,1,2.0,5.13,5.15,0,0,1,0.0
ND,Sargent,2018,3,1.33,4.71,4.75,2,0,1,66.67
ND,Sargent,2019,2,0.0,3.5,3.5,0,0,2,0.0
ND,Sargent,2020,6,0.67,4.67,4.67,5,0,1,83.33
ND,Sargent,2021,2,1.0,5.5,6.0,1,0,1,50.0
ND,Sargent,2022,4,1.25,7.75,8.0,2,0,2,50.0
ND,Sheridan,2018,1,1.0,0.0,0.0,1,0,0,100.0
ND,Sheridan,2019,1,1.0,9.0,9.0,0,0,1,0.0
ND,Sheridan,2020,2,0.5,4.0,4.0,1,0,1,50.0
ND,Sheridan,2021,5,0.6,5.4,5.4,0,0,5,0.0
ND,Sheridan,2022,4,1.25,7.25,7.5,0,0,4,0.0
ND,Sioux,2018,1,1.0,5.22,5.6,0,0,1,0.0
ND,Sioux,2019,3,0.33,4.66,4.62,0,1,2,0.0
ND,Sioux,2020,3,0.33,3.0,3.33,3,0,0,100.0
ND,Sioux,2021,4,1.25,8.0,8.25,1,0,3,25.0
ND,Sioux,2022,5,0.2,2.8,2.8,0,0,5,0.0
ND,Slope,2017,10,1.8,0.94,0.94,9,0,1,90.0
ND,Slope,2018,10,1.6,5.9,5.93,2,3,5,20.0
ND,Slope,2019,4,1.5,4.5,4.5,0,1,3,0.0
ND,Slope,2020,3,1.33,8.67,8.67,0,3,0,0.0
ND,Slope,2021,13,0.54,4.46,4.69,0,0,13,0.0
ND,Slope,2022,1,1.0,2.0,2.0,0,0,1,0.0
ND,Stark,2017,12,2.08,4.96,4.93,5,1,6,41.67
ND,Stark,2018,21,1.86,5.62,5.63,3,2,16,14.29
ND,Stark,2019,22,1.59,3.29,3.29,0,2,20,0.0
ND,Stark,2020,3,1.33,3.0,3.0,1,1,1,33.33
ND,Stark,2021,3,1.33,4.67,4.67,0,2,1,0.0
ND,Stark,2022,5,1.4,4.2,4.2,1,0,4,20.0
ND,Steele,2019,1,0.0,1.0,1.0,0,0,1,0.0
ND,Steele,2020,1,0.0,3.0,3.0,0,1,0,0.0
ND,Steele,2021,8,0.25,3.38,3.5,3,0,5,37.5
ND,Steele,2022,6,1.17,6.5,6.67,0,0,6,0.0
ND,Stutsman,2017,52,1.54,1.45,1.47,16,6,30,30.77
ND,Stutsman,2018,58,1.59,3.23,3.24,9,11,38,15.52
ND,Stutsman,2019,81,1.58,2.97,3.0,22,13,46,27.16
ND,Stutsman,2020,15,1.27,5.13,5.33,2,3,10,13.33
ND,Stutsman,2021,33,1.33,3.58,3.73,1,2,30,3.03
ND,Stutsman,2022,28,1.29,3.46,3.61,1,0,27,3.57
ND,Towner,2017,2,2.0,7.21,7.22,2,0,0,100.0
ND,Towner,2019,1,1.0,2.0,2.0,0,0,1,0.0
ND,Towner,2020,3,1.0,4.33,4.33,1,0,2,33.33
ND,Towner,2021,4,1.0,2.25,4.0,0,0,4,0.0
ND,Traill,2017,9,1.89,3.71,3.76,0,0,9,0.0
ND,Traill,2018,8,1.75,4.9,4.92,2,1,5,25.0
ND,Traill,2019,4,1.75,4.7,4.71,1,0,3,25.0
ND,Traill,2020,7,0.29,3.43,3.57,0,2,5,0.0
ND,Traill,2021,22,0.27,3.45,3.59,2,3,17,9.09
ND,Traill,2022,6,0.33,3.83,3.83,0,0,6,0.0
ND,Walsh,2017,4,1.75,5.15,5.16,1,0,3,25.0
ND,Walsh,2019,6,0.83,2.83,2.83,0,2,4,0.0
ND,Walsh,2020,3,1.33,5.0,5.0,0,1,2,0.0
ND,Walsh,2021,7,0.71,4.43,4.71,0,0,7,0.0
ND,Walsh,2022,7,0.29,3.71,3.86,0,1,6,0.0
ND,Ward,2017,8,1.62,3.27,3.29,1,3,4,12.5
ND,Ward,2018,37,1.54,5.18,5.21,4,8,25,10.81
ND,Ward,2019,24,1.33,3.75,3.86,2,5,17,8.33
ND,Ward,2020,40,1.32,2.52,3.45,3,20,17,7.5
ND,Ward,2021,42,1.19,2.36,3.36,0,10,32,0.0
ND,Ward,2022,11,1.45,6.09,6.18,0,0,11,0.0
ND,Wells,2017,3,0.67,3.11,3.24,1,0,2,33.33
ND,Wells,2018,12,1.83,4.31,4.34,0,2,10,0.0
ND,Wells,2019,16,1.31,3.81,3.88,3,7,6,18.75
ND,Wells,2020,5,0.4,2.6,2.8,2,1,2,40.0
ND,Wells,2021,16,0.94,4.25,4.38,1,2,13,6.25
ND,Wells,2022,10,0.7,3.1,3.1,0,0,10,0.0
ND,Williams,2017,217,0.6,4.76,4.75,11,71,135,5.07
ND,Williams,2018,101,0.78,4.1,4.13,12,20,69,11.88
ND,Williams,2019,11,0.82,4.2,4.39,3,1,7,27.27
ND,Williams,2020,124,0.56,3.81,3.86,44,30,50,35.48
ND,Williams,2021,37,1.03,5.27,5.51,1,22,14,2.7
ND,Williams,2022,15,1.07,3.53,3.67,1,0,14,6.67
NE,Adams,2017,2,1.5,15.07,15.11,0,2,0,0.0
NE,Adams,2018,32,1.66,4.84,4.85,3,3,26,9.38
NE,Adams,2019,30,0.53,2.71,2.79,1,4,25,3.33
NE,Adams,2020,9,0.67,3.22,3.33,0,1,8,0.0
NE,Adams,2021,4,0.75,4.75,5.0,0,1,3,0.0
NE,Adams,2022,1,1.0,2.0,2.0,0,0,1,0.0
NE,Antelope,2017,1,2.0,11.07,11.1,0,0,1,0.0
NE,Antelope,2018,8,1.5,3.77,3.79,2,0,6,25.0
NE,Antelope,2019,16,0.81,4.19,4.25,0,2,14,0.0
NE,Antelope,2020,7,0.71,6.71,6.86,0,2,5,0.0
NE,Antelope,2021,4,1.25,7.0,7.0,0,0,4,0.0
NE,Antelope,2022,2,0.0,1.5,2.0,0,0,2,0.0
NE,Arthur,2017,1,1.0,6.68,6.62,0,0,1,0.0
NE,Arthur,2018,1,2.0,7.82,7.9,0,1,0,0.0
NE,Arthur,2019,10,0.9,5.95,6.01,0,2,8,0.0
NE,Arthur,2020,3,0.67,1.0,4.67,0,0,3,0.0
NE,Banner,2017,8,2.0,9.82,9.81,0,5,3,0.0
NE,Banner,2018,2,1.5,4.67,4.67,0,0,2,0.0
NE,Banner,2019,9,0.44,4.86,5.09,1,2,6,11.11
NE,Banner,2020,11,0.18,3.0,3.0,2,1,8,18.18
NE,Banner,2021,1,0.0,4.0,4.0,0,0,1,0.0
NE,Banner,2022,2,0.5,5.0,5.0,0,0,2,0.0
NE,Blaine,2017,2,1.5,3.91,3.94,1,0,1,50.0
NE,Blaine,2018,2,1.5,2.67,2.6,1,0,1,50.0
NE,Blaine,2019,2,0.5,4.5,5.0,0,0,2,0.0
NE,Blaine,2020,11,0.91,3.55,3.64,0,4,7,0.0
NE,Blaine,2021,5,1.6,6.2,6.4,1,0,4,20.0
NE,Blaine,2022,1,1.0,4.0,4.0,0,0,1,0.0
NE,Boone,2017,2,1.0,7.44,7.45,1,0,1,50.0
NE,Boone,2018,6,1.67,7.55,7.61,3,0,3,50.0
NE,Boone,2019,10,0.2,3.3,3.4,3,1,6,30.0
NE,Boone,2020,21,0.33,4.24,4.19,8,2,11,38.1
NE,Boone,2021,1,1.0,4.0,5.0,1,0,0,100.0
NE,Boone,2022,1,0.0,4.0,4.0,0,1,0,0.0
NE,Box Butte,2017,10,1.6,3.86,3.85,3,3,4,30.0
NE,Box Butte,2018,17,1.65,5.92,5.96,4,3,10,23.53
NE,Box Butte,2019,8,1.25,5.52,5.52,1,2,5,12.5
NE,Box Butte,2020,1,2.0,8.0,8.0,0,0,1,0.0
NE,Box Butte,2021,8,1.38,6.12,6.12,0,2,6,0.0
NE,Box Butte,2022,4,1.25,6.0,6.0,0,0,4,0.0
NE,Boyd,2017,1,2.0,6.17,6.18,0,1,0,0.0
NE,Boyd,2018,1,1.0,0.0,0.0,0,0,1,0.0
NE,Boyd,2020,5,0.8,4.6,4.6,0,2,3,0.0
NE,Boyd,2021,4,0.75,5.5,6.25,1,1,2,25.0
NE,Boyd,2022,1,2.0,10.0,10.0,0,0,1,0.0
NE,Brown,2018,3,2.0,3.43,5.55,1,0,2,33.33
NE,Brown,2019,7,1.29,3.68,4.29,3,2,2,42.86
NE,Brown,2020,10,1.5,4.5,4.5,3,4,3,30.0
NE,Brown,2021,3,2.0,4.0,4.33,3,0,0,100.0
NE,Brown,2022,1,2.0,10.0,11.0,0,0,1,0.0
NE,Buffalo,2017,17,1.35,1.55,2.98,3,3,11,17.65
NE,Buffalo,2018,79,1.75,4.23,4.38,12,11,56,15.19
NE,Buffalo,2019,155,1.16,4.34,4.49,18,13,124,11.61
NE,Buffalo,2020,40,0.92,4.92,5.1,3,6,31,7.5
NE,Buffalo,2021,32,1.12,3.72,4.06,0,4,28,0.0
NE,Buffalo,2022,5,1.2,7.6,7.6,2,0,3,40.0
NE,Burt,2016,1,2.0,0.0,0.0,0,1,0,0.0
NE,Burt,2017,16,1.75,7.7,7.74,1,4,11,6.25
NE,Burt,2018,13,1.69,4.23,4.23,1,7,5,7.69
NE,Burt,2019,19,0.84,3.16,3.16,5,6,8,26.32
NE,Burt,2020,10,0.8,4.3,4.4,2,0,8,20.0
NE,Burt,2021,4,1.0,2.5,3.0,0,0,4,0.0
NE,Burt,2022,2,1.0,4.5,4.5,0,0,2,0.0
NE,Butler,2018,4,1.25,3.78,3.8,1,0,3,25.0
NE,Butler,2019,8,0.62,4.44,4.58,0,2,6,0.0
NE,Butler,2020,3,0.67,10.67,10.67,1,0,2,33.33
NE,Butler,2021,5,1.0,8.0,8.4,0,0,5,0.0
NE,Butler,2022,3,0.0,3.67,3.67,0,0,3,0.0
NE,Cass,2016,1,2.0,3.67,3.67,1,0,0,100.0
NE,Cass,2017,19,1.21,4.38,4.42,1,6,12,5.26
NE,Cass,2018,20,1.7,3.72,3.73,1,5,14,5.0
NE,Cass,2019,25,0.92,4.62,4.66,3,7,15,12.0
NE,Cass,2020,13,0.77,3.54,3.69,2,3,8,15.38
NE,Cass,2021,11,1.91,4.82,5.27,1,3,7,9.09
NE,Cass,2022,11,1.0,4.27,4.45,0,0,11,0.0
NE,Cedar,2017,7,1.43,3.7,3.7,1,1,5,14.29
NE,Cedar,2018,32,1.47,4.65,4.67,4,5,23,12.5
NE,Cedar,2019,6,0.5,3.83,3.67,1,2,3,16.67
NE,Cedar,2020,24,0.67,4.5,4.75,2,5,17,8.33
NE,Cedar,2021,10,0.5,4.8,4.6,0,5,5,0.0
NE,Cedar,2022,2,2.0,5.5,5.5,0,0,2,0.0
NE,Chase,2017,4,0.0,0.28,0.29,1,0,3,25.0
NE,Chase,2018,2,1.0,6.23,6.24,0,0,2,0.0
NE,Chase,2019,3,0.67,5.67,5.67,0,0,3,0.0
NE,Chase,2020,3,0.67,4.33,4.67,0,0,3,0.0
NE,Cherry,2017,4,2.0,3.61,3.62,1,2,1,25.0
NE,Cherry,2018,14,2.0,4.19,4.22,4,3,7,28.57
NE,Cherry,2019,7,1.29,3.92,3.91,0,1,6,0.0
NE,Cherry,2020,31,1.26,4.32,4.39,11,5,15,35.48
NE,Cherry,2021,17,1.18,3.94,4.12,1,1,15,5.88
NE,Cherry,2022,1,1.0,4.0,4.0,0,0,1,0.0
NE,Cheyenne,2017,14,1.86,3.33,3.33,5,0,9,35.71
NE,Cheyenne,2018,57,1.86,4.81,4.83,7,7,43,12.28
NE,Cheyenne,2019,139,1.76,2.51,2.51,69,12,58,49.64
NE,Cheyenne,2020,30,1.6,4.2,4.33,6,2,22,20.0
NE,Cheyenne,2021,18,1.33,3.83,4.06,0,0,18,0.0
NE,Cheyenne,2022,8,1.5,4.12,4.12,0,0,8,0.0
NE,Clay,2017,1,0.0,2.18,2.17,0,0,1,0.0
NE,Clay,2018,3,0.67,3.58,3.63,1,0,2,33.33
NE,Clay,2019,9,0.0,1.89,2.33,0,2,7,0.0
NE,Clay,2020,10,0.2,3.2,3.4,0,1,9,0.0
NE,Clay,2021,5,0.6,4.6,4.4,0,1,4,0.0
NE,Clay,2022,4,0.5,4.0,4.0,0,0,4,0.0
NE,Colfax,2017,6,1.5,4.3,5.21,2,1,3,33.33
NE,Colfax,2018,40,1.7,6.35,6.4,5,8,27,12.5
NE,Colfax,2019,11,0.91,5.24,5.33,1,3,7,9.09
NE,Colfax,2020,15,1.0,5.87,6.0,1,1,13,6.67
NE,Colfax,2021,8,0.5,2.25,2.38,0,1,7,0.0
NE,Colfax,2022,1,2.0,6.0,6.0,0,0,1,0.0
NE,Cuming,2017,3,1.0,1.41,1.4,1,0,2,33.33
NE,Cuming,2018,8,1.38,2.05,2.05,0,4,4,0.0
NE,Cuming,2019,9,1.33,5.33,5.58,0,2,7,0.0
NE,Cuming,2020,7,0.71,3.57,3.57,2,1,4,28.57
NE,Cuming,2021,3,1.33,3.67,4.0,0,0,3,0.0
NE,Cuming,2022,3,0.67,3.0,3.67,0,1,2,0.0
NE,Custer,2017,6,1.5,8.28,8.35,2,1,3,33.33
NE,Custer,2018,7,1.57,4.75,4.84,0,1,6,0.0
NE,Custer,2019,35,0.89,4.47,4.59,7,10,18,20.0
NE,Custer,2020,27,1.04,4.26,4.33,7,5,15,25.93
NE,Custer,2021,16,0.94,5.06,5.25,9,0,7,56.25
NE,Custer,2022,7,1.86,6.57,6.86,0,1,6,0.0
NE,Dakota,2016,3,1.67,4.16,4.22,1,0,2,33.33
NE,Dakota,2017,24,1.58,3.66,3.69,5,7,12,20.83
NE,Dakota,2018,48,1.48,3.84,3.88,2,8,38,4.17
NE,Dakota,2019,12,1.25,4.8,4.89,4,3,5,33.33
NE,Dakota,2020,16,0.81,4.31,4.44,1,3,12,6.25
NE,Dakota,2021,5,1.0,4.4,4.4,0,0,5,0.0
NE,Dakota,2022,4,0.75,6.25,6.25,0,0,4,0.0
NE,Dawes,2017,12,1.58,4.74,4.74,4,2,6,33.33
NE,Dawes,2018,12,1.5,5.51,5.53,5,3,4,41.67
NE,Dawes,2019,34,1.56,7.67,7.7,6,10,18,17.65
NE,Dawes,2020,18,0.94,3.11,3.17,5,4,9,27.78
NE,Dawes,2021,18,1.5,3.56,3.61,0,6,12,0.0
NE,Dawes,2022,5,1.2,2.6,2.6,0,0,5,0.0
NE,Dawson,2017,19,1.84,6.99,7.0,2,7,10,10.53
NE,Dawson,2018,64,1.55,2.91,3.91,6,4,54,9.38
NE,Dawson,2019,148,1.28,3.26,3.34,41,8,99,27.7
NE,Dawson,2020,31,0.65,3.35,3.87,7,1,23,22.58
NE,Dawson,2021,17,1.06,2.88,3.06,3,0,14,17.65
NE,Dawson,2022,6,1.67,5.5,5.67,0,0,6,0.0
NE,Deuel,2017,16,1.81,4.87,4.85,1,2,13,6.25
NE,Deuel,2018,45,1.89,3.63,3.64,5,8,32,11.11
NE,Deuel,2019,99,1.76,2.5,2.51,37,10,52,37.37
NE,Deuel,2020,35,1.43,4.54,4.69,2,8,25,5.71
NE,Deuel,2021,15,1.0,2.93,2.93,0,1,14,0.0
NE,Deuel,2022,5,1.4,4.0,4.6,1,0,4,20.0
NE,Dixon,2018,15,1.67,5.05,5.07,0,0,15,0.0
NE,Dixon,2019,9,0.78,5.78,5.89,5,2,2,55.56
NE,Dixon,2020,6,0.83,4.17,4.33,1,1,4,16.67
NE,Dixon,2021,5,1.0,6.8,7.2,1,0,4,20.0
NE,Dixon,2022,4,1.0,6.0,6.5,0,2,2,0.0
NE,Dodge,2016,1,2.0,8.22,8.22,1,0,0,100.0
NE,Dodge,2017,15,1.67,2.76,2.79,5,2,8,33.33
NE,Dodge,2018,46,1.5,4.73,4.76,9,7,30,19.57
NE,Dodge,2019,25,1.4,6.83,6.87,2,2,21,8.0
NE,Dodge,2020,12,1.17,4.83,4.83,1,2,9,8.33
NE,Dodge,2021,6,1.33,2.83,2.83,0,2,4,0.0
NE,Dodge,2022,4,0.75,3.25,3.25,0,0,4,0.0
NE,Douglas,2016,117,1.44,1.54,1.92,33,56,28,28.21
NE,Douglas,2017,246,1.31,3.43,4.03,102,100,44,41.46
NE,Douglas,2018,431,1.3,3.35,3.97,154,179,98,35.73
NE,Douglas,2019,326,0.7,2.88,3.48,103,140,83,31.6
NE,Douglas,2020,90,0.67,3.12,3.68,20,40,30,22.22
NE,Douglas,2021,123,0.87,3.19,3.67,22,54,47,17.89
NE,Douglas,2022,56,1.09,5.05,5.39,12,20,24,21.43
NE,Dundy,2017,1,2.0,15.13,15.12,0,0,1,0.0
NE,Dundy,2018,4,1.75,5.33,5.38,1,0,3,25.0
NE,Dundy,2019,10,1.2,3.5,4.38,2,4,4,20.0
NE,Dundy,2020,11,1.55,3.0,4.27,0,5,6,0.0
NE,Dundy,2021,1,2.0,6.0,6.0,0,1,0,0.0
NE,Dundy,2022,1,1.0,1.0,1.0,0,0,1,0.0
NE,Fillmore,2018,9,1.56,5.48,5.49,0,1,8,0.0
NE,Fillmore,2019,9,0.89,4.28,4.4,1,0,8,11.11
NE,Fillmore,2020,4,0.5,4.75,4.75,0,0,4,0.0
NE,Fillmore,2021,6,0.33,4.0,4.0,0,0,6,0.0
NE,Fillmore,2022,2,0.5,4.5,4.5,0,0,2,0.0
NE,Franklin,2018,9,1.0,1.63,4.95,5,0,4,55.56
NE,Franklin,2019,5,0.2,3.0,3.0,0,1,4,0.0
NE,Franklin,2020,14,0.43,4.5,4.57,3,2,9,21.43
NE,Franklin,2021,7,0.71,5.14,5.29,1,1,5,14.29
NE,Franklin,2022,1,1.0,9.0,9.0,0,0,1,0.0
NE,Frontier,2017,2,2.0,8.22,8.48,0,1,1,0.0
NE,Frontier,2018,3,1.67,6.83,6.84,1,0,2,33.33
NE,Frontier,2019,7,0.86,3.82,3.67,0,1,6,0.0
NE,Frontier,2020,15,1.07,3.8,3.93,1,5,9,6.67
NE,Frontier,2021,4,1.5,6.75,6.75,0,3,1,0.0
NE,Frontier,2022,3,1.0,5.33,5.67,0,1,2,0.0
NE,Furnas,2017,23,1.74,5.2,5.24,0,11,12,0.0
NE,Furnas,2018,7,1.71,3.41,5.4,0,1,6,0.0
NE,Furnas,2019,20,0.45,3.56,3.65,6,1,13,30.0
NE,Furnas,2020,9,0.56,4.67,4.78,3,0,6,33.33
NE,Furnas,2021,4,0.25,3.75,4.0,1,1,2,25.0
NE,Gage,2017,6,1.83,4.03,4.06,4,2,0,66.67
NE,Gage,2018,4,1.75,9.01,9.02,2,1,1,50.0
NE,Gage,2019,9,0.44,2.87,2.86,4,0,5,44.44
NE,Gage,2020,20,0.85,3.95,4.1,9,0,11,45.0
NE,Gage,2021,7,0.86,2.86,3.14,4,1,2,57.14
NE,Gage,2022,8,0.75,5.25,5.12,2,0,6,25.0
NE,Garden,2017,1,2.0,2.62,2.68,0,0,1,0.0
NE,Garden,2018,8,1.38,6.3,6.31,4,2,2,50.0
NE,Garden,2019,9,0.78,5.89,6.12,2,1,6,22.22
NE,Garden,2020,4,0.5,4.5,4.5,0,3,1,0.0
NE,Garden,2021,3,0.67,6.0,6.0,1,0,2,33.33
NE,Garfield,2018,2,1.0,5.1,5.14,0,1,1,0.0
NE,Garfield,2019,6,0.17,3.67,4.0,3,0,3,50.0
NE,Garfield,2020,3,0.0,2.33,2.67,0,2,1,0.0
NE,Garfield,2021,2,0.0,2.0,2.0,0,2,0,0.0
NE,Garfield,2022,3,1.33,8.0,8.33,1,0,2,33.33
NE,Gosper,2017,2,2.0,2.77,2.77,0,1,1,0.0
NE,Gosper,2018,1,2.0,9.57,9.63,0,0,1,0.0
NE,Gosper,2019,9,0.22,2.9,3.13,0,1,8,0.0
NE,Gosper,2020,7,0.14,3.86,3.71,1,2,4,14.29
NE,Gosper,2021,1,1.0,5.0,5.0,0,0,1,0.0
NE,Gosper,2022,1,2.0,10.0,10.0,0,0,1,0.0
NE,Grant,2017,2,1.5,6.8,6.78,2,0,0,100.0
NE,Grant,2018,2,2.0,0.0,0.01,0,0,2,0.0
NE,Grant,2019,4,1.25,8.0,8.0,2,2,0,50.0
NE,Grant,2020,4,1.5,2.75,4.0,0,0,4,0.0
NE,Grant,2021,1,2.0,7.0,7.0,0,0,1,0.0
NE,Grant,2022,1,1.0,5.0,6.0,0,0,1,0.0
NE,Greeley,2017,1,2.0,6.45,6.5,0,0,1,0.0
NE,Greeley,2018,1,1.0,1.12,1.1,1,0,0,100.0
NE,Greeley,2019,2,1.0,2.0,2.0,0,1,1,0.0
NE,Greeley,2020,3,0.67,5.33,5.33,1,0,2,33.33
NE,Greeley,2022,1,2.0,5.0,5.0,0,0,1,0.0
NE,Hall,2017,25,1.68,4.3,4.96,6,8,11,24.0
NE,Hall,2018,111,1.68,4.27,4.29,25,22,64,22.52
NE,Hall,2019,152,1.17,3.35,3.44,14,22,116,9.21
NE,Hall,2020,19,1.0,3.37,3.42,3,3,13,15.79
NE,Hall,2021,15,1.2,4.07,4.47,1,2,12,6.67
NE,Hall,2022,5,1.8,8.6,8.6,0,1,4,0.0
NE,Hamilton,2018,43,1.79,5.51,5.54,4,5,34,9.3
NE,Hamilton,2019,54,1.39,2.75,2.75,5,1,48,9.26
NE,Hamilton,2020,20,1.15,4.85,5.05,0,1,19,0.0
NE,Hamilton,2021,12,1.92,4.83,5.33,0,0,12,0.0
NE,Hamilton,2022,7,2.14,10.57,10.57,0,3,4,0.0
NE,Harlan,2017,10,1.0,5.0,5.03,4,2,4,40.0
NE,Harlan,2018,5,1.4,1.6,4.01,1,0,4,20.0
NE,Harlan,2019,16,0.94,4.53,4.55,3,2,11,18.75
NE,Harlan,2020,6,0.83,4.0,4.0,3,1,2,50.0
NE,Harlan,2021,6,0.67,2.33,2.67,1,2,3,16.67
NE,Hayes,2018,1,1.0,4.6,4.6,1,0,0,100.0
NE,Hayes,2019,4,1.0,7.5,7.5,3,1,0,75.0
NE,Hayes,2020,1,0.0,4.0,4.0,1,0,0,100.0
NE,Hayes,2021,2,1.0,5.5,5.0,0,0,2,0.0
NE,Hayes,2022,1,0.0,4.0,4.0,1,0,0,100.0
NE,Hitchcock,2017,2,1.0,2.85,2.86,1,0,1,50.0
NE,Hitchcock,2019,12,0.75,5.53,5.53,3,0,9,25.0
NE,Hitchcock,2020,3,1.0,5.0,5.33,0,1,2,0.0
NE,Hitchcock,2021,1,1.0,5.0,5.0,0,0,1,0.0
NE,Holt,2017,3,1.33,3.58,3.66,0,2,1,0.0
NE,Holt,2018,18,1.33,5.43,5.47,12,1,5,66.67
NE,Holt,2019,39,0.87,4.11,4.11,18,6,15,46.15
NE,Holt,2020,31,1.16,4.03,4.13,8,12,11,25.81
NE,Holt,2021,6,0.83,3.5,3.83,0,1,5,0.0
NE,Holt,2022,4,0.75,5.5,5.25,1,1,2,25.0
NE,Hooker,2017,4,1.75,6.28,6.28,3,0,1,75.0
NE,Hooker,2021,5,0.8,4.8,4.8,5,0,0,100.0
NE,Howard,2018,4,1.75,6.59,6.67,1,1,2,25.0
NE,Howard,2019,9,0.78,5.67,5.78,2,2,5,22.22
NE,Howard,2020,8,1.0,4.88,4.88,1,1,6,12.5
NE,Howard,2021,4,0.75,5.5,5.75,0,0,4,0.0
NE,Howard,2022,2,1.0,5.5,5.5,1,0,1,50.0
NE,Jefferson,2017,1,2.0,0.0,0.0,1,0,0,100.0
NE,Jefferson,2018,3,1.0,11.48,11.46,0,1,2,0.0
NE,Jefferson,2019,3,0.33,4.0,4.0,1,2,0,33.33
NE,Jefferson,2020,5,0.8,5.4,5.4,2,0,3,40.0
NE,Jefferson,2022,1,1.0,5.0,5.0,0,0,1,0.0
NE,Johnson,2017,4,1.0,1.19,1.19,2,1,1,50.0
NE,Johnson,2019,3,0.33,3.87,3.83,1,0,2,33.33
NE,Johnson,2020,7,0.86,6.29,6.43,2,0,5,28.57
NE,Johnson,2021,1,0.0,1.0,1.0,1,0,0,100.0
NE,Johnson,2022,3,0.33,3.0,3.33,0,0,3,0.0
NE,Kearney,2018,3,2.0,7.25,7.24,0,0,3,0.0
NE,Kearney,2019,19,0.32,2.97,3.13,9,1,9,47.37
NE,Kearney,2020,4,0.5,4.25,4.25,0,0,4,0.0
NE,Kearney,2021,8,0.62,4.0,4.0,2,0,6,25.0
NE,Keith,2017,18,1.67,1.81,3.76,6,1,11,33.33
NE,Keith,2018,42,1.67,4.27,4.29,6,3,33,14.29
NE,Keith,2019,118,1.62,2.27,2.39,65,5,48,55.08
NE,Keith,2020,17,1.0,4.82,5.0,1,0,16,5.88
NE,Keith,2021,17,1.18,2.59,2.65,0,3,14,0.0
NE,Keith,2022,18,1.61,6.06,6.17,0,3,15,0.0
NE,Keya Paha,2017,1,2.0,11.67,11.9,0,1,0,0.0
NE,Keya Paha,2018,14,1.71,7.3,7.31,3,3,8,21.43
NE,Keya Paha,2019,5,0.8,4.75,4.78,1,1,3,20.0
NE,Keya Paha,2020,5,0.6,3.4,4.8,1,0,4,20.0
NE,Kimball,2017,13,1.77,8.04,8.06,4,2,7,30.77
NE,Kimball,2018,84,1.96,5.75,5.75,5,8,71,5.95
NE,Kimball,2019,137,1.52,2.76,2.95,54,14,69,39.42
NE,Kimball,2020,23,1.09,3.26,3.48,1,2,20,4.35
NE,Kimball,2021,21,0.81,3.9,4.0,0,1,20,0.0
NE,Kimball,2022,25,1.2,5.52,5.64,2,0,23,8.0
NE,Knox,2018,3,1.67,8.32,8.29,2,1,0,66.67
NE,Knox,2019,12,0.33,3.92,4.25,0,1,11,0.0
NE,Knox,2020,26,0.54,4.96,5.12,3,8,15,11.54
NE,Knox,2021,4,0.75,4.75,5.5,0,0,4,0.0
NE,Lancaster,2016,1,2.0,0.0,0.0,0,0,1,0.0
NE,Lancaster,2017,32,1.72,3.83,3.95,17,10,5,53.12
NE,Lancaster,2018,107,1.5,4.34,4.52,44,20,43,41.12
NE,Lancaster,2019,102,1.05,4.13,4.34,36,33,33,35.29
NE,Lancaster,2020,44,0.77,4.14,4.82,14,12,18,31.82
NE,Lancaster,2021,66,1.17,3.98,4.92,14,27,25,21.21
NE,Lancaster,2022,17,1.0,5.29,5.35,2,4,11,11.76
NE,Lincoln,2017,15,1.8,3.27,3.27,3,4,8,20.0
NE,Lincoln,2018,159,1.76,4.37,4.42,18,26,115,11.32
NE,Lincoln,2019,93,1.26,3.29,3.33,22,10,61,23.66
NE,Lincoln,2020,35,1.09,3.49,3.63,4,5,26,11.43
NE,Lincoln,2021,13,1.15,2.69,3.77,1,1,11,7.69
NE,Lincoln,2022,22,1.05,4.23,4.45,1,2,19,4.55
NE,Logan,2017,4,1.75,7.83,7.81,1,0,3,25.0
NE,Logan,2018,3,1.33,1.7,1.68,1,0,2,33.33
NE,Logan,2019,10,0.9,3.83,3.83,0,6,4,0.0
NE,Logan,2020,4,1.0,7.0,7.25,0,1,3,0.0
NE,Logan,2021,1,1.0,1.0,1.0,0,0,1,0.0
NE,Logan,2022,1,2.0,6.0,6.0,0,0,1,0.0
NE,Loup,2017,3,1.67,1.71,4.21,1,1,1,33.33
NE,Loup,2018,1,1.0,0.0,4.62,0,0,1,0.0
NE,Loup,2019,2,1.0,2.46,2.95,0,1,1,0.0
NE,Loup,2020,2,0.5,6.0,5.5,0,0,2,0.0
NE,Loup,2021,2,1.5,8.0,8.0,0,0,2,0.0
NE,Loup,2022,2,1.0,8.5,8.5,0,0,2,0.0
NE,Madison,2017,2,1.5,3.74,3.74,0,1,1,0.0
NE,Madison,2018,19,1.42,4.19,4.81,6,4,9,31.58
NE,Madison,2019,14,1.21,3.64,3.72,3,5,6,21.43
NE,Madison,2020,15,1.07,6.13,6.2,5,3,7,33.33
NE,Madison,2021,2,0.5,4.5,4.5,2,0,0,100.0
NE,McPherson,2018,1,1.0,4.53,4.62,0,0,1,0.0
NE,McPherson,2020,1,1.0,5.0,5.0,0,0,1,0.0
NE,Merrick,2017,25,1.48,1.27,3.57,2,5,18,8.0
NE,Merrick,2018,13,1.46,5.91,5.94,5,2,6,38.46
NE,Merrick,2019,11,1.27,3.24,3.24,0,0,11,0.0
NE,Merrick,2020,13,1.08,4.0,4.23,1,3,9,7.69
NE,Merrick,2021,5,0.8,2.4,2.4,1,0,4,20.0
NE,Merrick,2022,2,1.5,6.0,6.0,0,0,2,0.0
NE,Morrill,2017,5,1.4,3.07,3.06,2,1,2,40.0
NE,Morrill,2018,35,1.71,5.96,6.0,5,11,19,14.29
NE,Morrill,2019,25,1.24,6.28,6.32,5,5,15,20.0
NE,Morrill,2020,15,0.87,4.6,4.73,8,2,5,53.33
NE,Morrill,2021,6,2.0,6.17,6.5,0,0,6,0.0
NE,Morrill,2022,2,0.5,2.0,2.0,1,0,1,50.0
NE,Nance,2018,2,1.5,17.62,17.68,1,0,1,50.0
NE,Nance,2019,7,0.43,4.14,4.14,6,0,1,85.71
NE,Nance,2020,5,0.4,4.4,4.4,3,1,1,60.0
NE,Nance,2021,2,0.5,4.0,4.0,0,0,2,0.0
NE,Nemaha,2017,1,1.0,1.6,1.6,0,0,1,0.0
NE,Nemaha,2018,14,1.79,4.71,4.7,0,1,13,0.0
NE,Nemaha,2019,8,0.88,2.87,3.0,0,1,7,0.0
NE,Nemaha,2020,7,0.57,3.29,3.29,1,1,5,14.29
NE,Nemaha,2021,6,1.17,4.83,4.83,0,0,6,0.0
NE,Nemaha,2022,1,1.0,5.0,5.0,0,0,1,0.0
NE,Nuckolls,2018,3,0.67,4.53,4.57,0,0,3,0.0
NE,Nuckolls,2019,8,0.38,4.04,4.16,2,1,5,25.0
NE,Nuckolls,2020,10,0.5,4.7,4.8,3,3,4,30.0
NE,Nuckolls,2021,3,0.67,4.67,5.0,0,1,2,0.0
NE,Nuckolls,2022,2,1.0,9.0,9.5,1,0,1,50.0
NE,Otoe,2016,3,0.33,0.0,0.0,1,1,1,33.33
NE,Otoe,2017,10,1.1,5.89,5.95,2,0,8,20.0
NE,Otoe,2018,18,0.61,4.01,4.03,1,3,14,5.56
NE,Otoe,2019,47,0.89,3.75,3.82,8,10,29,17.02
NE,Otoe,2020,20,0.4,3.5,3.55,0,4,16,0.0
NE,Otoe,2021,4,0.0,4.0,4.0,0,4,0,0.0
NE,Otoe,2022,10,0.5,5.5,5.9,0,0,10,0.0
NE,Pawnee,2018,1,2.0,31.33,31.32,1,0,0,100.0
NE,Pawnee,2019,5,0.8,4.2,4.4,2,1,2,40.0
NE,Pawnee,2020,12,0.67,5.33,5.58,3,4,5,25.0
NE,Pawnee,2021,5,0.8,6.8,6.8,4,0,1,80.0
NE,Pawnee,2022,1,1.0,6.0,7.0,0,0,1,0.0
NE,Perkins,2017,2,1.0,5.81,5.85,0,0,2,0.0
NE,Perkins,2018,6,1.5,4.45,4.45,0,3,3,0.0
NE,Perkins,2019,7,0.57,4.68,4.82,0,0,7,0.0
NE,Perkins,2020,11,0.36,4.36,4.36,0,0,11,0.0
NE,Perkins,2021,1,1.0,5.0,5.0,0,0,1,0.0
NE,Perkins,2022,2,0.5,4.5,4.5,0,0,2,0.0
NE,Phelps,2017,4,1.5,5.03,5.08,0,2,2,0.0
NE,Phelps,2018,3,2.0,3.41,3.42,0,1,2,0.0
NE,Phelps,2019,25,0.96,3.96,4.08,2,3,20,8.0
NE,Phelps,2020,10,1.3,4.5,4.6,2,2,6,20.0
NE,Phelps,2021,8,0.88,3.0,3.0,0,4,4,0.0
NE,Phelps,2022,2,1.5,7.0,7.0,0,0,2,0.0
NE,Pierce,2017,5,1.2,1.83,1.85,0,2,3,0.0
NE,Pierce,2018,10,1.3,3.44,3.47,0,1,9,0.0
NE,Pierce,2019,5,1.4,4.46,4.47,2,0,3,40.0
NE,Pierce,2020,13,1.08,7.54,7.69,5,5,3,38.46
NE,Pierce,2021,1,0.0,2.0,2.0,1,0,0,100.0
NE,Pierce,2022,1,1.0,9.0,9.0,0,0,1,0.0
NE,Platte,2017,15,1.67,8.46,8.5,5,2,8,33.33
NE,Platte,2018,39,1.38,4.31,4.36,9,9,21,23.08
NE,Platte,2019,12,1.0,4.8,4.92,5,2,5,41.67
NE,Platte,2020,15,1.2,4.2,4.4,4,4,7,26.67
NE,Platte,2021,3,2.0,2.67,4.0,0,2,1,0.0
NE,Platte,2022,1,1.0,6.0,6.0,0,0,1,0.0
NE,Polk,2017,1,1.0,0.43,0.43,0,0,1,0.0
NE,Polk,2018,13,1.46,4.11,4.14,2,4,7,15.38
NE,Polk,2019,7,1.0,7.29,7.43,1,2,4,14.29
NE,Polk,2020,8,0.5,4.62,4.62,2,1,5,25.0
NE,Polk,2021,4,1.0,6.75,6.75,2,0,2,50.0
NE,Polk,2022,2,1.0,5.0,5.5,0,0,2,0.0
NE,Red Willow,2017,11,1.91,6.54,6.55,4,2,5,36.36
NE,Red Willow,2018,7,1.86,3.07,3.07,1,1,5,14.29
NE,Red Willow,2019,35,0.83,4.67,4.7,14,8,13,40.0
NE,Red Willow,2020,10,1.0,2.9,3.1,2,5,3,20.0
NE,Red Willow,2021,4,1.25,4.75,4.75,1,2,1,25.0
NE,Red Willow,2022,2,1.0,4.0,4.0,0,0,2,0.0
NE,Richardson,2017,2,1.0,0.54,0.54,0,0,2,0.0
NE,Richardson,2018,6,1.5,10.83,10.85,1,1,4,16.67
NE,Richardson,2019,10,0.8,4.73,4.65,0,3,7,0.0
NE,Richardson,2020,12,0.58,4.08,4.25,0,3,9,0.0
NE,Richardson,2021,2,1.0,4.5,4.5,0,0,2,0.0
NE,Richardson,2022,3,0.67,1.67,2.0,0,0,3,0.0
NE,Rock,2018,1,2.0,0.0,0.0,0,0,1,0.0
NE,Rock,2019,6,1.33,4.67,4.67,1,1,4,16.67
NE,Rock,2020,8,1.12,4.75,4.75,2,5,1,25.0
NE,Rock,2021,7,1.29,4.43,4.43,1,3,3,14.29
NE,Rock,2022,1,1.0,5.0,5.0,0,0,1,0.0
NE,Saline,2017,3,1.67,7.32,7.31,1,2,0,33.33
NE,Saline,2018,4,1.75,7.47,7.55,0,2,2,0.0
NE,Saline,2019,6,0.5,4.43,4.48,1,0,5,16.67
NE,Saline,2020,10,0.7,6.6,6.7,1,1,8,10.0
NE,Sarpy,2016,8,1.25,4.75,4.89,2,3,3,25.0
NE,Sarpy,2017,38,1.58,5.54,5.67,9,24,5,23.68
NE,Sarpy,2018,69,1.42,5.9,6.09,12,32,25,17.39
NE,Sarpy,2019,65,1.06,4.02,4.21,8,26,31,12.31
NE,Sarpy,2020,16,0.81,6.62,6.88,2,5,9,12.5
NE,Sarpy,2021,15,1.33,4.2,4.47,2,7,6,13.33
NE,Sarpy,2022,14,1.57,6.93,7.21,2,4,8,14.29
NE,Saunders,2016,4,1.75,0.0,0.0,0,0,4,0.0
NE,Saunders,2017,11,1.64,5.48,5.5,1,4,6,9.09
NE,Saunders,2018,24,1.42,4.71,4.75,4,3,17,16.67
NE,Saunders,2019,15,1.2,7.64,7.77,1,2,12,6.67
NE,Saunders,2020,6,0.67,2.83,2.83,0,0,6,0.0
NE,Saunders,2021,4,0.75,3.75,4.0,0,0,4,0.0
NE,Saunders,2022,2,0.0,1.5,2.0,0,0,2,0.0
NE,Scotts Bluff,2017,7,1.86,7.6,7.61,2,4,1,28.57
NE,Scotts Bluff,2018,11,1.91,4.5,4.52,1,5,5,9.09
NE,Scotts Bluff,2019,41,1.07,5.68,5.78,4,13,24,9.76
NE,Scotts Bluff,2020,17,0.59,4.65,4.76,2,7,8,11.76
NE,Scotts Bluff,2021,9,0.89,3.89,4.22,2,0,7,22.22
NE,Scotts Bluff,2022,8,0.75,4.38,4.62,0,0,8,0.0
NE,Seward,2017,5,1.8,9.18,9.18,0,2,3,0.0
NE,Seward,2018,40,1.72,4.31,4.89,1,5,34,2.5
NE,Seward,2019,27,1.67,2.76,2.81,1,2,24,3.7
NE,Seward,2020,22,1.09,3.86,3.95,1,4,17,4.55
NE,Seward,2021,17,1.47,3.71,3.94,0,3,14,0.0
NE,Seward,2022,5,1.6,8.8,8.8,0,2,3,0.0
NE,Sheridan,2017,1,2.0,9.13,9.08,0,1,0,0.0
NE,Sheridan,2018,5,1.4,5.68,5.8,0,1,4,0.0
NE,Sheridan,2019,7,1.29,5.55,5.7,3,1,3,42.86
NE,Sheridan,2020,16,1.25,6.94,6.94,3,1,12,18.75
NE,Sheridan,2021,12,0.92,4.42,4.58,4,2,6,33.33
NE,Sheridan,2022,1,1.0,7.0,7.0,0,0,1,0.0
NE,Sherman,2017,6,1.67,5.49,5.55,0,1,5,0.0
NE,Sherman,2018,29,1.38,5.04,5.27,2,6,21,6.9
NE,Sherman,2019,17,0.76,3.26,3.78,4,6,7,23.53
NE,Sherman,2020,4,0.75,3.75,4.0,0,1,3,0.0
NE,Sherman,2021,10,0.8,5.9,6.1,1,2,7,10.0
NE,Sherman,2022,2,1.0,5.5,5.5,0,0,2,0.0
NE,Sioux,2017,3,1.0,5.32,5.8,0,0,3,0.0
NE,Sioux,2018,2,1.0,7.61,7.58,0,0,2,0.0
NE,Sioux,2019,8,1.38,4.62,5.0,2,3,3,25.0
NE,Sioux,2021,6,0.83,4.0,4.17,0,1,5,0.0
NE,Sioux,2022,1,1.0,7.0,7.0,0,0,1,0.0
NE,Stanton,2018,8,1.5,3.05,3.13,0,2,6,0.0
NE,Stanton,2019,8,0.88,3.38,3.38,0,2,6,0.0
NE,Stanton,2020,14,0.79,4.0,4.07,2,0,12,14.29
NE,Stanton,2021,9,0.67,4.67,4.67,2,2,5,22.22
NE,Stanton,2022,2,0.5,3.5,3.5,0,0,2,0.0
NE,Thayer,2017,1,1.0,1.15,1.15,0,0,1,0.0
NE,Thayer,2018,3,1.67,11.09,11.11,1,0,2,33.33
NE,Thayer,2019,10,1.5,3.98,4.04,2,1,7,20.0
NE,Thayer,2020,5,0.0,3.4,3.4,1,0,4,20.0
NE,Thayer,2021,4,0.75,5.0,5.25,2,0,2,50.0
NE,Thomas,2017,2,1.5,7.93,7.95,1,0,1,50.0
NE,Thomas,2018,23,1.78,6.07,6.07,5,8,10,21.74
NE,Thomas,2019,4,1.75,9.0,9.0,1,1,2,25.0
NE,Thomas,2020,11,1.64,7.09,7.18,4,5,2,36.36
NE,Thomas,2021,2,1.5,4.0,4.0,0,1,1,0.0
NE,Thomas,2022,1,2.0,12.0,12.0,0,0,1,0.0
NE,Thurston,2016,1,1.0,0.0,0.0,0,0,1,0.0
NE,Thurston,2017,9,1.44,4.09,4.07,1,0,8,11.11
NE,Thurston,2018,14,1.29,4.26,4.3,0,1,13,0.0
NE,Thurston,2019,7,1.0,3.93,3.96,0,3,4,0.0
NE,Thurston,2020,5,0.4,3.4,3.4,0,1,4,0.0
NE,Thurston,2021,6,1.5,4.17,4.33,0,1,5,0.0
NE,Valley,2018,6,1.0,2.24,5.51,0,1,5,0.0
NE,Valley,2019,11,0.55,5.12,5.39,9,1,1,81.82
NE,Valley,2020,4,0.5,4.25,4.25,4,0,0,100.0
NE,Valley,2021,2,0.5,3.0,4.0,2,0,0,100.0
NE,Valley,2022,3,0.67,4.0,4.67,0,0,3,0.0
NE,Washington,2016,2,2.0,2.36,2.34,0,2,0,0.0
NE,Washington,2017,5,1.4,4.68,4.72,1,1,3,20.0
NE,Washington,2018,30,1.53,3.9,3.91,3,5,22,10.0
NE,Washington,2019,9,1.44,3.58,3.63,2,1,6,22.22
NE,Washington,2020,18,0.89,4.22,4.28,0,2,16,0.0
NE,Washington,2021,4,1.0,4.25,4.25,0,0,4,0.0
NE,Washington,2022,3,1.0,3.33,3.33,0,0,3,0.0
NE,Wayne,2017,2,1.0,4.58,4.5,0,1,1,0.0
NE,Wayne,2018,9,1.44,6.1,6.12,2,3,4,22.22
NE,Wayne,2019,4,0.75,5.41,5.42,0,2,2,0.0
NE,Wayne,2020,7,0.43,4.14,4.29,0,0,7,0.0
NE,Wayne,2021,4,0.5,4.25,4.25,0,0,4,0.0
NE,Webster,2017,3,1.67,13.97,14.03,2,0,1,66.67
NE,Webster,2018,1,1.0,4.22,4.22,0,0,1,0.0
NE,Webster,2019,6,1.0,3.5,3.5,3,0,3,50.0
NE,Webster,2020,8,1.0,4.62,4.88,1,2,5,12.5
NE,Webster,2021,2,0.5,4.0,4.0,1,0,1,50.0
NE,Webster,2022,4,1.5,6.0,6.0,0,0,4,0.0
NE,Wheeler,2017,1,2.0,0.0,0.0,0,1,0,0.0
NE,Wheeler,2018,2,2.0,2.41,2.49,0,0,2,0.0
NE,Wheeler,2019,4,0.75,4.61,4.64,0,2,2,0.0
NE,Wheeler,2020,1,1.0,7.0,7.0,0,1,0,0.0
NE,Wheeler,2021,3,1.33,7.67,8.0,0,0,3,0.0
NE,Wheeler,2022,1,2.0,8.0,8.0,0,1,0,0.0
NE,York,2017,5,1.8,4.29,4.3,0,0,5,0.0
NE,York,2018,41,1.59,3.08,3.11,5,4,32,12.2
NE,York,2019,51,1.43,2.86,2.86,4,6,41,7.84
NE,York,2020,26,1.5,6.0,6.15,0,4,22,0.0
NE,York,2021,13,1.23,4.23,4.38,0,0,13,0.0
NE,York,2022,2,1.5,5.0,5.0,0,0,2,0.0
NH,Belknap,2017,39,1.46,3.65,3.78,9,12,18,23.08
NH,Belknap,2018,169,1.29,2.45,2.65,23,73,73,13.61
NH,Belknap,2019,53,1.19,3.96,4.06,5,14,34,9.43
NH,Belknap,2020,42,0.76,4.48,4.52,4,17,21,9.52
NH,Belknap,2021,35,1.06,4.97,5.03,7,10,18,20.0
NH,Belknap,2022,22,0.91,3.41,4.55,1,10,11,4.55
NH,Carroll,2017,70,1.46,3.26,4.11,10,30,30,14.29
NH,Carroll,2018,112,1.53,4.87,5.39,31,36,45,27.68
NH,Carroll,2019,68,1.19,4.32,4.7,16,28,24,23.53
NH,Carroll,2020,78,1.37,4.58,5.09,22,32,24,28.21
NH,Carroll,2021,47,1.26,4.09,4.6,15,17,15,31.91
NH,Carroll,2022,40,1.02,3.3,3.75,7,19,14,17.5
NH,Cheshire,2017,19,1.53,5.05,5.14,2,3,14,10.53
NH,Cheshire,2018,66,1.48,4.19,4.23,8,19,39,12.12
NH,Cheshire,2019,27,1.04,4.85,4.9,7,11,9,25.93
NH,Cheshire,2020,15,0.93,5.33,5.4,4,8,3,26.67
NH,Cheshire,2021,20,1.1,3.8,4.15,1,13,6,5.0
NH,Cheshire,2022,21,1.05,4.57,5.1,1,12,8,4.76
NH,Coos,2017,18,1.67,5.6,5.64,2,6,10,11.11
NH,Coos,2018,47,1.57,3.96,4.02,12,7,28,25.53
NH,Coos,2019,28,0.93,8.61,8.76,6,7,15,21.43
NH,Coos,2020,37,0.97,6.16,6.27,8,12,17,21.62
NH,Coos,2021,44,0.66,4.34,4.93,0,9,35,0.0
NH,Coos,2022,31,0.77,4.61,5.06,0,5,26,0.0
NH,Grafton,2017,81,1.44,2.66,2.72,12,20,49,14.81
NH,Grafton,2018,259,1.46,2.6,2.68,48,64,147,18.53
NH,Grafton,2019,149,1.39,3.85,3.96,26,40,83,17.45
NH,Grafton,2020,100,0.98,3.4,3.61,12,34,54,12.0
NH,Grafton,2021,65,1.14,3.65,3.97,3,15,47,4.62
NH,Grafton,2022,71,1.31,4.69,4.94,8,14,49,11.27
NH,Hillsborough,2016,31,1.45,4.37,4.84,7,15,9,22.58
NH,Hillsborough,2017,189,1.37,3.0,3.5,54,76,59,28.57
NH,Hillsborough,2018,413,1.33,2.65,3.1,118,172,123,28.57
NH,Hillsborough,2019,286,1.09,3.72,4.09,47,86,153,16.43
NH,Hillsborough,2020,240,0.63,1.67,3.13,29,168,43,12.08
NH,Hillsborough,2021,207,0.54,1.61,3.16,27,145,35,13.04
NH,Hillsborough,2022,87,1.13,5.08,5.3,9,27,51,10.34
NH,Merrimack,2017,158,1.34,2.39,2.75,25,66,67,15.82
NH,Merrimack,2018,435,1.38,2.42,2.72,82,173,180,18.85
NH,Merrimack,2019,233,1.15,3.61,3.74,38,55,140,16.31
NH,Merrimack,2020,171,0.96,2.95,3.38,15,59,97,8.77
NH,Merrimack,2021,105,1.15,3.37,3.76,9,29,67,8.57
NH,Merrimack,2022,108,1.29,4.54,4.84,7,24,77,6.48
NH,Rockingham,2016,6,1.33,2.6,3.97,1,2,3,16.67
NH,Rockingham,2017,291,1.3,2.65,3.03,67,145,79,23.02
NH,Rockingham,2018,513,1.26,2.63,2.96,94,240,179,18.32
NH,Rockingham,2019,350,1.15,3.83,4.11,72,99,179,20.57
NH,Rockingham,2020,256,0.75,3.2,3.82,58,126,72,22.66
NH,Rockingham,2021,181,0.65,3.04,3.7,26,102,53,14.36
NH,Rockingham,2022,139,1.22,4.32,4.93,12,39,88,8.63
NH,Strafford,2017,25,1.56,5.1,5.58,3,13,9,12.0
NH,Strafford,2018,66,1.38,5.53,6.08,8,29,29,12.12
NH,Strafford,2019,60,1.15,4.65,5.21,10,21,29,16.67
NH,Strafford,2020,52,0.94,4.33,4.79,15,13,24,28.85
NH,Strafford,2021,26,1.04,3.15,4.23,1,18,7,3.85
NH,Strafford,2022,22,1.05,3.27,3.45,0,7,15,0.0
NH,Sullivan,2017,6,1.33,7.01,7.02,3,1,2,50.0
NH,Sullivan,2018,26,1.5,5.79,5.78,6,4,16,23.08
NH,Sullivan,2019,36,1.0,4.03,4.16,4,11,21,11.11
NH,Sullivan,2020,19,0.68,5.0,5.21,4,12,3,21.05
NH,Sullivan,2021,33,0.64,2.76,3.67,0,21,12,0.0
NH,Sullivan,2022,23,0.83,4.78,5.87,0,16,7,0.0
NJ,Atlantic,2016,53,1.45,1.46,1.49,10,20,23,18.87
NJ,Atlantic,2017,186,1.45,3.68,3.89,47,71,68,25.27
NJ,Atlantic,2018,257,1.49,4.33,4.61,57,80,120,22.18
NJ,Atlantic,2019,97,0.68,3.66,3.84,16,36,45,16.49
NJ,Atlantic,2020,127,0.68,2.5,4.17,47,46,34,37.01
NJ,Atlantic,2021,144,0.78,2.47,4.03,59,31,54,40.97
NJ,Atlantic,2022,151,0.79,4.23,4.58,6,70,75,3.97
NJ,Bergen,2016,414,1.38,1.84,2.27,165,165,84,39.86
NJ,Bergen,2017,979,1.35,3.13,4.16,334,431,214,34.12
NJ,Bergen,2018,997,1.3,3.19,4.25,256,434,307,25.68
NJ,Bergen,2019,1034,0.91,2.98,4.3,335,456,243,32.4
NJ,Bergen,2020,601,0.82,2.75,4.18,184,325,92,30.62
NJ,Bergen,2021,1111,0.82,3.09,3.98,282,621,208,25.38
NJ,Bergen,2022,713,1.06,3.81,4.88,223,355,135,31.28
NJ,Burlington,2016,114,1.44,1.59,2.05,28,69,17,24.56
NJ,Burlington,2017,280,1.49,3.36,4.24,58,146,76,20.71
NJ,Burlington,2018,385,1.43,3.49,4.29,69,178,138,17.92
NJ,Burlington,2019,295,0.86,3.1,3.76,71,114,110,24.07
NJ,Burlington,2020,198,0.94,5.38,5.71,35,93,70,17.68
NJ,Burlington,2021,162,0.98,3.04,3.45,26,77,59,16.05
NJ,Burlington,2022,147,0.99,4.27,4.56,21,51,75,14.29
NJ,Camden,2016,299,1.25,1.23,1.71,54,175,70,18.06
NJ,Camden,2017,717,1.37,2.53,3.74,134,386,197,18.69
NJ,Camden,2018,764,1.25,2.37,3.55,115,406,243,15.05
NJ,Camden,2019,519,0.84,2.3,3.47,112,247,160,21.58
NJ,Camden,2020,289,1.11,2.29,3.82,55,187,47,19.03
NJ,Camden,2021,543,1.22,2.99,3.8,101,270,172,18.6
NJ,Camden,2022,296,1.16,3.9,4.76,53,124,119,17.91
NJ,Cape May,2016,22,1.0,0.02,0.37,2,13,7,9.09
NJ,Cape May,2017,64,1.02,3.23,5.07,19,23,22,29.69
NJ,Cape May,2018,96,1.09,4.66,5.1,27,41,28,28.12
NJ,Cape May,2019,84,0.82,4.17,4.43,31,29,24,36.9
NJ,Cape May,2020,91,0.9,6.03,6.32,69,12,10,75.82
NJ,Cape May,2021,68,1.01,4.59,5.12,33,14,21,48.53
NJ,Cape May,2022,79,1.03,5.46,5.9,21,29,29,26.58
NJ,Cumberland,2016,28,1.0,1.53,1.62,5,18,5,17.86
NJ,Cumberland,2017,63,1.19,3.81,4.62,8,32,23,12.7
NJ,Cumberland,2018,90,1.0,4.4,4.69,25,35,30,27.78
NJ,Cumberland,2019,42,1.21,4.38,4.62,17,19,6,40.48
NJ,Cumberland,2020,19,1.05,8.0,8.16,7,10,2,36.84
NJ,Cumberland,2021,15,1.07,3.6,4.6,1,11,3,6.67
NJ,Cumberland,2022,62,0.77,4.74,5.0,7,27,28,11.29
NJ,Essex,2016,421,1.57,1.45,1.98,147,127,147,34.92
NJ,Essex,2017,995,1.51,2.99,4.51,353,335,307,35.48
NJ,Essex,2018,1020,1.42,3.18,4.48,387,367,266,37.94
NJ,Essex,2019,724,0.97,2.71,4.04,246,233,245,33.98
NJ,Essex,2020,1267,0.5,1.06,3.94,346,830,91,27.31
NJ,Essex,2021,1778,0.71,1.74,4.06,548,945,285,30.82
NJ,Essex,2022,494,1.17,3.64,4.8,108,194,192,21.86
NJ,Gloucester,2016,75,1.33,1.8,2.02,16,37,22,21.33
NJ,Gloucester,2017,166,1.52,3.65,4.25,35,72,59,21.08
NJ,Gloucester,2018,221,1.31,3.49,3.96,37,108,76,16.74
NJ,Gloucester,2019,166,0.83,3.72,4.06,38,71,57,22.89
NJ,Gloucester,2020,99,0.76,5.18,5.45,18,46,35,18.18
NJ,Gloucester,2021,89,0.89,3.84,4.18,23,41,25,25.84
NJ,Gloucester,2022,129,0.86,4.47,4.68,14,46,69,10.85
NJ,Hudson,2016,498,1.39,1.75,2.52,280,183,35,56.22
NJ,Hudson,2017,1231,1.35,2.88,4.54,713,412,106,57.92
NJ,Hudson,2018,962,1.47,2.86,4.64,557,296,109,57.9
NJ,Hudson,2019,592,1.12,3.77,5.33,380,156,56,64.19
NJ,Hudson,2020,1495,0.44,0.91,4.27,636,842,17,42.54
NJ,Hudson,2021,1744,0.51,1.19,4.16,792,872,80,45.41
NJ,Hudson,2022,208,1.5,4.78,5.83,93,59,56,44.71
NJ,Hunterdon,2016,71,1.41,1.25,1.52,8,26,37,11.27
NJ,Hunterdon,2017,200,1.47,3.65,4.37,23,83,94,11.5
NJ,Hunterdon,2018,190,1.42,5.49,5.96,37,63,90,19.47
NJ,Hunterdon,2019,195,0.92,4.29,4.55,37,73,85,18.97
NJ,Hunterdon,2020,123,0.8,5.16,5.37,24,67,32,19.51
NJ,Hunterdon,2021,79,0.78,4.35,4.53,9,27,43,11.39
NJ,Hunterdon,2022,79,1.05,8.41,8.53,14,33,32,17.72
NJ,Mercer,2016,55,1.38,1.43,1.95,15,16,24,27.27
NJ,Mercer,2017,210,1.33,3.72,4.39,61,75,74,29.05
NJ,Mercer,2018,358,1.31,3.34,4.11,72,120,166,20.11
NJ,Mercer,2019,260,0.92,3.06,3.74,72,92,96,27.69
NJ,Mercer,2020,111,1.28,3.9,4.95,29,45,37,26.13
NJ,Mercer,2021,124,1.23,3.45,4.03,16,54,54,12.9
NJ,Mercer,2022,62,1.16,4.18,4.27,6,22,34,9.68
NJ,Middlesex,2016,287,1.37,1.09,1.51,55,130,102,19.16
NJ,Middlesex,2017,913,1.37,2.77,3.76,154,439,320,16.87
NJ,Middlesex,2018,974,1.39,3.54,4.49,162,436,376,16.63
NJ,Middlesex,2019,705,0.95,2.61,3.65,144,317,244,20.43
NJ,Middlesex,2020,335,1.04,3.77,4.44,72,163,100,21.49
NJ,Middlesex,2021,558,1.0,3.41,3.91,96,284,178,17.2
NJ,Middlesex,2022,432,1.07,3.97,4.51,63,214,155,14.58
NJ,Monmouth,2016,12,1.33,1.94,1.93,2,4,6,16.67
NJ,Monmouth,2017,169,1.31,4.06,4.44,36,63,70,21.3
NJ,Monmouth,2018,418,1.28,4.37,4.59,58,146,214,13.88
NJ,Monmouth,2019,280,0.91,3.47,4.06,85,69,126,30.36
NJ,Monmouth,2020,285,0.73,3.45,4.49,121,102,62,42.46
NJ,Monmouth,2021,266,1.06,3.71,4.07,61,82,123,22.93
NJ,Monmouth,2022,221,0.95,4.39,4.8,31,78,112,14.03
NJ,Morris,2016,353,1.35,1.53,1.97,48,164,141,13.6
NJ,Morris,2017,892,1.3,2.57,3.58,125,372,395,14.01
NJ,Morris,2018,1036,1.28,2.73,3.72,137,439,460,13.22
NJ,Morris,2019,661,1.11,3.02,4.12,85,256,320,12.86
NJ,Morris,2020,192,1.02,3.47,4.23,33,78,81,17.19
NJ,Morris,2021,362,1.23,3.71,4.01,29,147,186,8.01
NJ,Morris,2022,264,1.32,3.89,4.5,25,79,160,9.47
NJ,Ocean,2017,229,1.24,2.97,4.1,77,98,54,33.62
NJ,Ocean,2018,485,1.36,2.89,4.04,177,162,146,36.49
NJ,Ocean,2019,299,0.81,3.01,4.25,110,99,90,36.79
NJ,Ocean,2020,216,0.86,3.34,4.88,65,104,47,30.09
NJ,Ocean,2021,351,0.88,2.99,4.26,71,167,113,20.23
NJ,Ocean,2022,274,0.85,3.67,4.55,46,112,116,16.79
NJ,Passaic,2016,140,1.43,2.71,3.38,27,61,52,19.29
NJ,Passaic,2017,379,1.31,2.68,4.03,95,140,144,25.07
NJ,Passaic,2018,437,1.29,2.78,4.15,104,173,160,23.8
NJ,Passaic,2019,351,0.84,2.68,3.71,78,141,132,22.22
NJ,Passaic,2020,344,0.54,1.35,4.06,114,190,40,33.14
NJ,Passaic,2021,460,0.75,2.18,3.85,138,234,88,30.0
NJ,Passaic,2022,187,0.97,3.67,4.47,36,91,60,19.25
NJ,Salem,2016,15,1.6,1.5,1.51,6,6,3,40.0
NJ,Salem,2017,55,1.4,4.14,4.24,8,24,23,14.55
NJ,Salem,2018,49,1.33,3.1,3.15,5,17,27,10.2
NJ,Salem,2019,69,1.25,4.38,4.46,14,18,37,20.29
NJ,Salem,2020,37,0.81,5.0,5.05,1,24,12,2.7
NJ,Salem,2021,25,1.16,4.36,4.52,4,8,13,16.0
NJ,Salem,2022,50,1.34,7.14,7.14,8,13,29,16.0
NJ,Somerset,2016,162,1.44,1.32,1.72,13,50,99,8.02
NJ,Somerset,2017,363,1.4,2.69,3.62,37,118,208,10.19
NJ,Somerset,2018,386,1.33,3.07,3.92,35,132,219,9.07
NJ,Somerset,2019,333,1.25,3.22,3.97,39,110,184,11.71
NJ,Somerset,2020,127,1.16,4.76,5.3,17,62,48,13.39
NJ,Somerset,2021,182,1.36,3.98,4.25,10,73,99,5.49
NJ,Somerset,2022,93,1.44,3.72,4.15,3,28,62,3.23
NJ,Sussex,2016,60,1.68,2.18,2.38,19,30,11,31.67
NJ,Sussex,2017,89,1.6,3.97,4.81,15,52,22,16.85
NJ,Sussex,2018,119,1.45,4.0,4.82,17,70,32,14.29
NJ,Sussex,2019,78,1.24,5.21,5.79,24,39,15,30.77
NJ,Sussex,2020,51,1.12,4.8,5.45,14,26,11,27.45
NJ,Sussex,2021,71,1.1,3.52,4.24,17,43,11,23.94
NJ,Sussex,2022,101,0.94,4.31,4.82,18,61,22,17.82
NJ,Union,2016,308,1.41,1.25,1.61,74,120,114,24.03
NJ,Union,2017,717,1.36,2.56,3.57,172,254,291,23.99
NJ,Union,2018,658,1.38,3.45,4.56,135,252,271,20.52
NJ,Union,2019,584,1.04,2.84,4.17,92,190,302,15.75
NJ,Union,2020,446,0.63,1.91,4.13,96,285,65,21.52
NJ,Union,2021,696,0.86,3.1,4.24,95,386,215,13.65
NJ,Union,2022,308,1.17,3.81,4.59,47,104,157,15.26
NJ,Warren,2016,76,1.26,1.37,1.51,18,32,26,23.68
NJ,Warren,2017,201,1.37,2.52,2.75,30,66,105,14.93
NJ,Warren,2018,214,1.36,3.37,3.62,36,59,119,16.82
NJ,Warren,2019,159,1.13,4.61,4.79,40,34,85,25.16
NJ,Warren,2020,54,0.8,3.11,3.43,2,25,27,3.7
NJ,Warren,2021,83,1.1,3.25,3.58,7,22,54,8.43
NJ,Warren,2022,58,1.0,4.26,4.36,1,18,39,1.72
NM,Bernalillo,2017,233,1.0,3.32,4.49,86,96,51,36.91
NM,Bernalillo,2018,498,1.2,2.77,4.05,163,193,142,32.73
NM,Bernalillo,2019,607,0.86,2.95,3.56,246,164,197,40.53
NM,Bernalillo,2020,317,0.69,4.01,4.49,110,100,107,34.7
NM,Bernalillo,2021,288,0.9,3.27,3.77,63,115,110,21.88
NM,Bernalillo,2022,287,1.04,5.3,5.75,75,98,114,26.13
NM,Catron,2017,1,0.0,1.08,1.08,0,1,0,0.0
NM,Catron,2018,3,1.67,5.83,5.87,0,1,2,0.0
NM,Catron,2019,4,1.25,4.5,4.75,0,1,3,0.0
NM,Catron,2020,2,2.0,4.0,7.0,0,0,2,0.0
NM,Catron,2021,4,1.25,3.25,3.25,1,0,3,25.0
NM,Catron,2022,10,1.3,4.6,4.7,1,0,9,10.0
NM,Chaves,2017,19,1.79,8.6,8.67,4,9,6,21.05
NM,Chaves,2018,47,1.55,5.03,5.09,8,22,17,17.02
NM,Chaves,2019,51,1.45,5.96,5.98,16,14,21,31.37
NM,Chaves,2020,28,1.29,3.18,3.64,3,12,13,10.71
NM,Chaves,2021,6,1.17,2.33,2.5,0,4,2,0.0
NM,Chaves,2022,3,1.33,6.33,6.33,0,0,3,0.0
NM,Cibola,2017,13,1.85,6.01,6.02,3,4,6,23.08
NM,Cibola,2018,33,1.88,6.35,6.36,8,4,21,24.24
NM,Cibola,2019,99,1.54,5.12,5.2,19,10,70,19.19
NM,Cibola,2020,55,1.11,6.87,6.98,6,17,32,10.91
NM,Cibola,2021,97,1.2,7.79,8.2,16,22,59,16.49
NM,Cibola,2022,47,1.02,13.11,13.43,14,6,27,29.79
NM,Colfax,2017,49,1.65,2.63,2.63,16,13,20,32.65
NM,Colfax,2018,50,1.68,4.89,4.89,14,5,31,28.0
NM,Colfax,2019,97,1.61,2.15,2.17,43,13,41,44.33
NM,Colfax,2020,17,1.35,3.47,3.65,1,6,10,5.88
NM,Colfax,2021,7,1.71,4.14,4.71,1,1,5,14.29
NM,Colfax,2022,37,1.38,6.89,6.76,4,4,29,10.81
NM,Curry,2017,7,1.71,4.87,5.03,1,3,3,14.29
NM,Curry,2018,21,1.62,6.06,6.33,7,8,6,33.33
NM,Curry,2019,7,1.29,8.79,8.79,1,3,3,14.29
NM,Curry,2020,23,1.04,4.3,4.35,2,4,17,8.7
NM,Curry,2021,4,1.0,5.75,5.5,0,2,2,0.0
NM,Curry,2022,15,1.27,5.13,5.2,1,0,14,6.67
NM,De Baca,2017,7,1.71,3.98,4.0,2,2,3,28.57
NM,De Baca,2018,17,1.82,6.57,6.58,2,7,8,11.76
NM,De Baca,2019,18,1.89,8.04,8.03,2,4,12,11.11
NM,De Baca,2020,4,1.25,4.0,4.25,0,0,4,0.0
NM,De Baca,2021,1,2.0,11.0,11.0,0,0,1,0.0
NM,De Baca,2022,2,1.0,1.5,2.0,0,0,2,0.0
NM,Dona Ana,2017,18,1.83,4.1,4.56,11,7,0,61.11
NM,Dona Ana,2018,5,2.0,7.25,7.98,3,2,0,60.0
NM,Dona Ana,2022,3,1.67,5.33,5.67,1,1,1,33.33
NM,Doña Ana,2019,208,1.5,3.21,3.26,105,42,61,50.48
NM,Doña Ana,2020,78,1.06,4.4,4.67,15,39,24,19.23
NM,Doña Ana,2021,50,1.3,2.64,3.12,2,19,29,4.0
NM,Doña Ana,2022,31,1.65,4.26,4.26,2,5,24,6.45
NM,Do�a Ana,2017,67,1.64,2.65,2.69,27,16,24,40.3
NM,Do�a Ana,2018,79,1.8,3.56,3.67,33,9,37,41.77
NM,Do�a Ana,2019,34,1.65,2.22,2.27,23,2,9,67.65
NM,Do�a Ana,2020,5,1.2,2.6,2.4,1,1,3,20.0
NM,Do�a Ana,2021,2,2.0,3.0,3.0,0,1,1,0.0
NM,Do�a Ana,2022,2,2.0,3.0,3.5,1,0,1,50.0
NM,Eddy,2017,85,1.15,3.62,3.66,6,15,64,7.06
NM,Eddy,2018,212,1.19,4.71,4.86,37,78,97,17.45
NM,Eddy,2019,91,1.22,4.13,4.77,42,19,30,46.15
NM,Eddy,2020,48,1.19,2.31,3.35,10,20,18,20.83
NM,Eddy,2021,65,1.38,1.95,3.28,10,42,13,15.38
NM,Eddy,2022,14,0.79,2.36,2.43,7,1,6,50.0
NM,Grant,2017,4,1.75,12.39,12.39,3,1,0,75.0
NM,Grant,2018,22,1.55,4.38,4.45,9,4,9,40.91
NM,Grant,2019,20,1.3,2.9,3.1,16,1,3,80.0
NM,Grant,2020,22,1.14,4.23,4.59,9,9,4,40.91
NM,Grant,2021,18,1.61,2.11,2.89,0,10,8,0.0
NM,Grant,2022,7,1.0,3.86,4.0,3,2,2,42.86
NM,Guadalupe,2017,7,2.0,4.62,4.65,4,2,1,57.14
NM,Guadalupe,2018,158,1.69,4.46,4.5,20,22,116,12.66
NM,Guadalupe,2019,82,1.45,2.56,2.72,31,6,45,37.8
NM,Guadalupe,2020,37,1.16,3.3,3.41,0,2,35,0.0
NM,Guadalupe,2021,37,1.22,5.32,5.68,0,7,30,0.0
NM,Guadalupe,2022,39,0.92,3.87,3.85,5,1,33,12.82
NM,Harding,2022,1,1.0,5.0,5.0,1,0,0,100.0
NM,Hidalgo,2017,14,1.43,0.93,3.44,0,1,13,0.0
NM,Hidalgo,2018,34,1.38,1.06,3.17,5,4,25,14.71
NM,Hidalgo,2019,54,1.81,1.84,1.84,16,8,30,29.63
NM,Hidalgo,2020,3,1.0,3.67,3.67,2,0,1,66.67
NM,Hidalgo,2021,7,2.0,6.29,6.29,0,2,5,0.0
NM,Hidalgo,2022,8,1.75,5.0,5.0,1,2,5,12.5
NM,Lea,2017,71,1.04,5.4,5.41,17,27,27,23.94
NM,Lea,2018,82,1.16,5.7,5.73,44,8,30,53.66
NM,Lea,2019,117,0.61,4.45,4.71,62,27,28,52.99
NM,Lea,2020,36,0.61,3.44,3.67,10,7,19,27.78
NM,Lea,2021,46,0.5,4.63,4.67,37,2,7,80.43
NM,Lea,2022,40,0.8,6.6,6.88,14,0,26,35.0
NM,Lincoln,2017,10,1.7,5.82,5.88,3,2,5,30.0
NM,Lincoln,2018,40,1.38,2.99,3.03,14,6,20,35.0
NM,Lincoln,2019,42,1.5,6.05,6.16,10,10,22,23.81
NM,Lincoln,2020,21,1.38,5.86,5.95,5,5,11,23.81
NM,Lincoln,2021,19,1.37,4.63,4.63,7,3,9,36.84
NM,Lincoln,2022,15,1.2,4.93,5.2,7,1,7,46.67
NM,Los Alamos,2018,2,2.0,4.39,4.39,2,0,0,100.0
NM,Los Alamos,2019,1,2.0,15.57,15.87,0,1,0,0.0
NM,Los Alamos,2020,2,1.0,8.5,8.0,2,0,0,100.0
NM,Los Alamos,2022,2,0.5,4.5,4.5,1,0,1,50.0
NM,Luna,2017,4,1.75,5.03,5.04,2,1,1,50.0
NM,Luna,2018,17,1.88,5.52,5.53,11,1,5,64.71
NM,Luna,2019,54,1.83,4.01,4.01,46,3,5,85.19
NM,Luna,2020,26,1.15,6.35,6.58,11,8,7,42.31
NM,Luna,2021,10,0.9,3.7,3.8,0,2,8,0.0
NM,Luna,2022,5,1.2,3.6,3.8,0,2,3,0.0
NM,McKinley,2017,9,2.0,8.07,8.07,3,5,1,33.33
NM,McKinley,2018,81,1.8,7.11,7.13,11,13,57,13.58
NM,McKinley,2019,207,1.72,7.8,7.85,40,41,126,19.32
NM,McKinley,2020,53,2.0,12.57,12.87,5,16,32,9.43
NM,McKinley,2021,99,1.53,6.12,6.29,13,27,59,13.13
NM,McKinley,2022,131,1.26,6.9,6.97,17,11,103,12.98
NM,Mora,2017,42,1.69,1.45,1.46,25,4,13,59.52
NM,Mora,2018,26,1.85,4.26,4.26,13,2,11,50.0
NM,Mora,2019,63,1.62,1.73,1.74,41,5,17,65.08
NM,Mora,2020,3,1.67,3.33,4.67,1,0,2,33.33
NM,Mora,2021,5,1.6,4.6,5.0,0,1,4,0.0
NM,Mora,2022,9,1.11,3.78,4.0,3,0,6,33.33
NM,Otero,2017,14,1.64,5.22,5.3,1,5,8,7.14
NM,Otero,2018,66,1.58,4.81,4.83,13,22,31,19.7
NM,Otero,2019,66,1.73,6.97,7.02,8,19,39,12.12
NM,Otero,2020,29,1.45,7.66,7.66,6,9,14,20.69
NM,Otero,2021,12,0.83,2.25,2.58,0,3,9,0.0
NM,Otero,2022,39,0.92,3.64,3.82,1,3,35,2.56
NM,Quay,2017,9,1.78,6.32,6.31,2,2,5,22.22
NM,Quay,2018,61,1.74,4.18,4.24,18,9,34,29.51
NM,Quay,2019,34,1.62,2.4,2.4,16,3,15,47.06
NM,Quay,2020,20,1.95,13.3,14.0,0,5,15,0.0
NM,Quay,2021,9,0.89,2.22,2.44,2,1,6,22.22
NM,Quay,2022,14,1.43,6.93,6.79,0,1,13,0.0
NM,Rio Arriba,2017,6,1.67,7.76,7.82,1,4,1,16.67
NM,Rio Arriba,2018,7,1.14,3.49,3.74,2,1,4,28.57
NM,Rio Arriba,2019,1,1.0,5.0,6.0,0,1,0,0.0
NM,Rio Arriba,2020,4,2.0,5.5,7.0,1,0,3,25.0
NM,Rio Arriba,2021,14,0.5,3.14,3.43,3,0,11,21.43
NM,Rio Arriba,2022,17,0.94,5.06,5.06,4,0,13,23.53
NM,Roosevelt,2018,30,1.93,6.65,6.66,2,12,16,6.67
NM,Roosevelt,2019,12,1.25,6.5,6.6,3,5,4,25.0
NM,Roosevelt,2020,25,0.92,4.16,4.28,2,7,16,8.0
NM,Roosevelt,2021,3,1.0,4.0,4.33,1,0,2,33.33
NM,Roosevelt,2022,5,0.8,2.4,2.4,0,0,5,0.0
NM,San Juan,2017,10,1.7,8.59,8.65,3,3,4,30.0
NM,San Juan,2018,20,1.5,3.96,4.07,2,5,13,10.0
NM,San Juan,2019,108,1.37,5.08,5.14,21,30,57,19.44
NM,San Juan,2020,6,1.5,5.17,5.33,2,1,3,33.33
NM,San Juan,2021,14,1.0,2.29,2.29,5,2,7,35.71
NM,San Juan,2022,14,1.0,3.71,3.86,0,2,12,0.0
NM,San Miguel,2017,16,1.75,1.38,1.38,4,2,10,25.0
NM,San Miguel,2018,45,1.87,2.39,2.4,8,4,33,17.78
NM,San Miguel,2019,121,1.75,1.77,1.8,60,13,48,49.59
NM,San Miguel,2020,15,1.33,3.53,3.6,0,1,14,0.0
NM,San Miguel,2021,27,1.0,3.33,3.59,0,2,25,0.0
NM,San Miguel,2022,22,1.27,2.73,2.95,1,1,20,4.55
NM,Sandoval,2017,14,1.43,4.42,5.55,4,8,2,28.57
NM,Sandoval,2018,81,1.51,4.31,4.85,30,31,20,37.04
NM,Sandoval,2019,107,1.13,3.73,3.97,36,31,40,33.64
NM,Sandoval,2020,54,1.19,3.02,4.15,14,36,4,25.93
NM,Sandoval,2021,32,1.25,3.69,4.09,7,14,11,21.88
NM,Sandoval,2022,61,0.98,4.02,4.28,13,14,34,21.31
NM,Santa Fe,2017,21,1.62,3.19,3.33,8,7,6,38.1
NM,Santa Fe,2018,89,1.42,4.37,4.57,5,24,60,5.62
NM,Santa Fe,2019,120,1.27,3.01,3.15,36,26,58,30.0
NM,Santa Fe,2020,45,0.71,4.49,4.73,11,13,21,24.44
NM,Santa Fe,2021,21,1.0,4.67,5.14,3,8,10,14.29
NM,Santa Fe,2022,53,0.96,4.4,4.7,4,13,36,7.55
NM,Sierra,2017,34,1.71,3.18,3.18,15,5,14,44.12
NM,Sierra,2018,22,1.59,2.0,1.99,7,2,13,31.82
NM,Sierra,2019,98,1.64,2.17,2.21,43,8,47,43.88
NM,Sierra,2020,15,1.27,3.47,3.73,7,3,5,46.67
NM,Sierra,2021,2,1.0,8.0,9.5,0,2,0,0.0
NM,Sierra,2022,13,1.54,4.0,4.08,3,1,9,23.08
NM,Socorro,2017,56,1.73,2.23,2.25,33,10,13,58.93
NM,Socorro,2018,61,1.92,3.58,3.59,15,10,36,24.59
NM,Socorro,2019,157,1.69,2.54,2.54,118,11,28,75.16
NM,Socorro,2020,21,1.14,3.52,3.62,8,2,11,38.1
NM,Socorro,2021,4,1.5,2.5,2.5,0,2,2,0.0
NM,Socorro,2022,14,1.64,4.07,4.5,1,0,13,7.14
NM,Taos,2017,10,1.2,7.86,8.02,1,2,7,10.0
NM,Taos,2018,11,1.0,4.37,4.59,3,4,4,27.27
NM,Taos,2019,2,1.5,3.8,4.61,0,1,1,0.0
NM,Taos,2020,2,1.5,2.5,3.0,0,1,1,0.0
NM,Taos,2021,5,1.8,4.2,4.8,3,2,0,60.0
NM,Taos,2022,20,1.0,4.35,4.55,4,0,16,20.0
NM,Torrance,2017,11,1.82,5.14,5.16,3,3,5,27.27
NM,Torrance,2018,121,1.87,4.55,4.56,10,17,94,8.26
NM,Torrance,2019,128,1.38,3.79,3.84,32,13,83,25.0
NM,Torrance,2020,61,1.33,5.0,5.13,5,9,47,8.2
NM,Torrance,2021,101,0.7,6.97,7.1,13,25,63,12.87
NM,Torrance,2022,33,0.85,3.42,3.7,1,1,31,3.03
NM,Union,2017,6,1.5,9.86,9.89,2,2,2,33.33
NM,Union,2018,13,1.69,13.14,13.14,0,8,5,0.0
NM,Union,2019,17,1.12,2.99,2.98,3,2,12,17.65
NM,Union,2020,7,1.14,3.14,3.14,0,4,3,0.0
NM,Union,2021,4,0.5,3.25,3.25,0,3,1,0.0
NM,Union,2022,9,0.89,5.11,5.22,1,2,6,11.11
NM,Valencia,2017,28,1.39,6.03,6.23,14,9,5,50.0
NM,Valencia,2018,19,1.42,4.39,4.88,12,1,6,63.16
NM,Valencia,2019,58,1.24,2.63,2.74,26,4,28,44.83
NM,Valencia,2020,28,0.75,4.57,5.0,17,5,6,60.71
NM,Valencia,2021,15,1.07,3.67,4.2,9,3,3,60.0
NM,Valencia,2022,41,1.0,6.07,6.51,11,10,20,26.83
NV,Carson City,2017,14,1.36,3.19,3.41,3,7,4,21.43
NV,Carson City,2018,26,1.65,5.52,5.79,8,1,17,30.77
NV,Carson City,2019,90,1.37,4.03,4.13,12,13,65,13.33
NV,Carson City,2020,40,1.1,3.58,4.08,9,20,11,22.5
NV,Carson City,2021,54,1.43,4.48,4.76,0,9,45,0.0
NV,Carson City,2022,3,2.0,5.67,6.0,1,0,2,33.33
NV,Carson City (City),2022,1,0.0,2.0,4.0,1,0,0,100.0
NV,Churchill,2017,12,1.5,3.91,3.94,9,1,2,75.0
NV,Churchill,2018,36,1.53,4.34,4.4,12,6,18,33.33
NV,Churchill,2019,60,1.3,3.12,3.23,28,17,15,46.67
NV,Churchill,2020,39,1.44,4.46,4.56,10,14,15,25.64
NV,Churchill,2021,44,1.27,2.3,2.61,0,17,27,0.0
NV,Churchill,2022,9,1.22,2.78,3.33,0,4,5,0.0
NV,Clark,2017,4,2.0,4.82,4.82,1,2,1,25.0
NV,Clark,2018,9,1.89,5.47,5.48,2,4,3,22.22
NV,Clark,2019,6,2.5,10.81,10.81,2,2,2,33.33
NV,Clark,2020,6,1.83,8.0,8.0,1,3,2,16.67
NV,Clark,2021,1,1.0,20.0,21.0,0,1,0,0.0
NV,Clark,2022,39,2.1,6.59,6.59,3,14,22,7.69
NV,Douglas,2017,9,1.78,5.94,6.01,1,5,3,11.11
NV,Douglas,2018,41,1.56,4.92,5.02,5,9,27,12.2
NV,Douglas,2019,87,1.28,4.35,4.48,11,20,56,12.64
NV,Douglas,2020,54,1.35,4.0,4.13,7,16,31,12.96
NV,Douglas,2021,136,1.23,6.18,6.38,2,19,115,1.47
NV,Douglas,2022,21,1.19,4.43,4.48,0,0,21,0.0
NV,Elko,2017,45,1.6,2.59,2.62,11,3,31,24.44
NV,Elko,2018,203,1.68,2.92,2.96,39,29,135,19.21
NV,Elko,2019,269,1.65,3.43,3.48,43,55,171,15.99
NV,Elko,2020,78,1.42,4.08,4.28,6,13,59,7.69
NV,Elko,2021,77,1.14,3.35,4.03,1,3,73,1.3
NV,Elko,2022,31,1.29,4.71,4.94,0,3,28,0.0
NV,Esmeralda,2017,69,1.52,4.04,4.06,11,15,43,15.94
NV,Esmeralda,2018,11,1.82,3.91,3.94,1,0,10,9.09
NV,Esmeralda,2019,55,1.29,2.96,2.94,30,8,17,54.55
NV,Esmeralda,2020,19,1.26,5.05,5.21,6,2,11,31.58
NV,Esmeralda,2021,63,1.46,3.9,4.03,3,10,50,4.76
NV,Esmeralda,2022,21,1.29,3.43,3.48,0,4,17,0.0
NV,Eureka,2017,7,1.43,1.34,1.33,1,2,4,14.29
NV,Eureka,2018,41,1.8,4.17,4.22,6,6,29,14.63
NV,Eureka,2019,48,1.54,3.06,3.12,2,9,37,4.17
NV,Eureka,2020,33,1.48,3.45,3.82,0,7,26,0.0
NV,Eureka,2021,60,1.53,3.17,3.42,0,2,58,0.0
NV,Eureka,2022,31,1.94,10.97,11.13,4,4,23,12.9
NV,Humboldt,2017,6,1.33,1.9,1.92,1,1,4,16.67
NV,Humboldt,2018,37,1.73,4.51,4.53,1,3,33,2.7
NV,Humboldt,2019,22,1.77,4.07,4.07,4,1,17,18.18
NV,Humboldt,2020,12,1.42,3.25,3.25,2,0,10,16.67
NV,Humboldt,2021,23,1.35,3.26,3.3,1,1,21,4.35
NV,Humboldt,2022,11,1.73,3.09,3.09,1,1,9,9.09
NV,Lander,2017,9,1.67,4.88,4.97,5,2,2,55.56
NV,Lander,2018,52,1.19,4.18,4.37,28,9,15,53.85
NV,Lander,2019,18,1.17,2.6,2.74,6,4,8,33.33
NV,Lander,2020,7,1.57,3.71,4.86,0,2,5,0.0
NV,Lander,2021,21,1.38,4.33,4.9,0,10,11,0.0
NV,Lander,2022,9,0.78,4.67,4.78,1,1,7,11.11
NV,Lincoln,2017,6,1.67,5.07,5.3,0,2,4,0.0
NV,Lincoln,2018,16,1.25,4.93,4.97,1,5,10,6.25
NV,Lincoln,2019,14,1.5,4.47,4.62,1,1,12,7.14
NV,Lincoln,2020,15,1.47,5.33,5.47,3,4,8,20.0
NV,Lincoln,2021,19,1.21,3.11,3.26,0,4,15,0.0
NV,Lincoln,2022,3,1.0,4.33,4.67,0,0,3,0.0
NV,Lyon,2017,22,1.82,6.31,6.35,3,6,13,13.64
NV,Lyon,2018,30,1.63,5.18,5.35,11,7,12,36.67
NV,Lyon,2019,42,1.38,4.36,4.36,9,16,17,21.43
NV,Lyon,2020,11,1.36,7.09,7.09,2,3,6,18.18
NV,Lyon,2021,10,1.1,7.2,7.8,0,0,10,0.0
NV,Lyon,2022,8,0.75,3.25,3.38,0,0,8,0.0
NV,Mineral,2017,34,1.21,2.39,2.39,23,3,8,67.65
NV,Mineral,2018,30,1.6,5.03,5.05,5,5,20,16.67
NV,Mineral,2019,117,1.2,3.1,3.11,77,13,27,65.81
NV,Mineral,2020,32,1.28,4.44,4.44,11,4,17,34.38
NV,Mineral,2021,54,1.13,4.13,4.13,1,18,35,1.85
NV,Mineral,2022,25,1.44,4.72,4.8,0,4,21,0.0
NV,Nye,2017,21,1.38,2.51,2.52,13,2,6,61.9
NV,Nye,2018,13,1.69,5.02,5.11,2,2,9,15.38
NV,Nye,2019,25,1.2,5.1,5.15,16,2,7,64.0
NV,Nye,2020,21,1.19,4.24,4.57,4,6,11,19.05
NV,Nye,2021,51,1.31,3.22,3.39,1,13,37,1.96
NV,Nye,2022,5,0.8,2.8,2.8,0,0,5,0.0
NV,Pershing,2018,16,1.81,4.05,4.06,3,1,12,18.75
NV,Pershing,2019,16,1.44,1.77,1.78,9,2,5,56.25
NV,Pershing,2020,4,1.75,5.5,5.5,1,0,3,25.0
NV,Pershing,2021,3,1.0,1.33,1.67,0,0,3,0.0
NV,Pershing,2022,3,1.0,5.67,6.0,0,0,3,0.0
NV,Storey,2018,2,1.5,5.87,5.85,0,2,0,0.0
NV,Storey,2019,6,1.17,8.22,8.21,4,2,0,66.67
NV,Storey,2020,1,0.0,3.0,3.0,0,1,0,0.0
NV,Storey,2021,8,0.62,4.12,4.5,0,1,7,0.0
NV,Storey,2022,2,0.5,6.0,6.0,0,2,0,0.0
NV,Washoe,2017,107,1.5,4.34,4.8,41,32,34,38.32
NV,Washoe,2018,305,1.52,4.97,5.33,51,93,161,16.72
NV,Washoe,2019,335,1.21,4.45,4.7,64,103,168,19.1
NV,Washoe,2020,266,0.62,3.0,4.23,33,183,50,12.41
NV,Washoe,2021,502,0.76,2.78,3.71,27,270,205,5.38
NV,Washoe,2022,139,1.09,4.89,5.25,21,37,81,15.11
NV,White Pine,2017,97,1.48,3.87,3.91,11,17,69,11.34
NV,White Pine,2018,56,1.61,4.43,4.51,5,13,38,8.93
NV,White Pine,2019,47,1.49,4.66,4.77,7,12,28,14.89
NV,White Pine,2020,29,1.59,5.34,5.48,3,8,18,10.34
NV,White Pine,2021,49,1.47,4.76,5.04,0,8,41,0.0
NV,White Pine,2022,22,1.5,4.23,4.45,1,1,20,4.55
NY,Albany,2016,92,1.58,1.76,2.03,18,31,43,19.57
NY,Albany,2017,244,1.5,3.6,4.37,47,106,91,19.26
NY,Albany,2018,295,1.49,3.32,4.12,66,139,90,22.37
NY,Albany,2019,340,1.11,3.42,4.02,71,136,133,20.88
NY,Albany,2020,235,0.53,2.03,3.83,27,170,38,11.49
NY,Albany,2021,221,0.46,1.48,3.64,26,183,12,11.76
NY,Albany,2022,43,1.21,3.21,3.35,5,8,30,11.63
NY,Allegany,2017,8,1.88,2.66,2.75,2,0,6,25.0
NY,Allegany,2018,48,1.9,5.19,5.2,6,10,32,12.5
NY,Allegany,2019,25,1.12,4.14,4.21,4,6,15,16.0
NY,Allegany,2020,31,1.0,5.03,5.06,6,5,20,19.35
NY,Allegany,2021,19,1.11,4.95,5.0,1,4,14,5.26
NY,Allegany,2022,20,0.85,3.3,3.45,0,2,18,0.0
NY,Bronx,2016,928,1.48,1.5,2.09,523,357,48,56.36
NY,Bronx,2017,2218,1.38,3.24,4.82,1265,850,103,57.03
NY,Bronx,2018,1841,1.31,2.73,4.24,898,833,110,48.78
NY,Bronx,2019,2121,0.95,2.45,4.05,1115,851,155,52.57
NY,Bronx,2020,5296,0.54,0.76,4.47,3062,2111,123,57.82
NY,Bronx,2021,5764,0.62,1.02,4.49,3334,2189,241,57.84
NY,Bronx,2022,1112,1.3,3.03,4.77,393,590,129,35.34
NY,Broome,2017,48,1.71,4.41,4.91,10,19,19,20.83
NY,Broome,2018,194,1.61,4.87,5.58,55,52,87,28.35
NY,Broome,2019,177,1.37,4.0,5.14,41,65,71,23.16
NY,Broome,2020,67,1.28,4.66,5.84,21,15,31,31.34
NY,Broome,2021,55,1.31,2.98,5.31,14,22,19,25.45
NY,Broome,2022,76,1.34,3.67,4.61,12,7,57,15.79
NY,Cattaraugus,2017,32,1.75,5.09,5.13,5,7,20,15.62
NY,Cattaraugus,2018,67,1.64,4.64,4.7,11,12,44,16.42
NY,Cattaraugus,2019,60,1.08,4.75,4.83,18,12,30,30.0
NY,Cattaraugus,2020,68,1.21,5.12,5.16,14,11,43,20.59
NY,Cattaraugus,2021,28,0.86,3.93,4.11,0,7,21,0.0
NY,Cattaraugus,2022,50,0.94,3.62,3.84,3,7,40,6.0
NY,Cayuga,2017,11,1.36,6.12,6.25,5,1,5,45.45
NY,Cayuga,2018,42,1.4,4.51,5.74,5,12,25,11.9
NY,Cayuga,2019,60,0.88,3.84,3.96,13,18,29,21.67
NY,Cayuga,2020,39,0.64,4.23,4.82,9,22,8,23.08
NY,Cayuga,2021,28,0.43,2.86,3.39,1,12,15,3.57
NY,Cayuga,2022,13,0.31,3.0,3.23,1,1,11,7.69
NY,Chautauqua,2017,106,1.73,5.05,5.08,9,18,79,8.49
NY,Chautauqua,2018,102,1.74,5.27,5.29,13,18,71,12.75
NY,Chautauqua,2019,190,1.33,4.2,4.24,60,36,94,31.58
NY,Chautauqua,2020,114,1.03,5.79,5.93,19,51,44,16.67
NY,Chautauqua,2021,46,1.09,4.13,4.24,1,15,30,2.17
NY,Chautauqua,2022,60,1.3,5.05,5.18,1,9,50,1.67
NY,Chemung,2017,2,2.0,8.03,8.04,1,1,0,50.0
NY,Chemung,2018,29,1.66,7.01,7.02,5,9,15,17.24
NY,Chemung,2019,12,1.42,5.64,5.64,5,4,3,41.67
NY,Chemung,2020,25,1.28,5.84,5.92,7,7,11,28.0
NY,Chemung,2021,4,0.75,5.75,5.75,0,0,4,0.0
NY,Chemung,2022,23,0.91,2.7,2.78,0,2,21,0.0
NY,Chenango,2017,11,1.73,7.88,8.08,5,3,3,45.45
NY,Chenango,2018,59,1.53,4.85,5.08,26,10,23,44.07
NY,Chenango,2019,32,1.34,7.54,7.75,11,10,11,34.38
NY,Chenango,2020,29,1.0,4.17,4.86,8,14,7,27.59
NY,Chenango,2021,19,0.95,2.58,3.26,0,11,8,0.0
NY,Chenango,2022,22,0.95,4.18,4.68,1,5,16,4.55
NY,Clinton,2017,15,1.73,4.86,4.93,7,2,6,46.67
NY,Clinton,2018,76,1.82,3.98,4.12,24,14,38,31.58
NY,Clinton,2019,74,1.43,3.88,3.85,29,16,29,39.19
NY,Clinton,2020,62,1.19,4.56,4.65,8,14,40,12.9
NY,Clinton,2021,31,1.1,2.68,3.06,0,6,25,0.0
NY,Clinton,2022,34,1.21,4.15,4.18,12,3,19,35.29
NY,Columbia,2016,15,1.53,2.32,2.39,2,4,9,13.33
NY,Columbia,2017,22,1.45,2.91,2.94,11,2,9,50.0
NY,Columbia,2018,53,1.58,5.19,5.21,10,14,29,18.87
NY,Columbia,2019,69,1.32,4.11,4.12,10,20,39,14.49
NY,Columbia,2020,18,1.06,4.78,5.0,4,4,10,22.22
NY,Columbia,2021,17,0.88,4.94,4.88,2,4,11,11.76
NY,Columbia,2022,24,0.71,4.0,3.96,0,3,21,0.0
NY,Cortland,2017,21,1.48,2.99,3.19,10,5,6,47.62
NY,Cortland,2018,45,1.67,3.48,3.51,6,8,31,13.33
NY,Cortland,2019,77,1.44,3.03,3.06,31,11,35,40.26
NY,Cortland,2020,41,0.61,1.93,2.93,2,27,12,4.88
NY,Cortland,2021,33,0.52,1.94,3.0,1,20,12,3.03
NY,Cortland,2022,28,1.25,3.82,4.43,0,3,25,0.0
NY,Delaware,2016,3,1.67,5.26,5.29,0,1,2,0.0
NY,Delaware,2017,15,1.53,6.48,6.54,3,5,7,20.0
NY,Delaware,2018,49,1.86,4.76,4.77,9,9,31,18.37
NY,Delaware,2019,38,1.11,5.58,5.57,7,9,22,18.42
NY,Delaware,2020,27,0.96,4.96,5.04,6,10,11,22.22
NY,Delaware,2021,16,1.06,4.81,5.06,0,7,9,0.0
NY,Delaware,2022,37,0.86,4.54,4.73,1,13,23,2.7
NY,Dutchess,2016,85,1.38,1.75,1.91,13,48,24,15.29
NY,Dutchess,2017,154,1.48,3.66,3.93,37,63,54,24.03
NY,Dutchess,2018,198,1.47,4.89,5.24,46,76,76,23.23
NY,Dutchess,2019,141,1.06,4.31,4.74,30,39,72,21.28
NY,Dutchess,2020,60,0.95,4.0,4.25,10,23,27,16.67
NY,Dutchess,2021,73,1.21,5.3,5.82,21,30,22,28.77
NY,Dutchess,2022,98,1.04,4.45,4.61,3,27,68,3.06
NY,Erie,2017,391,1.46,3.75,4.15,138,143,110,35.29
NY,Erie,2018,671,1.41,3.56,4.05,238,251,182,35.47
NY,Erie,2019,651,1.03,4.14,4.53,185,205,261,28.42
NY,Erie,2020,421,0.66,3.55,5.05,118,238,65,28.03
NY,Erie,2021,486,0.6,2.23,4.0,123,308,55,25.31
NY,Erie,2022,137,0.87,3.42,3.58,23,36,78,16.79
NY,Essex,2017,14,1.71,5.61,5.63,7,3,4,50.0
NY,Essex,2018,53,1.87,4.25,4.28,13,10,30,24.53
NY,Essex,2019,66,1.56,5.61,5.72,26,18,22,39.39
NY,Essex,2020,63,1.56,5.76,5.9,10,22,31,15.87
NY,Essex,2021,33,0.94,3.52,3.64,2,14,17,6.06
NY,Essex,2022,22,1.14,3.05,3.27,0,4,18,0.0
NY,Franklin,2017,3,1.33,2.35,2.58,0,1,2,0.0
NY,Franklin,2018,22,1.32,4.68,4.76,8,3,11,36.36
NY,Franklin,2019,33,1.15,6.0,6.19,10,17,6,30.3
NY,Franklin,2020,19,1.37,7.68,7.84,6,8,5,31.58
NY,Franklin,2021,23,0.87,4.0,4.13,0,5,18,0.0
NY,Franklin,2022,19,0.89,2.79,2.95,0,3,16,0.0
NY,Fulton,2017,4,1.0,9.83,9.99,1,0,3,25.0
NY,Fulton,2018,15,1.13,10.14,10.16,5,7,3,33.33
NY,Fulton,2019,11,0.55,4.83,4.97,3,4,4,27.27
NY,Fulton,2020,14,0.21,3.14,3.5,2,6,6,14.29
NY,Fulton,2021,5,0.4,2.8,3.6,0,2,3,0.0
NY,Fulton,2022,8,0.25,4.5,4.88,0,0,8,0.0
NY,Genesee,2017,27,1.67,4.45,4.47,5,7,15,18.52
NY,Genesee,2018,60,1.23,3.83,3.88,18,15,27,30.0
NY,Genesee,2019,74,1.07,4.02,4.22,12,21,41,16.22
NY,Genesee,2020,32,0.81,6.0,6.03,8,10,14,25.0
NY,Genesee,2021,20,0.85,3.7,4.2,2,8,10,10.0
NY,Genesee,2022,16,0.62,3.38,3.5,0,0,16,0.0
NY,Greene,2016,6,1.67,0.85,0.8,3,1,2,50.0
NY,Greene,2017,21,1.86,5.88,5.95,7,2,12,33.33
NY,Greene,2018,31,1.35,4.34,4.6,6,10,15,19.35
NY,Greene,2019,52,1.17,4.7,4.86,8,20,24,15.38
NY,Greene,2020,26,0.77,4.31,4.46,2,11,13,7.69
NY,Greene,2021,10,0.7,5.2,5.4,2,3,5,20.0
NY,Greene,2022,31,0.68,4.0,4.23,0,13,18,0.0
NY,Hamilton,2017,3,2.0,0.02,0.1,2,1,0,66.67
NY,Hamilton,2018,16,1.5,6.11,6.11,1,5,10,6.25
NY,Hamilton,2019,7,0.71,6.38,6.71,4,2,1,57.14
NY,Hamilton,2020,3,1.0,7.33,7.67,2,1,0,66.67
NY,Hamilton,2021,9,0.0,2.67,2.67,0,1,8,0.0
NY,Herkimer,2017,3,1.33,8.11,8.13,1,1,1,33.33
NY,Herkimer,2018,32,1.44,3.59,3.6,7,3,22,21.88
NY,Herkimer,2019,57,0.72,4.97,5.29,13,26,18,22.81
NY,Herkimer,2020,42,0.69,3.71,4.0,8,8,26,19.05
NY,Herkimer,2021,16,0.56,3.0,4.19,5,7,4,31.25
NY,Herkimer,2022,12,0.25,3.5,3.5,0,1,11,0.0
NY,Jefferson,2017,84,1.58,2.55,2.68,47,8,29,55.95
NY,Jefferson,2018,134,1.69,3.76,3.85,62,29,43,46.27
NY,Jefferson,2019,153,1.41,3.79,3.89,44,27,82,28.76
NY,Jefferson,2020,117,0.68,3.08,3.78,13,67,37,11.11
NY,Jefferson,2021,61,0.59,2.11,3.28,2,41,18,3.28
NY,Jefferson,2022,22,1.45,5.82,6.0,5,1,16,22.73
NY,Kings,2016,1144,1.24,1.43,2.33,624,384,136,54.55
NY,Kings,2017,2746,1.21,2.58,4.78,1598,827,321,58.19
NY,Kings,2018,3451,1.15,2.04,4.15,1801,1203,447,52.19
NY,Kings,2019,3512,0.92,2.49,5.05,1555,1577,380,44.28
NY,Kings,2020,12098,0.54,0.74,4.82,6069,5853,176,50.17
NY,Kings,2021,13211,0.62,1.04,5.04,6893,5950,368,52.18
NY,Kings,2022,1686,1.15,2.87,5.64,629,831,226,37.31
NY,Lewis,2017,10,1.0,2.71,2.78,2,0,8,20.0
NY,Lewis,2018,15,1.27,4.55,4.63,2,4,9,13.33
NY,Lewis,2019,17,0.94,6.86,6.92,4,5,8,23.53
NY,Lewis,2020,9,0.89,5.33,5.44,1,2,6,11.11
NY,Lewis,2021,10,0.8,4.5,4.6,0,1,9,0.0
NY,Lewis,2022,16,0.88,5.25,5.56,4,3,9,25.0
NY,Livingston,2017,9,1.67,1.91,1.93,1,1,7,11.11
NY,Livingston,2018,42,1.6,4.35,4.35,6,3,33,14.29
NY,Livingston,2019,50,0.9,3.86,3.9,9,7,34,18.0
NY,Livingston,2020,19,1.0,5.26,5.37,5,5,9,26.32
NY,Livingston,2021,4,2.25,6.5,6.5,1,3,0,25.0
NY,Livingston,2022,20,0.85,2.6,2.7,0,0,20,0.0
NY,Madison,2017,10,1.4,3.62,3.74,3,3,4,30.0
NY,Madison,2018,40,1.52,4.21,4.31,9,10,21,22.5
NY,Madison,2019,36,1.03,6.2,6.25,9,10,17,25.0
NY,Madison,2020,40,0.85,4.55,4.7,6,15,19,15.0
NY,Madison,2021,14,0.71,4.0,4.71,0,4,10,0.0
NY,Madison,2022,15,0.33,3.0,4.0,0,2,13,0.0
NY,Monroe,2017,124,1.45,3.87,4.15,40,48,36,32.26
NY,Monroe,2018,343,1.52,3.71,4.16,111,122,110,32.36
NY,Monroe,2019,365,0.79,4.16,4.53,129,132,104,35.34
NY,Monroe,2020,167,0.77,6.32,6.72,69,70,28,41.32
NY,Monroe,2021,90,0.77,3.11,4.12,26,48,16,28.89
NY,Monroe,2022,117,0.73,3.24,3.4,8,36,73,6.84
NY,Montgomery,2016,1,0.0,1.35,1.42,0,0,1,0.0
NY,Montgomery,2017,3,1.67,0.54,0.58,3,0,0,100.0
NY,Montgomery,2018,53,1.47,3.74,3.77,10,13,30,18.87
NY,Montgomery,2019,30,1.07,5.31,5.35,5,8,17,16.67
NY,Montgomery,2020,38,0.84,4.24,4.32,6,5,27,15.79
NY,Montgomery,2021,12,0.92,4.0,5.25,2,2,8,16.67
NY,Montgomery,2022,14,1.0,4.5,4.57,1,0,13,7.14
NY,Nassau,2016,1007,1.25,1.35,2.09,130,395,482,12.91
NY,Nassau,2017,2337,1.2,2.33,4.09,239,926,1172,10.23
NY,Nassau,2018,2376,1.13,1.75,3.45,247,904,1225,10.4
NY,Nassau,2019,2178,0.91,2.21,4.19,278,841,1059,12.76
NY,Nassau,2020,3253,0.58,1.73,3.72,346,2381,526,10.64
NY,Nassau,2021,4327,0.84,2.53,4.48,486,2631,1210,11.23
NY,Nassau,2022,1589,1.19,3.33,5.52,146,683,760,9.19
NY,New York,2016,3021,0.83,1.36,2.19,2584,408,29,85.53
NY,New York,2017,6241,0.81,2.4,4.23,5193,981,67,83.21
NY,New York,2018,6165,0.71,1.88,3.67,5224,864,77,84.74
NY,New York,2019,5870,0.59,2.12,3.92,5152,682,36,87.77
NY,New York,2020,5907,0.53,0.85,4.37,3222,2648,37,54.55
NY,New York,2021,8908,0.47,0.99,4.11,5881,2984,43,66.02
NY,New York,2022,3948,0.49,1.75,4.13,3379,531,38,85.59
NY,Niagara,2017,158,1.42,4.61,5.94,70,54,34,44.3
NY,Niagara,2018,385,1.41,4.68,6.36,192,116,77,49.87
NY,Niagara,2019,228,1.1,6.04,6.78,136,73,19,59.65
NY,Niagara,2020,148,0.96,7.07,7.92,97,36,15,65.54
NY,Niagara,2021,26,0.65,3.04,4.31,14,8,4,53.85
NY,Niagara,2022,19,0.74,4.68,5.21,1,5,13,5.26
NY,Oneida,2017,33,1.33,5.74,5.82,4,8,21,12.12
NY,Oneida,2018,115,1.48,4.37,4.43,18,27,70,15.65
NY,Oneida,2019,90,1.06,5.01,5.08,25,17,48,27.78
NY,Oneida,2020,86,0.71,5.09,5.2,15,27,44,17.44
NY,Oneida,2021,25,0.72,4.56,4.84,1,4,20,4.0
NY,Oneida,2022,36,0.61,3.56,3.67,1,2,33,2.78
NY,Onondaga,2017,98,1.56,4.4,4.56,24,29,45,24.49
NY,Onondaga,2018,312,1.51,4.18,4.28,67,75,170,21.47
NY,Onondaga,2019,241,1.29,4.0,4.1,53,60,128,21.99
NY,Onondaga,2020,155,0.95,5.08,5.52,35,36,84,22.58
NY,Onondaga,2021,152,0.72,3.08,4.2,15,58,79,9.87
NY,Onondaga,2022,257,0.68,3.12,4.39,31,64,162,12.06
NY,Ontario,2017,33,1.85,4.36,4.57,12,11,10,36.36
NY,Ontario,2018,60,1.47,3.39,3.57,8,19,33,13.33
NY,Ontario,2019,71,1.23,4.43,4.59,19,18,34,26.76
NY,Ontario,2020,27,0.7,3.63,3.81,5,13,9,18.52
NY,Ontario,2021,21,1.0,4.52,4.9,6,6,9,28.57
NY,Ontario,2022,18,0.94,4.28,4.78,3,3,12,16.67
NY,Orange,2016,131,1.62,1.54,1.59,18,40,73,13.74
NY,Orange,2017,258,1.5,3.55,4.1,36,70,152,13.95
NY,Orange,2018,441,1.45,3.8,4.22,78,141,222,17.69
NY,Orange,2019,406,1.31,3.69,3.92,87,119,200,21.43
NY,Orange,2020,141,1.09,3.52,4.33,24,50,67,17.02
NY,Orange,2021,195,1.32,4.03,4.49,12,85,98,6.15
NY,Orange,2022,220,1.15,5.04,5.43,15,81,124,6.82
NY,Orleans,2017,54,1.39,4.98,6.33,19,25,10,35.19
NY,Orleans,2018,131,1.3,4.63,6.27,48,54,29,36.64
NY,Orleans,2019,58,0.9,6.12,6.93,17,28,13,29.31
NY,Orleans,2020,26,0.73,8.23,8.65,7,11,8,26.92
NY,Orleans,2021,7,0.43,3.86,4.0,1,0,6,14.29
NY,Orleans,2022,11,0.64,4.45,4.73,0,1,10,0.0
NY,Oswego,2017,77,1.55,3.35,3.47,14,18,45,18.18
NY,Oswego,2018,75,1.45,3.07,3.17,9,19,47,12.0
NY,Oswego,2019,110,1.3,3.55,3.62,12,11,87,10.91
NY,Oswego,2020,54,0.81,4.41,4.56,9,12,33,16.67
NY,Oswego,2021,36,0.64,3.22,3.5,5,9,22,13.89
NY,Oswego,2022,34,0.97,4.53,4.71,3,6,25,8.82
NY,Otsego,2016,5,1.4,3.62,3.63,0,0,5,0.0
NY,Otsego,2017,15,1.53,2.39,2.54,4,4,7,26.67
NY,Otsego,2018,59,1.49,3.39,3.47,9,14,36,15.25
NY,Otsego,2019,41,1.2,4.73,4.87,8,10,23,19.51
NY,Otsego,2020,27,0.78,4.41,4.48,5,9,13,18.52
NY,Otsego,2021,19,1.47,2.95,3.05,0,1,18,0.0
NY,Otsego,2022,17,1.29,3.35,3.47,1,2,14,5.88
NY,Putnam,2016,46,1.61,1.9,2.0,8,16,22,17.39
NY,Putnam,2017,112,1.41,4.06,4.38,14,52,46,12.5
NY,Putnam,2018,238,1.38,3.44,3.77,34,108,96,14.29
NY,Putnam,2019,117,1.25,3.56,4.01,27,20,70,23.08
NY,Putnam,2020,57,1.35,4.4,4.56,9,16,32,15.79
NY,Putnam,2021,85,1.58,3.49,3.75,1,37,47,1.18
NY,Putnam,2022,91,1.58,4.75,5.44,15,31,45,16.48
NY,Queens,2016,1425,1.3,1.31,2.02,516,673,236,36.21
NY,Queens,2017,3352,1.2,2.62,4.37,1212,1692,448,36.16
NY,Queens,2018,3680,1.11,2.1,3.76,1300,1836,544,35.33
NY,Queens,2019,3285,0.9,2.48,4.24,1396,1456,433,42.5
NY,Queens,2020,11414,0.47,0.87,4.33,4641,6515,258,40.66
NY,Queens,2021,13507,0.62,1.48,4.63,5482,7258,767,40.59
NY,Queens,2022,2643,1.21,3.39,5.51,677,1534,432,25.61
NY,Rensselaer,2016,21,1.48,0.93,1.32,6,9,6,28.57
NY,Rensselaer,2017,85,1.56,3.68,4.28,21,35,29,24.71
NY,Rensselaer,2018,121,1.53,3.08,3.61,30,49,42,24.79
NY,Rensselaer,2019,138,1.21,3.11,3.5,44,44,50,31.88
NY,Rensselaer,2020,77,1.23,4.53,5.32,18,48,11,23.38
NY,Rensselaer,2021,59,1.24,3.32,4.53,11,32,16,18.64
NY,Rensselaer,2022,17,1.24,4.18,4.35,3,4,10,17.65
NY,Richmond,2016,142,1.56,2.17,2.6,44,74,24,30.99
NY,Richmond,2017,444,1.43,3.15,4.57,123,209,112,27.7
NY,Richmond,2018,310,1.25,2.48,3.94,96,121,93,30.97
NY,Richmond,2019,323,0.96,2.74,4.25,104,159,60,32.2
NY,Richmond,2020,1270,0.41,1.37,3.46,176,1065,29,13.86
NY,Richmond,2021,1290,0.48,1.65,3.57,181,1039,70,14.03
NY,Richmond,2022,273,1.19,3.32,4.07,119,120,34,43.59
NY,Rockland,2016,140,1.81,2.15,2.5,18,44,78,12.86
NY,Rockland,2017,278,1.58,4.18,5.58,43,90,145,15.47
NY,Rockland,2018,337,1.48,2.98,4.15,38,101,198,11.28
NY,Rockland,2019,270,1.37,3.27,4.85,62,54,154,22.96
NY,Rockland,2020,196,0.9,2.97,4.58,28,100,68,14.29
NY,Rockland,2021,243,1.17,3.02,4.66,51,88,104,20.99
NY,Rockland,2022,113,1.52,4.03,5.21,11,30,72,9.73
NY,Saint Lawrence,2017,2,2.0,8.74,9.99,1,1,0,50.0
NY,Saratoga,2016,1,2.0,8.65,8.68,0,1,0,0.0
NY,Saratoga,2017,43,1.49,3.46,4.2,10,7,26,23.26
NY,Saratoga,2018,151,1.4,3.35,3.68,32,64,55,21.19
NY,Saratoga,2019,162,0.99,3.6,3.86,18,51,93,11.11
NY,Saratoga,2020,90,0.77,4.03,4.43,14,33,43,15.56
NY,Saratoga,2021,33,0.91,3.12,3.7,3,17,13,9.09
NY,Saratoga,2022,36,1.19,4.03,4.14,4,3,29,11.11
NY,Schenectady,2016,16,1.38,0.55,0.61,7,8,1,43.75
NY,Schenectady,2017,60,1.7,3.5,3.81,28,20,12,46.67
NY,Schenectady,2018,103,1.43,2.92,4.14,25,46,32,24.27
NY,Schenectady,2019,67,0.75,3.53,4.11,18,24,25,26.87
NY,Schenectady,2020,125,0.39,1.66,3.15,11,95,19,8.8
NY,Schenectady,2021,127,0.17,0.94,2.54,16,106,5,12.6
NY,Schenectady,2022,12,1.17,4.08,4.5,0,3,9,0.0
NY,Schoharie,2016,13,1.77,4.74,4.81,2,2,9,15.38
NY,Schoharie,2017,31,1.58,5.68,5.71,4,11,16,12.9
NY,Schoharie,2018,61,1.59,4.2,4.44,14,15,32,22.95
NY,Schoharie,2019,38,1.16,3.45,3.52,3,8,27,7.89
NY,Schoharie,2020,31,1.0,4.58,4.61,4,3,24,12.9
NY,Schoharie,2021,8,0.62,2.5,2.62,0,2,6,0.0
NY,Schoharie,2022,7,1.0,4.14,4.57,0,2,5,0.0
NY,Schuyler,2017,3,1.67,5.84,6.84,1,1,1,33.33
NY,Schuyler,2018,12,1.42,3.41,4.1,4,2,6,33.33
NY,Schuyler,2019,7,1.14,4.97,5.11,4,0,3,57.14
NY,Schuyler,2020,8,1.25,5.25,5.25,3,3,2,37.5
NY,Schuyler,2021,6,1.0,4.67,5.83,0,2,4,0.0
NY,Schuyler,2022,1,2.0,6.0,6.0,0,0,1,0.0
NY,Seneca,2017,3,1.33,3.59,3.68,0,1,2,0.0
NY,Seneca,2018,19,1.89,6.48,6.5,6,6,7,31.58
NY,Seneca,2019,19,1.32,5.77,5.77,2,8,9,10.53
NY,Seneca,2020,19,0.95,6.16,6.26,6,3,10,31.58
NY,Seneca,2021,5,1.6,6.0,6.0,0,2,3,0.0
NY,Seneca,2022,14,0.57,4.0,4.14,0,2,12,0.0
NY,St. Lawrence,2017,13,1.62,4.75,4.86,2,3,8,15.38
NY,St. Lawrence,2018,38,1.5,5.22,5.56,11,14,13,28.95
NY,St. Lawrence,2019,37,1.11,4.51,4.74,5,6,26,13.51
NY,St. Lawrence,2020,58,1.03,5.24,5.38,12,17,29,20.69
NY,St. Lawrence,2021,49,0.71,3.76,3.86,2,5,42,4.08
NY,St. Lawrence,2022,27,0.74,4.0,4.04,1,1,25,3.7
NY,Steuben,2017,10,1.3,8.66,8.68,4,1,5,40.0
NY,Steuben,2018,71,1.7,3.06,3.99,9,13,49,12.68
NY,Steuben,2019,74,1.04,4.07,4.14,20,18,36,27.03
NY,Steuben,2020,89,1.11,5.07,5.15,22,22,45,24.72
NY,Steuben,2021,20,0.95,4.4,5.35,1,6,13,5.0
NY,Steuben,2022,37,1.11,3.78,3.78,0,2,35,0.0
NY,Suffolk,2016,854,1.17,1.2,1.59,124,451,279,14.52
NY,Suffolk,2017,1902,1.11,2.56,3.72,255,915,732,13.41
NY,Suffolk,2018,1975,1.1,2.34,3.49,249,961,765,12.61
NY,Suffolk,2019,1761,0.52,2.26,3.24,368,823,570,20.9
NY,Suffolk,2020,1614,0.28,1.97,2.97,354,1061,199,21.93
NY,Suffolk,2021,2092,0.43,2.31,3.22,571,1159,362,27.29
NY,Suffolk,2022,1301,0.63,3.2,4.05,358,542,401,27.52
NY,Sullivan,2016,25,1.52,3.22,3.22,2,5,18,8.0
NY,Sullivan,2017,55,1.62,4.37,4.38,9,8,38,16.36
NY,Sullivan,2018,132,1.67,3.64,3.73,6,11,115,4.55
NY,Sullivan,2019,113,1.07,3.15,3.24,8,29,76,7.08
NY,Sullivan,2020,45,1.09,2.98,3.04,4,9,32,8.89
NY,Sullivan,2021,36,1.11,2.33,2.86,2,8,26,5.56
NY,Sullivan,2022,56,1.07,4.48,4.79,1,13,42,1.79
NY,Tioga,2017,22,1.55,6.29,6.83,7,9,6,31.82
NY,Tioga,2018,53,1.51,5.31,5.81,12,22,19,22.64
NY,Tioga,2019,34,1.03,5.06,5.16,15,12,7,44.12
NY,Tioga,2020,35,1.03,4.89,5.0,5,10,20,14.29
NY,Tioga,2021,4,1.25,3.75,3.75,0,3,1,0.0
NY,Tioga,2022,24,0.88,3.42,3.67,1,2,21,4.17
NY,Tompkins,2017,31,1.45,3.33,4.85,14,14,3,45.16
NY,Tompkins,2018,105,1.53,2.99,4.32,35,57,13,33.33
NY,Tompkins,2019,57,0.58,3.86,4.38,33,18,6,57.89
NY,Tompkins,2020,38,0.29,2.87,3.66,8,19,11,21.05
NY,Tompkins,2021,31,0.39,2.97,4.13,15,11,5,48.39
NY,Tompkins,2022,24,0.42,3.5,3.92,6,1,17,25.0
NY,Ulster,2016,47,1.51,1.72,1.87,11,18,18,23.4
NY,Ulster,2017,75,1.6,3.79,4.16,18,22,35,24.0
NY,Ulster,2018,100,1.54,4.22,4.61,31,32,37,31.0
NY,Ulster,2019,105,1.33,5.28,5.45,30,24,51,28.57
NY,Ulster,2020,38,1.05,5.32,5.63,5,14,19,13.16
NY,Ulster,2021,26,1.31,4.31,4.23,1,6,19,3.85
NY,Ulster,2022,56,0.98,4.41,4.54,5,11,40,8.93
NY,Warren,2017,40,1.6,4.53,5.56,13,9,18,32.5
NY,Warren,2018,63,1.46,3.26,4.0,23,20,20,36.51
NY,Warren,2019,63,1.17,4.26,4.45,16,14,33,25.4
NY,Warren,2020,53,0.72,3.09,4.25,7,30,16,13.21
NY,Warren,2021,38,0.63,2.66,4.18,5,21,12,13.16
NY,Warren,2022,22,1.55,4.91,5.05,3,1,18,13.64
NY,Washington,2017,7,0.71,5.81,5.88,2,1,4,28.57
NY,Washington,2018,30,1.17,5.56,6.0,6,10,14,20.0
NY,Washington,2019,28,0.46,4.45,4.52,5,13,10,17.86
NY,Washington,2020,28,0.5,4.89,5.21,6,9,13,21.43
NY,Washington,2021,13,0.46,4.23,4.31,0,3,10,0.0
NY,Washington,2022,11,0.36,3.73,3.91,0,5,6,0.0
NY,Wayne,2017,23,1.35,3.43,3.66,0,6,17,0.0
NY,Wayne,2018,47,1.19,4.97,5.42,4,17,26,8.51
NY,Wayne,2019,57,0.63,5.54,6.05,21,20,16,36.84
NY,Wayne,2020,35,0.63,5.66,6.34,14,14,7,40.0
NY,Wayne,2021,2,0.5,5.5,5.5,1,1,0,50.0
NY,Wayne,2022,15,0.4,2.87,3.13,1,3,11,6.67
NY,Westchester,2016,812,1.18,1.24,1.52,270,320,222,33.25
NY,Westchester,2017,1627,1.17,2.15,2.81,488,651,488,29.99
NY,Westchester,2018,1464,1.17,2.55,3.31,263,628,573,17.96
NY,Westchester,2019,1544,0.85,2.35,2.9,497,559,488,32.19
NY,Westchester,2020,1585,0.5,1.46,3.1,398,1005,182,25.11
NY,Westchester,2021,2041,0.75,1.85,3.09,421,1130,490,20.63
NY,Westchester,2022,704,1.23,3.38,4.16,110,300,294,15.62
NY,Wyoming,2017,7,1.29,6.25,6.18,0,2,5,0.0
NY,Wyoming,2018,12,1.5,7.03,7.06,3,5,4,25.0
NY,Wyoming,2019,14,0.64,6.72,6.96,1,5,8,7.14
NY,Wyoming,2020,14,0.64,7.07,7.14,4,7,3,28.57
NY,Wyoming,2021,5,0.4,3.6,3.8,0,1,4,0.0
NY,Wyoming,2022,10,0.3,2.7,3.0,0,0,10,0.0
NY,Yates,2017,2,2.0,0.01,0.02,0,1,1,0.0
NY,Yates,2018,11,1.36,3.44,3.49,2,4,5,18.18
NY,Yates,2019,17,1.06,9.38,9.51,7,7,3,41.18
NY,Yates,2020,15,0.87,6.53,6.53,3,7,5,20.0
NY,Yates,2021,3,1.0,4.0,4.0,0,0,3,0.0
NY,Yates,2022,6,0.67,4.0,4.5,0,2,4,0.0
OH,Adams,2016,9,1.67,2.28,2.4,2,2,5,22.22
OH,Adams,2017,9,1.56,6.34,6.35,2,1,6,22.22
OH,Adams,2018,17,1.41,3.88,3.89,1,7,9,5.88
OH,Adams,2019,13,1.31,4.37,4.37,0,3,10,0.0
OH,Adams,2020,6,0.83,5.67,5.83,1,3,2,16.67
OH,Adams,2021,4,1.0,6.25,6.25,0,2,2,0.0
OH,Adams,2022,3,1.0,3.33,3.33,0,0,3,0.0
OH,Allen,2016,23,1.83,3.71,3.85,5,5,13,21.74
OH,Allen,2017,23,1.7,5.01,5.02,3,11,9,13.04
OH,Allen,2018,43,1.72,4.9,4.98,8,12,23,18.6
OH,Allen,2019,112,1.41,4.53,4.55,6,27,79,5.36
OH,Allen,2020,23,1.0,4.26,4.57,5,5,13,21.74
OH,Allen,2021,14,1.64,5.36,5.71,0,7,7,0.0
OH,Allen,2022,24,1.04,4.0,4.0,2,3,19,8.33
OH,Ashland,2016,11,1.18,2.05,2.06,0,1,10,0.0
OH,Ashland,2017,26,1.42,3.24,3.31,6,6,14,23.08
OH,Ashland,2018,36,1.78,6.43,6.44,7,20,9,19.44
OH,Ashland,2019,20,1.15,4.56,4.7,1,8,11,5.0
OH,Ashland,2020,18,0.89,4.94,5.06,1,6,11,5.56
OH,Ashland,2021,6,1.0,3.83,4.0,1,1,4,16.67
OH,Ashland,2022,34,0.68,3.91,4.0,1,2,31,2.94
OH,Ashtabula,2017,34,1.29,4.16,4.16,2,5,27,5.88
OH,Ashtabula,2018,73,1.42,5.08,5.12,15,20,38,20.55
OH,Ashtabula,2019,81,1.0,3.49,3.57,13,18,50,16.05
OH,Ashtabula,2020,45,0.84,3.8,3.93,8,12,25,17.78
OH,Ashtabula,2021,25,0.8,4.44,4.68,0,2,23,0.0
OH,Ashtabula,2022,66,0.91,4.48,4.58,4,6,56,6.06
OH,Athens,2016,8,1.25,2.85,2.82,1,2,5,12.5
OH,Athens,2017,6,1.67,3.84,3.86,2,1,3,33.33
OH,Athens,2018,20,1.6,6.17,6.28,4,10,6,20.0
OH,Athens,2019,13,0.77,2.75,3.83,2,4,7,15.38
OH,Athens,2020,5,0.4,2.0,3.8,0,2,3,0.0
OH,Athens,2021,3,1.0,4.33,5.0,0,2,1,0.0
OH,Athens,2022,11,1.27,5.18,5.27,0,1,10,0.0
OH,Auglaize,2016,7,1.57,3.69,3.75,1,3,3,14.29
OH,Auglaize,2017,16,1.81,6.95,6.96,7,4,5,43.75
OH,Auglaize,2018,22,1.86,5.14,5.14,4,9,9,18.18
OH,Auglaize,2019,48,1.17,4.23,4.3,6,11,31,12.5
OH,Auglaize,2020,20,0.5,4.5,4.45,2,11,7,10.0
OH,Auglaize,2021,2,1.0,6.0,6.5,0,1,1,0.0
OH,Auglaize,2022,14,1.14,4.57,4.71,0,6,8,0.0
OH,Belmont,2017,32,1.53,4.13,4.15,16,7,9,50.0
OH,Belmont,2018,114,1.63,5.37,5.87,36,38,40,31.58
OH,Belmont,2019,56,1.29,5.68,5.71,12,19,25,21.43
OH,Belmont,2020,21,1.05,4.38,4.52,4,8,9,19.05
OH,Belmont,2021,21,1.29,3.81,3.9,2,6,13,9.52
OH,Belmont,2022,47,1.3,8.91,9.06,7,14,26,14.89
OH,Brown,2016,11,1.36,1.4,1.42,3,3,5,27.27
OH,Brown,2017,15,1.6,5.71,5.74,3,3,9,20.0
OH,Brown,2018,34,1.35,2.68,2.75,4,12,18,11.76
OH,Brown,2019,31,0.71,4.1,4.2,8,9,14,25.81
OH,Brown,2020,11,0.73,5.82,6.0,2,3,6,18.18
OH,Brown,2021,5,1.2,6.0,6.2,0,3,2,0.0
OH,Brown,2022,20,0.45,3.95,4.0,1,1,18,5.0
OH,Butler,2017,77,1.39,3.3,3.94,26,33,18,33.77
OH,Butler,2018,210,1.37,4.12,4.67,86,71,53,40.95
OH,Butler,2019,160,0.96,4.3,4.99,55,42,63,34.38
OH,Butler,2020,52,0.83,3.96,4.94,18,25,9,34.62
OH,Butler,2021,68,0.75,2.69,3.5,24,23,21,35.29
OH,Butler,2022,62,0.92,3.84,4.32,10,25,27,16.13
OH,Carroll,2017,5,1.6,3.35,3.39,2,2,1,40.0
OH,Carroll,2018,12,1.33,5.71,5.73,4,3,5,33.33
OH,Carroll,2019,9,0.56,5.75,5.81,2,3,4,22.22
OH,Carroll,2020,12,0.67,5.83,5.83,1,8,3,8.33
OH,Carroll,2022,11,0.82,5.73,5.82,0,5,6,0.0
OH,Champaign,2016,7,1.57,3.82,3.87,2,3,2,28.57
OH,Champaign,2017,18,1.44,2.86,2.92,1,9,8,5.56
OH,Champaign,2018,31,1.32,5.83,5.94,8,11,12,25.81
OH,Champaign,2019,21,0.52,6.65,6.8,3,4,14,14.29
OH,Champaign,2020,17,0.12,2.12,2.59,0,4,13,0.0
OH,Champaign,2021,15,0.27,2.93,3.4,0,5,10,0.0
OH,Champaign,2022,33,0.52,4.42,4.73,0,8,25,0.0
OH,Clark,2016,15,1.33,1.4,1.75,1,8,6,6.67
OH,Clark,2017,26,1.5,3.95,4.27,8,5,13,30.77
OH,Clark,2018,80,1.71,5.62,5.64,19,29,32,23.75
OH,Clark,2019,64,1.31,4.69,4.78,14,9,41,21.88
OH,Clark,2020,24,1.0,3.96,4.09,0,9,15,0.0
OH,Clark,2021,27,1.41,4.19,4.19,1,6,20,3.7
OH,Clark,2022,43,0.98,4.84,5.0,2,4,37,4.65
OH,Clermont,2016,51,1.57,2.25,3.21,13,27,11,25.49
OH,Clermont,2017,113,1.57,4.43,5.85,51,44,18,45.13
OH,Clermont,2018,287,1.52,4.27,5.39,124,101,62,43.21
OH,Clermont,2019,145,1.03,3.96,4.57,26,67,52,17.93
OH,Clermont,2020,21,1.14,4.33,5.19,8,5,8,38.1
OH,Clermont,2021,71,1.46,4.76,5.75,6,34,31,8.45
OH,Clermont,2022,58,1.0,5.1,5.48,5,24,29,8.62
OH,Clinton,2016,39,1.62,3.02,3.67,6,19,14,15.38
OH,Clinton,2017,56,1.68,5.47,6.19,16,28,12,28.57
OH,Clinton,2018,77,1.55,5.39,6.37,22,38,17,28.57
OH,Clinton,2019,28,0.93,4.81,5.87,4,13,11,14.29
OH,Clinton,2020,15,0.8,5.6,7.07,2,6,7,13.33
OH,Clinton,2021,25,0.52,2.04,3.16,1,16,8,4.0
OH,Clinton,2022,41,0.9,4.61,4.68,0,2,39,0.0
OH,Columbiana,2017,33,1.42,2.81,2.86,11,14,8,33.33
OH,Columbiana,2018,62,1.45,4.57,4.64,8,28,26,12.9
OH,Columbiana,2019,20,0.9,8.61,8.64,7,7,6,35.0
OH,Columbiana,2020,15,0.93,4.47,4.93,3,5,7,20.0
OH,Columbiana,2021,5,1.0,4.0,4.2,0,2,3,0.0
OH,Columbiana,2022,38,0.92,4.13,4.16,3,3,32,7.89
OH,Coshocton,2016,3,1.33,6.25,6.26,0,0,3,0.0
OH,Coshocton,2017,4,1.75,3.71,3.65,3,0,1,75.0
OH,Coshocton,2018,26,1.69,6.2,6.24,7,9,10,26.92
OH,Coshocton,2019,14,0.5,5.21,5.3,1,4,9,7.14
OH,Coshocton,2020,11,0.18,3.0,3.09,0,1,10,0.0
OH,Coshocton,2021,4,1.25,7.0,7.25,0,2,2,0.0
OH,Coshocton,2022,12,0.17,2.92,3.08,0,1,11,0.0
OH,Crawford,2016,5,1.2,1.23,1.22,1,2,2,20.0
OH,Crawford,2017,4,1.5,5.34,5.38,1,1,2,25.0
OH,Crawford,2018,17,1.24,5.77,5.77,3,1,13,17.65
OH,Crawford,2019,21,0.9,4.25,4.34,3,2,16,14.29
OH,Crawford,2020,9,1.0,4.44,4.44,1,0,8,11.11
OH,Crawford,2021,5,1.2,5.4,5.4,0,3,2,0.0
OH,Crawford,2022,26,1.0,4.27,4.62,0,4,22,0.0
OH,Cuyahoga,2016,266,1.5,2.19,2.44,115,74,77,43.23
OH,Cuyahoga,2017,648,1.42,3.17,4.03,223,222,203,34.41
OH,Cuyahoga,2018,1086,1.49,3.22,3.9,398,367,321,36.65
OH,Cuyahoga,2019,811,1.08,3.77,4.54,224,313,274,27.62
OH,Cuyahoga,2020,763,0.54,2.71,3.95,117,533,113,15.33
OH,Cuyahoga,2021,372,0.74,2.47,3.74,68,240,64,18.28
OH,Cuyahoga,2022,342,1.11,4.3,4.51,29,126,187,8.48
OH,Darke,2017,8,1.38,5.38,5.39,0,6,2,0.0
OH,Darke,2018,43,1.4,6.41,6.43,10,21,12,23.26
OH,Darke,2019,21,0.67,5.21,5.34,1,8,12,4.76
OH,Darke,2020,15,0.33,3.87,4.0,0,4,11,0.0
OH,Darke,2021,4,0.5,4.25,4.5,0,0,4,0.0
OH,Darke,2022,27,0.56,4.85,4.93,0,7,20,0.0
OH,Defiance,2016,1,1.0,4.05,4.05,0,0,1,0.0
OH,Defiance,2017,2,0.5,1.75,1.8,1,0,1,50.0
OH,Defiance,2018,17,1.29,3.56,6.61,4,1,12,23.53
OH,Defiance,2019,18,1.0,2.31,2.38,3,2,13,16.67
OH,Defiance,2020,26,0.58,3.23,3.27,1,1,24,3.85
OH,Defiance,2021,16,0.81,4.38,4.81,2,7,7,12.5
OH,Defiance,2022,22,0.59,3.59,3.86,1,3,18,4.55
OH,Delaware,2016,159,1.18,1.5,1.89,28,73,58,17.61
OH,Delaware,2017,150,1.19,2.23,3.13,27,53,70,18.0
OH,Delaware,2018,203,1.24,2.44,2.99,33,79,91,16.26
OH,Delaware,2019,159,0.83,3.57,4.08,37,56,66,23.27
OH,Delaware,2020,68,0.87,3.76,4.16,6,31,31,8.82
OH,Delaware,2021,41,1.02,3.54,4.02,5,21,15,12.2
OH,Delaware,2022,48,0.83,3.12,3.58,1,13,34,2.08
OH,Erie,2016,16,1.81,1.49,1.52,3,5,8,18.75
OH,Erie,2017,8,1.75,8.42,8.46,5,0,3,62.5
OH,Erie,2018,35,1.46,5.83,5.83,5,13,17,14.29
OH,Erie,2019,40,1.12,5.81,5.84,10,13,17,25.0
OH,Erie,2020,26,0.81,4.81,4.85,4,5,17,15.38
OH,Erie,2021,23,1.35,3.61,3.7,1,5,17,4.35
OH,Erie,2022,43,0.91,4.0,4.05,2,2,39,4.65
OH,Fairfield,2016,26,1.31,2.24,2.97,3,11,12,11.54
OH,Fairfield,2017,43,1.44,5.26,5.49,13,12,18,30.23
OH,Fairfield,2018,58,1.21,4.12,4.88,10,26,22,17.24
OH,Fairfield,2019,45,0.53,4.15,4.45,6,18,21,13.33
OH,Fairfield,2020,44,0.36,2.95,4.16,3,20,21,6.82
OH,Fairfield,2021,30,0.73,4.27,5.13,1,18,11,3.33
OH,Fairfield,2022,43,0.42,3.63,3.81,1,11,31,2.33
OH,Fayette,2016,20,1.35,3.66,3.71,1,2,17,5.0
OH,Fayette,2017,24,1.58,5.08,5.2,13,9,2,54.17
OH,Fayette,2018,53,1.28,4.95,5.01,9,19,25,16.98
OH,Fayette,2019,38,1.16,4.42,4.53,8,7,23,21.05
OH,Fayette,2020,13,0.92,6.54,6.69,3,4,6,23.08
OH,Fayette,2021,8,1.12,5.5,5.62,0,4,4,0.0
OH,Fayette,2022,35,1.0,4.29,4.29,0,2,33,0.0
OH,Franklin,2016,1052,1.4,1.92,2.5,324,429,299,30.8
OH,Franklin,2017,1562,1.38,2.93,3.97,457,695,410,29.26
OH,Franklin,2018,2126,1.36,2.52,3.51,603,895,628,28.36
OH,Franklin,2019,1360,0.83,3.01,3.93,313,598,449,23.01
OH,Franklin,2020,589,0.56,2.46,3.88,83,402,104,14.09
OH,Franklin,2021,607,0.72,2.25,3.56,67,401,139,11.04
OH,Franklin,2022,411,0.99,3.36,3.79,46,149,216,11.19
OH,Fulton,2017,5,1.4,1.89,1.91,2,1,2,40.0
OH,Fulton,2018,12,1.5,6.72,6.76,2,3,7,16.67
OH,Fulton,2019,38,1.13,5.12,5.15,6,12,20,15.79
OH,Fulton,2020,29,0.69,4.69,4.83,2,15,12,6.9
OH,Fulton,2021,15,1.07,4.93,5.07,0,5,10,0.0
OH,Fulton,2022,23,1.04,4.57,4.65,0,6,17,0.0
OH,Gallia,2016,7,1.57,4.55,4.61,0,3,4,0.0
OH,Gallia,2017,3,2.0,11.85,11.94,3,0,0,100.0
OH,Gallia,2018,25,1.36,5.73,5.88,4,11,10,16.0
OH,Gallia,2019,18,1.11,5.81,5.87,8,8,2,44.44
OH,Gallia,2020,17,1.06,4.35,4.94,0,15,2,0.0
OH,Gallia,2021,14,1.5,2.79,3.71,1,8,5,7.14
OH,Gallia,2022,21,0.9,4.29,4.48,1,3,17,4.76
OH,Geauga,2017,24,1.29,4.22,4.28,4,10,10,16.67
OH,Geauga,2018,46,1.37,4.63,4.86,8,17,21,17.39
OH,Geauga,2019,55,0.55,4.59,4.75,6,28,21,10.91
OH,Geauga,2020,37,0.35,3.7,3.89,1,12,24,2.7
OH,Geauga,2021,18,0.5,4.56,5.33,1,6,11,5.56
OH,Geauga,2022,38,0.53,5.34,5.61,1,11,26,2.63
OH,Greene,2016,23,1.65,3.13,3.34,4,12,7,17.39
OH,Greene,2017,24,1.71,5.76,6.27,12,7,5,50.0
OH,Greene,2018,78,1.59,4.99,5.16,24,12,42,30.77
OH,Greene,2019,68,1.29,4.18,4.33,11,14,43,16.18
OH,Greene,2020,23,1.09,5.87,6.04,2,13,8,8.7
OH,Greene,2021,25,1.04,3.12,3.44,3,5,17,12.0
OH,Greene,2022,54,1.11,5.33,5.52,1,11,42,1.85
OH,Guernsey,2016,9,1.33,2.04,2.11,0,4,5,0.0
OH,Guernsey,2017,43,1.58,5.91,6.18,9,24,10,20.93
OH,Guernsey,2018,46,1.72,4.84,4.87,14,9,23,30.43
OH,Guernsey,2019,88,0.89,3.03,3.12,10,24,54,11.36
OH,Guernsey,2020,29,1.1,5.38,5.52,4,11,14,13.79
OH,Guernsey,2021,34,1.06,3.32,3.74,1,15,18,2.94
OH,Guernsey,2022,52,1.21,4.23,4.42,1,8,43,1.92
OH,Hamilton,2017,438,1.52,3.67,4.52,141,167,130,32.19
OH,Hamilton,2018,963,1.51,3.26,4.15,295,328,340,30.63
OH,Hamilton,2019,1061,1.28,3.11,4.15,201,392,468,18.94
OH,Hamilton,2020,355,0.96,2.64,3.72,62,156,137,17.46
OH,Hamilton,2021,740,1.2,3.09,3.69,66,289,385,8.92
OH,Hamilton,2022,523,1.45,3.43,4.16,34,172,317,6.5
OH,Hancock,2016,24,1.92,0.92,0.92,6,6,12,25.0
OH,Hancock,2017,38,1.66,5.38,5.5,14,12,12,36.84
OH,Hancock,2018,58,1.76,6.8,6.94,20,11,27,34.48
OH,Hancock,2019,89,1.22,3.83,3.9,24,20,45,26.97
OH,Hancock,2020,21,0.52,4.0,4.0,5,5,11,23.81
OH,Hancock,2021,12,0.92,3.5,3.67,1,5,6,8.33
OH,Hancock,2022,24,0.83,4.29,4.29,2,1,21,8.33
OH,Hardin,2017,5,2.0,8.71,8.72,2,2,1,40.0
OH,Hardin,2018,17,1.59,4.99,5.01,6,3,8,35.29
OH,Hardin,2019,10,1.0,7.79,8.02,1,0,9,10.0
OH,Hardin,2020,14,0.57,5.79,5.86,3,4,7,21.43
OH,Hardin,2021,3,1.0,5.67,6.0,1,1,1,33.33
OH,Hardin,2022,10,0.3,3.1,3.2,0,2,8,0.0
OH,Harrison,2017,27,1.48,3.96,3.96,6,6,15,22.22
OH,Harrison,2018,42,1.6,5.89,5.95,12,11,19,28.57
OH,Harrison,2019,56,0.52,3.34,3.35,5,11,40,8.93
OH,Harrison,2020,9,1.0,4.33,4.33,2,2,5,22.22
OH,Harrison,2021,2,0.5,2.0,2.5,0,0,2,0.0
OH,Harrison,2022,13,0.85,3.77,3.92,1,1,11,7.69
OH,Henry,2016,4,1.0,3.23,3.31,0,3,1,0.0
OH,Henry,2017,18,1.67,5.54,5.56,1,5,12,5.56
OH,Henry,2018,14,1.5,6.81,6.81,4,3,7,28.57
OH,Henry,2019,46,0.96,4.17,4.28,6,10,30,13.04
OH,Henry,2020,36,0.72,4.33,4.39,1,10,25,2.78
OH,Henry,2021,8,0.5,3.75,3.75,0,4,4,0.0
OH,Henry,2022,30,0.67,3.97,4.03,0,7,23,0.0
OH,Highland,2016,23,1.7,1.41,3.0,1,8,14,4.35
OH,Highland,2017,26,1.85,5.32,6.72,5,14,7,19.23
OH,Highland,2018,96,1.35,2.58,3.28,7,22,67,7.29
OH,Highland,2019,33,0.61,4.36,5.35,6,12,15,18.18
OH,Highland,2020,15,0.47,2.67,4.53,2,3,10,13.33
OH,Highland,2021,9,0.67,5.11,5.56,1,4,4,11.11
OH,Highland,2022,30,0.47,4.87,5.3,5,8,17,16.67
OH,Hocking,2016,4,1.25,3.92,3.9,0,0,4,0.0
OH,Hocking,2017,4,1.25,4.65,4.65,1,1,2,25.0
OH,Hocking,2018,9,1.33,2.81,2.85,2,1,6,22.22
OH,Hocking,2019,16,0.69,6.09,6.09,5,5,6,31.25
OH,Hocking,2020,6,0.33,4.67,4.5,0,4,2,0.0
OH,Hocking,2021,7,0.29,3.0,3.0,0,2,5,0.0
OH,Hocking,2022,9,0.44,3.44,3.67,0,1,8,0.0
OH,Holmes,2016,8,1.12,3.97,4.01,2,3,3,25.0
OH,Holmes,2017,6,1.17,4.87,5.93,3,2,1,50.0
OH,Holmes,2018,24,1.46,6.29,6.45,6,13,5,25.0
OH,Holmes,2019,7,0.86,13.3,13.62,2,4,1,28.57
OH,Holmes,2020,12,0.42,5.08,5.25,2,3,7,16.67
OH,Holmes,2021,5,0.6,5.0,6.0,2,2,1,40.0
OH,Holmes,2022,14,0.71,5.29,5.21,0,6,8,0.0
OH,Huron,2016,7,1.71,3.8,3.81,2,4,1,28.57
OH,Huron,2017,23,1.65,2.95,3.0,11,8,4,47.83
OH,Huron,2018,25,1.6,5.84,5.91,7,7,11,28.0
OH,Huron,2019,20,1.2,8.37,8.48,4,9,7,20.0
OH,Huron,2020,21,1.05,6.1,6.52,3,10,8,14.29
OH,Huron,2021,13,1.23,4.08,4.69,0,7,6,0.0
OH,Huron,2022,22,0.5,3.82,4.05,0,3,19,0.0
OH,Jackson,2016,3,1.33,2.7,2.78,0,0,3,0.0
OH,Jackson,2017,3,1.67,4.62,4.62,0,0,3,0.0
OH,Jackson,2018,20,1.6,7.3,7.33,5,7,8,25.0
OH,Jackson,2019,16,1.44,6.16,6.16,5,2,9,31.25
OH,Jackson,2020,6,1.5,4.67,4.5,0,2,4,0.0
OH,Jackson,2021,5,0.8,4.0,4.0,1,0,4,20.0
OH,Jackson,2022,17,1.06,6.82,6.76,0,0,17,0.0
OH,Jefferson,2017,18,1.22,4.4,4.45,5,3,10,27.78
OH,Jefferson,2018,40,1.48,5.42,5.46,11,15,14,27.5
OH,Jefferson,2019,25,0.84,5.61,5.63,9,6,10,36.0
OH,Jefferson,2020,12,1.33,4.67,4.75,2,6,4,16.67
OH,Jefferson,2021,2,0.5,2.0,2.0,0,1,1,0.0
OH,Jefferson,2022,21,0.9,3.9,4.0,3,7,11,14.29
OH,Knox,2016,13,1.23,0.74,0.78,3,5,5,23.08
OH,Knox,2017,17,1.18,2.51,2.72,1,9,7,5.88
OH,Knox,2018,25,1.36,3.2,3.34,4,8,13,16.0
OH,Knox,2019,18,0.5,5.79,5.95,2,10,6,11.11
OH,Knox,2020,20,0.45,3.65,4.05,1,5,14,5.0
OH,Knox,2021,12,0.83,5.58,5.67,1,5,6,8.33
OH,Knox,2022,18,0.22,3.33,3.56,0,1,17,0.0
OH,Lake,2017,37,1.46,5.1,5.2,7,10,20,18.92
OH,Lake,2018,72,1.38,4.56,4.63,20,18,34,27.78
OH,Lake,2019,78,1.21,4.57,4.62,11,27,40,14.1
OH,Lake,2020,58,1.05,4.66,4.91,5,24,29,8.62
OH,Lake,2021,37,1.14,4.46,6.14,4,17,16,10.81
OH,Lake,2022,65,0.88,4.38,4.97,6,19,40,9.23
OH,Lawrence,2016,1,1.0,2.55,2.62,0,0,1,0.0
OH,Lawrence,2017,6,1.83,3.73,3.84,4,2,0,66.67
OH,Lawrence,2018,20,1.65,7.57,7.8,8,6,6,40.0
OH,Lawrence,2019,39,1.08,4.91,5.18,5,23,11,12.82
OH,Lawrence,2020,7,0.86,4.57,4.57,1,2,4,14.29
OH,Lawrence,2021,6,0.67,4.33,4.33,0,3,3,0.0
OH,Lawrence,2022,13,0.92,5.54,5.77,0,2,11,0.0
OH,Licking,2016,73,1.42,1.49,1.74,4,34,35,5.48
OH,Licking,2017,76,1.32,3.58,3.75,13,15,48,17.11
OH,Licking,2018,158,1.35,3.42,3.61,26,41,91,16.46
OH,Licking,2019,123,0.77,3.69,3.78,18,48,57,14.63
OH,Licking,2020,90,0.52,3.94,4.07,4,51,35,4.44
OH,Licking,2021,55,0.93,4.82,5.53,11,15,29,20.0
OH,Licking,2022,83,1.02,4.07,4.18,2,12,69,2.41
OH,Logan,2016,5,1.6,1.92,1.94,1,2,2,20.0
OH,Logan,2017,14,1.43,3.5,3.53,1,7,6,7.14
OH,Logan,2018,39,1.28,4.37,4.38,4,11,24,10.26
OH,Logan,2019,34,1.06,4.68,4.75,4,9,21,11.76
OH,Logan,2020,18,0.33,2.72,3.22,1,9,8,5.56
OH,Logan,2021,9,0.78,2.44,3.22,1,4,4,11.11
OH,Logan,2022,18,0.89,4.61,4.78,0,4,14,0.0
OH,Lorain,2016,28,1.64,1.96,2.0,5,10,13,17.86
OH,Lorain,2017,41,1.37,3.03,3.32,13,20,8,31.71
OH,Lorain,2018,112,1.5,4.05,4.16,34,34,44,30.36
OH,Lorain,2019,87,1.09,3.76,3.86,21,38,28,24.14
OH,Lorain,2020,55,0.87,4.16,4.29,7,19,29,12.73
OH,Lorain,2021,22,0.91,3.86,4.09,1,9,12,4.55
OH,Lorain,2022,94,0.72,3.9,4.03,3,16,75,3.19
OH,Lucas,2016,5,2.2,4.0,4.05,4,1,0,80.0
OH,Lucas,2017,144,1.56,3.1,3.44,86,46,12,59.72
OH,Lucas,2018,171,1.69,4.92,5.1,89,52,30,52.05
OH,Lucas,2019,288,1.16,4.17,4.31,112,100,76,38.89
OH,Lucas,2020,149,0.87,4.54,5.0,29,82,38,19.46
OH,Lucas,2021,90,1.27,4.27,4.84,12,50,28,13.33
OH,Lucas,2022,67,1.1,3.76,3.91,7,21,39,10.45
OH,Madison,2016,32,1.47,2.92,3.87,4,9,19,12.5
OH,Madison,2017,40,1.55,4.77,5.18,8,19,13,20.0
OH,Madison,2018,65,1.51,3.79,3.85,13,15,37,20.0
OH,Madison,2019,84,1.37,6.79,6.86,8,26,50,9.52
OH,Madison,2020,30,0.97,4.43,4.53,1,9,20,3.33
OH,Madison,2021,24,1.12,4.38,4.42,0,7,17,0.0
OH,Madison,2022,47,0.91,4.55,4.66,0,6,41,0.0
OH,Mahoning,2017,72,1.65,4.37,4.81,33,30,9,45.83
OH,Mahoning,2018,110,1.51,3.51,3.87,30,46,34,27.27
OH,Mahoning,2019,75,1.04,4.43,4.81,26,34,15,34.67
OH,Mahoning,2020,68,0.63,3.94,4.51,15,35,18,22.06
OH,Mahoning,2021,53,1.26,4.79,5.45,18,26,9,33.96
OH,Mahoning,2022,118,1.0,4.54,4.89,5,35,78,4.24
OH,Marion,2016,15,1.53,3.81,3.81,6,3,6,40.0
OH,Marion,2017,21,1.57,3.93,3.95,6,5,10,28.57
OH,Marion,2018,25,1.44,4.03,4.06,7,8,10,28.0
OH,Marion,2019,28,1.0,5.24,5.27,4,5,19,14.29
OH,Marion,2020,15,0.8,4.0,4.2,0,7,8,0.0
OH,Marion,2021,4,1.25,6.25,6.25,0,2,2,0.0
OH,Marion,2022,23,0.78,3.83,3.91,0,1,22,0.0
OH,Medina,2016,51,1.51,2.51,2.63,12,18,21,23.53
OH,Medina,2017,59,1.34,3.89,4.1,10,23,26,16.95
OH,Medina,2018,83,1.41,5.01,5.21,18,28,37,21.69
OH,Medina,2019,39,1.08,4.28,4.63,4,14,21,10.26
OH,Medina,2020,51,0.57,2.88,3.43,8,23,20,15.69
OH,Medina,2021,26,0.85,3.88,4.77,2,12,12,7.69
OH,Medina,2022,86,0.72,3.62,3.76,1,18,67,1.16
OH,Meigs,2016,6,1.67,4.65,4.66,0,0,6,0.0
OH,Meigs,2017,3,2.0,8.76,8.76,0,2,1,0.0
OH,Meigs,2018,23,1.43,6.32,6.37,2,7,14,8.7
OH,Meigs,2019,24,0.75,5.5,5.79,5,8,11,20.83
OH,Meigs,2020,9,1.0,5.78,6.44,2,2,5,22.22
OH,Meigs,2021,2,1.0,5.0,6.0,0,2,0,0.0
OH,Meigs,2022,16,1.06,3.81,4.25,0,1,15,0.0
OH,Mercer,2017,9,1.78,7.45,7.48,5,2,2,55.56
OH,Mercer,2018,20,1.65,8.16,8.2,2,12,6,10.0
OH,Mercer,2019,23,0.78,4.87,4.95,3,1,19,13.04
OH,Mercer,2020,20,0.35,3.2,3.2,0,6,14,0.0
OH,Mercer,2021,2,0.5,4.5,4.5,0,0,2,0.0
OH,Mercer,2022,9,0.33,3.89,4.0,0,2,7,0.0
OH,Miami,2016,15,1.8,4.05,4.1,6,7,2,40.0
OH,Miami,2017,31,1.65,3.97,5.43,5,13,13,16.13
OH,Miami,2018,47,1.6,5.59,5.64,7,17,23,14.89
OH,Miami,2019,65,1.57,4.38,4.46,4,15,46,6.15
OH,Miami,2020,23,0.87,3.39,3.39,0,5,18,0.0
OH,Miami,2021,20,1.35,4.65,4.75,0,7,13,0.0
OH,Miami,2022,29,0.83,4.41,4.55,0,11,18,0.0
OH,Monroe,2017,16,1.56,5.34,5.36,3,3,10,18.75
OH,Monroe,2018,30,1.37,6.09,6.1,7,11,12,23.33
OH,Monroe,2019,14,1.36,9.61,9.57,3,3,8,21.43
OH,Monroe,2020,3,1.0,9.33,9.33,1,0,2,33.33
OH,Monroe,2021,3,1.33,3.0,6.33,1,1,1,33.33
OH,Monroe,2022,10,0.9,4.6,4.6,0,3,7,0.0
OH,Montgomery,2016,111,1.49,2.77,3.07,35,45,31,31.53
OH,Montgomery,2017,177,1.54,4.52,5.19,78,48,51,44.07
OH,Montgomery,2018,324,1.47,4.2,4.84,113,91,120,34.88
OH,Montgomery,2019,284,1.23,4.12,4.54,78,80,126,27.46
OH,Montgomery,2020,93,1.0,4.8,5.4,22,46,25,23.66
OH,Montgomery,2021,136,1.29,3.32,3.56,8,55,73,5.88
OH,Montgomery,2022,130,1.07,3.58,3.79,4,39,87,3.08
OH,Morgan,2016,4,1.5,4.37,4.38,1,2,1,25.0
OH,Morgan,2017,1,0.0,0.18,4.82,0,0,1,0.0
OH,Morgan,2018,14,1.43,5.28,5.32,2,5,7,14.29
OH,Morgan,2019,5,0.2,2.0,2.8,1,2,2,20.0
OH,Morgan,2020,4,0.75,4.75,5.0,0,2,2,0.0
OH,Morgan,2021,3,0.33,4.67,5.0,0,0,3,0.0
OH,Morgan,2022,8,0.88,6.62,6.75,0,2,6,0.0
OH,Morrow,2016,5,2.2,4.27,4.26,1,1,3,20.0
OH,Morrow,2017,9,1.78,5.24,5.39,3,3,3,33.33
OH,Morrow,2018,21,1.67,5.65,5.97,6,5,10,28.57
OH,Morrow,2019,35,1.17,3.8,3.84,13,9,13,37.14
OH,Morrow,2020,14,0.57,4.36,4.43,3,2,9,21.43
OH,Morrow,2021,5,1.4,6.0,6.0,1,1,3,20.0
OH,Morrow,2022,30,1.17,4.5,4.57,1,7,22,3.33
OH,Muskingum,2016,28,1.61,1.85,1.88,8,7,13,28.57
OH,Muskingum,2017,41,1.54,3.36,5.0,12,13,16,29.27
OH,Muskingum,2018,92,1.61,3.38,4.96,12,29,51,13.04
OH,Muskingum,2019,79,0.86,2.84,2.93,35,18,26,44.3
OH,Muskingum,2020,49,1.02,5.18,6.0,15,22,12,30.61
OH,Muskingum,2021,27,1.3,4.81,5.44,1,17,9,3.7
OH,Muskingum,2022,92,1.41,6.46,6.55,15,16,61,16.3
OH,Noble,2017,4,1.75,13.33,13.43,3,0,1,75.0
OH,Noble,2018,42,1.57,10.44,10.45,19,14,9,45.24
OH,Noble,2019,36,1.28,4.66,4.86,20,7,9,55.56
OH,Noble,2020,11,1.18,4.09,4.82,3,1,7,27.27
OH,Noble,2021,6,0.67,2.17,4.17,3,1,2,50.0
OH,Noble,2022,14,1.57,6.43,6.71,0,1,13,0.0
OH,Ottawa,2017,4,0.75,2.13,2.13,1,0,3,25.0
OH,Ottawa,2018,18,1.5,8.63,8.63,8,4,6,44.44
OH,Ottawa,2019,20,0.6,4.35,4.45,4,11,5,20.0
OH,Ottawa,2020,18,0.44,4.44,4.67,1,10,7,5.56
OH,Ottawa,2021,6,1.33,6.5,6.67,2,0,4,33.33
OH,Ottawa,2022,33,0.39,3.64,3.88,2,6,25,6.06
OH,Paulding,2018,7,1.43,3.08,4.12,2,1,4,28.57
OH,Paulding,2019,35,0.83,3.01,3.07,0,10,25,0.0
OH,Paulding,2020,21,0.71,3.71,3.81,1,5,15,4.76
OH,Paulding,2021,6,1.0,4.67,4.67,0,3,3,0.0
OH,Paulding,2022,22,0.95,3.18,3.27,0,3,19,0.0
OH,Perry,2016,7,1.57,0.2,0.21,0,3,4,0.0
OH,Perry,2017,12,1.58,6.65,6.7,5,2,5,41.67
OH,Perry,2018,13,1.62,5.2,5.24,4,3,6,30.77
OH,Perry,2019,17,0.71,4.43,4.46,4,4,9,23.53
OH,Perry,2020,7,0.86,6.43,6.71,0,5,2,0.0
OH,Perry,2021,1,1.0,5.0,5.0,0,1,0,0.0
OH,Perry,2022,4,0.75,9.75,10.25,1,2,1,25.0
OH,Pickaway,2016,22,1.41,3.47,3.63,1,7,14,4.55
OH,Pickaway,2017,44,1.23,3.3,3.53,5,16,23,11.36
OH,Pickaway,2018,62,1.24,3.51,3.65,4,13,45,6.45
OH,Pickaway,2019,34,0.88,3.6,3.9,3,12,19,8.82
OH,Pickaway,2020,17,1.0,5.35,5.88,1,7,9,5.88
OH,Pickaway,2021,19,1.16,5.32,5.84,0,9,10,0.0
OH,Pickaway,2022,35,0.91,4.91,5.2,0,9,26,0.0
OH,Pike,2016,17,1.24,1.48,1.52,2,6,9,11.76
OH,Pike,2017,21,1.0,0.54,0.67,1,14,6,4.76
OH,Pike,2018,31,1.39,4.64,4.73,5,15,11,16.13
OH,Pike,2019,19,1.11,9.76,9.79,7,6,6,36.84
OH,Pike,2020,8,1.38,3.88,3.88,0,4,4,0.0
OH,Pike,2021,5,1.4,3.0,3.2,0,3,2,0.0
OH,Pike,2022,2,1.5,4.0,4.0,0,0,2,0.0
OH,Portage,2017,47,1.36,3.5,3.88,8,19,20,17.02
OH,Portage,2018,110,1.65,4.53,4.63,27,42,41,24.55
OH,Portage,2019,48,1.21,4.09,4.21,12,9,27,25.0
OH,Portage,2020,23,0.78,4.22,4.48,2,8,13,8.7
OH,Portage,2021,19,0.89,3.21,3.47,0,7,12,0.0
OH,Portage,2022,82,0.98,4.56,4.67,1,10,71,1.22
OH,Preble,2017,23,1.43,3.18,3.26,4,3,16,17.39
OH,Preble,2018,60,1.4,3.91,4.2,11,14,35,18.33
OH,Preble,2019,57,1.05,4.83,4.92,15,16,26,26.32
OH,Preble,2020,44,1.11,6.27,6.34,6,16,22,13.64
OH,Preble,2021,25,1.04,4.44,4.64,1,8,16,4.0
OH,Preble,2022,23,0.74,3.61,3.74,1,6,16,4.35
OH,Putnam,2016,1,2.0,0.0,0.0,0,0,1,0.0
OH,Putnam,2017,6,1.83,4.18,4.33,3,3,0,50.0
OH,Putnam,2018,8,1.88,4.04,4.06,5,3,0,62.5
OH,Putnam,2019,21,0.76,4.17,4.31,4,4,13,19.05
OH,Putnam,2020,15,0.47,4.67,4.67,2,8,5,13.33
OH,Putnam,2021,4,1.0,6.0,6.0,1,1,2,25.0
OH,Putnam,2022,9,0.22,3.11,3.11,1,1,7,11.11
OH,Richland,2016,6,1.67,0.35,0.36,2,3,1,33.33
OH,Richland,2017,20,1.45,7.03,7.09,10,8,2,50.0
OH,Richland,2018,41,1.66,6.59,6.61,10,12,19,24.39
OH,Richland,2019,36,1.22,4.81,4.84,9,13,14,25.0
OH,Richland,2020,27,0.96,3.15,3.63,3,13,11,11.11
OH,Richland,2021,22,1.41,3.86,4.23,2,11,9,9.09
OH,Richland,2022,53,0.94,5.94,6.25,6,14,33,11.32
OH,Ross,2016,44,1.34,2.59,2.61,9,6,29,20.45
OH,Ross,2017,19,1.63,3.97,4.08,8,9,2,42.11
OH,Ross,2018,50,1.38,4.57,4.6,11,14,25,22.0
OH,Ross,2019,62,1.06,3.89,4.16,20,19,23,32.26
OH,Ross,2020,51,0.41,2.78,4.12,3,33,15,5.88
OH,Ross,2021,72,0.24,1.75,3.57,0,61,11,0.0
OH,Ross,2022,40,1.0,4.1,4.35,2,6,32,5.0
OH,Sandusky,2016,14,1.64,2.01,2.01,1,4,9,7.14
OH,Sandusky,2017,24,1.71,6.9,6.91,4,8,12,16.67
OH,Sandusky,2018,23,1.74,4.08,4.1,6,8,9,26.09
OH,Sandusky,2019,44,1.32,4.8,4.81,6,18,20,13.64
OH,Sandusky,2020,19,1.16,4.37,4.42,1,7,11,5.26
OH,Sandusky,2021,14,1.29,5.0,5.0,1,1,12,7.14
OH,Sandusky,2022,39,0.9,4.28,4.33,1,8,30,2.56
OH,Scioto,2016,42,1.5,0.7,0.73,16,22,4,38.1
OH,Scioto,2017,54,1.37,2.99,3.7,19,31,4,35.19
OH,Scioto,2018,64,1.47,2.88,2.97,26,14,24,40.62
OH,Scioto,2019,28,0.89,2.51,2.63,8,8,12,28.57
OH,Scioto,2020,15,1.13,6.93,7.07,6,4,5,40.0
OH,Scioto,2021,4,0.75,5.75,6.0,1,2,1,25.0
OH,Scioto,2022,13,0.92,4.54,4.69,3,4,6,23.08
OH,Seneca,2016,14,1.29,1.96,1.98,2,5,7,14.29
OH,Seneca,2017,25,1.28,2.51,2.54,4,8,13,16.0
OH,Seneca,2018,20,1.7,5.76,5.79,8,4,8,40.0
OH,Seneca,2019,33,0.48,3.79,3.87,3,9,21,9.09
OH,Seneca,2020,18,0.61,4.56,4.72,2,6,10,11.11
OH,Seneca,2021,20,0.55,1.9,2.0,0,2,18,0.0
OH,Seneca,2022,31,0.52,4.03,4.16,0,5,26,0.0
OH,Shelby,2016,8,2.12,8.52,8.52,2,3,3,25.0
OH,Shelby,2017,9,1.67,2.6,2.59,2,1,6,22.22
OH,Shelby,2018,32,1.53,5.44,5.47,11,4,17,34.38
OH,Shelby,2019,75,1.67,3.21,3.22,17,14,44,22.67
OH,Shelby,2020,15,1.07,4.0,4.07,0,5,10,0.0
OH,Shelby,2021,14,1.5,3.79,3.79,0,4,10,0.0
OH,Shelby,2022,24,1.04,4.33,4.38,0,6,18,0.0
OH,Stark,2016,4,1.75,2.07,2.17,1,3,0,25.0
OH,Stark,2017,81,1.44,4.81,4.97,33,30,18,40.74
OH,Stark,2018,96,1.69,4.65,4.76,46,22,28,47.92
OH,Stark,2019,81,1.15,5.54,5.67,32,20,29,39.51
OH,Stark,2020,50,0.92,5.38,5.72,8,20,22,16.0
OH,Stark,2021,38,1.0,2.92,3.34,1,16,21,2.63
OH,Stark,2022,68,0.93,3.91,4.0,1,18,49,1.47
OH,Summit,2016,68,1.74,4.16,4.37,13,25,30,19.12
OH,Summit,2017,161,1.61,4.61,4.77,44,61,56,27.33
OH,Summit,2018,299,1.64,4.32,4.63,92,102,105,30.77
OH,Summit,2019,294,1.32,4.24,4.46,47,113,134,15.99
OH,Summit,2020,175,1.06,3.67,4.02,22,64,89,12.57
OH,Summit,2021,145,1.35,3.72,3.95,13,48,84,8.97
OH,Summit,2022,187,1.43,4.78,4.9,14,70,103,7.49
OH,Trumbull,2017,39,1.49,3.66,3.72,8,21,10,20.51
OH,Trumbull,2018,86,1.42,2.85,2.91,33,30,23,38.37
OH,Trumbull,2019,50,1.16,7.15,7.24,14,10,26,28.0
OH,Trumbull,2020,51,0.75,4.76,4.84,9,13,29,17.65
OH,Trumbull,2021,34,1.0,4.15,4.24,2,8,24,5.88
OH,Trumbull,2022,75,0.77,4.69,4.81,2,13,60,2.67
OH,Tuscarawas,2016,9,1.44,3.07,3.11,1,2,6,11.11
OH,Tuscarawas,2017,14,1.5,5.9,6.06,4,3,7,28.57
OH,Tuscarawas,2018,70,1.64,5.64,5.66,8,30,32,11.43
OH,Tuscarawas,2019,50,1.5,3.86,3.88,14,12,24,28.0
OH,Tuscarawas,2020,17,1.0,3.35,3.41,0,7,10,0.0
OH,Tuscarawas,2021,3,0.67,4.67,4.67,0,0,3,0.0
OH,Tuscarawas,2022,35,1.17,4.09,4.14,2,8,25,5.71
OH,Union,2016,14,1.5,2.29,2.33,6,5,3,42.86
OH,Union,2017,31,1.42,4.01,4.06,9,11,11,29.03
OH,Union,2018,64,1.53,4.89,5.06,19,15,30,29.69
OH,Union,2019,62,0.9,5.05,5.16,7,22,33,11.29
OH,Union,2020,34,0.62,4.47,4.59,1,12,21,2.94
OH,Union,2021,17,0.88,5.06,5.76,0,9,8,0.0
OH,Union,2022,33,0.94,5.06,5.12,0,6,27,0.0
OH,Van Wert,2017,8,1.75,5.88,5.93,2,3,3,25.0
OH,Van Wert,2018,15,1.53,6.02,6.02,3,3,9,20.0
OH,Van Wert,2019,19,0.95,3.42,3.52,0,9,10,0.0
OH,Van Wert,2020,17,0.65,4.59,4.71,4,5,8,23.53
OH,Van Wert,2021,9,1.11,4.0,4.11,3,4,2,33.33
OH,Van Wert,2022,12,1.0,4.25,4.25,0,1,11,0.0
OH,Vinton,2016,9,1.33,1.23,1.23,1,3,5,11.11
OH,Vinton,2017,2,1.5,4.43,4.53,1,0,1,50.0
OH,Vinton,2018,10,1.6,5.11,5.09,1,2,7,10.0
OH,Vinton,2019,4,1.0,6.91,7.16,0,2,2,0.0
OH,Vinton,2020,6,0.5,4.83,5.0,0,4,2,0.0
OH,Vinton,2021,3,0.67,5.67,6.0,0,2,1,0.0
OH,Vinton,2022,6,0.67,4.0,4.17,0,0,6,0.0
OH,Warren,2016,31,1.81,1.91,2.24,9,11,11,29.03
OH,Warren,2017,69,1.75,5.81,6.7,34,22,13,49.28
OH,Warren,2018,127,1.5,5.86,6.42,57,38,32,44.88
OH,Warren,2019,102,1.06,5.15,5.59,36,28,38,35.29
OH,Warren,2020,29,0.93,4.07,4.59,5,11,13,17.24
OH,Warren,2021,59,1.1,4.56,5.03,11,21,27,18.64
OH,Warren,2022,50,0.98,4.8,5.06,4,11,35,8.0
OH,Washington,2016,5,1.4,0.57,0.58,1,2,2,20.0
OH,Washington,2017,16,1.69,4.53,4.62,8,4,4,50.0
OH,Washington,2018,62,1.45,3.52,3.58,7,18,37,11.29
OH,Washington,2019,42,1.31,3.01,3.12,13,9,20,30.95
OH,Washington,2020,33,1.48,2.52,3.82,2,19,12,6.06
OH,Washington,2021,29,1.52,1.38,3.17,0,16,13,0.0
OH,Washington,2022,28,1.11,4.21,4.25,0,1,27,0.0
OH,Wayne,2016,19,1.37,1.45,1.47,4,4,11,21.05
OH,Wayne,2017,25,1.32,2.92,2.93,4,3,18,16.0
OH,Wayne,2018,52,1.33,4.94,5.04,12,17,23,23.08
OH,Wayne,2019,33,0.91,4.6,4.76,4,11,18,12.12
OH,Wayne,2020,21,0.86,4.9,5.05,2,2,17,9.52
OH,Wayne,2021,8,1.62,3.4,3.64,0,4,4,0.0
OH,Wayne,2022,54,0.93,6.7,6.76,3,1,50,5.56
OH,Williams,2017,12,1.5,2.1,2.11,2,4,6,16.67
OH,Williams,2018,26,1.77,5.1,5.13,10,6,10,38.46
OH,Williams,2019,45,1.24,5.26,5.27,10,15,20,22.22
OH,Williams,2020,16,1.0,2.94,3.06,0,9,7,0.0
OH,Williams,2021,92,1.57,4.76,4.77,4,28,60,4.35
OH,Williams,2022,48,1.0,6.4,6.48,4,5,39,8.33
OH,Wood,2016,42,1.62,3.12,3.13,3,20,19,7.14
OH,Wood,2017,43,1.33,2.84,3.23,8,29,6,18.6
OH,Wood,2018,63,1.63,4.66,5.04,20,27,16,31.75
OH,Wood,2019,150,1.11,4.01,4.09,33,42,75,22.0
OH,Wood,2020,54,0.69,3.94,4.26,8,17,29,14.81
OH,Wood,2021,44,1.07,4.0,4.32,6,14,24,13.64
OH,Wood,2022,90,0.8,4.33,4.39,1,12,77,1.11
OH,Wyandot,2016,10,1.1,0.27,0.28,2,5,3,20.0
OH,Wyandot,2017,24,1.21,3.1,3.11,7,9,8,29.17
OH,Wyandot,2018,18,1.33,3.85,3.86,2,1,15,11.11
OH,Wyandot,2019,44,1.02,3.88,3.89,4,9,31,9.09
OH,Wyandot,2020,33,0.79,4.76,4.76,8,11,14,24.24
OH,Wyandot,2021,4,1.0,6.5,6.5,0,3,1,0.0
OH,Wyandot,2022,22,0.91,2.45,2.45,0,0,22,0.0
OK,Adair,2017,1,2.0,3.83,3.87,0,1,0,0.0
OK,Adair,2019,2,0.5,3.81,3.83,0,1,1,0.0
OK,Adair,2020,2,0.5,5.0,5.0,0,0,2,0.0
OK,Adair,2022,11,0.27,3.0,3.09,0,0,11,0.0
OK,Alfalfa,2018,2,2.0,7.81,7.82,1,1,0,50.0
OK,Alfalfa,2021,3,0.33,3.67,4.0,0,0,3,0.0
OK,Alfalfa,2022,6,0.5,5.5,5.83,1,0,5,16.67
OK,Atoka,2017,3,1.0,0.74,0.82,2,0,1,66.67
OK,Atoka,2018,7,1.29,2.16,2.17,4,1,2,57.14
OK,Atoka,2019,54,1.28,2.71,2.78,22,6,26,40.74
OK,Atoka,2020,8,1.12,3.38,3.5,0,5,3,0.0
OK,Atoka,2021,11,1.27,3.82,3.91,1,7,3,9.09
OK,Atoka,2022,30,1.17,3.33,3.53,0,0,30,0.0
OK,Beaver,2018,8,1.25,2.58,2.6,3,0,5,37.5
OK,Beaver,2019,1,1.0,2.45,2.45,0,0,1,0.0
OK,Beaver,2020,11,0.82,3.0,3.09,0,1,10,0.0
OK,Beaver,2021,2,1.5,3.0,3.0,0,2,0,0.0
OK,Beaver,2022,3,1.0,4.0,4.33,0,0,3,0.0
OK,Beckham,2017,5,2.0,1.71,1.71,2,1,2,40.0
OK,Beckham,2018,10,1.9,9.31,9.31,2,2,6,20.0
OK,Beckham,2019,10,1.5,2.54,2.65,2,5,3,20.0
OK,Beckham,2020,5,1.2,5.8,5.8,1,1,3,20.0
OK,Beckham,2021,1,2.0,4.0,4.0,0,0,1,0.0
OK,Beckham,2022,6,0.67,2.33,2.5,0,1,5,0.0
OK,Blaine,2018,16,1.44,3.94,3.99,1,4,11,6.25
OK,Blaine,2019,7,0.71,3.09,3.24,2,0,5,28.57
OK,Blaine,2020,1,0.0,3.0,3.0,0,0,1,0.0
OK,Blaine,2022,11,0.45,3.73,4.0,3,0,8,27.27
OK,Bryan,2017,4,1.75,7.7,7.67,2,0,2,50.0
OK,Bryan,2018,20,1.7,4.47,4.69,3,7,10,15.0
OK,Bryan,2019,45,1.2,2.06,2.13,10,15,20,22.22
OK,Bryan,2020,17,1.35,4.47,4.65,2,11,4,11.76
OK,Bryan,2021,52,1.5,3.85,4.08,9,32,11,17.31
OK,Bryan,2022,64,1.17,3.61,4.03,6,20,38,9.38
OK,Caddo,2017,3,1.0,1.05,1.03,2,0,1,66.67
OK,Caddo,2018,30,1.53,4.87,4.88,10,4,16,33.33
OK,Caddo,2019,24,1.04,3.24,3.29,6,3,15,25.0
OK,Caddo,2020,15,0.87,5.47,5.73,1,4,10,6.67
OK,Caddo,2021,17,1.24,3.53,4.06,0,3,14,0.0
OK,Caddo,2022,27,0.48,2.96,3.04,2,1,24,7.41
OK,Canadian,2017,18,1.61,4.05,4.18,5,9,4,27.78
OK,Canadian,2018,54,1.59,4.21,4.35,15,16,23,27.78
OK,Canadian,2019,58,1.14,4.1,4.15,14,13,31,24.14
OK,Canadian,2020,20,0.8,4.65,4.85,4,6,10,20.0
OK,Canadian,2021,31,1.58,6.16,6.39,2,7,22,6.45
OK,Canadian,2022,37,1.03,4.92,5.05,2,14,21,5.41
OK,Carter,2017,29,1.48,3.64,3.71,8,17,4,27.59
OK,Carter,2018,11,1.73,8.33,8.36,6,2,3,54.55
OK,Carter,2019,48,1.25,3.0,3.04,7,14,27,14.58
OK,Carter,2020,20,0.7,3.4,3.45,2,7,11,10.0
OK,Carter,2021,14,1.07,3.43,4.07,2,3,9,14.29
OK,Carter,2022,39,1.28,4.97,5.13,2,4,33,5.13
OK,Cherokee,2017,2,1.0,3.51,3.52,0,2,0,0.0
OK,Cherokee,2018,15,1.6,3.14,3.48,6,7,2,40.0
OK,Cherokee,2019,3,0.67,6.0,6.33,1,0,2,33.33
OK,Cherokee,2020,1,0.0,2.0,2.0,0,0,1,0.0
OK,Cherokee,2022,15,0.13,3.27,3.47,1,1,13,6.67
OK,Choctaw,2017,2,1.5,0.0,0.0,0,0,2,0.0
OK,Choctaw,2018,3,1.33,3.06,3.07,0,1,2,0.0
OK,Choctaw,2019,4,1.5,3.15,3.15,2,2,0,50.0
OK,Choctaw,2020,3,1.67,9.0,9.33,0,1,2,0.0
OK,Choctaw,2021,3,0.67,2.33,2.33,0,3,0,0.0
OK,Choctaw,2022,13,1.54,5.92,6.0,0,2,11,0.0
OK,Cimarron,2018,7,1.29,2.42,2.44,1,1,5,14.29
OK,Cimarron,2019,1,2.0,6.28,6.28,0,1,0,0.0
OK,Cimarron,2020,1,1.0,3.0,3.0,0,0,1,0.0
OK,Cleveland,2017,68,1.43,3.04,4.11,22,15,31,32.35
OK,Cleveland,2018,106,1.52,3.25,4.0,18,28,60,16.98
OK,Cleveland,2019,95,0.96,2.89,3.98,16,38,41,16.84
OK,Cleveland,2020,48,0.48,3.73,4.19,7,21,20,14.58
OK,Cleveland,2021,113,0.52,3.04,3.23,11,29,73,9.73
OK,Cleveland,2022,113,0.6,3.25,3.51,7,23,83,6.19
OK,Coal,2017,3,1.33,7.25,7.26,0,1,2,0.0
OK,Coal,2018,6,1.83,4.45,4.48,0,2,4,0.0
OK,Coal,2019,4,0.75,4.12,4.37,1,2,1,25.0
OK,Coal,2020,4,0.75,4.5,4.5,1,2,1,25.0
OK,Coal,2021,1,1.0,1.0,2.0,0,0,1,0.0
OK,Coal,2022,6,0.17,2.17,2.33,0,0,6,0.0
OK,Comanche,2017,8,1.75,3.43,3.47,4,3,1,50.0
OK,Comanche,2018,44,1.98,5.08,5.11,22,7,15,50.0
OK,Comanche,2019,19,1.16,3.38,3.44,6,5,8,31.58
OK,Comanche,2020,9,1.22,3.67,3.67,0,2,7,0.0
OK,Comanche,2021,15,1.47,2.27,3.47,3,10,2,20.0
OK,Comanche,2022,51,0.9,3.84,3.96,2,7,42,3.92
OK,Cotton,2017,10,1.6,1.24,1.24,10,0,0,100.0
OK,Cotton,2018,17,1.18,1.78,1.79,11,1,5,64.71
OK,Cotton,2019,23,1.3,3.96,4.01,19,2,2,82.61
OK,Cotton,2020,3,1.0,3.67,3.67,0,1,2,0.0
OK,Cotton,2022,11,1.36,4.64,4.64,4,0,7,36.36
OK,Craig,2017,1,1.0,2.35,2.35,0,0,1,0.0
OK,Craig,2018,20,1.65,4.53,4.54,8,6,6,40.0
OK,Craig,2019,20,1.4,3.96,3.97,9,4,7,45.0
OK,Craig,2020,3,1.33,3.33,3.33,0,0,3,0.0
OK,Craig,2021,2,1.0,4.0,4.0,0,0,2,0.0
OK,Craig,2022,17,0.88,3.71,3.76,0,0,17,0.0
OK,Creek,2017,9,1.67,2.86,2.9,4,3,2,44.44
OK,Creek,2018,27,1.78,3.94,3.96,9,11,7,33.33
OK,Creek,2019,16,1.12,3.16,3.17,4,3,9,25.0
OK,Creek,2020,17,0.65,4.88,5.12,2,5,10,11.76
OK,Creek,2021,10,1.1,2.8,3.5,0,2,8,0.0
OK,Creek,2022,30,0.7,3.23,3.4,1,2,27,3.33
OK,Custer,2017,1,1.0,1.5,1.5,0,0,1,0.0
OK,Custer,2018,13,1.69,3.77,3.76,0,1,12,0.0
OK,Custer,2019,9,1.78,6.8,6.82,2,1,6,22.22
OK,Custer,2020,8,1.0,3.12,3.25,0,0,8,0.0
OK,Custer,2021,4,1.5,3.75,3.75,0,1,3,0.0
OK,Custer,2022,7,1.14,5.43,5.29,0,2,5,0.0
OK,Delaware,2017,3,1.33,7.03,7.29,2,0,1,66.67
OK,Delaware,2018,6,1.67,0.94,1.11,2,3,1,33.33
OK,Delaware,2019,12,1.25,3.01,3.03,6,3,3,50.0
OK,Delaware,2020,3,0.67,7.33,7.67,1,0,2,33.33
OK,Delaware,2021,7,1.14,2.29,3.14,0,6,1,0.0
OK,Delaware,2022,26,0.65,3.58,3.73,0,2,24,0.0
OK,Dewey,2018,11,1.0,3.19,3.2,2,1,8,18.18
OK,Dewey,2019,8,1.12,3.95,3.95,0,1,7,0.0
OK,Dewey,2020,1,1.0,4.0,4.0,0,0,1,0.0
OK,Dewey,2021,3,1.33,6.0,6.0,2,0,1,66.67
OK,Dewey,2022,6,1.17,3.33,3.33,0,0,6,0.0
OK,Ellis,2017,1,2.0,0.0,0.0,0,1,0,0.0
OK,Ellis,2018,7,1.43,4.77,4.79,1,1,5,14.29
OK,Ellis,2019,9,1.0,2.31,2.31,2,1,6,22.22
OK,Ellis,2020,5,0.6,2.8,2.8,0,2,3,0.0
OK,Ellis,2021,2,0.5,2.5,3.0,0,0,2,0.0
OK,Ellis,2022,4,1.5,5.25,5.25,0,0,4,0.0
OK,Garfield,2017,10,1.4,3.46,3.61,2,5,3,20.0
OK,Garfield,2018,31,1.74,4.41,4.66,6,19,6,19.35
OK,Garfield,2019,21,1.29,7.79,7.89,5,8,8,23.81
OK,Garfield,2020,5,1.2,0.8,1.8,0,5,0,0.0
OK,Garfield,2021,13,1.15,1.77,2.54,0,11,2,0.0
OK,Garfield,2022,3,0.33,2.0,2.0,0,2,1,0.0
OK,Garvin,2017,15,1.73,4.51,4.59,7,3,5,46.67
OK,Garvin,2018,51,1.65,5.25,5.27,4,11,36,7.84
OK,Garvin,2019,48,1.48,3.22,3.36,4,12,32,8.33
OK,Garvin,2020,24,0.92,3.92,3.96,0,4,20,0.0
OK,Garvin,2021,98,1.71,5.34,5.43,4,26,68,4.08
OK,Garvin,2022,136,1.36,4.6,4.84,1,29,106,0.74
OK,Grady,2017,16,1.31,1.36,1.36,11,2,3,68.75
OK,Grady,2018,45,1.49,3.25,3.27,18,6,21,40.0
OK,Grady,2019,34,1.0,3.59,3.62,18,3,13,52.94
OK,Grady,2020,36,0.58,3.39,3.5,0,2,34,0.0
OK,Grady,2021,13,0.69,3.23,4.08,0,8,5,0.0
OK,Grady,2022,57,0.67,3.47,3.46,2,2,53,3.51
OK,Grant,2018,4,1.25,7.46,7.45,2,1,1,50.0
OK,Grant,2019,4,0.5,2.54,3.04,1,1,2,25.0
OK,Grant,2021,1,1.0,8.0,7.0,0,0,1,0.0
OK,Grant,2022,9,0.33,4.33,4.44,0,1,8,0.0
OK,Greer,2017,1,2.0,8.58,8.63,1,0,0,100.0
OK,Greer,2018,7,1.86,6.02,6.06,0,3,4,0.0
OK,Greer,2019,3,0.67,5.33,5.33,0,0,3,0.0
OK,Greer,2020,1,0.0,4.0,4.0,0,0,1,0.0
OK,Greer,2021,6,0.67,5.0,5.17,1,1,4,16.67
OK,Greer,2022,6,0.33,4.0,3.83,1,0,5,16.67
OK,Harmon,2017,1,1.0,1.35,1.37,0,0,1,0.0
OK,Harmon,2019,1,1.0,13.0,13.0,0,1,0,0.0
OK,Harmon,2020,4,0.75,5.75,5.75,0,1,3,0.0
OK,Harmon,2021,3,1.0,8.67,9.0,0,3,0,0.0
OK,Harmon,2022,1,1.0,2.0,3.0,0,0,1,0.0
OK,Harper,2020,1,0.0,2.0,2.0,0,0,1,0.0
OK,Haskell,2017,1,1.0,2.48,2.43,0,1,0,0.0
OK,Haskell,2018,2,2.0,6.91,6.96,1,1,0,50.0
OK,Haskell,2019,4,0.5,5.0,5.25,0,2,2,0.0
OK,Haskell,2020,3,0.33,3.33,3.33,0,0,3,0.0
OK,Haskell,2021,1,1.0,4.0,5.0,0,0,1,0.0
OK,Haskell,2022,16,0.38,3.69,3.88,0,1,15,0.0
OK,Hughes,2017,1,2.0,20.5,20.47,1,0,0,100.0
OK,Hughes,2018,6,1.5,6.64,6.65,1,1,4,16.67
OK,Hughes,2019,7,0.86,2.66,2.67,1,3,3,14.29
OK,Hughes,2020,8,1.25,8.0,8.0,0,1,7,0.0
OK,Hughes,2021,5,1.0,2.8,2.8,0,1,4,0.0
OK,Hughes,2022,20,0.6,3.65,3.7,0,0,20,0.0
OK,Jackson,2017,11,1.27,0.85,0.85,0,1,10,0.0
OK,Jackson,2018,28,1.82,5.78,5.83,0,3,25,0.0
OK,Jackson,2019,5,1.0,5.2,5.0,2,2,1,40.0
OK,Jackson,2020,1,0.0,4.0,4.0,1,0,0,100.0
OK,Jackson,2021,2,2.0,3.0,3.5,0,0,2,0.0
OK,Jackson,2022,14,0.21,3.21,3.21,0,0,14,0.0
OK,Jefferson,2017,2,2.0,11.02,11.06,1,1,0,50.0
OK,Jefferson,2018,7,1.43,2.06,2.05,1,2,4,14.29
OK,Jefferson,2019,14,0.36,3.29,3.36,2,1,11,14.29
OK,Jefferson,2020,17,0.41,4.88,4.88,1,7,9,5.88
OK,Jefferson,2022,13,0.62,4.62,4.69,0,1,12,0.0
OK,Johnston,2017,3,2.0,11.28,11.3,0,2,1,0.0
OK,Johnston,2018,4,2.0,13.59,13.63,2,0,2,50.0
OK,Johnston,2019,2,1.0,6.5,6.5,0,1,1,0.0
OK,Johnston,2020,7,1.29,6.86,7.14,0,4,3,0.0
OK,Johnston,2021,6,0.83,6.0,6.0,0,3,3,0.0
OK,Johnston,2022,11,0.91,5.55,5.64,1,1,9,9.09
OK,Kay,2017,4,1.5,4.17,5.37,1,1,2,25.0
OK,Kay,2018,7,1.71,1.98,2.04,3,3,1,42.86
OK,Kay,2019,53,1.53,1.4,1.4,23,5,25,43.4
OK,Kay,2020,1,1.0,1.0,1.0,0,0,1,0.0
OK,Kay,2022,6,0.83,2.5,2.67,0,0,6,0.0
OK,Kingfisher,2017,1,2.0,6.0,6.03,0,1,0,0.0
OK,Kingfisher,2018,8,1.5,5.02,5.06,0,1,7,0.0
OK,Kingfisher,2019,6,0.5,3.28,3.33,0,0,6,0.0
OK,Kingfisher,2020,6,0.5,7.0,7.0,3,2,1,50.0
OK,Kingfisher,2021,3,1.0,6.0,6.0,1,0,2,33.33
OK,Kingfisher,2022,10,0.2,3.2,3.1,0,1,9,0.0
OK,Kiowa,2018,8,1.5,5.81,5.81,2,2,4,25.0
OK,Kiowa,2019,7,0.71,5.0,5.29,0,4,3,0.0
OK,Kiowa,2020,4,0.75,3.5,3.25,0,1,3,0.0
OK,Kiowa,2021,4,0.75,5.5,5.5,0,1,3,0.0
OK,Kiowa,2022,17,0.71,4.82,4.94,1,0,16,5.88
OK,Latimer,2017,7,1.57,1.69,1.69,1,3,3,14.29
OK,Latimer,2018,1,2.0,7.73,7.73,0,0,1,0.0
OK,Latimer,2019,2,1.0,2.81,2.82,0,0,2,0.0
OK,Latimer,2022,11,0.55,3.18,3.27,0,0,11,0.0
OK,Le Flore,2017,5,1.0,2.38,2.38,1,3,1,20.0
OK,Le Flore,2018,17,1.88,9.07,9.13,2,11,4,11.76
OK,Le Flore,2019,15,0.87,8.25,8.33,4,7,4,26.67
OK,Le Flore,2020,8,1.0,8.88,8.88,1,4,3,12.5
OK,Le Flore,2021,5,0.8,4.8,5.2,0,1,4,0.0
OK,Le Flore,2022,41,0.49,3.73,3.78,1,2,38,2.44
OK,Lincoln,2017,12,1.92,8.75,8.83,6,4,2,50.0
OK,Lincoln,2018,27,1.89,6.92,7.11,9,8,10,33.33
OK,Lincoln,2019,29,0.76,2.1,2.1,9,11,9,31.03
OK,Lincoln,2020,10,0.6,3.4,3.6,1,2,7,10.0
OK,Lincoln,2021,10,1.4,3.1,3.1,0,5,5,0.0
OK,Lincoln,2022,41,0.85,4.1,4.24,4,3,34,9.76
OK,Logan,2017,11,1.82,6.31,6.39,4,4,3,36.36
OK,Logan,2018,11,1.45,4.89,5.47,2,1,8,18.18
OK,Logan,2019,38,1.11,2.99,3.04,7,7,24,18.42
OK,Logan,2020,14,0.86,4.36,4.5,1,4,9,7.14
OK,Logan,2021,10,1.2,3.8,4.0,2,3,5,20.0
OK,Logan,2022,21,0.81,3.86,4.0,0,2,19,0.0
OK,Love,2017,7,1.57,2.18,2.19,2,1,4,28.57
OK,Love,2018,15,2.0,11.08,11.07,5,3,7,33.33
OK,Love,2019,48,1.46,1.67,1.69,13,13,22,27.08
OK,Love,2020,7,0.71,3.0,3.0,0,4,3,0.0
OK,Love,2021,20,1.7,5.35,5.5,1,6,13,5.0
OK,Love,2022,40,1.5,3.88,4.1,0,7,33,0.0
OK,Major,2018,14,1.29,5.13,5.13,1,4,9,7.14
OK,Major,2019,10,1.1,3.06,3.05,0,2,8,0.0
OK,Major,2021,1,2.0,5.0,5.0,0,1,0,0.0
OK,Major,2022,10,1.0,2.9,3.4,0,0,10,0.0
OK,Marshall,2017,2,2.0,11.53,11.57,0,1,1,0.0
OK,Marshall,2018,11,1.73,5.87,6.44,3,1,7,27.27
OK,Marshall,2019,2,1.5,6.39,5.9,0,1,1,0.0
OK,Marshall,2020,4,0.75,5.75,5.75,0,3,1,0.0
OK,Marshall,2021,1,2.0,7.0,8.0,1,0,0,100.0
OK,Marshall,2022,14,0.5,2.29,2.5,0,1,13,0.0
OK,Mayes,2017,2,1.0,0.8,0.8,1,0,1,50.0
OK,Mayes,2018,23,1.61,3.55,3.59,10,5,8,43.48
OK,Mayes,2019,65,1.17,1.81,1.89,36,5,24,55.38
OK,Mayes,2020,5,1.2,2.8,2.8,0,0,5,0.0
OK,Mayes,2021,6,1.33,3.5,3.67,1,4,1,16.67
OK,Mayes,2022,25,1.2,3.24,3.4,0,1,24,0.0
OK,McClain,2017,14,1.5,4.2,4.76,3,5,6,21.43
OK,McClain,2018,45,1.58,7.82,8.05,7,9,29,15.56
OK,McClain,2019,41,1.41,2.92,2.95,5,10,26,12.2
OK,McClain,2020,43,1.26,5.49,5.58,3,11,29,6.98
OK,McClain,2021,53,1.47,4.55,4.57,1,17,35,1.89
OK,McClain,2022,90,1.09,4.57,4.74,1,14,75,1.11
OK,McCurtain,2017,4,2.0,9.49,9.5,1,2,1,25.0
OK,McCurtain,2018,27,1.56,6.14,6.16,4,13,10,14.81
OK,McCurtain,2019,26,0.73,4.39,4.58,11,8,7,42.31
OK,McCurtain,2020,7,1.0,5.0,5.29,0,1,6,0.0
OK,McCurtain,2021,36,0.28,3.19,3.64,1,15,20,2.78
OK,McCurtain,2022,6,0.33,4.0,4.67,0,0,6,0.0
OK,McIntosh,2017,12,2.0,7.08,7.09,2,6,4,16.67
OK,McIntosh,2018,21,1.76,3.75,3.76,3,3,15,14.29
OK,McIntosh,2019,87,1.46,2.85,2.87,20,12,55,22.99
OK,McIntosh,2020,9,1.56,7.89,7.89,1,6,2,11.11
OK,McIntosh,2021,31,1.65,4.68,5.39,1,5,25,3.23
OK,McIntosh,2022,72,1.42,5.56,5.76,3,7,62,4.17
OK,Mcclain,2017,7,1.57,4.34,4.48,0,4,3,0.0
OK,Mccurtain,2017,3,2.0,3.52,5.2,0,2,1,0.0
OK,Mccurtain,2018,1,1.0,1.55,2.0,0,0,1,0.0
OK,Mcintosh,2017,1,2.0,18.28,18.3,0,1,0,0.0
OK,Murray,2017,6,1.17,0.6,0.69,1,0,5,16.67
OK,Murray,2018,14,1.79,4.05,4.19,4,1,9,28.57
OK,Murray,2019,19,1.47,4.71,4.71,3,2,14,15.79
OK,Murray,2020,6,1.17,5.5,5.5,2,2,2,33.33
OK,Murray,2021,9,1.33,2.44,2.67,0,1,8,0.0
OK,Murray,2022,27,1.07,3.41,3.78,0,1,26,0.0
OK,Muskogee,2017,14,1.93,4.04,4.16,7,6,1,50.0
OK,Muskogee,2018,28,1.68,2.43,2.49,5,7,16,17.86
OK,Muskogee,2019,63,1.33,2.1,2.18,17,15,31,26.98
OK,Muskogee,2020,13,0.69,4.54,4.77,1,4,8,7.69
OK,Muskogee,2021,15,1.07,4.13,4.2,1,5,9,6.67
OK,Muskogee,2022,45,1.13,4.02,4.18,0,5,40,0.0
OK,Noble,2017,8,1.5,0.97,1.99,5,0,3,62.5
OK,Noble,2018,14,1.93,5.69,5.71,4,5,5,28.57
OK,Noble,2019,62,1.31,3.45,3.44,18,13,31,29.03
OK,Noble,2020,9,0.44,2.0,2.0,1,1,7,11.11
OK,Noble,2021,7,1.57,3.86,4.0,0,2,5,0.0
OK,Noble,2022,5,1.2,4.0,4.0,0,0,5,0.0
OK,Nowata,2018,11,1.36,2.53,2.54,2,2,7,18.18
OK,Nowata,2019,4,1.5,4.8,4.81,0,3,1,0.0
OK,Nowata,2020,1,0.0,4.0,4.0,0,0,1,0.0
OK,Nowata,2022,5,1.2,4.2,4.2,0,0,5,0.0
OK,Okfuskee,2017,4,2.25,2.33,2.35,1,0,3,25.0
OK,Okfuskee,2018,5,1.8,6.34,6.33,0,2,3,0.0
OK,Okfuskee,2019,24,1.5,1.71,1.71,12,1,11,50.0
OK,Okfuskee,2020,13,0.62,3.23,3.31,0,2,11,0.0
OK,Okfuskee,2021,20,1.3,5.45,5.85,0,1,19,0.0
OK,Okfuskee,2022,30,0.77,4.03,4.2,0,0,30,0.0
OK,Oklahoma,2017,290,1.42,3.28,4.18,65,119,106,22.41
OK,Oklahoma,2018,624,1.58,3.73,4.49,139,280,205,22.28
OK,Oklahoma,2019,691,1.12,3.01,3.84,151,266,274,21.85
OK,Oklahoma,2020,265,0.83,3.66,4.42,63,132,70,23.77
OK,Oklahoma,2021,529,0.85,2.91,3.44,51,284,194,9.64
OK,Oklahoma,2022,421,0.88,3.05,3.64,34,191,196,8.08
OK,Okmulgee,2017,6,1.67,5.21,5.33,1,3,2,16.67
OK,Okmulgee,2018,13,1.38,2.11,2.45,2,6,5,15.38
OK,Okmulgee,2019,47,1.34,2.14,2.18,16,7,24,34.04
OK,Okmulgee,2020,21,0.71,4.76,4.9,1,7,13,4.76
OK,Okmulgee,2021,13,1.08,4.62,4.69,2,5,6,15.38
OK,Okmulgee,2022,43,1.23,3.79,3.95,1,4,38,2.33
OK,Osage,2017,1,2.0,13.67,13.7,1,0,0,100.0
OK,Osage,2018,7,1.71,6.45,6.47,2,2,3,28.57
OK,Osage,2019,5,0.8,4.06,4.06,1,1,3,20.0
OK,Osage,2020,4,0.25,3.25,3.25,0,1,3,0.0
OK,Osage,2021,1,1.0,7.0,8.0,0,0,1,0.0
OK,Osage,2022,12,0.33,3.33,3.5,0,1,11,0.0
OK,Ottawa,2018,30,1.73,7.7,7.73,2,17,11,6.67
OK,Ottawa,2019,3,1.0,1.57,3.22,1,0,2,33.33
OK,Ottawa,2020,2,1.0,2.5,2.5,0,0,2,0.0
OK,Ottawa,2021,1,3.0,19.0,19.0,0,0,1,0.0
OK,Ottawa,2022,7,0.43,3.14,3.14,0,0,7,0.0
OK,Pawnee,2017,2,1.0,0.81,0.81,1,1,0,50.0
OK,Pawnee,2018,9,1.67,2.61,2.61,1,3,5,11.11
OK,Pawnee,2019,17,0.94,2.89,2.89,7,4,6,41.18
OK,Pawnee,2020,5,0.6,3.6,3.6,0,0,5,0.0
OK,Pawnee,2021,5,1.0,3.4,3.4,0,4,1,0.0
OK,Pawnee,2022,10,1.0,3.2,3.1,0,1,9,0.0
OK,Payne,2017,10,1.3,4.49,4.89,2,4,4,20.0
OK,Payne,2018,17,1.76,4.53,4.79,7,8,2,41.18
OK,Payne,2019,36,1.19,3.49,3.51,4,6,26,11.11
OK,Payne,2020,24,0.46,3.5,3.75,0,7,17,0.0
OK,Payne,2021,17,0.53,3.24,4.47,0,12,5,0.0
OK,Payne,2022,65,0.6,4.74,4.94,2,18,45,3.08
OK,Pittsburg,2017,14,1.57,4.19,4.19,2,1,11,14.29
OK,Pittsburg,2018,23,1.78,5.88,5.95,5,5,13,21.74
OK,Pittsburg,2019,46,1.11,2.44,2.84,10,5,31,21.74
OK,Pittsburg,2020,19,1.42,5.05,5.16,5,6,8,26.32
OK,Pittsburg,2021,22,1.41,4.64,4.91,0,11,11,0.0
OK,Pittsburg,2022,73,0.9,3.7,3.86,1,3,69,1.37
OK,Pontotoc,2017,4,1.5,4.97,4.99,0,2,2,0.0
OK,Pontotoc,2018,11,1.91,8.44,8.44,4,4,3,36.36
OK,Pontotoc,2019,8,0.88,4.76,4.77,6,2,0,75.0
OK,Pontotoc,2020,13,0.23,3.85,3.85,0,4,9,0.0
OK,Pontotoc,2021,8,0.25,3.25,3.62,0,3,5,0.0
OK,Pontotoc,2022,50,0.42,4.0,4.18,0,4,46,0.0
OK,Pottawatomie,2017,8,1.62,3.94,3.96,1,3,4,12.5
OK,Pottawatomie,2018,31,1.65,6.47,6.48,0,9,22,0.0
OK,Pottawatomie,2019,31,1.32,3.71,3.72,14,8,9,45.16
OK,Pottawatomie,2020,13,1.31,4.23,4.31,1,1,11,7.69
OK,Pottawatomie,2021,11,1.64,4.0,4.45,2,2,7,18.18
OK,Pottawatomie,2022,60,0.73,3.4,3.5,1,3,56,1.67
OK,Pushmataha,2017,2,1.5,1.14,1.14,1,0,1,50.0
OK,Pushmataha,2018,6,1.33,2.79,2.8,1,0,5,16.67
OK,Pushmataha,2019,11,1.27,6.01,6.01,6,1,4,54.55
OK,Pushmataha,2020,3,1.0,6.33,6.33,0,0,3,0.0
OK,Pushmataha,2021,2,0.0,3.0,3.0,0,0,2,0.0
OK,Pushmataha,2022,18,1.11,5.5,5.56,2,1,15,11.11
OK,Roger Mills,2017,1,0.0,0.25,0.27,1,0,0,100.0
OK,Roger Mills,2018,7,1.57,12.8,12.81,2,2,3,28.57
OK,Roger Mills,2019,1,1.0,15.0,15.0,0,0,1,0.0
OK,Roger Mills,2020,4,0.25,8.5,8.5,2,1,1,50.0
OK,Roger Mills,2021,2,1.0,9.0,9.5,1,0,1,50.0
OK,Roger Mills,2022,3,0.33,3.0,3.33,0,1,2,0.0
OK,Rogers,2017,2,1.5,6.29,6.29,1,1,0,50.0
OK,Rogers,2018,15,1.27,3.16,3.18,4,4,7,26.67
OK,Rogers,2019,39,0.92,3.56,3.65,13,5,21,33.33
OK,Rogers,2020,6,1.0,5.67,5.67,0,1,5,0.0
OK,Rogers,2021,4,1.0,2.75,2.75,0,1,3,0.0
OK,Rogers,2022,21,0.76,2.48,2.67,3,1,17,14.29
OK,Seminole,2017,1,2.0,0.0,0.0,0,0,1,0.0
OK,Seminole,2018,18,1.61,2.32,2.34,11,1,6,61.11
OK,Seminole,2019,39,1.54,3.1,3.08,12,9,18,30.77
OK,Seminole,2020,19,0.63,3.37,3.47,2,5,12,10.53
OK,Seminole,2021,6,1.0,3.83,4.17,0,1,5,0.0
OK,Seminole,2022,48,0.83,3.27,3.4,0,5,43,0.0
OK,Sequoyah,2017,11,1.55,3.34,3.4,2,3,6,18.18
OK,Sequoyah,2018,9,1.78,8.47,8.49,2,3,4,22.22
OK,Sequoyah,2019,69,1.62,2.08,2.1,21,8,40,30.43
OK,Sequoyah,2020,23,0.91,6.0,6.04,2,7,14,8.7
OK,Sequoyah,2021,24,1.42,3.62,3.83,0,10,14,0.0
OK,Sequoyah,2022,60,1.05,4.53,4.57,1,6,53,1.67
OK,Stephens,2017,3,1.0,4.21,4.27,0,2,1,0.0
OK,Stephens,2018,10,1.3,9.22,9.2,1,2,7,10.0
OK,Stephens,2019,5,1.2,9.8,9.8,2,1,2,40.0
OK,Stephens,2020,10,0.7,3.0,3.1,0,3,7,0.0
OK,Stephens,2021,3,1.0,3.0,3.33,0,0,3,0.0
OK,Stephens,2022,41,0.71,2.95,3.2,0,5,36,0.0
OK,Texas,2018,54,1.39,3.61,3.62,8,16,30,14.81
OK,Texas,2019,1,0.0,4.0,4.0,0,0,1,0.0
OK,Texas,2020,15,1.13,2.8,2.8,0,3,12,0.0
OK,Texas,2021,4,1.25,2.75,2.5,0,3,1,0.0
OK,Texas,2022,1,1.0,3.0,3.0,0,0,1,0.0
OK,Tillman,2017,3,1.33,4.39,4.45,1,1,1,33.33
OK,Tillman,2018,3,1.33,7.91,7.91,1,0,2,33.33
OK,Tillman,2019,8,0.62,2.62,2.62,1,4,3,12.5
OK,Tillman,2020,7,1.0,4.14,4.14,0,2,5,0.0
OK,Tillman,2021,4,1.0,6.75,6.75,0,1,3,0.0
OK,Tillman,2022,10,0.9,5.4,5.8,0,0,10,0.0
OK,Tulsa,2017,124,1.27,3.79,4.26,40,57,27,32.26
OK,Tulsa,2018,286,1.26,4.5,4.87,105,134,47,36.71
OK,Tulsa,2019,303,0.8,3.47,3.97,97,141,65,32.01
OK,Tulsa,2020,131,0.53,3.33,4.09,31,79,21,23.66
OK,Tulsa,2021,239,0.72,3.44,4.44,42,163,34,17.57
OK,Tulsa,2022,212,0.77,3.61,4.05,29,88,95,13.68
OK,Wagoner,2017,8,1.75,2.17,2.23,3,1,4,37.5
OK,Wagoner,2018,17,1.65,5.55,5.59,4,8,5,23.53
OK,Wagoner,2019,18,1.11,4.33,4.33,9,2,7,50.0
OK,Wagoner,2020,10,1.1,2.5,2.9,1,1,8,10.0
OK,Wagoner,2021,10,1.3,4.4,4.4,0,3,7,0.0
OK,Wagoner,2022,26,0.81,3.19,3.38,0,3,23,0.0
OK,Washington,2017,1,1.0,0.48,0.6,0,1,0,0.0
OK,Washington,2018,1,2.0,7.62,7.62,0,0,1,0.0
OK,Washington,2019,1,1.0,1.0,2.0,1,0,0,100.0
OK,Washington,2020,2,0.0,2.5,2.5,0,0,2,0.0
OK,Washington,2021,14,1.07,2.5,2.64,1,6,7,7.14
OK,Washington,2022,9,0.89,3.0,3.0,0,0,9,0.0
OK,Washita,2017,5,1.8,11.55,11.56,1,2,2,20.0
OK,Washita,2018,10,1.6,4.68,4.69,0,4,6,0.0
OK,Washita,2019,5,1.6,6.67,6.71,0,1,4,0.0
OK,Washita,2020,5,0.6,1.6,1.8,0,1,4,0.0
OK,Washita,2021,3,1.33,4.33,4.67,0,0,3,0.0
OK,Washita,2022,19,0.84,6.53,6.68,0,3,16,0.0
OK,Woods,2018,7,1.57,4.42,4.44,0,1,6,0.0
OK,Woods,2019,1,2.0,5.12,5.12,0,0,1,0.0
OK,Woods,2022,3,1.0,3.33,3.33,0,0,3,0.0
OK,Woodward,2018,12,1.5,4.44,4.44,1,2,9,8.33
OK,Woodward,2019,9,1.11,3.14,3.14,0,3,6,0.0
OK,Woodward,2020,6,1.33,3.17,3.33,0,1,5,0.0
OK,Woodward,2022,6,1.0,1.67,1.83,0,0,6,0.0
OR,Baker,2017,38,1.66,1.81,1.85,10,7,21,26.32
OR,Baker,2018,112,1.57,2.18,2.21,22,10,80,19.64
OR,Baker,2019,165,1.53,2.55,2.57,66,12,87,40.0
OR,Baker,2020,37,0.95,4.14,4.16,2,5,30,5.41
OR,Baker,2021,16,1.69,4.62,5.12,0,0,16,0.0
OR,Baker,2022,10,1.4,5.4,5.5,0,0,10,0.0
OR,Benton,2017,54,1.37,3.75,3.89,4,15,35,7.41
OR,Benton,2018,55,1.31,3.38,3.75,20,12,23,36.36
OR,Benton,2019,38,0.79,4.57,4.82,17,5,16,44.74
OR,Benton,2020,18,0.72,4.5,4.67,6,8,4,33.33
OR,Benton,2021,16,0.94,4.31,4.69,3,3,10,18.75
OR,Clackamas,2017,293,1.31,2.97,4.03,47,103,143,16.04
OR,Clackamas,2018,624,1.41,3.22,4.73,84,197,343,13.46
OR,Clackamas,2019,447,1.21,2.87,4.12,57,144,246,12.75
OR,Clackamas,2020,243,1.12,2.56,3.91,16,104,123,6.58
OR,Clackamas,2021,537,1.38,3.8,4.83,35,156,346,6.52
OR,Clackamas,2022,227,1.62,4.44,6.03,6,57,164,2.64
OR,Clatsop,2017,57,1.35,3.24,3.59,11,15,31,19.3
OR,Clatsop,2018,103,1.52,4.02,4.26,27,41,35,26.21
OR,Clatsop,2019,77,1.27,3.91,4.09,15,23,39,19.48
OR,Clatsop,2020,50,1.3,3.2,4.08,6,21,23,12.0
OR,Clatsop,2021,104,1.16,4.15,4.44,9,31,64,8.65
OR,Clatsop,2022,30,1.27,4.0,4.47,1,16,13,3.33
OR,Columbia,2016,17,1.29,1.68,1.69,1,4,12,5.88
OR,Columbia,2017,49,1.27,2.29,2.36,9,8,32,18.37
OR,Columbia,2018,44,1.52,4.85,5.78,6,17,21,13.64
OR,Columbia,2019,43,0.58,5.51,5.67,3,16,24,6.98
OR,Columbia,2020,10,0.8,6.6,6.7,0,1,9,0.0
OR,Columbia,2021,38,0.39,3.97,4.11,0,6,32,0.0
OR,Columbia,2022,14,0.36,4.93,5.21,1,3,10,7.14
OR,Coos,2017,6,1.83,12.82,12.83,0,6,0,0.0
OR,Coos,2018,21,1.71,5.69,5.7,8,7,6,38.1
OR,Coos,2019,12,1.33,4.97,4.97,1,4,7,8.33
OR,Coos,2020,10,1.5,9.7,9.8,2,6,2,20.0
OR,Coos,2021,4,1.25,5.75,6.0,1,1,2,25.0
OR,Crook,2017,9,1.56,5.22,5.32,3,2,4,33.33
OR,Crook,2018,8,1.38,8.91,9.02,3,3,2,37.5
OR,Crook,2019,24,1.17,4.35,4.36,2,7,15,8.33
OR,Crook,2020,7,1.0,4.0,4.14,1,2,4,14.29
OR,Crook,2021,12,1.33,3.58,4.0,1,5,6,8.33
OR,Crook,2022,1,1.0,3.0,3.0,0,0,1,0.0
OR,Curry,2017,5,1.6,5.92,5.96,1,1,3,20.0
OR,Curry,2018,13,1.38,1.83,1.9,2,0,11,15.38
OR,Curry,2019,19,1.63,5.64,5.8,0,4,15,0.0
OR,Curry,2020,5,1.8,6.8,6.8,0,2,3,0.0
OR,Curry,2021,1,2.0,6.0,6.0,0,0,1,0.0
OR,Deschutes,2017,48,1.46,4.76,5.39,13,15,20,27.08
OR,Deschutes,2018,169,1.46,3.76,3.99,28,55,86,16.57
OR,Deschutes,2019,258,1.06,4.01,4.18,52,78,128,20.16
OR,Deschutes,2020,129,0.88,4.04,4.64,36,46,47,27.91
OR,Deschutes,2021,116,0.97,2.82,3.64,29,41,46,25.0
OR,Deschutes,2022,54,1.0,4.07,4.52,12,8,34,22.22
OR,Douglas,2017,68,1.5,1.11,1.15,12,23,33,17.65
OR,Douglas,2018,148,1.62,1.8,1.82,32,34,82,21.62
OR,Douglas,2019,284,1.64,2.64,2.66,137,61,86,48.24
OR,Douglas,2020,26,1.23,6.38,6.62,4,7,15,15.38
OR,Douglas,2021,51,1.2,2.96,3.55,3,1,47,5.88
OR,Douglas,2022,3,1.67,6.0,7.0,0,0,3,0.0
OR,Gilliam,2017,24,1.71,3.13,3.15,2,2,20,8.33
OR,Gilliam,2018,40,1.55,2.18,2.18,16,3,21,40.0
OR,Gilliam,2019,141,1.63,2.82,2.82,69,5,67,48.94
OR,Gilliam,2020,15,1.67,3.93,4.0,1,3,11,6.67
OR,Gilliam,2021,7,1.29,3.71,3.86,0,0,7,0.0
OR,Gilliam,2022,1,2.0,9.0,9.0,0,0,1,0.0
OR,Grant,2017,1,2.0,0.0,0.0,1,0,0,100.0
OR,Grant,2018,6,1.83,8.04,8.1,2,1,3,33.33
OR,Grant,2019,6,1.17,6.33,6.17,0,3,3,0.0
OR,Grant,2020,9,1.0,6.33,6.33,0,1,8,0.0
OR,Grant,2021,2,1.5,3.0,6.0,0,0,2,0.0
OR,Grant,2022,2,0.0,3.0,3.0,0,0,2,0.0
OR,Harney,2017,21,1.43,4.23,4.23,6,4,11,28.57
OR,Harney,2018,19,1.53,4.95,4.94,2,5,12,10.53
OR,Harney,2019,30,1.6,5.04,5.13,3,8,19,10.0
OR,Harney,2020,9,1.44,2.89,3.33,0,0,9,0.0
OR,Harney,2021,29,1.34,3.03,3.38,0,4,25,0.0
OR,Harney,2022,9,1.33,4.33,4.33,0,0,9,0.0
OR,Hood River,2017,30,2.2,5.87,5.88,1,14,15,3.33
OR,Hood River,2018,44,1.64,2.19,3.24,2,9,33,4.55
OR,Hood River,2019,147,1.73,4.69,4.71,39,30,78,26.53
OR,Hood River,2020,11,1.36,2.82,2.91,0,3,8,0.0
OR,Hood River,2021,45,0.78,2.76,3.76,0,4,41,0.0
OR,Hood River,2022,19,1.37,4.26,4.74,0,1,18,0.0
OR,Jackson,2017,67,1.61,2.94,2.97,15,12,40,22.39
OR,Jackson,2018,173,1.66,2.77,2.8,25,40,108,14.45
OR,Jackson,2019,305,1.45,2.81,2.84,111,82,112,36.39
OR,Jackson,2020,93,0.7,4.74,5.12,33,21,39,35.48
OR,Jackson,2021,105,0.87,3.9,4.44,11,6,88,10.48
OR,Jackson,2022,55,0.85,7.09,7.25,7,15,33,12.73
OR,Jefferson,2017,68,1.59,6.83,6.88,8,26,34,11.76
OR,Jefferson,2018,105,1.49,3.8,3.98,13,22,70,12.38
OR,Jefferson,2019,167,1.25,4.4,4.51,17,44,106,10.18
OR,Jefferson,2020,63,1.0,4.6,4.79,6,20,37,9.52
OR,Jefferson,2021,61,0.84,3.07,3.49,6,8,47,9.84
OR,Jefferson,2022,47,0.89,3.11,3.45,2,2,43,4.26
OR,Josephine,2017,42,1.43,1.23,1.24,3,6,33,7.14
OR,Josephine,2018,109,1.56,2.19,2.21,8,24,77,7.34
OR,Josephine,2019,194,1.68,2.77,2.83,105,31,58,54.12
OR,Josephine,2020,108,1.59,1.68,3.16,7,59,42,6.48
OR,Josephine,2021,100,1.6,1.87,3.21,5,53,42,5.0
OR,Josephine,2022,2,2.0,4.0,4.0,0,0,2,0.0
OR,Klamath,2017,75,1.45,7.73,7.8,7,12,56,9.33
OR,Klamath,2018,178,1.51,4.22,4.28,14,31,133,7.87
OR,Klamath,2019,280,1.25,3.58,3.64,26,31,223,9.29
OR,Klamath,2020,168,1.2,3.48,3.72,12,23,133,7.14
OR,Klamath,2021,473,1.32,4.2,4.53,18,20,435,3.81
OR,Klamath,2022,117,1.35,3.91,4.15,3,2,112,2.56
OR,Lake,2017,12,2.0,6.05,6.09,1,1,10,8.33
OR,Lake,2018,6,2.0,8.58,8.59,2,3,1,33.33
OR,Lake,2019,15,1.53,4.82,5.28,3,3,9,20.0
OR,Lake,2020,11,1.0,3.64,3.64,0,1,10,0.0
OR,Lake,2021,18,1.06,3.44,3.83,2,1,15,11.11
OR,Lake,2022,4,1.5,5.5,5.5,0,0,4,0.0
OR,Lane,2017,51,1.59,4.65,4.77,20,12,19,39.22
OR,Lane,2018,157,1.65,4.77,5.11,64,58,35,40.76
OR,Lane,2019,293,1.44,3.36,3.57,78,103,112,26.62
OR,Lane,2020,179,1.11,2.68,3.8,15,129,35,8.38
OR,Lane,2021,250,1.04,1.77,2.83,8,161,81,3.2
OR,Lane,2022,22,1.45,5.82,6.27,5,4,13,22.73
OR,Lincoln,2017,32,1.38,3.37,3.77,7,13,12,21.88
OR,Lincoln,2018,81,1.4,3.16,3.35,23,27,31,28.4
OR,Lincoln,2019,64,1.23,2.96,3.29,15,26,23,23.44
OR,Lincoln,2020,59,1.31,2.61,3.32,9,16,34,15.25
OR,Lincoln,2021,73,1.41,2.68,3.18,7,32,34,9.59
OR,Lincoln,2022,16,1.19,3.0,3.5,1,9,6,6.25
OR,Linn,2017,76,1.64,4.96,5.04,12,25,39,15.79
OR,Linn,2018,121,1.55,4.33,4.47,34,34,53,28.1
OR,Linn,2019,179,1.46,3.35,3.45,49,42,88,27.37
OR,Linn,2020,91,1.18,4.44,5.11,11,48,32,12.09
OR,Linn,2021,119,1.29,3.89,4.39,2,21,96,1.68
OR,Linn,2022,59,1.37,4.1,4.63,1,8,50,1.69
OR,Malheur,2017,23,1.7,3.11,3.16,9,4,10,39.13
OR,Malheur,2018,30,1.77,4.3,4.34,5,6,19,16.67
OR,Malheur,2019,53,1.57,4.28,4.29,14,8,31,26.42
OR,Malheur,2020,35,1.4,4.71,4.77,0,8,27,0.0
OR,Malheur,2021,49,1.51,4.35,4.59,0,0,49,0.0
OR,Malheur,2022,15,1.53,4.13,4.27,2,0,13,13.33
OR,Marion,2017,98,1.38,5.44,5.78,33,37,28,33.67
OR,Marion,2018,207,1.37,3.12,3.49,61,84,62,29.47
OR,Marion,2019,257,1.29,4.13,4.66,114,80,63,44.36
OR,Marion,2020,94,1.24,3.93,4.61,17,42,35,18.09
OR,Marion,2021,159,1.33,4.26,5.01,25,55,79,15.72
OR,Marion,2022,17,1.0,2.88,3.24,0,9,8,0.0
OR,Morrow,2016,1,2.0,0.02,0.02,0,1,0,0.0
OR,Morrow,2017,20,1.8,3.51,3.54,2,4,14,10.0
OR,Morrow,2018,34,1.71,1.73,1.74,7,9,18,20.59
OR,Morrow,2019,84,1.49,2.61,2.63,44,7,33,52.38
OR,Morrow,2020,4,1.5,5.75,6.0,0,2,2,0.0
OR,Morrow,2021,11,1.45,3.27,3.55,0,0,11,0.0
OR,Morrow,2022,5,1.6,4.2,4.2,0,2,3,0.0
OR,Multnomah,2017,1190,1.46,2.8,4.3,484,503,203,40.67
OR,Multnomah,2018,2086,1.46,2.33,4.03,785,980,321,37.63
OR,Multnomah,2019,1749,1.13,2.66,4.21,728,640,381,41.62
OR,Multnomah,2020,835,0.89,2.17,3.77,232,502,101,27.78
OR,Multnomah,2021,1475,1.08,2.51,3.68,246,851,378,16.68
OR,Multnomah,2022,640,1.5,3.15,4.59,83,322,235,12.97
OR,Polk,2017,43,1.49,3.24,4.24,3,9,31,6.98
OR,Polk,2018,50,1.76,4.74,5.57,15,7,28,30.0
OR,Polk,2019,34,1.15,4.09,5.15,12,6,16,35.29
OR,Polk,2020,17,1.12,5.71,6.41,5,7,5,29.41
OR,Polk,2021,42,1.02,4.0,4.07,2,6,34,4.76
OR,Polk,2022,6,1.17,6.0,6.0,1,2,3,16.67
OR,Sherman,2017,29,1.31,2.77,2.8,3,3,23,10.34
OR,Sherman,2018,60,1.4,2.76,2.79,2,6,52,3.33
OR,Sherman,2019,126,1.38,3.06,3.07,27,9,90,21.43
OR,Sherman,2020,17,1.29,4.59,4.76,2,1,14,11.76
OR,Sherman,2021,37,1.22,4.19,4.3,0,4,33,0.0
OR,Sherman,2022,8,1.5,5.5,5.5,0,1,7,0.0
OR,Tillamook,2017,25,1.4,4.15,4.3,2,7,16,8.0
OR,Tillamook,2018,41,1.49,2.22,2.62,4,8,29,9.76
OR,Tillamook,2019,46,1.26,3.74,4.07,3,7,36,6.52
OR,Tillamook,2020,37,1.14,3.05,3.3,1,8,28,2.7
OR,Tillamook,2021,22,1.09,3.18,3.41,2,3,17,9.09
OR,Tillamook,2022,1,1.0,3.0,3.0,0,0,1,0.0
OR,Umatilla,2016,3,1.67,4.61,4.68,0,0,3,0.0
OR,Umatilla,2017,212,1.81,4.41,4.5,5,27,180,2.36
OR,Umatilla,2018,436,1.75,3.89,3.93,14,49,373,3.21
OR,Umatilla,2019,529,1.67,3.37,3.43,110,113,306,20.79
OR,Umatilla,2020,339,1.63,3.3,4.0,22,103,214,6.49
OR,Umatilla,2021,195,1.73,3.08,4.81,1,6,188,0.51
OR,Umatilla,2022,33,1.24,4.03,4.15,0,1,32,0.0
OR,Union,2017,81,1.8,4.39,4.46,0,14,67,0.0
OR,Union,2018,308,1.67,3.16,3.21,8,37,263,2.6
OR,Union,2019,320,1.66,3.67,3.72,52,63,205,16.25
OR,Union,2020,144,1.53,4.72,4.84,14,40,90,9.72
OR,Union,2021,45,1.56,3.96,4.44,0,0,45,0.0
OR,Union,2022,21,1.67,5.48,5.71,0,1,20,0.0
OR,Wallowa,2019,1,1.0,5.0,5.0,0,0,1,0.0
OR,Wallowa,2020,5,0.8,6.2,6.4,0,0,5,0.0
OR,Wasco,2017,53,1.4,3.21,3.26,10,17,26,18.87
OR,Wasco,2018,139,1.7,3.67,3.73,21,16,102,15.11
OR,Wasco,2019,196,1.48,3.75,3.87,27,31,138,13.78
OR,Wasco,2020,38,1.18,4.34,4.63,12,2,24,31.58
OR,Wasco,2021,120,1.27,3.77,4.18,2,12,106,1.67
OR,Wasco,2022,50,1.22,4.16,4.44,0,0,50,0.0
OR,Washington,2017,356,1.18,2.56,4.13,64,170,122,17.98
OR,Washington,2018,611,1.2,2.11,3.8,100,357,154,16.37
OR,Washington,2019,698,0.66,2.44,3.72,281,294,123,40.26
OR,Washington,2020,261,0.67,2.96,4.03,96,133,32,36.78
OR,Washington,2021,440,0.84,2.83,3.55,82,250,108,18.64
OR,Washington,2022,206,1.03,3.27,4.15,44,121,41,21.36
OR,Wheeler,2018,1,2.0,0.0,0.0,1,0,0,100.0
OR,Wheeler,2020,1,1.0,9.0,9.0,0,1,0,0.0
OR,Wheeler,2022,1,2.0,6.0,6.0,0,0,1,0.0
OR,Yamhill,2017,37,1.38,4.3,5.42,7,15,15,18.92
OR,Yamhill,2018,91,1.27,2.61,3.31,24,21,46,26.37
OR,Yamhill,2019,27,0.41,3.02,3.19,8,10,9,29.63
OR,Yamhill,2020,4,0.75,5.25,6.5,2,0,2,50.0
OR,Yamhill,2021,57,0.68,3.81,4.35,3,16,38,5.26
OR,Yamhill,2022,12,0.67,4.83,5.67,0,5,7,0.0
PA,Adams,2016,110,1.11,1.19,1.26,3,37,70,2.73
PA,Adams,2017,238,1.19,2.67,2.86,27,82,129,11.34
PA,Adams,2018,276,1.22,2.79,3.0,28,87,161,10.14
PA,Adams,2019,290,0.99,3.46,3.67,44,100,146,15.17
PA,Adams,2020,97,1.12,2.08,2.91,17,46,34,17.53
PA,Adams,2021,116,1.08,1.18,1.99,7,49,60,6.03
PA,Adams,2022,14,0.93,2.07,2.29,3,4,7,21.43
PA,Allegheny,2016,608,1.37,1.31,1.88,205,284,119,33.72
PA,Allegheny,2017,1129,1.4,3.32,4.45,405,483,241,35.87
PA,Allegheny,2018,1791,1.44,3.15,4.08,677,734,380,37.8
PA,Allegheny,2019,1230,0.93,3.45,4.45,453,499,278,36.83
PA,Allegheny,2020,570,0.64,1.96,3.81,153,349,68,26.84
PA,Allegheny,2021,615,1.0,2.59,4.14,137,365,113,22.28
PA,Allegheny,2022,450,1.23,4.2,4.84,79,207,164,17.56
PA,Armstrong,2016,22,1.14,3.26,3.32,2,4,16,9.09
PA,Armstrong,2017,58,1.43,5.23,5.34,9,21,28,15.52
PA,Armstrong,2018,146,1.17,4.57,4.68,21,57,68,14.38
PA,Armstrong,2019,90,1.22,4.76,4.85,18,25,47,20.0
PA,Armstrong,2020,35,1.14,3.86,4.03,7,16,12,20.0
PA,Armstrong,2021,5,1.2,3.0,3.8,0,2,3,0.0
PA,Armstrong,2022,28,0.86,3.25,3.43,4,3,21,14.29
PA,Beaver,2016,91,1.36,1.88,1.9,22,40,29,24.18
PA,Beaver,2017,168,1.38,4.0,4.2,41,59,68,24.4
PA,Beaver,2018,159,1.43,4.77,5.11,42,67,50,26.42
PA,Beaver,2019,152,1.09,4.36,4.48,23,50,79,15.13
PA,Beaver,2020,36,0.83,4.53,4.78,8,14,14,22.22
PA,Beaver,2021,8,1.12,4.12,4.5,0,4,4,0.0
PA,Beaver,2022,64,1.09,4.55,4.73,1,17,46,1.56
PA,Bedford,2016,96,1.18,1.46,1.49,23,16,57,23.96
PA,Bedford,2017,197,1.2,3.01,3.07,26,37,134,13.2
PA,Bedford,2018,164,1.35,4.81,4.89,21,32,111,12.8
PA,Bedford,2019,364,1.06,3.65,3.75,66,94,204,18.13
PA,Bedford,2020,30,0.97,2.97,3.27,2,11,17,6.67
PA,Bedford,2021,30,1.6,4.7,5.03,0,18,12,0.0
PA,Bedford,2022,73,1.56,5.07,5.14,9,25,39,12.33
PA,Berks,2016,121,1.35,2.19,2.35,35,51,35,28.93
PA,Berks,2017,335,1.36,4.91,5.26,72,130,133,21.49
PA,Berks,2018,529,1.38,3.82,4.17,96,228,205,18.15
PA,Berks,2019,371,1.13,4.08,4.34,78,151,142,21.02
PA,Berks,2020,175,0.76,3.91,5.01,26,97,52,14.86
PA,Berks,2021,219,0.97,3.38,4.17,19,114,86,8.68
PA,Berks,2022,78,1.27,6.91,7.12,10,38,30,12.82
PA,Blair,2016,33,1.39,4.11,4.33,4,7,22,12.12
PA,Blair,2017,110,1.32,3.98,4.41,14,31,65,12.73
PA,Blair,2018,167,1.47,4.29,4.41,16,34,117,9.58
PA,Blair,2019,247,1.1,3.72,3.91,32,62,153,12.96
PA,Blair,2020,43,0.95,4.51,5.19,10,11,22,23.26
PA,Blair,2021,23,0.91,3.83,4.74,4,9,10,17.39
PA,Blair,2022,32,0.81,3.91,4.16,0,8,24,0.0
PA,Bradford,2017,66,1.29,6.15,6.17,12,21,33,18.18
PA,Bradford,2018,272,1.24,4.5,4.55,27,83,162,9.93
PA,Bradford,2019,174,1.07,4.44,4.54,8,51,115,4.6
PA,Bradford,2020,23,1.09,3.39,3.57,0,7,16,0.0
PA,Bradford,2021,4,1.25,3.75,3.75,0,1,3,0.0
PA,Bradford,2022,16,1.31,5.12,5.44,0,2,14,0.0
PA,Bucks,2016,100,1.31,1.33,1.5,31,47,22,31.0
PA,Bucks,2017,343,1.18,3.62,4.01,79,192,72,23.03
PA,Bucks,2018,452,1.08,4.1,4.49,92,252,108,20.35
PA,Bucks,2019,393,0.83,3.27,3.77,85,199,109,21.63
PA,Bucks,2020,165,0.76,4.05,4.64,21,100,44,12.73
PA,Bucks,2021,195,0.83,3.34,3.91,20,110,65,10.26
PA,Bucks,2022,113,1.21,4.98,5.14,7,40,66,6.19
PA,Butler,2016,54,1.22,1.88,2.1,12,25,17,22.22
PA,Butler,2017,200,1.33,3.71,3.96,40,89,71,20.0
PA,Butler,2018,317,1.31,3.22,3.53,57,103,157,17.98
PA,Butler,2019,161,1.08,4.04,4.27,19,67,75,11.8
PA,Butler,2020,45,0.71,4.11,4.36,8,10,27,17.78
PA,Butler,2021,22,1.27,5.09,6.0,2,12,8,9.09
PA,Butler,2022,63,1.13,4.79,5.03,1,20,42,1.59
PA,Cambria,2016,52,1.38,5.63,5.77,5,15,32,9.62
PA,Cambria,2017,156,1.31,4.65,4.76,10,43,103,6.41
PA,Cambria,2018,304,1.29,3.99,4.05,22,82,200,7.24
PA,Cambria,2019,178,1.15,3.79,3.89,16,50,112,8.99
PA,Cambria,2020,46,1.09,3.41,3.67,3,10,33,6.52
PA,Cambria,2021,23,1.17,3.65,3.78,2,3,18,8.7
PA,Cambria,2022,41,0.93,3.46,3.68,0,3,38,0.0
PA,Cameron,2017,13,1.0,5.24,5.59,0,1,12,0.0
PA,Cameron,2018,30,0.93,5.98,6.3,1,6,23,3.33
PA,Cameron,2019,32,0.69,2.99,5.07,0,3,29,0.0
PA,Cameron,2020,1,0.0,0.0,2.0,0,0,1,0.0
PA,Cameron,2022,3,0.67,4.33,5.0,0,0,3,0.0
PA,Carbon,2016,25,1.36,2.46,2.47,2,13,10,8.0
PA,Carbon,2017,64,1.38,5.01,5.17,10,32,22,15.62
PA,Carbon,2018,159,1.34,4.1,4.19,15,60,84,9.43
PA,Carbon,2019,177,1.32,3.43,3.49,23,43,111,12.99
PA,Carbon,2020,31,1.23,3.81,4.19,1,10,20,3.23
PA,Carbon,2021,38,1.37,3.68,3.84,1,8,29,2.63
PA,Carbon,2022,41,1.37,6.29,6.41,3,6,32,7.32
PA,Centre,2016,47,1.4,4.94,5.02,5,17,25,10.64
PA,Centre,2017,192,1.22,4.81,4.97,32,50,110,16.67
PA,Centre,2018,286,1.34,4.8,4.93,28,73,185,9.79
PA,Centre,2019,371,0.87,4.05,4.16,42,101,228,11.32
PA,Centre,2020,68,0.9,4.87,5.04,9,26,33,13.24
PA,Centre,2021,40,1.08,4.72,5.08,6,13,21,15.0
PA,Centre,2022,59,0.8,3.97,4.14,2,6,51,3.39
PA,Chester,2016,140,1.31,1.68,2.05,35,67,38,25.0
PA,Chester,2017,522,1.3,3.91,4.48,91,281,150,17.43
PA,Chester,2018,643,1.21,3.86,4.54,123,349,171,19.13
PA,Chester,2019,508,0.87,3.79,4.29,78,255,175,15.35
PA,Chester,2020,229,0.61,3.66,4.36,26,155,48,11.35
PA,Chester,2021,186,0.77,3.27,3.79,19,102,65,10.22
PA,Chester,2022,113,1.0,5.33,5.74,18,38,57,15.93
PA,Clarion,2016,1,1.0,7.1,7.35,0,0,1,0.0
PA,Clarion,2017,48,1.23,3.91,4.1,1,12,35,2.08
PA,Clarion,2018,249,1.35,4.28,4.63,12,74,163,4.82
PA,Clarion,2019,177,1.21,3.82,4.12,5,36,136,2.82
PA,Clarion,2020,53,1.02,3.42,3.66,1,12,40,1.89
PA,Clarion,2021,52,1.81,5.71,5.77,0,13,39,0.0
PA,Clarion,2022,41,1.41,5.22,5.37,3,8,30,7.32
PA,Clearfield,2016,11,1.18,3.41,3.46,0,2,9,0.0
PA,Clearfield,2017,103,1.4,3.93,4.24,6,22,75,5.83
PA,Clearfield,2018,227,1.49,3.75,4.08,20,59,148,8.81
PA,Clearfield,2019,236,1.06,3.94,4.05,26,67,143,11.02
PA,Clearfield,2020,93,1.04,3.83,4.09,5,16,72,5.38
PA,Clearfield,2021,31,1.1,3.77,4.23,1,7,23,3.23
PA,Clearfield,2022,87,1.14,4.85,5.01,1,12,74,1.15
PA,Clinton,2017,5,1.2,2.26,2.26,0,0,5,0.0
PA,Clinton,2018,45,1.53,4.08,4.12,6,6,33,13.33
PA,Clinton,2019,77,1.3,4.0,4.27,7,16,54,9.09
PA,Clinton,2020,27,1.22,3.44,3.63,0,6,21,0.0
PA,Clinton,2021,12,1.17,2.08,3.33,0,2,10,0.0
PA,Clinton,2022,36,1.31,3.69,3.67,0,15,21,0.0
PA,Columbia,2016,2,1.5,8.28,8.17,0,0,2,0.0
PA,Columbia,2017,35,0.91,4.83,4.88,1,12,22,2.86
PA,Columbia,2018,101,1.17,4.7,5.1,7,39,55,6.93
PA,Columbia,2019,99,1.1,4.81,5.06,11,38,50,11.11
PA,Columbia,2020,15,1.33,9.6,10.0,2,8,5,13.33
PA,Columbia,2021,2,0.5,4.0,4.0,0,1,1,0.0
PA,Columbia,2022,25,1.2,4.92,5.08,3,5,17,12.0
PA,Crawford,2017,95,1.45,4.44,4.56,6,16,73,6.32
PA,Crawford,2018,316,1.35,4.38,4.59,11,71,234,3.48
PA,Crawford,2019,220,1.08,4.05,4.32,21,41,158,9.55
PA,Crawford,2020,50,0.94,3.02,3.64,1,4,45,2.0
PA,Crawford,2021,19,1.53,5.95,6.05,0,3,16,0.0
PA,Crawford,2022,41,1.07,4.29,4.54,1,7,33,2.44
PA,Cumberland,2016,102,1.47,2.24,2.39,38,41,23,37.25
PA,Cumberland,2017,209,1.44,3.69,4.08,73,85,51,34.93
PA,Cumberland,2018,331,1.27,3.25,3.68,98,152,81,29.61
PA,Cumberland,2019,401,1.09,3.7,4.03,74,154,173,18.45
PA,Cumberland,2020,127,1.03,4.22,4.65,13,56,58,10.24
PA,Cumberland,2021,180,1.05,3.04,3.48,10,79,91,5.56
PA,Cumberland,2022,105,1.58,4.78,4.92,8,22,75,7.62
PA,Dauphin,2016,172,1.53,1.32,1.51,40,86,46,23.26
PA,Dauphin,2017,362,1.42,3.25,3.96,73,166,123,20.17
PA,Dauphin,2018,385,1.5,3.49,4.11,95,169,121,24.68
PA,Dauphin,2019,299,1.17,3.31,3.81,47,99,153,15.72
PA,Dauphin,2020,111,1.05,3.43,3.88,13,48,50,11.71
PA,Dauphin,2021,224,1.45,3.82,4.02,12,62,150,5.36
PA,Dauphin,2022,138,1.6,4.93,5.53,14,47,77,10.14
PA,Delaware,2016,428,1.4,1.36,1.98,88,187,153,20.56
PA,Delaware,2017,1138,1.31,2.39,3.5,226,505,407,19.86
PA,Delaware,2018,1037,1.45,2.64,4.13,207,452,378,19.96
PA,Delaware,2019,799,1.13,2.25,3.76,119,351,329,14.89
PA,Delaware,2020,992,0.48,1.15,3.21,89,792,111,8.97
PA,Delaware,2021,1389,0.79,2.08,3.35,83,944,362,5.98
PA,Delaware,2022,470,1.57,3.83,4.93,28,183,259,5.96
PA,Elk,2017,55,1.11,5.11,5.16,3,2,50,5.45
PA,Elk,2018,236,1.22,4.35,4.51,14,37,185,5.93
PA,Elk,2019,150,1.01,4.71,5.03,4,25,121,2.67
PA,Elk,2020,42,0.69,3.57,4.24,0,3,39,0.0
PA,Elk,2021,6,0.67,3.0,3.33,0,1,5,0.0
PA,Elk,2022,13,1.15,4.46,4.77,0,0,13,0.0
PA,Erie,2017,374,1.56,4.7,4.81,27,98,249,7.22
PA,Erie,2018,503,1.56,4.18,4.38,44,74,385,8.75
PA,Erie,2019,384,1.25,3.55,3.76,20,67,297,5.21
PA,Erie,2020,184,0.69,2.22,3.28,5,73,106,2.72
PA,Erie,2021,124,0.69,2.0,3.47,1,55,68,0.81
PA,Erie,2022,138,1.33,5.55,5.91,7,38,93,5.07
PA,Fayette,2016,55,1.6,3.68,3.73,7,29,19,12.73
PA,Fayette,2017,172,1.56,5.18,5.33,30,85,57,17.44
PA,Fayette,2018,219,1.42,4.3,4.42,14,114,91,6.39
PA,Fayette,2019,198,1.1,4.22,4.35,15,94,89,7.58
PA,Fayette,2020,56,1.23,4.98,5.36,6,34,16,10.71
PA,Fayette,2021,28,1.14,3.07,4.18,0,20,8,0.0
PA,Fayette,2022,82,0.63,3.68,4.07,0,17,65,0.0
PA,Forest,2017,14,0.93,5.53,5.7,2,8,4,14.29
PA,Forest,2018,84,0.86,4.75,4.98,3,22,59,3.57
PA,Forest,2019,52,1.15,5.5,5.99,5,7,40,9.62
PA,Forest,2020,8,0.5,6.38,6.62,2,1,5,25.0
PA,Forest,2021,4,0.5,2.25,3.25,0,0,4,0.0
PA,Forest,2022,6,1.0,4.67,4.83,0,1,5,0.0
PA,Franklin,2016,134,1.2,0.84,1.08,23,90,21,17.16
PA,Franklin,2017,319,1.24,2.02,2.85,48,178,93,15.05
PA,Franklin,2018,362,1.17,2.74,3.22,57,194,111,15.75
PA,Franklin,2019,337,0.96,3.06,3.45,37,161,139,10.98
PA,Franklin,2020,95,1.33,2.63,3.94,7,66,22,7.37
PA,Franklin,2021,121,1.4,1.94,3.24,3,71,47,2.48
PA,Franklin,2022,37,1.41,5.76,5.86,1,14,22,2.7
PA,Fulton,2016,31,1.32,2.13,2.22,3,13,15,9.68
PA,Fulton,2017,98,1.49,4.09,4.19,21,32,45,21.43
PA,Fulton,2018,110,1.49,3.91,4.04,22,48,40,20.0
PA,Fulton,2019,227,1.13,3.58,3.67,29,64,134,12.78
PA,Fulton,2020,41,1.24,4.44,4.85,2,13,26,4.88
PA,Fulton,2021,42,1.4,2.86,4.02,1,14,27,2.38
PA,Fulton,2022,38,1.58,4.89,5.37,2,13,23,5.26
PA,Greene,2016,17,1.59,3.4,3.45,5,6,6,29.41
PA,Greene,2017,37,1.68,4.91,5.05,7,11,19,18.92
PA,Greene,2018,78,1.72,5.73,5.8,23,30,25,29.49
PA,Greene,2019,65,1.31,7.86,7.95,13,14,38,20.0
PA,Greene,2020,13,1.46,11.69,12.23,5,2,6,38.46
PA,Greene,2021,14,1.43,5.14,5.43,0,7,7,0.0
PA,Greene,2022,19,1.26,4.21,4.58,0,1,18,0.0
PA,Huntingdon,2016,29,1.28,2.45,2.52,2,7,20,6.9
PA,Huntingdon,2017,92,1.18,4.03,4.05,7,29,56,7.61
PA,Huntingdon,2018,79,1.37,6.22,6.33,17,30,32,21.52
PA,Huntingdon,2019,80,1.08,4.82,4.9,8,36,36,10.0
PA,Huntingdon,2020,8,1.25,4.0,4.25,1,3,4,12.5
PA,Huntingdon,2021,15,0.73,3.47,4.73,3,5,7,20.0
PA,Huntingdon,2022,10,1.3,15.3,15.6,1,2,7,10.0
PA,Indiana,2016,40,1.5,4.67,4.74,5,6,29,12.5
PA,Indiana,2017,148,1.28,5.49,5.55,21,40,87,14.19
PA,Indiana,2018,316,1.21,4.53,4.69,21,88,207,6.65
PA,Indiana,2019,217,1.18,4.38,4.57,9,60,148,4.15
PA,Indiana,2020,53,0.96,3.3,3.81,3,13,37,5.66
PA,Indiana,2021,18,1.61,4.94,5.17,0,5,13,0.0
PA,Indiana,2022,41,0.85,3.2,3.34,0,2,39,0.0
PA,Jefferson,2016,8,1.12,4.33,4.36,1,2,5,12.5
PA,Jefferson,2017,58,1.47,4.27,5.51,6,20,32,10.34
PA,Jefferson,2018,155,1.45,3.38,4.31,8,46,101,5.16
PA,Jefferson,2019,206,1.38,4.71,4.86,12,52,142,5.83
PA,Jefferson,2020,61,0.92,3.2,3.98,3,18,40,4.92
PA,Jefferson,2021,24,1.21,3.96,4.12,5,3,16,20.83
PA,Jefferson,2022,99,1.82,9.15,9.31,6,22,71,6.06
PA,Juniata,2016,5,1.4,0.58,0.6,2,2,1,40.0
PA,Juniata,2017,41,1.39,6.34,6.39,6,8,27,14.63
PA,Juniata,2018,56,1.0,4.39,4.43,2,10,44,3.57
PA,Juniata,2019,91,0.75,5.04,5.28,14,18,59,15.38
PA,Juniata,2020,5,1.0,3.6,3.8,1,2,2,20.0
PA,Juniata,2021,3,0.67,5.67,5.67,0,1,2,0.0
PA,Juniata,2022,5,0.6,4.2,4.0,0,1,4,0.0
PA,Lackawanna,2017,105,1.62,4.27,4.34,17,20,68,16.19
PA,Lackawanna,2018,311,1.58,3.57,3.87,44,64,203,14.15
PA,Lackawanna,2019,283,1.48,3.32,3.46,23,59,201,8.13
PA,Lackawanna,2020,69,1.12,3.93,4.17,8,19,42,11.59
PA,Lackawanna,2021,72,1.44,3.64,3.9,4,18,50,5.56
PA,Lackawanna,2022,71,1.28,4.62,4.73,4,14,53,5.63
PA,Lancaster,2016,259,1.31,1.34,1.64,74,118,67,28.57
PA,Lancaster,2017,485,1.21,3.58,4.29,92,228,165,18.97
PA,Lancaster,2018,609,1.11,3.63,4.23,120,293,196,19.7
PA,Lancaster,2019,444,1.06,3.82,4.39,71,183,190,15.99
PA,Lancaster,2020,244,0.91,3.05,4.3,27,162,55,11.07
PA,Lancaster,2021,313,0.84,2.7,3.78,29,194,90,9.27
PA,Lancaster,2022,99,1.23,4.94,5.36,10,52,37,10.1
PA,Lawrence,2016,11,1.18,2.12,2.11,2,4,5,18.18
PA,Lawrence,2017,42,1.38,4.04,4.03,8,12,22,19.05
PA,Lawrence,2018,100,1.39,4.53,4.67,22,32,46,22.0
PA,Lawrence,2019,117,1.19,3.5,3.58,26,34,57,22.22
PA,Lawrence,2020,43,0.65,4.33,4.51,3,15,25,6.98
PA,Lawrence,2021,3,1.33,2.67,3.33,0,1,2,0.0
PA,Lawrence,2022,51,0.98,3.31,3.47,1,2,48,1.96
PA,Lebanon,2016,29,1.55,0.96,0.96,4,13,12,13.79
PA,Lebanon,2017,81,1.42,4.15,4.25,16,22,43,19.75
PA,Lebanon,2018,106,1.37,4.03,4.21,23,35,48,21.7
PA,Lebanon,2019,92,1.14,5.02,5.1,20,30,42,21.74
PA,Lebanon,2020,35,0.74,3.49,4.11,3,19,13,8.57
PA,Lebanon,2021,38,1.34,3.61,3.76,1,12,25,2.63
PA,Lebanon,2022,21,1.81,5.71,5.71,3,1,17,14.29
PA,Lehigh,2016,153,1.54,2.11,2.35,28,59,66,18.3
PA,Lehigh,2017,320,1.47,4.27,4.92,72,130,118,22.5
PA,Lehigh,2018,443,1.39,4.12,4.71,93,165,185,20.99
PA,Lehigh,2019,344,1.12,4.3,4.91,60,115,169,17.44
PA,Lehigh,2020,252,0.62,2.64,4.33,31,171,50,12.3
PA,Lehigh,2021,447,0.78,2.61,3.94,21,260,166,4.7
PA,Lehigh,2022,163,1.4,5.6,6.47,12,63,88,7.36
PA,Luzerne,2016,12,1.25,1.85,2.02,5,4,3,41.67
PA,Luzerne,2017,139,1.5,4.2,4.33,26,38,75,18.71
PA,Luzerne,2018,403,1.49,3.6,3.92,55,128,220,13.65
PA,Luzerne,2019,276,1.35,3.74,3.82,40,77,159,14.49
PA,Luzerne,2020,98,1.1,4.28,4.66,5,39,54,5.1
PA,Luzerne,2021,98,1.29,3.8,4.04,1,39,58,1.02
PA,Luzerne,2022,114,1.32,5.14,5.21,7,16,91,6.14
PA,Lycoming,2017,63,1.35,4.39,4.45,5,14,44,7.94
PA,Lycoming,2018,252,1.28,4.33,4.38,29,45,178,11.51
PA,Lycoming,2019,288,1.06,4.32,4.39,32,58,198,11.11
PA,Lycoming,2020,36,0.86,3.11,3.47,2,9,25,5.56
PA,Lycoming,2021,11,0.73,4.18,4.36,0,4,7,0.0
PA,Lycoming,2022,42,0.88,3.83,4.05,0,4,38,0.0
PA,McKean,2017,110,1.37,4.87,5.12,6,30,74,5.45
PA,McKean,2018,317,1.38,4.49,4.78,11,66,240,3.47
PA,McKean,2019,217,1.21,5.17,5.41,11,58,148,5.07
PA,McKean,2020,45,1.11,5.09,5.67,3,14,28,6.67
PA,McKean,2021,24,1.12,4.42,4.62,0,5,19,0.0
PA,McKean,2022,21,1.0,3.33,3.62,0,1,20,0.0
PA,Mckean,2017,4,1.25,5.69,5.63,0,1,3,0.0
PA,Mckean,2018,12,1.25,4.36,4.44,1,1,10,8.33
PA,Mercer,2017,47,1.43,4.24,4.31,9,13,25,19.15
PA,Mercer,2018,232,1.47,4.26,4.31,16,46,170,6.9
PA,Mercer,2019,203,1.26,3.66,3.78,37,51,115,18.23
PA,Mercer,2020,44,1.11,5.36,5.8,2,13,29,4.55
PA,Mercer,2021,16,1.44,3.81,3.81,0,6,10,0.0
PA,Mercer,2022,54,1.28,4.3,4.41,0,11,43,0.0
PA,Mifflin,2016,17,1.41,3.61,3.67,1,1,15,5.88
PA,Mifflin,2017,57,1.33,5.08,5.16,3,13,41,5.26
PA,Mifflin,2018,85,1.21,3.09,3.15,3,22,60,3.53
PA,Mifflin,2019,108,0.92,3.85,3.95,9,21,78,8.33
PA,Mifflin,2020,19,0.42,2.63,2.89,0,7,12,0.0
PA,Mifflin,2021,16,0.44,3.31,3.81,0,2,14,0.0
PA,Mifflin,2022,10,0.7,3.1,3.4,0,1,9,0.0
PA,Monroe,2016,14,1.43,0.65,0.79,1,8,5,7.14
PA,Monroe,2017,165,1.33,3.55,4.31,27,65,73,16.36
PA,Monroe,2018,441,1.46,5.26,5.56,66,168,207,14.97
PA,Monroe,2019,242,1.34,3.92,4.16,29,70,143,11.98
PA,Monroe,2020,56,1.38,4.32,4.79,3,18,35,5.36
PA,Monroe,2021,91,1.47,4.26,4.41,4,25,62,4.4
PA,Monroe,2022,99,1.39,5.29,5.48,3,34,62,3.03
PA,Montgomery,2016,582,1.5,1.52,2.17,92,197,293,15.81
PA,Montgomery,2017,1579,1.46,2.84,4.43,305,552,722,19.32
PA,Montgomery,2018,1777,1.37,2.72,4.09,258,609,910,14.52
PA,Montgomery,2019,1254,1.12,2.27,3.83,132,411,711,10.53
PA,Montgomery,2020,744,0.75,2.1,3.44,65,412,267,8.74
PA,Montgomery,2021,1608,1.11,2.45,3.45,54,668,886,3.36
PA,Montgomery,2022,813,1.29,2.95,4.16,30,229,554,3.69
PA,Montour,2016,7,1.57,5.73,6.72,2,3,2,28.57
PA,Montour,2017,15,1.27,4.68,5.13,0,4,11,0.0
PA,Montour,2018,61,1.39,3.52,4.31,3,17,41,4.92
PA,Montour,2019,63,0.92,3.75,3.91,6,20,37,9.52
PA,Montour,2020,11,1.18,4.27,5.0,0,4,7,0.0
PA,Montour,2021,7,0.57,2.0,2.43,0,1,6,0.0
PA,Montour,2022,9,0.56,2.78,3.0,0,2,7,0.0
PA,Northampton,2016,87,1.47,2.38,2.53,12,27,48,13.79
PA,Northampton,2017,234,1.38,4.47,4.83,48,69,117,20.51
PA,Northampton,2018,298,1.32,4.41,4.68,43,99,156,14.43
PA,Northampton,2019,246,1.19,3.66,3.94,30,79,137,12.2
PA,Northampton,2020,53,1.25,4.36,4.4,3,20,30,5.66
PA,Northampton,2021,158,1.2,3.27,3.42,4,42,112,2.53
PA,Northampton,2022,87,1.45,4.18,4.48,2,21,64,2.3
PA,Northumberland,2016,37,1.76,1.89,2.22,7,17,13,18.92
PA,Northumberland,2017,97,1.35,5.82,6.3,13,42,42,13.4
PA,Northumberland,2018,126,1.35,5.54,5.86,26,35,65,20.63
PA,Northumberland,2019,109,0.92,4.99,5.08,12,20,77,11.01
PA,Northumberland,2020,22,0.59,4.64,4.82,3,9,10,13.64
PA,Northumberland,2021,7,0.71,5.43,5.86,1,2,4,14.29
PA,Northumberland,2022,21,0.9,4.43,4.57,0,5,16,0.0
PA,Perry,2016,13,1.23,1.54,1.57,1,3,9,7.69
PA,Perry,2017,62,1.29,4.7,4.84,7,19,36,11.29
PA,Perry,2018,111,1.32,4.25,4.7,10,34,67,9.01
PA,Perry,2019,66,0.71,3.68,3.75,6,19,41,9.09
PA,Perry,2020,14,0.43,4.0,4.21,0,6,8,0.0
PA,Perry,2021,10,0.9,5.5,6.1,0,7,3,0.0
PA,Perry,2022,15,1.0,4.33,4.47,2,1,12,13.33
PA,Philadelphia,2016,662,1.26,1.17,1.7,315,297,50,47.58
PA,Philadelphia,2017,1465,1.28,2.64,3.92,735,630,100,50.17
PA,Philadelphia,2018,1513,1.28,2.7,4.03,745,613,155,49.24
PA,Philadelphia,2019,1239,0.8,2.57,3.96,593,499,147,47.86
PA,Philadelphia,2020,4856,0.44,0.75,3.94,1261,3469,126,25.97
PA,Philadelphia,2021,5701,0.55,1.1,4.02,1638,3779,284,28.73
PA,Philadelphia,2022,762,1.2,3.33,4.99,137,456,169,17.98
PA,Pike,2016,28,1.75,4.26,4.36,4,6,18,14.29
PA,Pike,2017,118,1.59,4.91,4.99,14,23,81,11.86
PA,Pike,2018,195,1.5,4.57,4.68,17,55,123,8.72
PA,Pike,2019,160,1.3,3.63,3.92,9,51,100,5.62
PA,Pike,2020,26,1.19,4.42,4.62,1,8,17,3.85
PA,Pike,2021,29,1.21,4.21,4.21,0,7,22,0.0
PA,Pike,2022,57,1.42,5.61,5.68,0,14,43,0.0
PA,Potter,2017,17,1.12,4.99,4.98,0,1,16,0.0
PA,Potter,2018,83,1.16,4.61,4.77,8,16,59,9.64
PA,Potter,2019,80,0.96,4.44,4.92,4,23,53,5.0
PA,Potter,2020,18,1.0,4.0,4.89,0,7,11,0.0
PA,Potter,2021,9,1.0,4.33,4.33,1,1,7,11.11
PA,Potter,2022,12,0.58,4.0,4.0,0,0,12,0.0
PA,Schuylkill,2016,126,1.56,2.24,2.29,14,36,76,11.11
PA,Schuylkill,2017,188,1.48,4.63,4.89,25,72,91,13.3
PA,Schuylkill,2018,317,1.38,3.86,4.06,51,111,155,16.09
PA,Schuylkill,2019,243,1.25,3.82,3.92,28,81,134,11.52
PA,Schuylkill,2020,57,1.09,4.49,4.98,10,18,29,17.54
PA,Schuylkill,2021,64,1.09,3.31,3.91,0,21,43,0.0
PA,Schuylkill,2022,50,1.16,4.84,5.1,8,9,33,16.0
PA,Snyder,2016,34,1.44,2.25,2.58,7,14,13,20.59
PA,Snyder,2017,110,1.34,5.17,5.75,10,41,59,9.09
PA,Snyder,2018,140,1.35,3.28,4.12,11,58,71,7.86
PA,Snyder,2019,102,0.97,4.27,4.61,11,28,63,10.78
PA,Snyder,2020,65,0.95,1.52,3.17,2,49,14,3.08
PA,Snyder,2021,53,0.6,1.85,3.04,7,39,7,13.21
PA,Snyder,2022,12,1.08,3.75,4.58,2,5,5,16.67
PA,Somerset,2016,125,1.24,3.32,3.4,3,32,90,2.4
PA,Somerset,2017,319,1.18,4.24,4.33,12,74,233,3.76
PA,Somerset,2018,386,1.25,4.04,4.21,22,74,290,5.7
PA,Somerset,2019,474,1.02,4.2,4.4,29,109,336,6.12
PA,Somerset,2020,96,0.96,3.8,4.28,15,21,60,15.62
PA,Somerset,2021,30,1.1,3.97,4.13,2,8,20,6.67
PA,Somerset,2022,84,1.35,5.11,5.27,7,14,63,8.33
PA,Sullivan,2017,11,1.45,4.72,4.73,0,2,9,0.0
PA,Sullivan,2018,45,1.47,5.93,5.98,2,18,25,4.44
PA,Sullivan,2019,31,1.52,7.33,7.43,3,14,14,9.68
PA,Sullivan,2020,5,1.0,2.2,3.4,0,1,4,0.0
PA,Sullivan,2021,5,1.4,3.4,3.8,0,0,5,0.0
PA,Sullivan,2022,7,1.71,5.29,5.57,0,0,7,0.0
PA,Susquehanna,2017,50,1.4,4.77,4.92,14,7,29,28.0
PA,Susquehanna,2018,260,1.33,5.57,5.7,25,81,154,9.62
PA,Susquehanna,2019,123,1.24,3.3,3.51,9,29,85,7.32
PA,Susquehanna,2020,45,0.89,3.8,4.11,1,5,39,2.22
PA,Susquehanna,2021,32,1.56,4.16,4.19,0,3,29,0.0
PA,Susquehanna,2022,26,0.92,4.46,4.65,0,3,23,0.0
PA,Tioga,2017,68,1.04,3.92,4.02,2,16,50,2.94
PA,Tioga,2018,294,1.14,4.46,4.53,12,53,229,4.08
PA,Tioga,2019,233,1.07,4.3,4.43,8,34,191,3.43
PA,Tioga,2020,45,0.8,3.96,4.22,1,19,25,2.22
PA,Tioga,2021,10,1.0,4.4,4.4,1,2,7,10.0
PA,Tioga,2022,26,1.08,4.42,4.5,0,2,24,0.0
PA,Union,2016,19,1.16,1.49,1.54,0,3,16,0.0
PA,Union,2017,53,1.06,2.76,3.0,0,17,36,0.0
PA,Union,2018,100,1.14,2.75,3.17,6,26,68,6.0
PA,Union,2019,96,0.8,2.67,2.92,9,20,67,9.38
PA,Union,2020,20,0.85,1.55,2.25,4,5,11,20.0
PA,Union,2021,26,1.15,3.54,3.77,1,6,19,3.85
PA,Union,2022,18,1.22,3.5,3.56,1,1,16,5.56
PA,Venango,2017,131,1.34,4.57,4.73,6,39,86,4.58
PA,Venango,2018,446,1.27,4.19,4.45,27,145,274,6.05
PA,Venango,2019,299,0.84,4.07,4.38,7,90,202,2.34
PA,Venango,2020,90,0.39,2.82,3.57,1,19,70,1.11
PA,Venango,2021,37,1.32,4.84,5.19,2,10,25,5.41
PA,Venango,2022,28,0.71,3.79,3.96,4,3,21,14.29
PA,Warren,2017,85,1.33,4.39,4.91,5,27,53,5.88
PA,Warren,2018,188,1.3,4.47,4.68,9,50,129,4.79
PA,Warren,2019,184,1.08,4.88,5.4,11,49,124,5.98
PA,Warren,2020,69,1.26,4.67,5.23,4,16,49,5.8
PA,Warren,2021,6,1.0,4.33,4.33,0,1,5,0.0
PA,Warren,2022,6,1.0,4.83,5.0,0,0,6,0.0
PA,Washington,2016,52,1.58,1.89,2.11,14,18,20,26.92
PA,Washington,2017,186,1.72,5.83,5.92,44,65,77,23.66
PA,Washington,2018,236,1.61,4.86,5.13,84,85,67,35.59
PA,Washington,2019,200,1.06,4.49,4.58,22,66,112,11.0
PA,Washington,2020,87,1.0,5.13,5.45,10,41,36,11.49
PA,Washington,2021,55,1.18,3.36,3.64,5,20,30,9.09
PA,Washington,2022,97,0.92,4.75,4.9,8,14,75,8.25
PA,Wayne,2017,17,1.24,6.01,6.11,4,6,7,23.53
PA,Wayne,2018,91,1.25,4.86,5.04,13,31,47,14.29
PA,Wayne,2019,71,0.86,4.96,5.19,7,31,33,9.86
PA,Wayne,2020,20,1.0,5.25,5.55,2,6,12,10.0
PA,Wayne,2021,13,1.23,3.62,3.62,0,3,10,0.0
PA,Wayne,2022,27,0.81,5.15,5.37,1,6,20,3.7
PA,Westmoreland,2016,197,1.22,1.31,1.43,40,87,70,20.3
PA,Westmoreland,2017,442,1.25,3.0,3.23,86,179,177,19.46
PA,Westmoreland,2018,338,1.39,4.22,4.34,53,110,175,15.68
PA,Westmoreland,2019,347,0.65,3.34,3.63,45,163,139,12.97
PA,Westmoreland,2020,85,0.78,3.01,3.42,7,45,33,8.24
PA,Westmoreland,2021,102,0.58,2.69,3.13,5,69,28,4.9
PA,Westmoreland,2022,142,1.09,4.05,4.23,6,38,98,4.23
PA,Wyoming,2017,18,1.56,5.05,5.08,8,3,7,44.44
PA,Wyoming,2018,109,1.16,3.65,3.74,10,28,71,9.17
PA,Wyoming,2019,47,0.91,4.87,4.92,2,17,28,4.26
PA,Wyoming,2020,13,1.0,2.54,2.62,0,0,13,0.0
PA,Wyoming,2021,2,0.5,3.5,3.0,0,0,2,0.0
PA,Wyoming,2022,9,1.11,5.0,5.56,0,0,9,0.0
PA,York,2016,160,1.23,0.93,1.32,25,108,27,15.62
PA,York,2017,306,1.27,2.7,3.28,38,211,57,12.42
PA,York,2018,447,1.39,3.81,4.47,88,240,119,19.69
PA,York,2019,441,1.3,4.33,4.76,57,226,158,12.93
PA,York,2020,212,1.05,3.02,4.03,13,150,49,6.13
PA,York,2021,278,1.09,1.99,3.13,11,213,54,3.96
PA,York,2022,85,1.34,4.58,5.29,7,56,22,8.24
RI,Bristol,2016,14,1.5,0.85,0.95,6,8,0,42.86
RI,Bristol,2017,22,1.59,3.93,5.18,15,7,0,68.18
RI,Bristol,2018,18,1.56,6.47,7.14,10,8,0,55.56
RI,Bristol,2019,7,0.86,7.64,8.19,3,4,0,42.86
RI,Bristol,2020,5,0.4,3.6,4.4,0,5,0,0.0
RI,Bristol,2021,12,0.08,1.75,2.75,6,6,0,50.0
RI,Bristol,2022,5,0.6,4.8,5.8,3,1,1,60.0
RI,Kent,2016,112,1.31,1.13,1.4,27,58,27,24.11
RI,Kent,2017,204,1.27,3.2,3.68,51,111,42,25.0
RI,Kent,2018,162,1.4,3.88,4.2,40,54,68,24.69
RI,Kent,2019,108,0.74,3.55,4.12,30,39,39,27.78
RI,Kent,2020,59,0.71,3.42,4.31,13,24,22,22.03
RI,Kent,2021,95,0.83,3.97,4.68,16,51,28,16.84
RI,Kent,2022,54,1.26,4.56,4.72,9,12,33,16.67
RI,Newport,2016,6,1.83,1.73,1.73,5,1,0,83.33
RI,Newport,2017,47,1.74,7.11,7.32,26,16,5,55.32
RI,Newport,2018,61,1.61,5.07,5.5,32,21,8,52.46
RI,Newport,2019,50,0.74,5.88,6.51,31,9,10,62.0
RI,Newport,2020,20,0.6,4.1,4.5,8,12,0,40.0
RI,Newport,2021,33,0.64,4.24,5.36,16,16,1,48.48
RI,Newport,2022,14,0.71,4.64,5.29,4,6,4,28.57
RI,Providence,2016,388,1.38,1.46,1.85,135,169,84,34.79
RI,Providence,2017,917,1.39,3.0,3.92,316,351,250,34.46
RI,Providence,2018,637,1.54,3.44,4.48,161,198,278,25.27
RI,Providence,2019,485,1.22,3.51,4.3,119,163,203,24.54
RI,Providence,2020,396,0.86,2.57,4.16,89,217,90,22.47
RI,Providence,2021,569,1.0,2.51,3.72,97,309,163,17.05
RI,Providence,2022,294,1.37,3.89,4.47,55,125,114,18.71
RI,Washington,2016,80,1.32,1.15,1.17,25,37,18,31.25
RI,Washington,2017,254,1.4,3.81,3.97,83,104,67,32.68
RI,Washington,2018,144,1.51,5.12,5.48,30,54,60,20.83
RI,Washington,2019,67,0.66,3.62,3.7,13,27,27,19.4
RI,Washington,2020,35,0.77,5.09,5.2,4,16,15,11.43
RI,Washington,2021,24,0.92,5.12,5.42,4,15,5,16.67
RI,Washington,2022,27,0.74,4.59,4.7,3,9,15,11.11
SC,Abbeville,2017,5,1.2,7.03,7.13,1,3,1,20.0
SC,Abbeville,2018,8,1.38,4.51,5.58,0,5,3,0.0
SC,Abbeville,2019,17,1.53,8.22,8.28,5,3,9,29.41
SC,Abbeville,2020,14,1.07,7.36,7.43,2,4,8,14.29
SC,Abbeville,2021,2,1.0,3.0,3.5,1,0,1,50.0
SC,Aiken,2016,13,1.62,3.14,3.23,2,8,3,15.38
SC,Aiken,2017,78,1.58,3.46,3.53,11,37,30,14.1
SC,Aiken,2018,77,1.43,4.31,4.46,21,27,29,27.27
SC,Aiken,2019,81,1.35,3.17,3.22,16,18,47,19.75
SC,Aiken,2020,25,1.32,7.0,7.16,8,10,7,32.0
SC,Aiken,2021,23,1.17,5.35,5.65,4,8,11,17.39
SC,Aiken,2022,12,1.42,4.75,4.75,0,4,8,0.0
SC,Allendale,2017,10,1.4,5.6,5.61,5,2,3,50.0
SC,Allendale,2018,10,1.8,5.1,5.13,3,4,3,30.0
SC,Allendale,2019,6,1.33,7.8,7.83,3,0,3,50.0
SC,Allendale,2020,4,1.0,6.5,6.5,1,1,2,25.0
SC,Allendale,2021,5,0.8,4.0,4.0,0,0,5,0.0
SC,Allendale,2022,1,1.0,9.0,9.0,0,1,0,0.0
SC,Anderson,2016,2,1.5,1.95,1.99,0,1,1,0.0
SC,Anderson,2017,25,1.4,3.65,4.01,6,18,1,24.0
SC,Anderson,2018,45,1.47,4.37,4.9,16,22,7,35.56
SC,Anderson,2019,42,0.93,6.08,6.38,12,20,10,28.57
SC,Anderson,2020,40,0.95,4.72,5.2,9,16,15,22.5
SC,Anderson,2021,27,0.96,4.0,4.33,1,13,13,3.7
SC,Anderson,2022,58,0.93,6.97,6.93,2,15,41,3.45
SC,Bamberg,2017,9,1.33,2.76,2.79,1,0,8,11.11
SC,Bamberg,2018,11,1.45,2.52,2.56,3,2,6,27.27
SC,Bamberg,2019,20,1.2,7.66,7.66,2,6,12,10.0
SC,Bamberg,2020,6,0.5,4.33,4.33,0,0,6,0.0
SC,Bamberg,2021,4,1.0,4.75,4.75,0,1,3,0.0
SC,Bamberg,2022,3,0.33,2.67,2.67,0,1,2,0.0
SC,Barnwell,2017,9,1.78,5.74,5.75,2,4,3,22.22
SC,Barnwell,2018,11,1.55,2.08,2.09,3,1,7,27.27
SC,Barnwell,2019,12,1.33,9.06,8.98,3,4,5,25.0
SC,Barnwell,2020,7,0.14,4.0,4.0,3,0,4,42.86
SC,Barnwell,2021,1,0.0,3.0,3.0,1,0,0,100.0
SC,Beaufort,2017,19,0.68,3.21,4.31,2,9,8,10.53
SC,Beaufort,2018,65,0.58,3.13,3.84,9,32,24,13.85
SC,Beaufort,2019,85,0.39,3.47,4.28,10,42,33,11.76
SC,Beaufort,2020,25,0.32,3.84,4.48,4,8,13,16.0
SC,Beaufort,2021,105,0.59,4.72,5.67,20,56,29,19.05
SC,Beaufort,2022,68,0.66,5.21,6.28,13,38,17,19.12
SC,Berkeley,2017,126,1.15,2.93,3.8,26,74,26,20.63
SC,Berkeley,2018,338,1.1,3.81,4.56,129,115,94,38.17
SC,Berkeley,2019,163,0.63,3.17,4.34,70,50,43,42.94
SC,Berkeley,2020,90,0.73,3.82,4.52,14,48,28,15.56
SC,Berkeley,2021,134,0.77,3.61,4.4,28,59,47,20.9
SC,Berkeley,2022,90,0.92,5.74,6.43,20,37,33,22.22
SC,Calhoun,2018,12,1.17,3.72,4.6,1,4,7,8.33
SC,Calhoun,2019,13,1.31,7.58,8.2,1,3,9,7.69
SC,Calhoun,2020,17,1.47,5.53,5.71,2,4,11,11.76
SC,Calhoun,2021,81,1.26,4.33,4.64,3,22,56,3.7
SC,Calhoun,2022,43,1.23,4.37,4.44,0,5,38,0.0
SC,Charleston,2017,491,1.03,2.23,3.62,102,282,107,20.77
SC,Charleston,2018,1236,1.02,2.49,3.69,283,693,260,22.9
SC,Charleston,2019,956,0.83,2.52,3.72,315,468,173,32.95
SC,Charleston,2020,397,0.91,2.97,4.37,138,177,82,34.76
SC,Charleston,2021,912,1.02,3.42,4.52,239,415,258,26.21
SC,Charleston,2022,609,1.13,4.16,5.16,110,286,213,18.06
SC,Cherokee,2017,17,1.47,3.7,3.73,2,7,8,11.76
SC,Cherokee,2018,17,1.18,3.3,3.34,2,7,8,11.76
SC,Cherokee,2019,60,1.4,3.41,3.5,6,10,44,10.0
SC,Cherokee,2020,154,1.64,4.16,4.3,7,39,108,4.55
SC,Cherokee,2021,323,1.59,4.04,4.14,8,94,221,2.48
SC,Cherokee,2022,172,1.8,7.41,7.48,21,65,86,12.21
SC,Chester,2017,13,1.46,4.14,4.14,4,4,5,30.77
SC,Chester,2018,18,1.78,4.5,4.54,4,5,9,22.22
SC,Chester,2019,40,1.27,3.79,4.2,9,9,22,22.5
SC,Chester,2020,10,0.9,5.6,6.6,0,3,7,0.0
SC,Chester,2021,13,1.31,3.38,3.46,1,1,11,7.69
SC,Chester,2022,13,1.15,6.62,6.62,0,5,8,0.0
SC,Chesterfield,2017,49,1.47,4.12,4.13,14,14,21,28.57
SC,Chesterfield,2018,78,1.41,4.05,4.08,25,17,36,32.05
SC,Chesterfield,2019,34,1.03,5.5,5.59,10,17,7,29.41
SC,Chesterfield,2020,12,1.17,9.25,9.08,1,7,4,8.33
SC,Chesterfield,2021,5,0.4,2.8,3.0,1,1,3,20.0
SC,Chesterfield,2022,11,0.27,3.18,3.45,0,0,11,0.0
SC,Clarendon,2017,17,1.76,4.06,4.07,6,1,10,35.29
SC,Clarendon,2018,49,1.55,5.39,5.63,7,13,29,14.29
SC,Clarendon,2019,63,1.68,4.18,4.19,23,10,30,36.51
SC,Clarendon,2020,7,1.0,4.71,4.71,1,1,5,14.29
SC,Clarendon,2021,13,1.08,3.31,3.31,1,3,9,7.69
SC,Clarendon,2022,8,1.62,4.75,5.5,1,2,5,12.5
SC,Colleton,2017,49,1.69,6.16,6.19,7,17,25,14.29
SC,Colleton,2018,120,1.6,4.72,5.05,15,24,81,12.5
SC,Colleton,2019,56,1.52,3.58,3.59,8,12,36,14.29
SC,Colleton,2020,29,1.28,5.69,6.0,5,11,13,17.24
SC,Colleton,2021,126,1.44,5.15,5.37,10,50,66,7.94
SC,Colleton,2022,80,1.7,8.5,8.57,9,26,45,11.25
SC,Darlington,2017,23,1.57,7.3,7.36,10,11,2,43.48
SC,Darlington,2018,135,1.39,5.71,5.77,44,38,53,32.59
SC,Darlington,2019,54,1.39,3.02,3.03,19,8,27,35.19
SC,Darlington,2020,4,0.5,6.0,6.5,2,1,1,50.0
SC,Darlington,2021,4,1.25,5.5,5.5,0,2,2,0.0
SC,Darlington,2022,10,0.7,4.4,4.3,2,2,6,20.0
SC,Dillon,2017,16,1.38,3.9,4.1,0,5,11,0.0
SC,Dillon,2018,88,1.42,3.89,3.92,8,13,67,9.09
SC,Dillon,2019,44,1.55,3.87,4.12,13,5,26,29.55
SC,Dillon,2020,14,1.64,8.93,9.0,4,1,9,28.57
SC,Dillon,2021,30,1.4,4.27,4.3,2,9,19,6.67
SC,Dillon,2022,15,1.33,8.53,8.6,5,3,7,33.33
SC,Dorchester,2017,142,1.26,3.16,4.01,28,65,49,19.72
SC,Dorchester,2018,261,1.17,2.9,3.67,34,107,120,13.03
SC,Dorchester,2019,115,0.73,2.88,3.39,16,50,49,13.91
SC,Dorchester,2020,64,0.31,2.05,3.62,6,41,17,9.38
SC,Dorchester,2021,161,0.85,3.53,4.42,11,84,66,6.83
SC,Dorchester,2022,82,1.06,4.45,5.01,9,34,39,10.98
SC,Edgefield,2016,3,1.33,0.0,0.0,1,0,2,33.33
SC,Edgefield,2017,12,1.75,4.56,4.59,1,7,4,8.33
SC,Edgefield,2018,17,1.47,3.39,3.39,1,2,14,5.88
SC,Edgefield,2019,11,1.64,10.26,10.27,2,4,5,18.18
SC,Edgefield,2020,4,1.75,14.75,14.75,1,1,2,25.0
SC,Edgefield,2021,1,1.0,2.0,10.0,1,0,0,100.0
SC,Edgefield,2022,4,1.0,7.0,7.5,0,1,3,0.0
SC,Fairfield,2017,14,1.79,5.63,5.65,6,4,4,42.86
SC,Fairfield,2018,19,1.58,6.99,7.01,6,5,8,31.58
SC,Fairfield,2019,50,1.58,1.6,1.6,21,6,23,42.0
SC,Fairfield,2020,9,1.0,5.67,6.67,1,3,5,11.11
SC,Fairfield,2021,26,1.23,7.58,7.65,5,5,16,19.23
SC,Fairfield,2022,29,1.07,7.79,7.9,3,10,16,10.34
SC,Florence,2017,115,1.36,2.14,2.31,16,66,33,13.91
SC,Florence,2018,201,1.45,3.04,3.31,44,80,77,21.89
SC,Florence,2019,136,1.0,3.19,3.56,30,64,42,22.06
SC,Florence,2020,90,0.89,1.44,2.68,5,76,9,5.56
SC,Florence,2021,82,0.88,1.55,2.6,2,69,11,2.44
SC,Florence,2022,20,1.2,7.3,7.5,2,5,13,10.0
SC,Georgetown,2017,38,1.24,2.52,2.77,13,11,14,34.21
SC,Georgetown,2018,125,1.22,2.45,2.73,29,28,68,23.2
SC,Georgetown,2019,72,1.22,3.66,3.94,22,13,37,30.56
SC,Georgetown,2020,20,1.15,5.05,5.4,10,1,9,50.0
SC,Georgetown,2021,47,1.3,2.87,3.77,31,6,10,65.96
SC,Georgetown,2022,29,1.17,3.52,4.31,6,17,6,20.69
SC,Greenville,2017,153,1.18,2.79,3.63,72,70,11,47.06
SC,Greenville,2018,307,1.29,3.57,4.33,119,146,42,38.76
SC,Greenville,2019,221,0.86,3.77,4.72,63,109,49,28.51
SC,Greenville,2020,166,0.87,3.17,4.1,16,98,52,9.64
SC,Greenville,2021,307,1.09,3.43,4.34,39,126,142,12.7
SC,Greenville,2022,341,1.0,3.91,4.28,21,145,175,6.16
SC,Greenwood,2016,8,1.5,1.37,1.56,2,6,0,25.0
SC,Greenwood,2017,26,1.42,2.61,2.85,8,11,7,30.77
SC,Greenwood,2018,28,1.5,1.99,2.35,8,16,4,28.57
SC,Greenwood,2019,32,1.44,8.12,8.25,14,9,9,43.75
SC,Greenwood,2020,2,2.0,13.0,15.0,1,1,0,50.0
SC,Greenwood,2021,6,1.83,2.17,3.67,1,4,1,16.67
SC,Greenwood,2022,2,1.0,4.0,4.0,0,0,2,0.0
SC,Hampton,2017,30,1.47,3.62,3.65,2,9,19,6.67
SC,Hampton,2018,28,1.57,4.37,4.39,2,6,20,7.14
SC,Hampton,2019,14,1.43,6.2,6.2,0,4,10,0.0
SC,Hampton,2020,6,1.33,3.5,3.5,1,2,3,16.67
SC,Hampton,2021,34,1.41,4.68,4.71,0,12,22,0.0
SC,Hampton,2022,29,1.62,7.72,7.72,2,10,17,6.9
SC,Horry,2017,253,1.27,2.63,3.35,38,107,108,15.02
SC,Horry,2018,783,1.26,2.63,3.3,108,335,340,13.79
SC,Horry,2019,362,1.15,3.61,4.18,73,142,147,20.17
SC,Horry,2020,118,0.94,3.23,4.28,23,49,46,19.49
SC,Horry,2021,265,1.05,2.95,3.88,26,117,122,9.81
SC,Horry,2022,173,1.14,3.49,4.55,16,80,77,9.25
SC,Jasper,2017,120,1.66,6.1,6.32,13,31,76,10.83
SC,Jasper,2018,198,1.69,7.09,7.3,19,37,142,9.6
SC,Jasper,2019,134,1.43,4.17,4.29,32,34,68,23.88
SC,Jasper,2020,78,1.5,5.27,5.68,3,27,48,3.85
SC,Jasper,2021,228,1.71,7.49,7.57,6,93,129,2.63
SC,Jasper,2022,127,1.76,7.7,7.75,1,44,82,0.79
SC,Kershaw,2017,24,1.46,3.6,3.69,10,8,6,41.67
SC,Kershaw,2018,73,1.56,4.28,4.35,21,26,26,28.77
SC,Kershaw,2019,51,1.47,2.49,2.59,12,9,30,23.53
SC,Kershaw,2020,15,1.2,4.8,4.87,3,7,5,20.0
SC,Kershaw,2021,21,1.57,5.14,5.24,1,9,11,4.76
SC,Kershaw,2022,12,1.08,5.92,6.0,0,3,9,0.0
SC,Lancaster,2017,41,1.54,5.22,5.48,7,18,16,17.07
SC,Lancaster,2018,57,1.33,4.8,5.61,4,11,42,7.02
SC,Lancaster,2019,37,0.57,4.28,5.12,8,8,21,21.62
SC,Lancaster,2020,3,0.67,7.0,6.67,2,1,0,66.67
SC,Lancaster,2021,26,0.77,6.31,7.08,5,7,14,19.23
SC,Lancaster,2022,17,0.82,5.06,5.47,1,5,11,5.88
SC,Laurens,2016,2,2.0,0.0,0.0,1,1,0,50.0
SC,Laurens,2017,9,1.78,7.71,7.74,4,4,1,44.44
SC,Laurens,2018,28,1.71,5.87,5.94,8,11,9,28.57
SC,Laurens,2019,25,1.4,6.51,6.52,4,7,14,16.0
SC,Laurens,2020,11,1.27,5.36,5.36,2,5,4,18.18
SC,Laurens,2021,11,1.64,4.45,4.45,0,5,6,0.0
SC,Laurens,2022,23,0.96,3.3,3.43,3,1,19,13.04
SC,Lee,2017,16,1.75,6.65,6.66,3,5,8,18.75
SC,Lee,2018,62,1.76,7.22,7.28,10,24,28,16.13
SC,Lee,2019,62,1.6,2.08,2.34,25,7,30,40.32
SC,Lee,2020,18,0.94,4.67,5.39,6,3,9,33.33
SC,Lee,2021,3,1.33,6.33,6.33,0,1,2,0.0
SC,Lee,2022,5,1.6,4.0,4.0,0,0,5,0.0
SC,Lexington,2016,3,2.0,0.01,0.01,1,0,2,33.33
SC,Lexington,2017,189,1.31,2.76,3.57,49,83,57,25.93
SC,Lexington,2018,323,1.41,2.78,3.67,67,177,79,20.74
SC,Lexington,2019,329,1.05,2.83,3.65,57,140,132,17.33
SC,Lexington,2020,160,0.94,2.89,3.93,19,73,68,11.88
SC,Lexington,2021,381,0.98,3.35,4.03,45,119,217,11.81
SC,Lexington,2022,192,1.11,3.81,4.3,16,66,110,8.33
SC,Marion,2017,21,1.1,2.39,2.41,4,3,14,19.05
SC,Marion,2018,83,1.55,5.0,5.02,10,32,41,12.05
SC,Marion,2019,17,1.12,4.61,4.55,3,2,12,17.65
SC,Marion,2020,6,1.67,7.83,7.83,2,2,2,33.33
SC,Marion,2021,7,0.86,5.29,5.29,1,2,4,14.29
SC,Marion,2022,6,0.83,2.83,3.0,0,0,6,0.0
SC,Marlboro,2017,14,1.29,4.62,4.63,4,4,6,28.57
SC,Marlboro,2018,38,1.39,5.73,5.75,5,18,15,13.16
SC,Marlboro,2019,9,1.33,5.21,5.2,7,0,2,77.78
SC,Marlboro,2020,3,0.0,1.33,1.33,2,1,0,66.67
SC,Marlboro,2022,5,0.4,3.2,3.4,0,1,4,0.0
SC,McCormick,2016,1,2.0,0.0,0.0,0,0,1,0.0
SC,McCormick,2017,2,1.0,2.84,2.86,1,0,1,50.0
SC,McCormick,2018,5,1.8,5.9,5.92,0,3,2,0.0
SC,McCormick,2019,1,1.0,8.0,8.0,0,1,0,0.0
SC,McCormick,2020,3,1.0,4.67,4.67,2,1,0,66.67
SC,McCormick,2021,1,1.0,5.0,5.0,0,0,1,0.0
SC,Mccormick,2016,1,1.0,0.0,0.0,0,0,1,0.0
SC,Mccormick,2017,2,2.0,12.08,12.04,0,1,1,0.0
SC,Newberry,2016,2,1.5,0.0,0.0,0,2,0,0.0
SC,Newberry,2017,18,1.44,1.99,2.08,2,8,8,11.11
SC,Newberry,2018,17,1.41,3.74,3.85,5,4,8,29.41
SC,Newberry,2019,15,1.4,4.4,4.45,3,0,12,20.0
SC,Newberry,2020,36,1.72,4.47,4.56,3,7,26,8.33
SC,Newberry,2021,59,1.49,4.22,4.22,3,15,41,5.08
SC,Newberry,2022,24,2.0,7.25,7.25,1,5,18,4.17
SC,Oconee,2017,9,1.11,2.03,2.15,1,6,2,11.11
SC,Oconee,2018,20,1.55,4.4,4.48,7,9,4,35.0
SC,Oconee,2019,10,0.9,6.31,6.3,1,7,2,10.0
SC,Oconee,2020,12,1.25,12.5,12.58,4,3,5,33.33
SC,Oconee,2021,3,1.0,3.67,3.67,0,3,0,0.0
SC,Oconee,2022,8,0.88,5.12,5.12,0,4,4,0.0
SC,Orangeburg,2017,39,1.54,4.28,4.44,9,17,13,23.08
SC,Orangeburg,2018,103,1.58,4.59,4.67,29,28,46,28.16
SC,Orangeburg,2019,52,1.37,4.22,4.23,9,13,30,17.31
SC,Orangeburg,2020,39,1.26,4.15,4.21,1,11,27,2.56
SC,Orangeburg,2021,110,1.46,4.36,4.4,4,28,78,3.64
SC,Orangeburg,2022,53,1.55,4.36,4.36,0,15,38,0.0
SC,Pickens,2017,35,1.51,3.83,4.8,13,16,6,37.14
SC,Pickens,2018,57,1.58,4.67,5.47,21,34,2,36.84
SC,Pickens,2019,30,0.57,5.03,5.24,4,13,13,13.33
SC,Pickens,2020,18,0.5,3.67,4.39,2,13,3,11.11
SC,Pickens,2021,28,0.54,4.25,4.82,6,18,4,21.43
SC,Pickens,2022,35,0.51,5.11,5.43,2,16,17,5.71
SC,Richland,2017,305,1.34,2.85,3.65,127,122,56,41.64
SC,Richland,2018,568,1.42,2.91,3.71,203,240,125,35.74
SC,Richland,2019,325,1.08,3.11,3.73,94,133,98,28.92
SC,Richland,2020,131,1.18,3.72,4.56,19,71,41,14.5
SC,Richland,2021,382,1.04,3.03,3.81,45,170,167,11.78
SC,Richland,2022,162,1.22,5.01,5.57,28,62,72,17.28
SC,Saluda,2016,1,2.0,0.0,0.0,0,0,1,0.0
SC,Saluda,2017,4,1.75,9.68,9.68,2,1,1,50.0
SC,Saluda,2018,15,1.6,6.11,6.19,4,6,5,26.67
SC,Saluda,2019,1,1.0,13.0,13.0,1,0,0,100.0
SC,Saluda,2020,2,0.5,3.0,3.0,0,0,2,0.0
SC,Saluda,2021,8,0.88,7.88,7.88,3,1,4,37.5
SC,Saluda,2022,3,0.67,4.0,4.0,0,0,3,0.0
SC,Spartanburg,2017,95,1.21,2.78,3.06,40,42,13,42.11
SC,Spartanburg,2018,148,1.18,3.31,3.59,46,75,27,31.08
SC,Spartanburg,2019,101,0.95,5.95,6.18,32,41,28,31.68
SC,Spartanburg,2020,112,1.31,4.31,4.54,12,39,61,10.71
SC,Spartanburg,2021,163,1.31,3.72,3.94,4,47,112,2.45
SC,Spartanburg,2022,238,0.92,5.13,5.12,10,86,142,4.2
SC,Sumter,2017,28,1.5,3.68,3.85,11,8,9,39.29
SC,Sumter,2018,110,1.51,4.03,4.14,18,40,52,16.36
SC,Sumter,2019,34,1.18,4.15,4.17,7,9,18,20.59
SC,Sumter,2020,5,1.0,5.0,5.0,1,1,3,20.0
SC,Sumter,2021,4,0.75,8.75,8.75,0,3,1,0.0
SC,Sumter,2022,13,0.77,3.46,3.69,0,1,12,0.0
SC,Union,2017,11,1.55,6.88,7.46,4,3,4,36.36
SC,Union,2018,16,1.62,3.31,3.33,6,5,5,37.5
SC,Union,2019,6,0.5,3.19,3.2,2,1,3,33.33
SC,Union,2020,4,1.5,13.5,13.75,2,0,2,50.0
SC,Union,2021,4,1.5,7.25,7.5,0,0,4,0.0
SC,Union,2022,8,0.25,4.0,4.12,0,0,8,0.0
SC,Williamsburg,2017,23,1.48,5.72,5.73,8,9,6,34.78
SC,Williamsburg,2018,73,1.37,6.35,6.4,29,16,28,39.73
SC,Williamsburg,2019,20,0.75,4.85,4.92,6,5,9,30.0
SC,Williamsburg,2020,14,0.57,4.86,4.93,3,3,8,21.43
SC,Williamsburg,2021,18,0.83,5.89,6.78,11,2,5,61.11
SC,Williamsburg,2022,13,0.85,6.0,6.15,2,1,10,15.38
SC,York,2017,87,1.24,3.59,4.81,28,35,24,32.18
SC,York,2018,138,1.36,4.69,5.71,43,52,43,31.16
SC,York,2019,130,1.0,3.85,4.71,39,58,33,30.0
SC,York,2020,50,0.78,3.98,4.64,16,15,19,32.0
SC,York,2021,81,0.98,4.21,5.33,17,51,13,20.99
SC,York,2022,77,1.0,5.51,5.79,14,31,32,18.18
SD,Aurora,2017,9,1.67,3.33,3.33,4,0,5,44.44
SD,Aurora,2018,26,1.69,3.12,3.18,3,5,18,11.54
SD,Aurora,2019,27,1.67,4.14,4.17,12,4,11,44.44
SD,Aurora,2020,6,1.67,3.83,4.0,0,2,4,0.0
SD,Aurora,2021,14,1.14,3.79,3.93,1,0,13,7.14
SD,Aurora,2022,1,1.0,2.0,2.0,0,0,1,0.0
SD,Beadle,2017,3,1.67,2.86,2.9,0,0,3,0.0
SD,Beadle,2018,20,1.3,3.44,3.46,2,5,13,10.0
SD,Beadle,2019,11,1.45,6.12,6.24,2,3,6,18.18
SD,Beadle,2020,19,1.16,3.79,4.05,4,4,11,21.05
SD,Beadle,2021,8,1.12,3.5,3.5,0,2,6,0.0
SD,Beadle,2022,1,1.0,8.0,8.0,0,0,1,0.0
SD,Bennett,2017,1,1.0,1.87,1.87,0,0,1,0.0
SD,Bennett,2018,2,1.0,3.84,3.92,0,1,1,0.0
SD,Bennett,2019,3,1.0,3.67,3.67,0,1,2,0.0
SD,Bennett,2020,3,1.67,5.67,5.67,0,1,2,0.0
SD,Bennett,2021,2,1.5,7.0,7.5,0,0,2,0.0
SD,Bon Homme,2017,2,1.5,5.03,5.13,0,0,2,0.0
SD,Bon Homme,2018,5,1.0,3.86,3.89,1,1,3,20.0
SD,Bon Homme,2019,17,0.65,3.52,3.76,4,1,12,23.53
SD,Bon Homme,2020,11,0.91,4.27,4.36,4,1,6,36.36
SD,Bon Homme,2021,5,0.6,5.0,4.6,4,0,1,80.0
SD,Bon Homme,2022,1,0.0,2.0,2.0,0,0,1,0.0
SD,Brookings,2017,7,1.57,2.47,2.49,2,2,3,28.57
SD,Brookings,2018,31,1.9,2.95,2.97,7,5,19,22.58
SD,Brookings,2019,25,1.24,4.38,4.45,6,3,16,24.0
SD,Brookings,2020,17,1.53,5.35,5.47,2,3,12,11.76
SD,Brookings,2021,7,1.0,3.14,3.71,2,0,5,28.57
SD,Brookings,2022,4,1.25,3.0,3.0,0,0,4,0.0
SD,Brown,2017,11,1.09,1.25,1.42,0,8,3,0.0
SD,Brown,2018,26,1.08,2.69,2.86,0,15,11,0.0
SD,Brown,2019,11,1.27,2.74,2.76,3,4,4,27.27
SD,Brown,2020,32,1.31,2.78,3.62,4,17,11,12.5
SD,Brown,2021,20,1.2,2.7,3.4,0,11,9,0.0
SD,Brule,2017,5,1.8,0.59,0.58,2,0,3,40.0
SD,Brule,2018,23,1.61,3.3,3.32,9,4,10,39.13
SD,Brule,2019,29,1.66,3.42,3.45,8,2,19,27.59
SD,Brule,2020,9,1.44,3.89,4.11,2,2,5,22.22
SD,Brule,2021,28,1.04,3.43,3.54,1,5,22,3.57
SD,Buffalo,2018,1,1.0,3.83,4.12,0,0,1,0.0
SD,Buffalo,2019,3,0.67,5.33,5.33,0,0,3,0.0
SD,Buffalo,2020,1,1.0,9.0,9.0,0,0,1,0.0
SD,Buffalo,2021,5,0.4,4.2,4.4,0,0,5,0.0
SD,Butte,2017,12,1.25,2.34,2.34,6,4,2,50.0
SD,Butte,2018,20,1.55,2.6,2.62,4,3,13,20.0
SD,Butte,2019,12,1.17,4.9,4.94,5,4,3,41.67
SD,Butte,2020,4,2.0,6.75,6.75,0,3,1,0.0
SD,Butte,2021,10,1.4,3.4,3.7,2,0,8,20.0
SD,Butte,2022,1,1.0,1.0,1.0,0,0,1,0.0
SD,Campbell,2018,4,1.75,4.1,4.21,0,0,4,0.0
SD,Campbell,2019,5,1.4,4.6,6.65,2,1,2,40.0
SD,Campbell,2020,11,1.0,5.09,5.82,5,1,5,45.45
SD,Campbell,2021,3,1.33,3.33,3.67,1,0,2,33.33
SD,Charles Mix,2017,4,1.25,4.85,4.9,0,0,4,0.0
SD,Charles Mix,2018,4,1.75,4.41,4.51,0,1,3,0.0
SD,Charles Mix,2019,8,1.25,3.47,3.47,0,0,8,0.0
SD,Charles Mix,2020,10,0.7,4.1,4.1,0,0,10,0.0
SD,Charles Mix,2021,6,0.67,5.17,5.5,1,1,4,16.67
SD,Clark,2017,2,1.0,7.01,7.11,0,2,0,0.0
SD,Clark,2018,3,1.67,0.52,0.52,0,3,0,0.0
SD,Clark,2019,6,0.83,2.88,3.05,4,0,2,66.67
SD,Clark,2020,2,1.0,5.0,5.0,2,0,0,100.0
SD,Clark,2021,9,0.33,2.67,2.89,7,0,2,77.78
SD,Clay,2017,3,1.33,8.79,8.8,1,0,2,33.33
SD,Clay,2018,3,1.33,5.68,5.73,1,0,2,33.33
SD,Clay,2019,5,0.8,3.8,3.8,1,2,2,20.0
SD,Clay,2020,8,1.25,4.5,4.5,1,0,7,12.5
SD,Clay,2021,1,2.0,6.0,6.0,0,0,1,0.0
SD,Codington,2017,9,1.89,7.37,7.4,2,3,4,22.22
SD,Codington,2018,25,1.68,4.27,4.35,3,5,17,12.0
SD,Codington,2019,33,1.64,5.1,5.18,12,9,12,36.36
SD,Codington,2020,11,0.73,3.91,4.09,7,1,3,63.64
SD,Codington,2021,22,1.27,3.64,4.0,1,1,20,4.55
SD,Codington,2022,4,1.0,2.5,2.75,1,0,3,25.0
SD,Corson,2017,1,1.0,27.93,27.97,1,0,0,100.0
SD,Corson,2018,2,1.5,7.21,7.46,2,0,0,100.0
SD,Corson,2019,5,1.4,4.56,4.75,1,2,2,20.0
SD,Corson,2020,7,1.29,4.86,5.14,3,1,3,42.86
SD,Corson,2021,6,1.33,4.17,4.17,2,0,4,33.33
SD,Corson,2022,2,1.5,3.5,4.0,0,0,2,0.0
SD,Custer,2017,2,2.0,9.48,9.56,2,0,0,100.0
SD,Custer,2018,11,1.82,4.36,4.38,3,1,7,27.27
SD,Custer,2019,8,1.25,6.28,6.29,2,0,6,25.0
SD,Custer,2020,17,0.88,5.0,5.06,2,8,7,11.76
SD,Custer,2021,16,0.56,3.06,3.56,6,2,8,37.5
SD,Custer,2022,2,1.0,3.0,3.0,0,0,2,0.0
SD,Davison,2017,8,1.0,2.76,2.8,4,0,4,50.0
SD,Davison,2018,21,1.95,3.67,3.69,0,6,15,0.0
SD,Davison,2019,17,1.82,2.71,2.74,2,2,13,11.76
SD,Davison,2020,7,1.71,5.57,5.71,0,2,5,0.0
SD,Davison,2021,8,1.38,3.88,4.0,1,1,6,12.5
SD,Davison,2022,5,1.2,1.8,1.8,0,0,5,0.0
SD,Day,2017,9,1.33,1.74,1.75,3,2,4,33.33
SD,Day,2018,11,1.09,1.54,1.55,7,1,3,63.64
SD,Day,2019,20,1.05,2.86,2.82,7,1,12,35.0
SD,Day,2020,3,1.0,7.33,7.33,2,0,1,66.67
SD,Day,2021,2,0.5,1.5,2.0,1,0,1,50.0
SD,Deuel,2017,3,1.67,7.9,7.91,1,0,2,33.33
SD,Deuel,2018,21,1.62,2.6,2.61,2,0,19,9.52
SD,Deuel,2019,17,1.41,3.85,3.88,3,2,12,17.65
SD,Deuel,2020,12,1.0,4.75,4.83,5,3,4,41.67
SD,Deuel,2021,15,0.73,2.93,2.87,5,1,9,33.33
SD,Deuel,2022,2,1.0,2.5,2.5,0,0,2,0.0
SD,Dewey,2017,4,1.0,0.62,1.98,2,0,2,50.0
SD,Dewey,2018,2,1.5,3.46,3.43,2,0,0,100.0
SD,Dewey,2019,15,1.4,4.71,4.97,4,5,6,26.67
SD,Dewey,2020,13,1.46,4.23,4.23,1,7,5,7.69
SD,Dewey,2021,1,3.0,11.0,11.0,0,1,0,0.0
SD,Dewey,2022,2,1.5,3.5,4.5,0,0,2,0.0
SD,Douglas,2017,2,1.5,2.8,2.81,0,0,2,0.0
SD,Douglas,2018,4,1.0,4.29,4.31,1,1,2,25.0
SD,Douglas,2019,1,0.0,4.0,4.0,1,0,0,100.0
SD,Douglas,2020,3,1.0,5.0,5.33,2,0,1,66.67
SD,Douglas,2021,2,0.5,5.0,5.0,1,1,0,50.0
SD,Edmunds,2017,5,1.0,1.33,1.33,3,0,2,60.0
SD,Edmunds,2018,12,1.08,2.55,2.59,2,3,7,16.67
SD,Edmunds,2019,10,1.2,5.15,5.17,0,5,5,0.0
SD,Edmunds,2020,5,0.8,3.8,3.8,2,1,2,40.0
SD,Edmunds,2021,2,1.0,2.0,2.0,0,0,2,0.0
SD,Fall River,2017,5,1.8,8.52,8.64,0,2,3,0.0
SD,Fall River,2018,5,2.0,6.41,6.49,0,2,3,0.0
SD,Fall River,2019,8,1.38,4.82,4.94,2,4,2,25.0
SD,Fall River,2020,1,2.0,7.0,7.0,0,1,0,0.0
SD,Fall River,2021,17,0.71,4.0,4.29,1,1,15,5.88
SD,Fall River,2022,4,0.5,3.25,3.5,0,0,4,0.0
SD,Faulk,2017,1,2.0,7.3,7.23,0,0,1,0.0
SD,Faulk,2018,2,1.0,2.71,2.79,1,0,1,50.0
SD,Faulk,2019,4,1.25,6.19,6.27,1,0,3,25.0
SD,Faulk,2020,2,1.5,5.5,5.5,1,0,1,50.0
SD,Faulk,2021,21,1.67,4.1,4.14,2,5,14,9.52
SD,Grant,2017,2,1.5,3.22,3.22,1,0,1,50.0
SD,Grant,2018,24,1.38,3.43,3.44,2,3,19,8.33
SD,Grant,2019,10,1.4,3.7,3.82,2,1,7,20.0
SD,Grant,2020,5,0.4,6.2,6.2,2,1,2,40.0
SD,Grant,2021,18,1.0,5.5,5.67,11,2,5,61.11
SD,Grant,2022,4,1.0,2.75,2.75,0,0,4,0.0
SD,Gregory,2017,2,2.0,3.99,4.02,0,0,2,0.0
SD,Gregory,2018,10,1.5,4.5,4.76,1,0,9,10.0
SD,Gregory,2019,9,0.78,7.89,8.06,8,1,0,88.89
SD,Gregory,2020,7,0.86,6.14,6.14,4,1,2,57.14
SD,Gregory,2021,9,0.11,3.11,3.11,4,0,5,44.44
SD,Gregory,2022,1,0.0,4.0,4.0,0,0,1,0.0
SD,Haakon,2018,1,2.0,1.2,1.2,0,0,1,0.0
SD,Haakon,2019,2,1.5,4.0,4.0,0,2,0,0.0
SD,Haakon,2020,4,0.75,6.25,6.25,0,0,4,0.0
SD,Haakon,2021,2,1.0,5.0,6.0,0,1,1,0.0
SD,Haakon,2022,2,1.5,5.5,5.5,0,0,2,0.0
SD,Hamlin,2018,9,1.44,6.06,6.08,2,1,6,22.22
SD,Hamlin,2019,8,1.0,4.83,4.98,4,0,4,50.0
SD,Hamlin,2020,7,0.71,5.86,5.86,5,1,1,71.43
SD,Hamlin,2021,27,0.59,5.11,5.15,22,3,2,81.48
SD,Hamlin,2022,1,1.0,6.0,6.0,0,0,1,0.0
SD,Hand,2017,1,1.0,0.0,0.0,0,1,0,0.0
SD,Hand,2018,5,1.6,5.52,5.56,0,0,5,0.0
SD,Hand,2019,5,0.0,3.58,3.65,2,0,3,40.0
SD,Hand,2020,14,1.0,4.5,4.64,6,0,8,42.86
SD,Hand,2021,3,1.67,7.67,7.67,0,0,3,0.0
SD,Hand,2022,2,1.5,6.5,6.5,0,0,2,0.0
SD,Hanson,2017,8,2.12,4.32,4.35,0,0,8,0.0
SD,Hanson,2018,17,1.71,4.19,4.2,1,1,15,5.88
SD,Hanson,2019,15,1.67,3.09,3.02,6,0,9,40.0
SD,Hanson,2020,2,1.5,2.0,2.5,0,0,2,0.0
SD,Hanson,2021,8,0.75,3.25,3.38,4,0,4,50.0
SD,Hanson,2022,6,1.17,3.5,3.67,1,0,5,16.67
SD,Harding,2017,28,1.46,1.69,1.7,17,4,7,60.71
SD,Harding,2018,10,1.6,8.52,8.51,2,1,7,20.0
SD,Harding,2019,1,2.0,5.58,5.6,0,0,1,0.0
SD,Harding,2020,3,1.33,4.0,4.0,2,0,1,66.67
SD,Harding,2021,1,1.0,2.0,2.0,0,0,1,0.0
SD,Hughes,2017,1,2.0,0.02,0.02,0,0,1,0.0
SD,Hughes,2018,4,1.75,6.61,6.63,3,1,0,75.0
SD,Hughes,2019,9,0.67,3.24,3.47,3,2,4,33.33
SD,Hughes,2020,3,1.33,9.0,9.0,2,1,0,66.67
SD,Hughes,2021,8,1.5,4.88,5.0,2,3,3,25.0
SD,Hughes,2022,2,1.5,6.5,6.5,0,0,2,0.0
SD,Hutchinson,2017,4,1.5,9.56,9.68,0,1,3,0.0
SD,Hutchinson,2018,5,1.4,6.46,6.48,0,1,4,0.0
SD,Hutchinson,2019,7,0.71,3.77,3.77,3,0,4,42.86
SD,Hutchinson,2020,7,0.43,4.43,4.43,0,0,7,0.0
SD,Hutchinson,2021,8,0.38,3.38,3.5,2,0,6,25.0
SD,Hutchinson,2022,1,2.0,10.0,11.0,0,0,1,0.0
SD,Hyde,2017,1,2.0,4.3,4.43,0,1,0,0.0
SD,Hyde,2018,4,1.0,4.16,4.21,1,1,2,25.0
SD,Hyde,2019,5,0.8,4.96,4.98,4,0,1,80.0
SD,Hyde,2020,2,0.5,4.5,4.5,2,0,0,100.0
SD,Hyde,2021,2,2.0,10.5,10.5,1,1,0,50.0
SD,Jackson,2017,8,2.25,3.33,3.33,1,2,5,12.5
SD,Jackson,2018,33,1.7,4.07,4.1,8,4,21,24.24
SD,Jackson,2019,55,1.47,3.53,3.64,7,4,44,12.73
SD,Jackson,2020,24,1.29,4.04,4.33,1,0,23,4.17
SD,Jackson,2021,35,1.43,5.26,5.54,4,3,28,11.43
SD,Jackson,2022,5,1.0,2.4,2.4,0,0,5,0.0
SD,Jerauld,2017,1,1.0,0.47,0.47,1,0,0,100.0
SD,Jerauld,2018,8,1.88,3.91,3.96,0,2,6,0.0
SD,Jerauld,2019,3,1.0,4.65,4.98,0,1,2,0.0
SD,Jerauld,2020,3,1.33,6.0,6.67,0,0,3,0.0
SD,Jerauld,2021,1,0.0,4.0,3.0,0,0,1,0.0
SD,Jones,2017,7,2.0,3.79,3.8,1,1,5,14.29
SD,Jones,2018,14,1.79,2.98,2.99,6,1,7,42.86
SD,Jones,2019,72,1.6,4.17,4.3,12,28,32,16.67
SD,Jones,2020,69,1.49,4.48,4.77,11,28,30,15.94
SD,Jones,2021,20,1.6,3.5,3.65,0,3,17,0.0
SD,Jones,2022,2,1.5,3.5,3.5,0,0,2,0.0
SD,Kingsbury,2017,2,2.0,6.1,6.08,0,0,2,0.0
SD,Kingsbury,2018,13,1.46,4.55,4.6,0,1,12,0.0
SD,Kingsbury,2019,8,1.0,6.85,6.86,4,0,4,50.0
SD,Kingsbury,2020,4,1.25,5.5,5.5,2,1,1,50.0
SD,Kingsbury,2021,9,0.67,3.67,3.67,3,0,6,33.33
SD,Kingsbury,2022,1,1.0,6.0,6.0,0,0,1,0.0
SD,Lake,2017,6,1.67,4.08,4.09,0,3,3,0.0
SD,Lake,2018,2,1.5,1.16,1.17,0,0,2,0.0
SD,Lake,2019,4,0.25,3.5,3.5,0,1,3,0.0
SD,Lake,2020,2,0.0,3.5,3.5,0,0,2,0.0
SD,Lake,2022,1,1.0,4.0,6.0,0,0,1,0.0
SD,Lawrence,2017,14,1.93,5.42,5.49,0,6,8,0.0
SD,Lawrence,2018,45,1.69,4.9,4.94,10,7,28,22.22
SD,Lawrence,2019,26,1.27,2.87,2.94,7,2,17,26.92
SD,Lawrence,2020,6,1.17,3.0,3.33,1,1,4,16.67
SD,Lawrence,2021,26,1.04,3.77,3.96,1,6,19,3.85
SD,Lawrence,2022,8,0.88,3.12,3.38,0,0,8,0.0
SD,Lincoln,2017,11,1.82,5.43,5.43,2,3,6,18.18
SD,Lincoln,2018,23,1.65,3.75,3.77,1,1,21,4.35
SD,Lincoln,2019,29,1.38,3.24,3.41,2,6,21,6.9
SD,Lincoln,2020,16,1.19,3.88,4.0,1,3,12,6.25
SD,Lincoln,2021,32,1.06,3.91,4.22,5,3,24,15.62
SD,Lincoln,2022,4,1.25,5.5,5.25,0,1,3,0.0
SD,Lyman,2017,19,1.58,3.09,3.09,10,2,7,52.63
SD,Lyman,2018,44,1.89,4.37,4.38,9,6,29,20.45
SD,Lyman,2019,83,1.55,2.39,2.41,34,6,43,40.96
SD,Lyman,2020,17,1.41,3.29,3.41,4,3,10,23.53
SD,Lyman,2021,26,1.5,3.77,4.0,2,1,23,7.69
SD,Lyman,2022,7,1.71,5.0,5.0,1,1,5,14.29
SD,Marshall,2018,3,0.67,5.06,5.08,1,0,2,33.33
SD,Marshall,2019,1,1.0,5.0,5.0,1,0,0,100.0
SD,Marshall,2020,6,0.67,5.33,5.5,3,0,3,50.0
SD,Marshall,2021,7,0.29,3.29,3.29,3,0,4,42.86
SD,Marshall,2022,1,1.0,7.0,7.0,1,0,0,100.0
SD,McCook,2017,7,2.0,2.17,2.18,0,1,6,0.0
SD,McCook,2018,20,1.65,2.69,2.73,1,1,18,5.0
SD,McCook,2019,19,1.74,2.96,2.98,2,1,16,10.53
SD,McCook,2020,10,1.3,3.7,3.9,1,2,7,10.0
SD,McCook,2021,18,1.28,3.17,3.28,1,3,14,5.56
SD,McCook,2022,7,1.14,3.29,3.29,0,0,7,0.0
SD,McPherson,2020,6,0.33,4.5,4.5,5,0,1,83.33
SD,McPherson,2021,4,0.75,5.25,5.25,4,0,0,100.0
SD,Meade,2017,6,1.83,4.64,4.59,1,1,4,16.67
SD,Meade,2018,20,1.85,3.82,3.85,2,3,15,10.0
SD,Meade,2019,17,1.29,3.88,3.94,2,5,10,11.76
SD,Meade,2020,13,1.08,2.92,3.0,0,1,12,0.0
SD,Meade,2021,15,1.33,4.47,4.6,0,2,13,0.0
SD,Meade,2022,4,1.0,3.0,3.0,0,2,2,0.0
SD,Mellette,2017,1,2.0,14.3,14.33,0,0,1,0.0
SD,Mellette,2018,2,2.0,6.15,6.15,1,0,1,50.0
SD,Mellette,2019,10,0.8,3.6,3.5,2,3,5,20.0
SD,Mellette,2020,13,0.77,4.23,4.31,7,1,5,53.85
SD,Mellette,2021,78,1.77,4.38,4.62,2,32,44,2.56
SD,Mellette,2022,1,2.0,13.0,13.0,0,0,1,0.0
SD,Miner,2017,1,2.0,6.75,6.73,0,0,1,0.0
SD,Miner,2018,4,1.25,8.38,8.42,1,1,2,25.0
SD,Miner,2019,3,0.67,7.67,8.0,1,0,2,33.33
SD,Miner,2020,2,1.0,6.0,6.0,1,0,1,50.0
SD,Miner,2021,2,0.5,4.0,4.0,1,0,1,50.0
SD,Minnehaha,2017,27,1.85,4.14,4.14,5,6,16,18.52
SD,Minnehaha,2018,51,1.69,2.75,2.85,9,7,35,17.65
SD,Minnehaha,2019,58,1.21,3.02,3.25,21,12,25,36.21
SD,Minnehaha,2020,113,0.45,2.3,3.55,50,48,15,44.25
SD,Minnehaha,2021,110,0.49,2.35,3.66,42,51,17,38.18
SD,Minnehaha,2022,8,1.12,3.12,3.62,4,0,4,50.0
SD,Moody,2017,7,1.71,4.61,4.61,1,1,5,14.29
SD,Moody,2018,12,1.83,4.5,4.57,1,1,10,8.33
SD,Moody,2019,12,1.75,5.3,5.28,0,0,12,0.0
SD,Moody,2020,4,1.0,2.25,2.25,0,0,4,0.0
SD,Moody,2021,12,1.42,2.75,2.92,0,1,11,0.0
SD,Moody,2022,1,1.0,2.0,2.0,1,0,0,100.0
SD,Oglala Lakota,2017,21,1.86,4.07,5.35,0,3,18,0.0
SD,Oglala Lakota,2018,1,1.0,6.38,6.2,1,0,0,100.0
SD,Oglala Lakota,2019,9,1.33,6.0,6.89,3,3,3,33.33
SD,Oglala Lakota,2020,1,1.0,7.0,7.0,1,0,0,100.0
SD,Oglala Lakota,2021,5,0.6,3.4,4.0,2,1,2,40.0
SD,Pennington,2017,19,1.79,5.4,5.41,3,6,10,15.79
SD,Pennington,2018,74,1.92,5.5,5.52,10,13,51,13.51
SD,Pennington,2019,88,1.24,4.17,4.26,22,20,46,25.0
SD,Pennington,2020,46,0.85,5.52,5.85,13,14,19,28.26
SD,Pennington,2021,44,0.93,4.34,4.64,9,6,29,20.45
SD,Pennington,2022,7,1.29,4.0,4.14,0,1,6,0.0
SD,Perkins,2018,15,1.87,5.31,5.33,0,0,15,0.0
SD,Perkins,2019,1,1.0,5.67,5.62,0,0,1,0.0
SD,Perkins,2020,2,1.0,3.5,3.5,0,0,2,0.0
SD,Perkins,2021,5,0.6,5.2,5.2,4,0,1,80.0
SD,Perkins,2022,1,1.0,5.0,5.0,0,0,1,0.0
SD,Potter,2017,2,1.5,1.48,1.48,0,0,2,0.0
SD,Potter,2018,4,1.5,5.79,5.83,0,0,4,0.0
SD,Potter,2019,5,1.2,4.78,5.0,1,2,2,20.0
SD,Potter,2020,10,0.7,6.9,7.0,8,0,2,80.0
SD,Potter,2021,7,0.86,3.43,3.43,2,0,5,28.57
SD,Potter,2022,1,2.0,6.0,6.0,0,1,0,0.0
SD,Roberts,2017,9,1.67,4.31,4.32,3,2,4,33.33
SD,Roberts,2018,49,1.86,3.95,3.95,8,4,37,16.33
SD,Roberts,2019,24,1.58,3.12,3.18,8,4,12,33.33
SD,Roberts,2020,14,1.14,5.36,5.5,6,1,7,42.86
SD,Roberts,2021,24,0.58,4.38,4.5,2,1,21,8.33
SD,Roberts,2022,4,0.25,2.0,2.0,0,0,4,0.0
SD,Sanborn,2018,2,1.0,2.61,2.61,1,0,1,50.0
SD,Sanborn,2019,5,1.0,6.2,6.2,0,1,4,0.0
SD,Sanborn,2020,6,1.17,4.5,4.5,0,1,5,0.0
SD,Sanborn,2021,1,1.0,3.0,3.0,0,0,1,0.0
SD,Spink,2018,6,1.33,3.34,3.38,3,1,2,50.0
SD,Spink,2019,9,1.11,4.85,4.84,2,2,5,22.22
SD,Spink,2020,21,1.0,6.14,6.19,8,3,10,38.1
SD,Spink,2021,7,0.71,4.71,4.86,1,0,6,14.29
SD,Stanley,2018,9,1.67,5.57,5.64,1,3,5,11.11
SD,Stanley,2019,11,1.18,3.6,3.6,4,0,7,36.36
SD,Stanley,2020,13,1.46,4.0,4.15,0,8,5,0.0
SD,Stanley,2021,5,1.2,2.4,2.8,0,2,3,0.0
SD,Sully,2018,1,2.0,6.02,6.02,0,0,1,0.0
SD,Sully,2019,23,0.52,4.09,4.13,1,0,22,4.35
SD,Sully,2020,26,0.35,3.38,3.54,1,2,23,3.85
SD,Sully,2021,5,1.4,4.0,4.4,0,3,2,0.0
SD,Todd,2017,1,2.0,4.97,4.98,0,0,1,0.0
SD,Todd,2018,30,1.83,5.72,5.73,2,12,16,6.67
SD,Todd,2019,28,1.25,4.31,4.31,4,11,13,14.29
SD,Todd,2020,20,1.25,5.1,5.4,3,8,9,15.0
SD,Todd,2021,6,0.33,3.0,3.0,0,2,4,0.0
SD,Tripp,2017,2,2.0,2.56,2.58,0,1,1,0.0
SD,Tripp,2018,7,1.86,7.61,7.65,0,1,6,0.0
SD,Tripp,2019,16,0.56,5.16,5.22,7,2,7,43.75
SD,Tripp,2020,43,0.58,4.93,4.98,6,5,32,13.95
SD,Tripp,2021,10,0.5,4.3,4.5,3,0,7,30.0
SD,Tripp,2022,2,0.5,6.0,5.5,0,0,2,0.0
SD,Turner,2018,3,1.33,5.64,5.61,1,1,1,33.33
SD,Turner,2019,5,0.6,4.93,5.13,3,0,2,60.0
SD,Turner,2020,4,0.5,4.0,4.0,3,1,0,75.0
SD,Turner,2021,10,0.4,4.3,4.7,4,3,3,40.0
SD,Union,2016,5,1.8,0.81,0.81,2,1,2,40.0
SD,Union,2017,15,1.47,2.09,2.18,4,4,7,26.67
SD,Union,2018,29,1.66,4.24,4.4,0,5,24,0.0
SD,Union,2019,50,1.66,2.5,2.54,9,5,36,18.0
SD,Union,2020,28,1.11,3.18,3.29,11,3,14,39.29
SD,Union,2021,16,1.31,3.06,3.06,5,1,10,31.25
SD,Union,2022,3,2.0,4.67,5.0,0,0,3,0.0
SD,Walworth,2017,5,1.2,1.84,1.87,0,0,5,0.0
SD,Walworth,2018,1,2.0,7.02,7.02,0,1,0,0.0
SD,Walworth,2019,6,1.17,8.0,8.0,2,1,3,33.33
SD,Walworth,2020,5,1.6,5.0,5.0,2,1,2,40.0
SD,Walworth,2021,1,2.0,3.0,3.0,0,1,0,0.0
SD,Yankton,2017,3,1.0,1.84,1.87,0,0,3,0.0
SD,Yankton,2018,11,1.64,8.18,8.22,1,8,2,9.09
SD,Yankton,2019,10,0.9,3.13,3.15,3,2,5,30.0
SD,Yankton,2020,5,1.4,3.2,3.4,2,2,1,40.0
SD,Yankton,2021,5,1.2,3.8,3.8,2,1,2,40.0
SD,Yankton,2022,1,1.0,2.0,2.0,0,0,1,0.0
SD,Ziebach,2017,2,2.0,4.22,4.23,0,2,0,0.0
SD,Ziebach,2018,3,1.0,8.99,9.09,2,0,1,66.67
SD,Ziebach,2019,4,1.5,7.5,7.5,4,0,0,100.0
SD,Ziebach,2020,8,0.88,4.5,4.88,3,2,3,37.5
SD,Ziebach,2021,3,1.0,4.0,4.0,2,0,1,66.67
TN,Anderson,2017,19,1.53,4.08,4.74,1,8,10,5.26
TN,Anderson,2018,38,1.71,5.52,5.78,12,15,11,31.58
TN,Anderson,2019,57,1.07,4.09,4.46,11,22,24,19.3
TN,Anderson,2020,14,1.14,5.29,5.93,2,6,6,14.29
TN,Anderson,2021,36,0.97,4.81,5.28,4,20,12,11.11
TN,Anderson,2022,27,1.11,4.74,5.04,0,10,17,0.0
TN,Bedford,2017,14,1.57,4.55,4.58,5,5,4,35.71
TN,Bedford,2018,34,1.53,3.03,3.18,18,6,10,52.94
TN,Bedford,2019,14,1.14,7.01,7.02,3,6,5,21.43
TN,Bedford,2020,11,0.82,4.73,5.73,2,7,2,18.18
TN,Bedford,2021,16,0.5,0.94,2.06,1,12,3,6.25
TN,Bedford,2022,8,0.62,3.0,3.25,0,1,7,0.0
TN,Benton,2017,10,1.4,4.2,4.2,2,3,5,20.0
TN,Benton,2018,34,1.62,6.64,6.76,4,8,22,11.76
TN,Benton,2019,7,1.86,7.76,7.76,1,4,2,14.29
TN,Benton,2020,1,1.0,2.0,2.0,0,1,0,0.0
TN,Benton,2021,5,1.6,3.4,3.4,0,1,4,0.0
TN,Benton,2022,11,1.64,8.0,8.09,2,1,8,18.18
TN,Bledsoe,2017,4,1.75,3.01,3.03,0,2,2,0.0
TN,Bledsoe,2018,4,1.25,3.16,3.17,2,1,1,50.0
TN,Bledsoe,2019,6,0.33,3.83,3.83,1,1,4,16.67
TN,Bledsoe,2020,3,1.0,12.0,12.0,1,0,2,33.33
TN,Bledsoe,2021,1,1.0,7.0,8.0,0,1,0,0.0
TN,Blount,2017,39,1.23,3.12,3.28,13,15,11,33.33
TN,Blount,2018,71,1.32,2.92,3.11,23,31,17,32.39
TN,Blount,2019,49,0.71,7.24,7.37,18,23,8,36.73
TN,Blount,2020,29,0.28,3.17,4.1,7,13,9,24.14
TN,Blount,2021,32,0.31,2.88,3.5,3,19,10,9.38
TN,Blount,2022,20,0.9,6.95,7.35,6,13,1,30.0
TN,Bradley,2017,18,1.44,3.51,3.91,7,2,9,38.89
TN,Bradley,2018,50,1.58,4.37,4.6,11,13,26,22.0
TN,Bradley,2019,56,1.48,2.4,2.47,9,12,35,16.07
TN,Bradley,2020,33,1.0,3.3,3.82,6,11,16,18.18
TN,Bradley,2021,68,1.25,3.79,4.19,7,27,34,10.29
TN,Bradley,2022,24,1.75,6.75,6.83,1,9,14,4.17
TN,Campbell,2017,28,1.39,4.01,4.03,6,7,15,21.43
TN,Campbell,2018,55,1.67,5.94,6.13,9,18,28,16.36
TN,Campbell,2019,96,1.61,3.31,3.32,31,24,41,32.29
TN,Campbell,2020,14,1.36,4.79,5.0,0,2,12,0.0
TN,Campbell,2021,47,1.6,7.17,7.38,1,16,30,2.13
TN,Campbell,2022,62,1.53,5.58,5.65,1,15,46,1.61
TN,Cannon,2017,4,1.0,1.55,1.86,2,0,2,50.0
TN,Cannon,2018,8,1.12,3.17,3.47,3,1,4,37.5
TN,Cannon,2019,7,0.0,1.1,1.5,2,5,0,28.57
TN,Cannon,2020,7,0.14,2.43,2.71,1,1,5,14.29
TN,Cannon,2021,11,0.09,1.82,2.55,1,1,9,9.09
TN,Cannon,2022,8,0.25,2.25,2.62,0,3,5,0.0
TN,Carroll,2017,22,1.5,4.96,5.0,4,4,14,18.18
TN,Carroll,2018,39,1.05,3.12,3.15,2,11,26,5.13
TN,Carroll,2019,8,1.75,5.52,5.51,4,2,2,50.0
TN,Carroll,2020,8,0.88,5.5,5.62,1,2,5,12.5
TN,Carroll,2021,11,0.82,4.36,4.36,0,5,6,0.0
TN,Carroll,2022,5,1.2,6.4,6.4,0,2,3,0.0
TN,Carter,2017,1,2.0,5.37,5.23,1,0,0,100.0
TN,Carter,2018,14,1.93,6.34,6.64,10,3,1,71.43
TN,Carter,2019,13,1.23,5.45,6.1,9,4,0,69.23
TN,Carter,2020,27,1.07,2.96,4.56,2,22,3,7.41
TN,Carter,2021,36,1.0,1.42,3.08,1,34,1,2.78
TN,Carter,2022,3,1.33,5.67,5.67,0,2,1,0.0
TN,Cheatham,2017,14,1.71,1.73,4.13,1,4,9,7.14
TN,Cheatham,2018,31,1.81,5.32,5.36,4,8,19,12.9
TN,Cheatham,2019,22,1.23,4.09,4.14,5,7,10,22.73
TN,Cheatham,2020,12,0.83,7.25,8.75,2,5,5,16.67
TN,Cheatham,2021,26,1.31,4.54,4.65,0,11,15,0.0
TN,Cheatham,2022,27,1.44,7.0,7.11,1,11,15,3.7
TN,Chester,2018,3,1.0,2.82,2.83,0,1,2,0.0
TN,Chester,2020,1,0.0,4.0,4.0,0,1,0,0.0
TN,Claiborne,2017,2,2.0,8.52,8.52,2,0,0,100.0
TN,Claiborne,2018,3,1.33,5.89,5.9,0,1,2,0.0
TN,Claiborne,2019,8,1.38,6.28,6.31,1,2,5,12.5
TN,Claiborne,2020,7,1.43,9.43,9.43,1,2,4,14.29
TN,Claiborne,2021,4,0.75,3.75,4.0,0,1,3,0.0
TN,Claiborne,2022,3,0.67,4.67,5.0,1,0,2,33.33
TN,Clay,2017,2,2.0,8.09,8.09,1,1,0,50.0
TN,Clay,2018,3,2.0,11.31,11.3,1,2,0,33.33
TN,Clay,2019,1,1.0,8.0,8.0,0,1,0,0.0
TN,Cocke,2017,4,2.0,5.34,5.49,2,0,2,50.0
TN,Cocke,2018,8,1.88,4.03,4.61,4,3,1,50.0
TN,Cocke,2019,68,1.53,2.15,2.15,28,13,27,41.18
TN,Cocke,2020,10,1.5,4.7,4.9,0,3,7,0.0
TN,Cocke,2021,4,2.0,7.25,7.75,1,2,1,25.0
TN,Cocke,2022,7,1.43,3.43,3.43,1,2,4,14.29
TN,Coffee,2017,16,1.25,2.57,2.69,0,9,7,0.0
TN,Coffee,2018,13,1.92,4.97,6.02,2,7,4,15.38
TN,Coffee,2019,49,1.22,3.87,3.87,8,14,27,16.33
TN,Coffee,2020,21,1.14,5.0,5.14,1,6,14,4.76
TN,Coffee,2021,19,1.0,3.74,4.42,1,6,12,5.26
TN,Coffee,2022,17,0.76,2.24,2.29,0,4,13,0.0
TN,Crockett,2017,5,1.2,2.97,2.97,0,2,3,0.0
TN,Crockett,2018,18,1.17,3.09,3.11,2,2,14,11.11
TN,Crockett,2019,4,1.25,1.99,1.99,0,1,3,0.0
TN,Crockett,2020,3,1.0,7.0,7.0,0,1,2,0.0
TN,Crockett,2022,3,0.67,2.67,3.0,0,1,2,0.0
TN,Cumberland,2017,22,1.82,4.64,4.66,1,11,10,4.55
TN,Cumberland,2018,52,1.73,4.84,4.89,14,16,22,26.92
TN,Cumberland,2019,75,1.63,3.51,3.53,33,14,28,44.0
TN,Cumberland,2020,40,1.12,4.45,5.5,1,8,31,2.5
TN,Cumberland,2021,27,1.33,3.78,4.07,0,8,19,0.0
TN,Cumberland,2022,35,1.46,13.63,13.71,5,9,21,14.29
TN,Davidson,2017,979,1.39,2.32,3.63,346,444,189,35.34
TN,Davidson,2018,2655,1.31,2.05,3.24,903,1319,433,34.01
TN,Davidson,2019,2489,0.84,2.23,3.66,663,1197,629,26.64
TN,Davidson,2020,824,0.84,2.08,3.5,175,435,214,21.24
TN,Davidson,2021,1809,1.05,2.49,3.5,259,1035,515,14.32
TN,Davidson,2022,1262,1.23,3.35,4.51,134,757,371,10.62
TN,De Kalb,2022,1,1.0,7.0,7.0,0,0,1,0.0
TN,DeKalb,2017,2,1.0,1.98,1.98,0,1,1,0.0
TN,DeKalb,2018,4,1.75,6.35,6.37,1,3,0,25.0
TN,DeKalb,2019,6,1.0,5.93,5.97,0,3,3,0.0
TN,DeKalb,2020,2,0.0,2.5,3.0,0,0,2,0.0
TN,DeKalb,2021,2,0.0,1.5,2.0,0,0,2,0.0
TN,Decatur,2017,1,2.0,26.43,26.47,1,0,0,100.0
TN,Decatur,2018,23,1.61,6.54,6.56,5,7,11,21.74
TN,Decatur,2019,1,2.0,6.53,6.53,1,0,0,100.0
TN,Decatur,2020,4,1.75,7.75,8.0,0,3,1,0.0
TN,Decatur,2021,9,1.11,3.78,3.78,0,1,8,0.0
TN,Decatur,2022,1,2.0,6.0,7.0,0,0,1,0.0
TN,Dekalb,2017,2,1.5,9.24,9.27,0,1,1,0.0
TN,Dekalb,2018,2,1.5,0.06,0.12,1,0,1,50.0
TN,Dickson,2017,13,1.54,5.88,6.57,3,5,5,23.08
TN,Dickson,2018,29,1.72,4.82,4.87,8,12,9,27.59
TN,Dickson,2019,27,1.41,5.92,6.05,1,9,17,3.7
TN,Dickson,2020,8,1.12,3.12,3.88,0,4,4,0.0
TN,Dickson,2021,39,1.05,3.18,3.72,0,19,20,0.0
TN,Dickson,2022,15,1.87,6.47,6.47,1,7,7,6.67
TN,Dyer,2017,8,1.62,2.23,2.3,2,3,3,25.0
TN,Dyer,2018,26,1.73,4.11,4.15,2,6,18,7.69
TN,Dyer,2019,13,1.23,1.83,2.06,4,4,5,30.77
TN,Dyer,2020,7,1.14,5.71,5.86,2,3,2,28.57
TN,Dyer,2021,7,1.57,4.71,5.14,0,3,4,0.0
TN,Dyer,2022,11,0.91,3.45,3.73,0,0,11,0.0
TN,Fayette,2017,14,1.71,4.63,4.63,4,5,5,28.57
TN,Fayette,2018,42,1.71,4.45,4.57,10,7,25,23.81
TN,Fayette,2019,20,1.45,3.24,3.31,6,5,9,30.0
TN,Fayette,2020,27,1.59,9.48,10.59,2,11,14,7.41
TN,Fayette,2021,23,1.39,4.96,5.09,0,7,16,0.0
TN,Fayette,2022,17,0.94,6.0,6.18,0,4,13,0.0
TN,Fentress,2017,4,1.5,5.75,5.83,1,2,1,25.0
TN,Fentress,2018,5,1.8,4.14,4.19,1,2,2,20.0
TN,Fentress,2019,9,1.0,5.11,5.22,0,2,7,0.0
TN,Fentress,2020,5,1.4,4.0,5.6,0,1,4,0.0
TN,Fentress,2021,6,0.67,4.0,4.33,0,2,4,0.0
TN,Fentress,2022,2,1.0,4.0,4.0,0,0,2,0.0
TN,Franklin,2017,2,1.0,3.68,3.64,0,0,2,0.0
TN,Franklin,2018,10,1.8,3.53,3.56,0,6,4,0.0
TN,Franklin,2019,6,1.17,10.18,10.18,2,2,2,33.33
TN,Franklin,2020,7,0.71,7.43,7.43,2,1,4,28.57
TN,Franklin,2021,6,0.83,2.17,2.17,0,1,5,0.0
TN,Franklin,2022,6,1.33,6.83,7.17,0,0,6,0.0
TN,Gibson,2017,5,1.4,0.55,0.57,2,2,1,40.0
TN,Gibson,2018,63,1.29,4.26,4.28,7,13,43,11.11
TN,Gibson,2019,21,1.05,7.39,7.4,4,11,6,19.05
TN,Gibson,2020,10,0.6,5.0,5.1,0,4,6,0.0
TN,Gibson,2021,5,1.0,4.0,4.0,0,1,4,0.0
TN,Gibson,2022,8,1.0,4.88,5.0,0,2,6,0.0
TN,Giles,2017,7,1.57,4.04,4.03,1,4,2,14.29
TN,Giles,2018,19,2.0,3.61,4.07,5,4,10,26.32
TN,Giles,2019,78,1.62,2.61,2.63,32,9,37,41.03
TN,Giles,2020,10,1.8,9.7,9.7,1,3,6,10.0
TN,Giles,2021,21,0.71,2.52,3.14,2,8,11,9.52
TN,Giles,2022,10,1.0,4.4,4.7,1,0,9,10.0
TN,Grainger,2017,7,1.86,8.18,8.18,1,5,1,14.29
TN,Grainger,2018,17,1.82,7.22,7.25,3,8,6,17.65
TN,Grainger,2019,9,1.11,4.64,4.64,0,1,8,0.0
TN,Grainger,2020,8,1.25,6.25,6.0,0,5,3,0.0
TN,Grainger,2021,3,0.67,2.67,2.67,0,0,3,0.0
TN,Greene,2017,4,2.0,3.34,3.97,3,1,0,75.0
TN,Greene,2018,17,1.65,3.84,4.16,6,10,1,35.29
TN,Greene,2019,10,1.3,8.04,8.65,2,5,3,20.0
TN,Greene,2020,10,1.0,5.4,5.4,0,4,6,0.0
TN,Greene,2021,7,1.14,3.29,3.71,1,3,3,14.29
TN,Greene,2022,6,0.83,4.67,5.17,0,1,5,0.0
TN,Grundy,2017,6,1.33,2.12,2.14,1,2,3,16.67
TN,Grundy,2018,5,1.6,3.92,3.93,3,0,2,60.0
TN,Grundy,2019,16,1.5,6.63,7.0,10,2,4,62.5
TN,Grundy,2020,6,1.5,6.5,6.83,0,5,1,0.0
TN,Grundy,2021,7,1.14,6.29,6.43,0,3,4,0.0
TN,Grundy,2022,7,1.71,10.71,11.14,0,1,6,0.0
TN,Hamblen,2017,16,1.88,6.96,7.01,13,2,1,81.25
TN,Hamblen,2018,13,1.85,4.68,4.88,4,7,2,30.77
TN,Hamblen,2019,6,0.83,5.69,6.05,3,3,0,50.0
TN,Hamblen,2020,13,0.62,3.77,3.85,2,6,5,15.38
TN,Hamblen,2021,8,0.88,5.75,6.0,1,4,3,12.5
TN,Hamblen,2022,2,1.5,7.5,7.5,0,2,0,0.0
TN,Hamilton,2017,191,1.53,4.59,5.14,61,61,69,31.94
TN,Hamilton,2018,432,1.45,4.38,5.11,156,167,109,36.11
TN,Hamilton,2019,277,1.19,4.09,4.89,72,110,95,25.99
TN,Hamilton,2020,164,1.23,4.3,4.9,35,75,54,21.34
TN,Hamilton,2021,484,1.48,4.7,5.39,59,228,197,12.19
TN,Hamilton,2022,268,1.5,4.54,5.45,27,132,109,10.07
TN,Hancock,2018,1,2.0,0.0,0.0,1,0,0,100.0
TN,Hancock,2022,1,1.0,10.0,11.0,1,0,0,100.0
TN,Hardeman,2017,2,2.0,2.44,2.52,0,1,1,0.0
TN,Hardeman,2018,21,1.24,4.97,5.02,0,5,16,0.0
TN,Hardeman,2019,10,1.4,5.2,5.2,5,3,2,50.0
TN,Hardeman,2020,12,0.83,4.42,4.33,2,1,9,16.67
TN,Hardeman,2021,8,0.88,2.38,2.38,0,3,5,0.0
TN,Hardeman,2022,8,1.12,4.88,5.12,0,1,7,0.0
TN,Hardin,2017,9,1.78,4.59,4.69,1,3,5,11.11
TN,Hardin,2018,7,1.71,6.77,6.81,2,3,2,28.57
TN,Hardin,2019,7,1.43,7.21,7.37,3,0,4,42.86
TN,Hardin,2020,3,1.0,5.67,5.67,0,2,1,0.0
TN,Hardin,2021,8,0.62,3.38,3.88,0,2,6,0.0
TN,Hardin,2022,3,0.67,4.67,5.0,0,1,2,0.0
TN,Hawkins,2017,3,1.67,3.18,3.28,2,0,1,66.67
TN,Hawkins,2018,4,2.0,10.51,10.51,1,2,1,25.0
TN,Hawkins,2019,4,0.5,2.98,3.23,2,2,0,50.0
TN,Hawkins,2020,8,1.0,11.12,11.38,1,4,3,12.5
TN,Hawkins,2021,2,0.5,4.5,4.5,1,0,1,50.0
TN,Hawkins,2022,1,0.0,3.0,3.0,0,0,1,0.0
TN,Haywood,2017,6,1.5,2.21,2.23,3,1,2,50.0
TN,Haywood,2018,30,1.6,4.78,4.81,1,3,26,3.33
TN,Haywood,2019,37,1.51,4.46,4.46,12,8,17,32.43
TN,Haywood,2020,18,1.17,3.17,3.17,4,7,7,22.22
TN,Haywood,2021,10,1.4,4.8,5.1,1,4,5,10.0
TN,Haywood,2022,7,1.71,9.71,9.57,1,0,6,14.29
TN,Henderson,2017,8,2.12,3.39,3.41,1,3,4,12.5
TN,Henderson,2018,52,1.56,5.8,5.83,1,11,40,1.92
TN,Henderson,2019,12,1.58,8.79,8.79,5,3,4,41.67
TN,Henderson,2020,7,1.86,13.86,13.86,2,3,2,28.57
TN,Henderson,2021,3,1.0,4.0,4.0,0,0,3,0.0
TN,Henderson,2022,13,1.92,9.69,9.85,1,3,9,7.69
TN,Henry,2017,10,1.5,3.43,3.5,3,1,6,30.0
TN,Henry,2018,78,1.4,3.95,4.03,5,11,62,6.41
TN,Henry,2019,14,1.14,3.9,3.94,3,2,9,21.43
TN,Henry,2020,8,1.0,3.88,4.5,4,2,2,50.0
TN,Henry,2021,9,1.56,3.0,4.0,1,4,4,11.11
TN,Henry,2022,7,1.0,5.0,5.29,0,2,5,0.0
TN,Hickman,2017,5,1.8,5.83,5.84,1,2,2,20.0
TN,Hickman,2018,13,2.08,16.42,16.42,4,4,5,30.77
TN,Hickman,2019,23,1.43,4.5,4.51,7,6,10,30.43
TN,Hickman,2020,14,1.0,5.0,5.14,2,6,6,14.29
TN,Hickman,2021,14,1.57,9.79,9.79,1,5,8,7.14
TN,Hickman,2022,5,1.2,8.0,7.8,0,1,4,0.0
TN,Houston,2017,1,1.0,5.05,5.08,0,0,1,0.0
TN,Houston,2018,2,1.5,3.97,4.3,0,1,1,0.0
TN,Houston,2019,3,0.33,2.8,3.16,0,1,2,0.0
TN,Houston,2020,3,0.0,0.0,3.33,0,0,3,0.0
TN,Houston,2021,2,1.5,9.0,9.5,0,2,0,0.0
TN,Houston,2022,2,0.0,3.5,3.5,0,1,1,0.0
TN,Humphreys,2017,17,1.29,2.46,2.46,0,5,12,0.0
TN,Humphreys,2018,25,1.72,4.25,4.28,2,8,15,8.0
TN,Humphreys,2019,15,1.73,5.71,5.71,2,3,10,13.33
TN,Humphreys,2020,6,1.5,7.33,7.33,0,5,1,0.0
TN,Humphreys,2021,14,1.5,8.43,8.43,0,3,11,0.0
TN,Humphreys,2022,11,1.36,6.0,6.18,0,6,5,0.0
TN,Jackson,2018,1,1.0,7.12,7.12,0,0,1,0.0
TN,Jackson,2019,1,1.0,5.0,5.0,0,0,1,0.0
TN,Jackson,2021,1,0.0,4.0,4.0,0,0,1,0.0
TN,Jefferson,2017,9,1.56,5.93,5.94,3,3,3,33.33
TN,Jefferson,2018,33,1.91,5.05,5.11,4,11,18,12.12
TN,Jefferson,2019,26,1.54,3.83,3.87,6,9,11,23.08
TN,Jefferson,2020,26,1.58,4.69,4.69,1,5,20,3.85
TN,Jefferson,2021,7,1.57,3.86,3.86,0,2,5,0.0
TN,Jefferson,2022,16,2.0,11.75,11.81,3,4,9,18.75
TN,Johnson,2017,6,1.33,3.14,3.57,0,4,2,0.0
TN,Johnson,2019,4,0.75,10.25,10.38,3,1,0,75.0
TN,Johnson,2020,4,1.5,3.0,3.0,0,1,3,0.0
TN,Johnson,2021,4,1.0,5.75,5.75,0,2,2,0.0
TN,Johnson,2022,1,1.0,11.0,12.0,0,1,0,0.0
TN,Knox,2017,232,1.61,3.95,4.47,64,89,79,27.59
TN,Knox,2018,452,1.65,3.96,4.51,119,195,138,26.33
TN,Knox,2019,460,0.98,3.32,3.95,114,187,159,24.78
TN,Knox,2020,434,0.56,2.35,3.24,69,264,101,15.9
TN,Knox,2021,740,1.06,3.02,3.71,67,404,269,9.05
TN,Knox,2022,306,1.25,3.92,4.57,31,160,115,10.13
TN,Lake,2018,1,2.0,14.33,14.43,1,0,0,100.0
TN,Lake,2019,1,0.0,4.0,4.0,1,0,0,100.0
TN,Lake,2020,3,0.33,4.0,4.0,0,1,2,0.0
TN,Lake,2022,1,1.0,8.0,9.0,0,1,0,0.0
TN,Lauderdale,2017,2,1.0,0.38,0.38,0,0,2,0.0
TN,Lauderdale,2018,7,1.14,4.58,4.59,3,2,2,42.86
TN,Lauderdale,2019,7,1.57,7.21,7.5,2,4,1,28.57
TN,Lauderdale,2020,4,1.0,3.5,3.5,0,1,3,0.0
TN,Lauderdale,2021,3,0.33,4.0,5.33,1,1,1,33.33
TN,Lauderdale,2022,1,1.0,7.0,7.0,0,1,0,0.0
TN,Lawrence,2017,3,1.67,9.54,9.52,0,2,1,0.0
TN,Lawrence,2018,9,1.78,2.39,2.57,3,3,3,33.33
TN,Lawrence,2019,16,1.5,5.38,5.53,3,5,8,18.75
TN,Lawrence,2020,10,1.7,4.7,5.4,2,1,7,20.0
TN,Lawrence,2021,7,1.43,2.14,3.0,0,0,7,0.0
TN,Lawrence,2022,3,0.67,3.0,3.33,0,0,3,0.0
TN,Lewis,2018,1,1.0,0.02,0.0,0,1,0,0.0
TN,Lewis,2020,3,1.33,8.33,8.67,0,2,1,0.0
TN,Lewis,2021,5,0.6,5.4,5.4,0,0,5,0.0
TN,Lewis,2022,8,0.38,3.25,3.25,0,0,8,0.0
TN,Lincoln,2017,15,1.33,3.5,3.59,2,5,8,13.33
TN,Lincoln,2018,23,1.3,3.56,3.76,3,16,4,13.04
TN,Lincoln,2019,16,1.19,4.39,4.46,4,2,10,25.0
TN,Lincoln,2020,28,1.29,1.79,3.39,1,21,6,3.57
TN,Lincoln,2021,41,1.2,1.29,2.71,3,22,16,7.32
TN,Lincoln,2022,6,1.17,4.67,5.0,0,2,4,0.0
TN,Loudon,2017,37,1.73,10.13,10.26,10,26,1,27.03
TN,Loudon,2018,107,1.5,3.24,3.8,19,70,18,17.76
TN,Loudon,2019,39,1.1,2.48,2.53,6,10,23,15.38
TN,Loudon,2020,13,0.77,2.85,3.69,0,8,5,0.0
TN,Loudon,2021,50,1.48,5.08,5.22,0,26,24,0.0
TN,Loudon,2022,35,1.77,6.74,6.77,2,14,19,5.71
TN,Macon,2017,2,1.0,0.66,0.67,0,1,1,0.0
TN,Macon,2018,3,2.0,2.93,2.93,3,0,0,100.0
TN,Macon,2019,4,1.5,11.98,12.02,2,2,0,50.0
TN,Macon,2020,1,2.0,35.0,35.0,1,0,0,100.0
TN,Macon,2021,1,0.0,2.0,2.0,0,0,1,0.0
TN,Madison,2017,37,1.51,2.47,2.66,8,17,12,21.62
TN,Madison,2018,141,1.6,4.31,4.5,28,49,64,19.86
TN,Madison,2019,48,1.5,4.38,4.66,20,15,13,41.67
TN,Madison,2020,28,1.64,7.71,8.0,6,15,7,21.43
TN,Madison,2021,80,1.74,6.9,7.15,7,34,39,8.75
TN,Madison,2022,32,1.62,6.81,7.09,3,10,19,9.38
TN,Marion,2017,7,1.71,10.03,10.12,1,2,4,14.29
TN,Marion,2018,12,1.67,5.96,7.53,4,4,4,33.33
TN,Marion,2019,76,1.07,2.11,3.23,23,25,28,30.26
TN,Marion,2020,21,1.05,5.81,5.9,2,14,5,9.52
TN,Marion,2021,9,0.67,10.67,10.89,1,3,5,11.11
TN,Marion,2022,19,0.47,5.21,5.37,3,5,11,15.79
TN,Marshall,2017,9,1.44,2.37,2.38,3,1,5,33.33
TN,Marshall,2018,39,1.51,2.53,2.67,13,14,12,33.33
TN,Marshall,2019,28,1.21,1.89,1.96,5,2,21,17.86
TN,Marshall,2020,5,0.2,3.4,3.4,0,1,4,0.0
TN,Marshall,2021,12,1.17,4.67,4.75,0,2,10,0.0
TN,Marshall,2022,15,1.47,6.67,6.67,2,4,9,13.33
TN,Maury,2017,51,1.39,3.3,4.25,6,28,17,11.76
TN,Maury,2018,142,1.45,2.67,3.59,23,74,45,16.2
TN,Maury,2019,65,1.09,2.33,2.57,21,17,27,32.31
TN,Maury,2020,57,0.61,3.4,3.72,4,18,35,7.02
TN,Maury,2021,57,0.96,3.93,4.46,3,12,42,5.26
TN,Maury,2022,50,0.92,4.72,5.46,7,13,30,14.0
TN,McMinn,2017,9,1.56,3.58,3.58,1,3,5,11.11
TN,McMinn,2018,26,1.77,5.72,5.84,6,6,14,23.08
TN,McMinn,2019,74,1.58,2.02,2.02,23,8,43,31.08
TN,McMinn,2020,8,0.75,4.0,4.0,2,2,4,25.0
TN,McMinn,2021,13,1.92,8.69,8.77,1,4,8,7.69
TN,McMinn,2022,6,1.33,3.0,3.0,0,3,3,0.0
TN,McNairy,2017,5,2.0,6.38,6.38,4,1,0,80.0
TN,McNairy,2018,23,1.61,5.44,5.46,9,5,9,39.13
TN,McNairy,2019,7,1.86,5.54,5.54,2,3,2,28.57
TN,McNairy,2020,10,1.4,7.3,7.3,2,7,1,20.0
TN,McNairy,2021,2,0.5,3.0,3.0,0,1,1,0.0
TN,McNairy,2022,1,1.0,2.0,2.0,0,0,1,0.0
TN,Mcminn,2017,4,2.0,7.62,7.62,2,2,0,50.0
TN,Mcminn,2018,3,2.0,0.0,5.06,0,0,3,0.0
TN,Mcnairy,2017,1,2.0,4.38,4.38,0,1,0,0.0
TN,Meigs,2017,6,0.67,1.68,1.72,2,2,2,33.33
TN,Meigs,2018,1,1.0,0.0,7.47,0,0,1,0.0
TN,Meigs,2019,1,0.0,2.0,3.0,0,1,0,0.0
TN,Meigs,2020,2,1.0,12.5,13.0,1,0,1,50.0
TN,Meigs,2022,2,0.5,3.5,3.5,0,0,2,0.0
TN,Monroe,2017,8,1.25,1.95,1.99,2,2,4,25.0
TN,Monroe,2018,20,1.65,5.31,5.32,8,5,7,40.0
TN,Monroe,2019,15,1.27,3.94,4.61,2,3,10,13.33
TN,Monroe,2020,6,1.17,6.17,6.17,1,4,1,16.67
TN,Monroe,2021,6,1.17,4.17,4.17,0,3,3,0.0
TN,Monroe,2022,9,1.11,4.67,4.89,0,4,5,0.0
TN,Montgomery,2017,85,1.49,3.37,4.18,20,34,31,23.53
TN,Montgomery,2018,227,1.45,3.54,4.53,51,117,59,22.47
TN,Montgomery,2019,173,1.01,3.17,3.9,57,76,40,32.95
TN,Montgomery,2020,188,0.39,1.93,3.57,6,139,43,3.19
TN,Montgomery,2021,208,0.73,3.13,4.15,30,86,92,14.42
TN,Montgomery,2022,81,1.26,5.57,5.9,5,40,36,6.17
TN,Moore,2018,5,1.8,3.1,3.11,1,4,0,20.0
TN,Moore,2021,2,2.0,6.0,6.0,0,1,1,0.0
TN,Moore,2022,1,0.0,3.0,4.0,0,1,0,0.0
TN,Morgan,2017,4,1.0,0.21,0.22,0,0,4,0.0
TN,Morgan,2018,8,1.38,1.63,1.67,1,1,6,12.5
TN,Morgan,2019,5,0.8,5.1,5.53,1,2,2,20.0
TN,Morgan,2020,2,1.0,15.5,15.5,1,0,1,50.0
TN,Obion,2017,8,2.0,6.95,6.93,2,3,3,25.0
TN,Obion,2018,24,1.75,5.85,5.85,4,5,15,16.67
TN,Obion,2019,16,1.06,3.64,3.74,5,5,6,31.25
TN,Obion,2020,3,1.33,7.67,7.67,1,0,2,33.33
TN,Obion,2021,2,0.5,2.5,2.5,0,0,2,0.0
TN,Obion,2022,11,1.09,3.27,3.45,1,1,9,9.09
TN,Overton,2017,4,2.0,8.77,8.84,2,1,1,50.0
TN,Overton,2018,4,1.5,8.67,8.78,2,2,0,50.0
TN,Overton,2019,5,1.8,8.8,9.0,1,2,2,20.0
TN,Perry,2017,4,2.0,7.8,7.82,1,2,1,25.0
TN,Perry,2018,6,1.5,7.26,7.34,1,1,4,16.67
TN,Perry,2019,1,1.0,8.0,9.0,0,1,0,0.0
TN,Perry,2020,6,0.17,2.67,3.0,0,1,5,0.0
TN,Perry,2021,5,0.0,1.6,1.6,0,1,4,0.0
TN,Perry,2022,1,2.0,10.0,10.0,0,1,0,0.0
TN,Pickett,2017,1,2.0,10.2,10.18,1,0,0,100.0
TN,Pickett,2018,4,2.0,12.64,12.69,2,2,0,50.0
TN,Pickett,2019,1,1.0,0.98,0.98,0,0,1,0.0
TN,Pickett,2020,5,1.4,12.0,12.0,1,2,2,20.0
TN,Pickett,2022,1,0.0,1.0,1.0,0,0,1,0.0
TN,Polk,2017,10,1.6,4.66,4.68,2,2,6,20.0
TN,Polk,2018,9,1.89,2.93,2.94,2,5,2,22.22
TN,Polk,2019,3,1.0,1.08,1.08,1,1,1,33.33
TN,Polk,2020,2,2.0,27.5,28.0,1,1,0,50.0
TN,Polk,2021,1,2.0,4.0,5.0,0,0,1,0.0
TN,Polk,2022,2,1.0,2.0,2.0,0,0,2,0.0
TN,Putnam,2017,17,1.47,5.3,5.44,4,7,6,23.53
TN,Putnam,2018,36,1.92,5.48,5.61,8,11,17,22.22
TN,Putnam,2019,68,1.43,2.83,2.91,16,21,31,23.53
TN,Putnam,2020,26,0.81,4.0,4.69,3,18,5,11.54
TN,Putnam,2021,46,1.11,3.85,4.35,4,22,20,8.7
TN,Putnam,2022,26,1.65,10.46,10.65,2,5,19,7.69
TN,Rhea,2017,27,1.67,6.1,6.18,4,13,10,14.81
TN,Rhea,2018,18,1.44,2.28,2.39,5,5,8,27.78
TN,Rhea,2019,3,1.0,8.39,8.73,1,0,2,33.33
TN,Rhea,2020,3,0.33,4.0,4.0,0,0,3,0.0
TN,Rhea,2021,1,0.0,3.0,4.0,0,0,1,0.0
TN,Rhea,2022,2,1.0,5.5,6.0,0,1,1,0.0
TN,Roane,2017,22,1.45,4.88,4.96,4,3,15,18.18
TN,Roane,2018,32,1.62,4.21,4.24,2,8,22,6.25
TN,Roane,2019,61,1.41,3.96,3.96,6,21,34,9.84
TN,Roane,2020,14,1.0,7.5,7.5,3,5,6,21.43
TN,Roane,2021,16,1.38,5.38,5.38,1,4,11,6.25
TN,Roane,2022,14,1.5,6.5,6.64,1,9,4,7.14
TN,Robertson,2017,39,1.33,3.54,3.73,8,13,18,20.51
TN,Robertson,2018,90,1.64,4.35,4.44,17,27,46,18.89
TN,Robertson,2019,81,1.3,3.35,3.39,21,20,40,25.93
TN,Robertson,2020,38,1.5,7.08,7.32,6,13,19,15.79
TN,Robertson,2021,103,1.43,3.55,3.73,0,33,70,0.0
TN,Robertson,2022,98,1.59,8.54,8.57,2,36,60,2.04
TN,Rutherford,2017,134,1.22,1.9,2.63,40,62,32,29.85
TN,Rutherford,2018,416,1.26,2.7,3.33,150,188,78,36.06
TN,Rutherford,2019,226,0.69,2.83,3.54,88,77,61,38.94
TN,Rutherford,2020,115,0.64,3.15,4.01,31,59,25,26.96
TN,Rutherford,2021,246,0.7,3.07,4.05,57,119,70,23.17
TN,Rutherford,2022,132,0.95,5.16,5.59,18,51,63,13.64
TN,Scott,2017,5,1.4,4.13,4.48,0,2,3,0.0
TN,Scott,2018,15,1.47,2.95,3.06,2,4,9,13.33
TN,Scott,2019,3,0.67,5.38,6.04,0,1,2,0.0
TN,Scott,2020,2,0.0,2.0,2.0,0,1,1,0.0
TN,Scott,2021,3,0.67,3.67,4.0,0,0,3,0.0
TN,Scott,2022,8,0.25,3.25,3.38,0,0,8,0.0
TN,Sequatchie,2017,9,1.44,4.25,4.34,1,3,5,11.11
TN,Sequatchie,2018,13,1.85,4.53,4.66,3,4,6,23.08
TN,Sequatchie,2019,19,1.16,5.13,5.25,6,9,4,31.58
TN,Sequatchie,2020,13,0.85,5.23,5.23,1,3,9,7.69
TN,Sequatchie,2021,8,1.12,4.12,4.62,1,1,6,12.5
TN,Sequatchie,2022,11,1.18,3.64,4.0,0,1,10,0.0
TN,Sevier,2017,287,1.47,2.87,4.21,71,130,86,24.74
TN,Sevier,2018,410,1.51,2.49,4.45,73,206,131,17.8
TN,Sevier,2019,373,1.14,2.18,3.74,177,120,76,47.45
TN,Sevier,2020,460,1.19,2.58,3.62,88,187,185,19.13
TN,Sevier,2021,682,1.24,1.49,3.35,150,259,273,21.99
TN,Sevier,2022,212,1.16,2.12,3.9,60,96,56,28.3
TN,Shelby,2017,323,1.36,3.19,3.72,154,125,44,47.68
TN,Shelby,2018,740,1.46,3.73,4.12,344,275,121,46.49
TN,Shelby,2019,473,1.16,3.28,3.7,199,173,101,42.07
TN,Shelby,2020,255,0.82,3.7,4.03,77,138,40,30.2
TN,Shelby,2021,644,0.77,2.64,3.32,69,401,174,10.71
TN,Shelby,2022,169,1.38,5.05,5.38,29,86,54,17.16
TN,Smith,2017,2,2.0,7.44,7.47,1,0,1,50.0
TN,Smith,2018,12,2.0,5.12,5.19,4,2,6,33.33
TN,Smith,2019,30,1.47,3.44,3.44,15,3,12,50.0
TN,Smith,2020,7,1.71,4.14,5.0,1,2,4,14.29
TN,Smith,2021,10,1.3,4.6,4.6,0,6,4,0.0
TN,Smith,2022,16,2.12,12.31,12.25,1,8,7,6.25
TN,Stewart,2017,1,1.0,0.75,0.78,0,0,1,0.0
TN,Stewart,2018,9,1.67,2.56,2.59,1,2,6,11.11
TN,Stewart,2019,2,1.5,7.0,7.0,1,0,1,50.0
TN,Stewart,2021,1,1.0,11.0,11.0,1,0,0,100.0
TN,Stewart,2022,1,1.0,8.0,8.0,0,0,1,0.0
TN,Sullivan,2017,12,1.42,4.83,5.3,3,6,3,25.0
TN,Sullivan,2018,27,1.52,7.51,7.57,14,9,4,51.85
TN,Sullivan,2019,14,1.36,8.14,8.42,12,2,0,85.71
TN,Sullivan,2020,6,1.67,14.83,15.0,3,2,1,50.0
TN,Sullivan,2021,9,1.11,4.89,5.11,4,4,1,44.44
TN,Sullivan,2022,8,1.38,6.0,6.25,0,5,3,0.0
TN,Sumner,2017,73,1.23,3.32,3.77,11,26,36,15.07
TN,Sumner,2018,240,1.27,2.83,3.28,47,105,88,19.58
TN,Sumner,2019,142,0.63,3.26,3.93,22,52,68,15.49
TN,Sumner,2020,57,0.51,3.26,4.32,5,24,28,8.77
TN,Sumner,2021,148,0.68,3.11,3.7,11,50,87,7.43
TN,Sumner,2022,91,0.89,4.57,5.07,6,31,54,6.59
TN,Tipton,2017,3,1.67,3.64,3.68,1,2,0,33.33
TN,Tipton,2018,21,1.43,5.53,5.6,5,7,9,23.81
TN,Tipton,2019,11,0.91,4.06,4.1,3,3,5,27.27
TN,Tipton,2020,5,1.2,6.0,6.2,2,1,2,40.0
TN,Tipton,2021,8,1.25,4.38,4.88,0,3,5,0.0
TN,Tipton,2022,5,1.0,4.0,4.8,0,0,5,0.0
TN,Trousdale,2018,1,1.0,4.82,4.78,0,1,0,0.0
TN,Trousdale,2019,5,0.6,5.58,5.59,3,2,0,60.0
TN,Trousdale,2020,1,0.0,2.0,2.0,0,0,1,0.0
TN,Unicoi,2018,3,2.33,4.49,4.48,2,0,1,66.67
TN,Unicoi,2019,23,2.04,4.45,4.43,17,5,1,73.91
TN,Unicoi,2020,25,1.24,4.64,5.16,2,6,17,8.0
TN,Unicoi,2021,14,1.43,3.36,3.93,0,3,11,0.0
TN,Unicoi,2022,9,1.56,4.0,4.0,0,2,7,0.0
TN,Union,2017,1,2.0,9.05,9.08,0,1,0,0.0
TN,Union,2018,3,1.33,4.04,4.12,2,0,1,66.67
TN,Union,2019,4,0.75,6.49,6.99,2,2,0,50.0
TN,Union,2020,6,0.83,8.5,8.5,0,3,3,0.0
TN,Union,2021,3,0.33,3.0,3.67,0,2,1,0.0
TN,Union,2022,2,0.0,3.5,3.5,0,0,2,0.0
TN,Van Buren,2017,2,1.5,0.92,0.91,0,1,1,0.0
TN,Van Buren,2018,8,1.62,5.1,5.09,2,2,4,25.0
TN,Van Buren,2019,4,2.0,8.26,8.27,0,2,2,0.0
TN,Van Buren,2020,2,2.0,14.0,14.0,0,2,0,0.0
TN,Van Buren,2022,2,1.0,3.5,3.5,0,0,2,0.0
TN,Warren,2017,12,1.5,3.94,3.97,5,5,2,41.67
TN,Warren,2018,24,1.33,2.55,2.78,6,14,4,25.0
TN,Warren,2019,13,0.85,4.86,5.02,2,5,6,15.38
TN,Warren,2020,14,0.93,4.43,4.43,0,4,10,0.0
TN,Warren,2021,3,1.0,2.67,3.67,0,1,2,0.0
TN,Warren,2022,3,0.33,4.33,4.67,0,1,2,0.0
TN,Washington,2017,6,1.5,4.01,4.44,1,3,2,16.67
TN,Washington,2018,14,1.64,9.24,9.3,11,0,3,78.57
TN,Washington,2019,23,1.39,5.68,5.67,11,8,4,47.83
TN,Washington,2020,8,1.5,3.5,3.75,3,2,3,37.5
TN,Washington,2021,4,1.5,4.75,4.75,0,3,1,0.0
TN,Washington,2022,6,1.0,7.0,7.0,2,2,2,33.33
TN,Wayne,2017,1,2.0,6.7,6.52,0,1,0,0.0
TN,Wayne,2018,4,1.5,6.56,6.56,1,2,1,25.0
TN,Wayne,2019,6,0.83,5.0,5.5,0,2,4,0.0
TN,Wayne,2020,11,0.64,4.91,4.82,0,3,8,0.0
TN,Wayne,2021,4,1.0,4.75,4.75,0,0,4,0.0
TN,Wayne,2022,14,0.93,5.21,5.36,0,0,14,0.0
TN,Weakley,2017,7,1.86,3.34,3.34,2,4,1,28.57
TN,Weakley,2018,37,1.38,4.47,4.54,3,9,25,8.11
TN,Weakley,2019,10,1.1,4.52,4.5,1,3,6,10.0
TN,Weakley,2020,8,0.88,5.25,5.12,1,3,4,12.5
TN,Weakley,2021,7,0.43,3.86,3.86,0,3,4,0.0
TN,Weakley,2022,3,1.0,6.33,6.33,0,1,2,0.0
TN,White,2017,16,1.31,3.2,3.22,8,1,7,50.0
TN,White,2018,26,1.5,4.74,4.76,7,9,10,26.92
TN,White,2019,9,1.22,5.76,5.77,1,3,5,11.11
TN,White,2020,6,0.33,2.33,2.83,1,2,3,16.67
TN,White,2021,11,0.36,1.36,2.27,0,2,9,0.0
TN,White,2022,4,1.25,3.25,3.5,0,1,3,0.0
TN,Williamson,2017,258,1.36,2.28,3.15,45,132,81,17.44
TN,Williamson,2018,582,1.3,1.95,2.97,67,267,248,11.51
TN,Williamson,2019,422,0.83,2.56,3.5,92,116,214,21.8
TN,Williamson,2020,230,0.58,3.39,4.0,35,96,99,15.22
TN,Williamson,2021,333,0.76,3.73,4.67,68,151,114,20.42
TN,Williamson,2022,231,0.96,4.45,5.39,24,112,95,10.39
TN,Wilson,2017,75,1.39,3.94,4.41,10,36,29,13.33
TN,Wilson,2018,210,1.2,2.83,3.25,34,76,100,16.19
TN,Wilson,2019,188,0.98,3.22,3.55,32,53,103,17.02
TN,Wilson,2020,106,0.53,3.1,3.77,8,51,47,7.55
TN,Wilson,2021,199,0.67,3.23,4.06,9,104,86,4.52
TN,Wilson,2022,65,0.82,3.69,4.37,3,38,24,4.62
TX,Anderson,2016,14,1.64,0.85,0.86,3,5,6,21.43
TX,Anderson,2017,21,1.38,3.37,3.39,4,7,10,19.05
TX,Anderson,2018,30,1.2,5.2,5.23,5,7,18,16.67
TX,Anderson,2019,17,0.94,4.43,4.46,10,4,3,58.82
TX,Anderson,2020,17,0.88,5.76,5.76,6,6,5,35.29
TX,Anderson,2021,44,1.11,3.32,3.59,1,22,21,2.27
TX,Anderson,2022,6,1.0,6.0,6.17,0,1,5,0.0
TX,Andrews,2017,19,0.79,5.88,5.92,5,5,9,26.32
TX,Andrews,2018,115,0.88,5.1,5.16,98,6,11,85.22
TX,Andrews,2019,60,0.65,4.13,4.37,50,4,6,83.33
TX,Andrews,2020,48,0.79,3.65,3.96,13,13,22,27.08
TX,Andrews,2021,37,0.86,3.32,3.86,11,5,21,29.73
TX,Andrews,2022,20,0.35,4.1,4.35,7,2,11,35.0
TX,Angelina,2017,42,1.19,1.4,1.47,16,17,9,38.1
TX,Angelina,2018,85,1.26,2.0,2.13,22,39,24,25.88
TX,Angelina,2019,63,1.27,5.06,5.15,29,20,14,46.03
TX,Angelina,2020,18,1.11,5.67,5.83,6,7,5,33.33
TX,Angelina,2021,52,1.29,3.12,3.48,1,21,30,1.92
TX,Angelina,2022,7,1.43,4.57,4.86,1,3,3,14.29
TX,Aransas,2017,9,1.0,5.84,5.91,2,1,6,22.22
TX,Aransas,2018,1,1.0,4.95,4.98,0,1,0,0.0
TX,Aransas,2019,7,0.43,3.56,3.57,1,1,5,14.29
TX,Aransas,2020,4,0.5,4.0,4.0,1,2,1,25.0
TX,Aransas,2021,4,0.25,3.5,3.75,3,1,0,75.0
TX,Aransas,2022,4,0.0,1.5,1.75,2,0,2,50.0
TX,Archer,2017,4,1.25,5.93,5.94,2,1,1,50.0
TX,Archer,2018,24,1.33,5.45,5.46,7,3,14,29.17
TX,Archer,2019,21,1.1,4.99,5.05,7,4,10,33.33
TX,Archer,2020,29,1.1,5.31,5.31,4,11,14,13.79
TX,Archer,2021,13,0.85,3.85,3.92,1,5,7,7.69
TX,Archer,2022,34,0.97,4.06,4.29,5,4,25,14.71
TX,Armstrong,2017,2,1.5,3.13,3.16,0,0,2,0.0
TX,Armstrong,2018,15,0.8,3.32,3.36,3,4,8,20.0
TX,Armstrong,2019,17,1.0,5.38,5.41,2,6,9,11.76
TX,Armstrong,2020,29,0.86,3.45,3.38,1,3,25,3.45
TX,Armstrong,2021,9,1.0,4.11,4.33,1,3,5,11.11
TX,Armstrong,2022,11,1.09,6.91,7.45,2,2,7,18.18
TX,Atascosa,2017,33,1.12,4.93,4.99,6,6,21,18.18
TX,Atascosa,2018,53,1.25,5.73,5.85,9,13,31,16.98
TX,Atascosa,2019,221,0.46,2.92,2.97,18,51,152,8.14
TX,Atascosa,2020,219,0.25,3.5,3.54,7,28,184,3.2
TX,Atascosa,2021,23,0.83,4.39,4.48,0,7,16,0.0
TX,Atascosa,2022,16,0.88,6.94,7.06,1,7,8,6.25
TX,Austin,2016,11,0.55,1.16,1.15,0,1,10,0.0
TX,Austin,2017,34,1.09,6.1,6.19,6,8,20,17.65
TX,Austin,2018,60,1.33,4.55,4.88,7,13,40,11.67
TX,Austin,2019,95,0.84,3.27,3.37,29,24,42,30.53
TX,Austin,2020,87,1.03,4.44,4.64,9,39,39,10.34
TX,Austin,2021,141,0.96,4.67,4.87,10,46,85,7.09
TX,Austin,2022,51,1.2,6.53,6.63,4,15,32,7.84
TX,Bailey,2017,3,2.0,5.23,5.23,1,2,0,33.33
TX,Bailey,2018,24,1.29,4.47,4.53,8,6,10,33.33
TX,Bailey,2019,14,0.43,3.94,4.01,5,4,5,35.71
TX,Bailey,2020,31,0.68,4.58,4.81,8,7,16,25.81
TX,Bailey,2021,8,0.5,6.0,6.0,5,1,2,62.5
TX,Bailey,2022,4,1.25,5.5,5.75,1,0,3,25.0
TX,Bandera,2017,1,0.0,2.38,2.4,0,1,0,0.0
TX,Bandera,2018,15,0.93,4.73,4.89,7,2,6,46.67
TX,Bandera,2019,15,0.53,5.41,5.57,2,4,9,13.33
TX,Bandera,2020,7,0.43,4.57,4.71,2,1,4,28.57
TX,Bandera,2021,8,0.12,3.12,3.38,2,4,2,25.0
TX,Bandera,2022,2,0.5,2.5,3.0,0,0,2,0.0
TX,Bastrop,2016,61,1.0,1.65,1.78,11,15,35,18.03
TX,Bastrop,2017,119,0.91,3.51,3.82,21,38,60,17.65
TX,Bastrop,2018,106,0.9,3.65,3.89,33,37,36,31.13
TX,Bastrop,2019,124,0.98,2.53,2.68,34,37,53,27.42
TX,Bastrop,2020,41,1.07,5.0,5.24,13,16,12,31.71
TX,Bastrop,2021,96,1.09,3.68,3.96,0,49,47,0.0
TX,Bastrop,2022,28,1.18,4.5,4.86,0,13,15,0.0
TX,Baylor,2017,1,1.0,2.25,2.25,0,1,0,0.0
TX,Baylor,2018,18,1.44,5.18,5.18,1,1,16,5.56
TX,Baylor,2019,30,1.1,3.91,4.03,3,9,18,10.0
TX,Baylor,2020,9,1.22,3.89,4.11,1,2,6,11.11
TX,Baylor,2021,22,0.55,4.27,4.45,1,4,17,4.55
TX,Baylor,2022,39,1.26,5.56,5.85,0,4,35,0.0
TX,Bee,2017,27,1.15,1.72,1.73,3,7,17,11.11
TX,Bee,2018,139,1.13,1.28,1.29,20,32,87,14.39
TX,Bee,2019,19,1.05,6.1,6.18,1,14,4,5.26
TX,Bee,2020,33,1.15,4.06,4.7,7,9,17,21.21
TX,Bee,2021,57,1.46,1.75,2.93,0,24,33,0.0
TX,Bee,2022,4,1.0,7.25,7.5,1,2,1,25.0
TX,Bell,2016,107,1.71,3.84,3.98,12,26,69,11.21
TX,Bell,2017,170,1.61,5.1,5.28,36,43,91,21.18
TX,Bell,2018,299,1.54,4.5,4.9,74,81,144,24.75
TX,Bell,2019,182,1.23,4.14,4.36,72,58,52,39.56
TX,Bell,2020,96,0.65,4.26,4.55,32,45,19,33.33
TX,Bell,2021,257,1.02,4.31,4.79,86,74,97,33.46
TX,Bell,2022,140,1.12,4.26,4.71,23,33,84,16.43
TX,Bexar,2016,338,1.51,1.51,2.17,78,125,135,23.08
TX,Bexar,2017,1632,1.22,2.44,3.75,342,745,545,20.96
TX,Bexar,2018,2723,1.11,2.33,3.43,724,1075,924,26.59
TX,Bexar,2019,2874,0.83,2.57,3.59,1040,1078,756,36.19
TX,Bexar,2020,1038,0.76,3.0,3.89,303,478,257,29.19
TX,Bexar,2021,2198,0.91,3.19,3.93,344,951,903,15.65
TX,Bexar,2022,1263,1.06,3.88,4.86,208,571,484,16.47
TX,Blanco,2016,20,1.25,1.39,1.38,5,7,8,25.0
TX,Blanco,2017,21,1.1,2.43,2.42,9,6,6,42.86
TX,Blanco,2018,36,1.25,2.67,2.69,14,6,16,38.89
TX,Blanco,2019,57,1.12,2.6,2.62,25,15,17,43.86
TX,Blanco,2020,6,1.33,7.33,7.33,1,2,3,16.67
TX,Blanco,2021,34,1.26,3.97,4.32,1,16,17,2.94
TX,Blanco,2022,5,1.2,4.2,4.2,0,3,2,0.0
TX,Borden,2018,8,1.12,8.74,8.8,2,4,2,25.0
TX,Borden,2019,5,0.8,6.95,6.98,2,2,1,40.0
TX,Borden,2020,9,0.67,5.56,5.67,2,4,3,22.22
TX,Borden,2021,8,0.5,4.62,5.0,0,4,4,0.0
TX,Borden,2022,5,0.6,5.8,6.0,0,0,5,0.0
TX,Bosque,2016,2,2.0,0.0,0.0,0,0,2,0.0
TX,Bosque,2017,4,1.75,7.16,7.32,2,2,0,50.0
TX,Bosque,2018,20,0.95,5.2,5.25,3,8,9,15.0
TX,Bosque,2019,8,0.75,6.04,6.26,2,2,4,25.0
TX,Bosque,2020,17,0.35,3.41,3.76,0,5,12,0.0
TX,Bosque,2021,8,0.38,3.62,4.25,1,1,6,12.5
TX,Bosque,2022,27,0.56,5.0,5.15,0,2,25,0.0
TX,Bowie,2017,34,1.53,4.63,4.97,13,13,8,38.24
TX,Bowie,2018,89,1.58,4.36,4.39,29,23,37,32.58
TX,Bowie,2019,95,1.22,2.98,3.03,29,26,40,30.53
TX,Bowie,2020,26,1.04,6.12,6.19,4,15,7,15.38
TX,Bowie,2021,228,1.29,5.1,5.49,13,72,143,5.7
TX,Bowie,2022,59,1.25,4.73,5.05,4,21,34,6.78
TX,Brazoria,2016,20,0.9,3.24,3.58,5,11,4,25.0
TX,Brazoria,2017,113,0.48,3.16,3.37,28,44,41,24.78
TX,Brazoria,2018,155,0.77,4.11,4.38,41,61,53,26.45
TX,Brazoria,2019,168,0.58,4.02,4.39,50,64,54,29.76
TX,Brazoria,2020,119,0.53,4.61,5.32,29,55,35,24.37
TX,Brazoria,2021,152,0.34,2.97,4.05,22,92,38,14.47
TX,Brazoria,2022,47,0.38,4.21,4.55,6,16,25,12.77
TX,Brazos,2016,6,1.33,1.18,1.2,3,2,1,50.0
TX,Brazos,2017,19,1.05,4.83,5.38,10,6,3,52.63
TX,Brazos,2018,68,1.4,5.09,5.6,46,14,8,67.65
TX,Brazos,2019,99,0.82,3.76,4.14,39,39,21,39.39
TX,Brazos,2020,82,0.71,4.12,4.43,15,58,9,18.29
TX,Brazos,2021,89,0.67,3.57,4.08,51,24,14,57.3
TX,Brazos,2022,38,0.97,4.92,5.34,12,15,11,31.58
TX,Brewster,2017,151,1.67,5.62,5.66,35,52,64,23.18
TX,Brewster,2018,54,1.56,3.83,4.28,9,20,25,16.67
TX,Brewster,2019,43,1.09,4.62,4.67,21,12,10,48.84
TX,Brewster,2020,45,0.89,5.84,6.0,8,23,14,17.78
TX,Brewster,2021,18,1.0,5.83,6.0,3,5,10,16.67
TX,Brewster,2022,13,1.08,4.77,5.0,1,3,9,7.69
TX,Briscoe,2017,1,2.0,0.0,0.0,0,1,0,0.0
TX,Briscoe,2018,5,1.0,4.03,4.08,2,0,3,40.0
TX,Briscoe,2019,9,0.44,4.0,4.11,1,2,6,11.11
TX,Briscoe,2020,13,0.54,5.38,5.46,0,2,11,0.0
TX,Briscoe,2021,9,0.67,5.22,5.44,2,0,7,22.22
TX,Briscoe,2022,4,1.0,7.25,7.5,0,1,3,0.0
TX,Brooks,2017,3,1.33,0.74,0.81,1,0,2,33.33
TX,Brooks,2018,8,1.5,1.59,1.6,3,2,3,37.5
TX,Brooks,2019,13,0.85,4.4,4.4,1,3,9,7.69
TX,Brooks,2020,10,0.7,6.9,7.0,1,4,5,10.0
TX,Brooks,2022,2,0.5,9.0,9.0,0,1,1,0.0
TX,Brown,2017,8,1.75,3.2,3.24,2,5,1,25.0
TX,Brown,2018,29,1.38,6.57,6.63,12,11,6,41.38
TX,Brown,2019,24,1.21,4.45,4.69,9,11,4,37.5
TX,Brown,2020,22,0.73,5.32,5.68,2,14,6,9.09
TX,Brown,2021,11,0.91,4.45,5.36,3,6,2,27.27
TX,Brown,2022,39,0.74,3.44,3.56,5,5,29,12.82
TX,Burleson,2016,3,1.0,0.0,0.0,1,1,1,33.33
TX,Burleson,2017,8,1.38,8.91,8.92,4,3,1,50.0
TX,Burleson,2018,18,1.22,5.18,5.2,6,5,7,33.33
TX,Burleson,2019,27,1.04,5.85,5.87,7,11,9,25.93
TX,Burleson,2020,8,0.75,4.75,5.0,1,2,5,12.5
TX,Burleson,2021,21,0.76,5.29,5.81,9,5,7,42.86
TX,Burleson,2022,8,0.88,5.88,6.38,5,0,3,62.5
TX,Burnet,2016,71,1.14,1.13,1.22,14,16,41,19.72
TX,Burnet,2017,149,1.13,1.59,1.76,22,39,88,14.77
TX,Burnet,2018,184,1.05,2.44,2.59,33,41,110,17.93
TX,Burnet,2019,128,1.12,2.86,3.04,19,26,83,14.84
TX,Burnet,2020,24,1.25,3.46,3.83,1,7,16,4.17
TX,Burnet,2021,63,1.08,2.08,2.67,4,13,46,6.35
TX,Burnet,2022,19,1.21,4.05,4.47,0,2,17,0.0
TX,Caldwell,2016,14,0.79,1.53,1.6,4,5,5,28.57
TX,Caldwell,2017,49,0.53,2.58,2.74,12,13,24,24.49
TX,Caldwell,2018,104,0.56,2.7,2.8,19,23,62,18.27
TX,Caldwell,2019,72,0.54,2.62,2.65,17,21,34,23.61
TX,Caldwell,2020,20,1.15,6.8,7.05,3,8,9,15.0
TX,Caldwell,2021,25,0.84,5.88,6.32,3,6,16,12.0
TX,Caldwell,2022,6,0.83,7.33,7.5,2,2,2,33.33
TX,Calhoun,2017,6,0.5,2.78,2.8,0,3,3,0.0
TX,Calhoun,2018,22,1.27,6.58,6.73,8,9,5,36.36
TX,Calhoun,2019,34,0.47,2.89,3.06,11,7,16,32.35
TX,Calhoun,2020,13,0.62,3.77,3.92,2,3,8,15.38
TX,Calhoun,2021,6,0.33,2.33,3.0,2,4,0,33.33
TX,Calhoun,2022,5,0.4,3.0,3.2,0,1,4,0.0
TX,Callahan,2017,25,1.8,6.9,6.93,1,1,23,4.0
TX,Callahan,2018,27,1.63,4.79,4.8,4,5,18,14.81
TX,Callahan,2019,61,1.16,3.21,3.23,12,12,37,19.67
TX,Callahan,2020,26,1.19,8.0,8.27,5,6,15,19.23
TX,Callahan,2021,42,1.31,4.02,4.17,4,11,27,9.52
TX,Callahan,2022,50,1.18,4.84,5.0,1,6,43,2.0
TX,Cameron,2017,62,1.4,3.42,4.33,28,11,23,45.16
TX,Cameron,2018,101,1.49,4.35,4.5,55,29,17,54.46
TX,Cameron,2019,96,1.08,3.43,3.52,52,31,13,54.17
TX,Cameron,2020,98,0.83,4.73,5.02,38,44,16,38.78
TX,Cameron,2021,72,0.83,3.58,4.64,37,25,10,51.39
TX,Cameron,2022,32,1.19,6.56,6.84,20,7,5,62.5
TX,Camp,2017,2,1.5,4.26,4.6,1,1,0,50.0
TX,Camp,2018,13,1.54,3.95,3.98,4,3,6,30.77
TX,Camp,2019,24,1.04,5.06,5.21,9,8,7,37.5
TX,Camp,2020,3,0.33,5.67,6.0,0,3,0,0.0
TX,Camp,2021,23,1.04,3.04,4.3,3,13,7,13.04
TX,Camp,2022,1,1.0,12.0,11.0,1,0,0,100.0
TX,Carson,2017,2,1.0,5.0,5.12,0,0,2,0.0
TX,Carson,2018,55,1.55,5.22,5.25,2,11,42,3.64
TX,Carson,2019,34,0.94,4.75,4.79,5,6,23,14.71
TX,Carson,2020,42,1.12,3.55,3.76,5,6,31,11.9
TX,Carson,2021,17,1.59,4.94,5.29,1,3,13,5.88
TX,Carson,2022,10,1.2,6.1,6.2,2,3,5,20.0
TX,Cass,2017,4,2.0,18.2,18.2,3,1,0,75.0
TX,Cass,2018,48,1.38,5.69,5.72,13,21,14,27.08
TX,Cass,2019,20,1.2,8.61,8.59,6,9,5,30.0
TX,Cass,2020,10,0.8,5.3,5.7,1,3,6,10.0
TX,Cass,2021,74,1.03,2.92,3.34,2,33,39,2.7
TX,Cass,2022,3,0.33,3.67,4.0,0,0,3,0.0
TX,Castro,2018,11,1.0,7.02,7.02,2,2,7,18.18
TX,Castro,2019,23,0.61,3.89,3.93,3,8,12,13.04
TX,Castro,2020,75,0.57,4.19,4.45,4,19,52,5.33
TX,Castro,2021,38,0.66,3.58,4.16,21,1,16,55.26
TX,Castro,2022,28,0.71,4.96,5.54,3,1,24,10.71
TX,Chambers,2017,52,1.25,5.17,5.5,11,22,19,21.15
TX,Chambers,2018,70,1.1,3.88,4.61,11,37,22,15.71
TX,Chambers,2019,141,0.9,3.38,3.72,59,44,38,41.84
TX,Chambers,2020,68,1.0,4.54,4.85,13,37,18,19.12
TX,Chambers,2021,63,1.21,4.22,4.48,9,28,26,14.29
TX,Chambers,2022,33,0.97,4.97,5.39,4,19,10,12.12
TX,Cherokee,2016,4,1.75,0.57,0.57,0,2,2,0.0
TX,Cherokee,2017,35,1.46,5.06,5.14,15,7,13,42.86
TX,Cherokee,2018,57,1.39,4.19,4.26,18,27,12,31.58
TX,Cherokee,2019,42,1.14,5.09,5.11,16,9,17,38.1
TX,Cherokee,2020,36,0.92,4.69,5.0,7,18,11,19.44
TX,Cherokee,2021,77,0.99,2.92,3.22,6,33,38,7.79
TX,Cherokee,2022,4,1.0,3.5,4.75,0,2,2,0.0
TX,Childress,2017,15,1.67,2.13,2.14,2,1,12,13.33
TX,Childress,2018,13,1.85,5.25,5.26,2,4,7,15.38
TX,Childress,2019,12,1.5,3.9,3.9,2,4,6,16.67
TX,Childress,2020,14,1.36,4.36,4.36,2,3,9,14.29
TX,Childress,2021,11,1.55,4.36,6.09,1,4,6,9.09
TX,Childress,2022,11,1.45,4.91,4.73,0,2,9,0.0
TX,Clay,2017,2,1.0,1.41,1.41,1,1,0,50.0
TX,Clay,2018,14,1.5,6.26,6.26,3,1,10,21.43
TX,Clay,2019,44,1.02,3.06,3.14,15,11,18,34.09
TX,Clay,2020,18,1.06,3.5,3.67,5,1,12,27.78
TX,Clay,2021,8,1.38,3.25,3.5,1,5,2,12.5
TX,Clay,2022,43,1.07,3.21,3.28,1,3,39,2.33
TX,Cochran,2018,14,0.71,4.24,4.26,12,2,0,85.71
TX,Cochran,2019,28,0.68,5.16,5.4,24,2,2,85.71
TX,Cochran,2020,44,0.36,4.07,5.05,33,1,10,75.0
TX,Cochran,2021,16,0.69,6.0,6.44,16,0,0,100.0
TX,Cochran,2022,9,0.56,6.33,6.0,1,1,7,11.11
TX,Coke,2017,5,1.4,5.57,5.57,0,4,1,0.0
TX,Coke,2018,24,1.08,4.54,4.57,8,6,10,33.33
TX,Coke,2019,40,0.88,3.16,3.21,7,9,24,17.5
TX,Coke,2020,16,1.12,5.75,5.75,3,5,8,18.75
TX,Coke,2021,10,1.2,6.6,6.8,2,2,6,20.0
TX,Coke,2022,13,0.92,4.31,4.92,2,0,11,15.38
TX,Coleman,2017,8,1.12,1.27,1.27,2,2,4,25.0
TX,Coleman,2018,28,1.46,5.41,5.43,8,11,9,28.57
TX,Coleman,2019,28,1.11,4.52,4.62,9,7,12,32.14
TX,Coleman,2020,29,0.93,4.83,5.07,15,7,7,51.72
TX,Coleman,2021,8,0.75,6.62,7.0,3,3,2,37.5
TX,Coleman,2022,17,0.94,5.82,6.0,1,4,12,5.88
TX,Collin,2017,369,1.16,2.69,3.85,87,152,130,23.58
TX,Collin,2018,1031,1.28,2.91,4.11,268,402,361,25.99
TX,Collin,2019,801,0.98,2.6,3.34,128,345,328,15.98
TX,Collin,2020,385,0.74,2.82,3.45,41,222,122,10.65
TX,Collin,2021,460,0.93,2.76,3.37,37,235,188,8.04
TX,Collin,2022,606,0.73,3.62,3.99,36,272,298,5.94
TX,Collingsworth,2017,1,1.0,0.33,0.33,0,0,1,0.0
TX,Collingsworth,2018,41,1.8,6.49,6.51,3,23,15,7.32
TX,Collingsworth,2019,14,1.14,3.43,3.54,1,5,8,7.14
TX,Collingsworth,2020,15,0.87,4.27,4.33,2,3,10,13.33
TX,Collingsworth,2021,17,1.0,6.06,6.24,2,2,13,11.76
TX,Collingsworth,2022,6,1.0,3.83,4.5,0,0,6,0.0
TX,Colorado,2016,22,1.23,2.6,2.6,2,3,17,9.09
TX,Colorado,2017,42,1.0,2.7,3.87,5,16,21,11.9
TX,Colorado,2018,86,1.02,2.85,3.78,16,23,47,18.6
TX,Colorado,2019,90,1.02,3.0,3.15,28,21,41,31.11
TX,Colorado,2020,46,0.93,4.78,4.91,7,23,16,15.22
TX,Colorado,2021,65,0.95,4.6,4.65,17,12,36,26.15
TX,Colorado,2022,28,1.46,5.39,5.46,4,6,18,14.29
TX,Comal,2016,39,1.28,1.1,1.15,7,10,22,17.95
TX,Comal,2017,116,1.19,3.86,4.39,12,36,68,10.34
TX,Comal,2018,234,1.14,2.94,3.32,29,59,146,12.39
TX,Comal,2019,202,0.95,3.57,4.12,51,42,109,25.25
TX,Comal,2020,139,0.86,3.71,4.32,33,50,56,23.74
TX,Comal,2021,331,1.02,3.27,3.75,42,93,196,12.69
TX,Comal,2022,122,1.03,4.57,5.28,15,49,58,12.3
TX,Comanche,2017,8,0.75,6.27,6.3,1,2,5,12.5
TX,Comanche,2018,6,1.5,3.01,3.03,0,4,2,0.0
TX,Comanche,2019,39,0.97,5.47,5.53,5,10,24,12.82
TX,Comanche,2020,16,0.69,5.5,5.44,4,5,7,25.0
TX,Comanche,2021,15,0.6,4.8,5.27,2,5,8,13.33
TX,Comanche,2022,41,0.56,4.37,4.66,1,8,32,2.44
TX,Concho,2017,7,1.86,3.88,3.89,0,2,5,0.0
TX,Concho,2018,15,1.13,4.3,4.31,0,4,11,0.0
TX,Concho,2019,44,0.89,3.27,3.29,11,7,26,25.0
TX,Concho,2020,67,1.19,4.48,4.51,11,10,46,16.42
TX,Concho,2021,17,0.88,2.88,3.06,8,4,5,47.06
TX,Concho,2022,21,1.0,3.0,3.1,1,3,17,4.76
TX,Cooke,2017,8,1.12,1.23,1.25,1,3,4,12.5
TX,Cooke,2018,47,1.49,3.89,3.93,10,26,11,21.28
TX,Cooke,2019,120,1.34,2.99,3.09,62,28,30,51.67
TX,Cooke,2020,29,0.9,4.59,4.76,5,13,11,17.24
TX,Cooke,2021,27,0.78,3.67,3.78,0,15,12,0.0
TX,Cooke,2022,49,1.06,5.18,5.31,1,7,41,2.04
TX,Coryell,2016,3,1.67,1.07,1.07,0,1,2,0.0
TX,Coryell,2017,19,1.21,5.1,5.1,5,5,9,26.32
TX,Coryell,2018,32,1.44,6.14,6.19,15,2,15,46.88
TX,Coryell,2019,29,0.97,5.03,5.1,3,17,9,10.34
TX,Coryell,2020,21,1.14,5.86,6.19,5,7,9,23.81
TX,Coryell,2021,34,1.29,2.71,3.09,2,15,17,5.88
TX,Coryell,2022,40,0.82,4.15,4.42,5,4,31,12.5
TX,Cottle,2017,1,1.0,0.58,0.6,0,0,1,0.0
TX,Cottle,2018,2,1.5,6.18,6.16,0,0,2,0.0
TX,Cottle,2019,8,1.38,6.71,6.71,0,4,4,0.0
TX,Cottle,2020,11,1.09,4.45,4.64,1,3,7,9.09
TX,Cottle,2021,6,1.0,4.67,4.67,1,0,5,16.67
TX,Cottle,2022,7,1.0,6.86,6.86,0,0,7,0.0
TX,Crane,2017,5,1.0,11.36,11.39,2,2,1,40.0
TX,Crane,2018,22,1.36,7.78,7.83,11,2,9,50.0
TX,Crane,2019,10,0.9,3.59,3.72,2,4,4,20.0
TX,Crane,2020,11,1.09,10.45,10.45,7,1,3,63.64
TX,Crane,2021,9,0.56,3.78,3.89,3,4,2,33.33
TX,Crane,2022,7,0.71,4.14,4.14,0,1,6,0.0
TX,Crockett,2017,36,1.5,2.66,2.67,12,8,16,33.33
TX,Crockett,2018,49,1.51,5.77,5.76,3,9,37,6.12
TX,Crockett,2019,75,1.57,2.97,3.0,33,10,32,44.0
TX,Crockett,2020,21,0.57,3.81,3.86,0,4,17,0.0
TX,Crockett,2021,56,1.3,4.96,5.23,1,6,49,1.79
TX,Crockett,2022,27,1.63,5.74,5.85,2,1,24,7.41
TX,Crosby,2017,3,1.33,2.28,2.29,1,0,2,33.33
TX,Crosby,2018,8,0.75,4.06,4.64,0,3,5,0.0
TX,Crosby,2019,18,0.89,4.91,4.93,4,4,10,22.22
TX,Crosby,2020,12,0.75,8.5,8.5,3,1,8,25.0
TX,Crosby,2021,9,0.89,5.0,6.11,5,4,0,55.56
TX,Crosby,2022,13,0.85,6.31,6.92,1,2,10,7.69
TX,Culberson,2017,34,1.44,2.17,2.19,10,3,21,29.41
TX,Culberson,2018,22,1.59,3.88,3.98,8,3,11,36.36
TX,Culberson,2019,66,1.59,4.12,4.15,21,8,37,31.82
TX,Culberson,2020,34,0.94,4.24,4.32,8,9,17,23.53
TX,Culberson,2021,28,0.86,3.89,4.18,4,3,21,14.29
TX,Culberson,2022,21,1.33,7.9,8.05,4,4,13,19.05
TX,Dallam,2017,10,1.1,2.79,2.88,5,2,3,50.0
TX,Dallam,2018,36,1.47,3.65,3.69,2,13,21,5.56
TX,Dallam,2019,22,1.23,3.81,4.04,5,0,17,22.73
TX,Dallam,2020,21,1.1,4.57,4.76,4,7,10,19.05
TX,Dallam,2021,16,1.25,3.44,3.44,1,5,10,6.25
TX,Dallam,2022,3,1.33,3.0,3.67,0,1,2,0.0
TX,Dallas,2016,1688,1.39,1.37,2.13,400,724,564,23.7
TX,Dallas,2017,4006,1.29,2.92,4.33,997,1583,1426,24.89
TX,Dallas,2018,5678,1.24,2.54,3.9,1426,2090,2162,25.11
TX,Dallas,2019,4703,1.16,2.33,3.75,1069,1819,1815,22.73
TX,Dallas,2020,2122,1.24,2.92,4.16,421,980,721,19.84
TX,Dallas,2021,5654,1.15,2.68,3.77,744,2871,2039,13.16
TX,Dallas,2022,3642,1.32,3.28,4.42,486,1611,1545,13.34
TX,Dawson,2017,3,1.0,2.46,2.52,2,0,1,66.67
TX,Dawson,2018,20,1.3,4.98,4.99,7,6,7,35.0
TX,Dawson,2019,31,1.06,5.95,6.03,4,7,20,12.9
TX,Dawson,2020,52,0.88,3.56,3.65,10,10,32,19.23
TX,Dawson,2021,30,0.67,3.63,3.83,5,12,13,16.67
TX,Dawson,2022,16,0.75,4.81,5.12,4,3,9,25.0
TX,De Witt,2017,6,0.67,1.23,1.3,2,1,3,33.33
TX,De Witt,2018,6,0.0,0.81,0.9,2,3,1,33.33
TX,De Witt,2022,2,1.0,10.0,11.0,0,2,0,0.0
TX,DeWitt,2017,14,1.07,4.31,4.31,4,4,6,28.57
TX,DeWitt,2018,71,1.06,4.23,4.26,12,32,27,16.9
TX,DeWitt,2019,67,0.87,3.97,4.01,16,14,37,23.88
TX,DeWitt,2020,15,0.8,3.13,3.13,1,4,10,6.67
TX,DeWitt,2021,16,0.69,3.88,4.0,2,7,7,12.5
TX,DeWitt,2022,2,1.0,9.5,9.5,0,0,2,0.0
TX,Deaf Smith,2018,19,1.32,7.53,7.54,4,4,11,21.05
TX,Deaf Smith,2019,25,1.16,3.75,3.8,6,8,11,24.0
TX,Deaf Smith,2020,35,0.74,3.06,3.17,5,9,21,14.29
TX,Deaf Smith,2021,10,0.8,3.5,3.9,6,2,2,60.0
TX,Deaf Smith,2022,10,0.8,5.0,5.1,3,1,6,30.0
TX,Delta,2017,2,1.5,9.94,9.9,0,2,0,0.0
TX,Delta,2018,3,1.33,3.83,3.84,2,1,0,66.67
TX,Delta,2019,2,0.5,1.19,1.19,0,0,2,0.0
TX,Delta,2020,3,0.67,5.0,5.33,0,2,1,0.0
TX,Delta,2021,5,1.0,6.2,6.6,1,3,1,20.0
TX,Delta,2022,6,0.33,3.33,3.5,0,3,3,0.0
TX,Denton,2017,353,1.25,3.32,3.97,99,163,91,28.05
TX,Denton,2018,782,1.09,2.49,3.22,152,408,222,19.44
TX,Denton,2019,825,1.16,2.56,3.15,213,352,260,25.82
TX,Denton,2020,242,1.07,2.89,3.66,48,112,82,19.83
TX,Denton,2021,531,1.25,2.96,3.8,70,242,219,13.18
TX,Denton,2022,488,0.98,3.56,4.12,43,194,251,8.81
TX,Dickens,2017,11,1.73,5.29,5.29,2,2,7,18.18
TX,Dickens,2018,6,1.0,3.35,3.43,1,1,4,16.67
TX,Dickens,2019,21,1.05,6.86,6.86,10,5,6,47.62
TX,Dickens,2020,15,0.53,5.67,5.93,4,8,3,26.67
TX,Dickens,2021,10,0.5,4.1,4.6,1,3,6,10.0
TX,Dickens,2022,14,0.71,4.57,5.14,0,1,13,0.0
TX,Dimmit,2017,11,1.27,2.86,2.88,4,3,4,36.36
TX,Dimmit,2018,70,0.94,4.47,4.48,11,25,34,15.71
TX,Dimmit,2019,41,1.1,5.45,5.45,17,14,10,41.46
TX,Dimmit,2020,28,0.96,5.36,5.36,13,4,11,46.43
TX,Dimmit,2021,12,0.75,5.08,5.08,6,1,5,50.0
TX,Dimmit,2022,7,1.14,3.86,4.0,0,2,5,0.0
TX,Donley,2017,2,1.5,4.72,4.73,0,0,2,0.0
TX,Donley,2018,15,1.6,3.11,3.12,1,5,9,6.67
TX,Donley,2019,9,1.67,3.7,3.7,1,2,6,11.11
TX,Donley,2020,19,1.26,5.84,5.89,0,5,14,0.0
TX,Donley,2021,11,1.73,10.73,11.18,0,3,8,0.0
TX,Donley,2022,4,0.75,4.25,4.25,1,0,3,25.0
TX,Duval,2017,21,1.0,1.2,1.21,10,4,7,47.62
TX,Duval,2018,162,1.11,1.37,1.38,80,20,62,49.38
TX,Duval,2019,36,1.14,5.18,5.19,9,8,19,25.0
TX,Duval,2020,22,1.05,6.0,6.05,6,4,12,27.27
TX,Duval,2021,12,1.08,4.75,4.83,3,2,7,25.0
TX,Duval,2022,10,0.9,8.4,8.3,3,2,5,30.0
TX,Eastland,2016,1,1.0,0.0,0.0,0,0,1,0.0
TX,Eastland,2017,25,2.08,10.25,10.22,4,8,13,16.0
TX,Eastland,2018,41,1.56,6.34,6.35,13,8,20,31.71
TX,Eastland,2019,105,1.43,2.06,2.08,21,33,51,20.0
TX,Eastland,2020,26,1.04,5.08,5.31,3,7,16,11.54
TX,Eastland,2021,33,1.21,4.55,4.73,2,12,19,6.06
TX,Eastland,2022,79,1.13,4.63,4.77,2,6,71,2.53
TX,Ector,2017,44,1.07,4.24,4.28,11,9,24,25.0
TX,Ector,2018,117,1.48,5.44,5.54,31,46,40,26.5
TX,Ector,2019,113,1.09,3.33,3.55,25,48,40,22.12
TX,Ector,2020,139,0.96,3.15,3.87,18,54,67,12.95
TX,Ector,2021,121,1.39,2.07,3.56,6,88,27,4.96
TX,Ector,2022,33,1.0,4.55,4.76,4,11,18,12.12
TX,Edwards,2018,5,1.6,12.67,12.72,3,1,1,60.0
TX,Edwards,2019,13,0.92,6.41,6.49,2,2,9,15.38
TX,Edwards,2020,1,1.0,9.0,9.0,0,0,1,0.0
TX,Edwards,2021,8,1.0,5.75,5.5,1,1,6,12.5
TX,Edwards,2022,4,0.5,2.75,3.0,0,1,3,0.0
TX,El Paso,2017,142,1.42,3.64,3.94,61,64,17,42.96
TX,El Paso,2018,310,1.53,3.63,4.08,118,122,70,38.06
TX,El Paso,2019,497,1.06,3.59,4.11,235,155,107,47.28
TX,El Paso,2020,186,0.81,3.73,4.42,86,60,40,46.24
TX,El Paso,2021,286,1.07,3.28,3.91,98,86,102,34.27
TX,El Paso,2022,136,1.35,3.96,4.5,29,50,57,21.32
TX,Ellis,2016,94,1.26,0.88,1.06,10,46,38,10.64
TX,Ellis,2017,173,1.43,2.76,3.05,26,63,84,15.03
TX,Ellis,2018,128,1.54,4.03,4.31,31,58,39,24.22
TX,Ellis,2019,202,1.25,2.62,2.86,39,84,79,19.31
TX,Ellis,2020,130,0.52,2.33,3.15,19,63,48,14.62
TX,Ellis,2021,193,0.66,2.36,3.09,8,118,67,4.15
TX,Ellis,2022,126,0.91,3.91,4.24,5,43,78,3.97
TX,Erath,2016,16,1.19,2.15,2.23,4,4,8,25.0
TX,Erath,2017,40,1.35,3.91,4.34,7,6,27,17.5
TX,Erath,2018,68,1.31,3.84,3.95,11,16,41,16.18
TX,Erath,2019,50,1.14,2.57,2.6,14,9,27,28.0
TX,Erath,2020,28,1.07,4.57,4.82,2,12,14,7.14
TX,Erath,2021,49,1.04,4.0,4.35,4,22,23,8.16
TX,Erath,2022,53,0.89,4.13,4.42,5,5,43,9.43
TX,Falls,2016,7,2.14,7.26,7.31,2,2,3,28.57
TX,Falls,2017,14,1.5,5.23,5.31,3,3,8,21.43
TX,Falls,2018,33,1.36,4.86,4.91,9,9,15,27.27
TX,Falls,2019,33,1.15,4.39,4.42,5,14,14,15.15
TX,Falls,2020,18,1.17,4.78,4.83,5,3,10,27.78
TX,Falls,2021,17,1.47,5.24,5.29,1,4,12,5.88
TX,Falls,2022,27,1.0,5.3,5.56,2,5,20,7.41
TX,Fannin,2017,6,1.67,5.47,5.49,0,2,4,0.0
TX,Fannin,2018,31,1.42,6.68,6.72,9,11,11,29.03
TX,Fannin,2019,52,1.0,5.73,5.8,17,15,20,32.69
TX,Fannin,2020,19,0.68,4.74,4.84,5,8,6,26.32
TX,Fannin,2021,16,1.12,4.5,4.88,8,5,3,50.0
TX,Fannin,2022,42,0.88,4.9,5.19,5,1,36,11.9
TX,Fayette,2016,14,1.5,0.56,0.59,2,6,6,14.29
TX,Fayette,2017,29,1.07,3.01,3.05,7,10,12,24.14
TX,Fayette,2018,64,1.2,2.42,2.67,9,17,38,14.06
TX,Fayette,2019,92,1.14,2.69,2.72,18,19,55,19.57
TX,Fayette,2020,35,1.4,6.71,6.71,7,12,16,20.0
TX,Fayette,2021,45,1.2,3.64,3.78,2,13,30,4.44
TX,Fayette,2022,13,1.31,6.62,6.85,2,3,8,15.38
TX,Fisher,2017,2,2.0,0.35,0.32,0,1,1,0.0
TX,Fisher,2018,8,1.0,7.07,7.11,1,1,6,12.5
TX,Fisher,2019,18,0.56,4.56,4.8,3,7,8,16.67
TX,Fisher,2020,42,0.29,3.57,3.74,10,10,22,23.81
TX,Fisher,2021,30,0.6,6.0,6.37,6,13,11,20.0
TX,Fisher,2022,30,0.7,6.1,6.33,4,3,23,13.33
TX,Floyd,2017,11,0.91,5.11,5.14,1,7,3,9.09
TX,Floyd,2018,28,1.11,6.37,6.48,1,12,15,3.57
TX,Floyd,2019,8,1.0,7.82,7.81,2,4,2,25.0
TX,Floyd,2020,32,0.31,4.28,4.56,3,14,15,9.38
TX,Floyd,2021,20,0.8,6.05,6.5,4,8,8,20.0
TX,Floyd,2022,21,0.76,6.1,6.33,0,1,20,0.0
TX,Foard,2018,9,1.11,7.12,7.16,1,3,5,11.11
TX,Foard,2019,3,0.67,5.54,5.57,0,1,2,0.0
TX,Foard,2021,4,1.0,6.25,6.5,0,1,3,0.0
TX,Foard,2022,12,1.0,6.33,6.92,1,1,10,8.33
TX,Fort Bend,2016,139,0.71,1.42,1.88,17,69,53,12.23
TX,Fort Bend,2017,473,0.75,2.66,3.47,93,231,149,19.66
TX,Fort Bend,2018,530,0.83,2.2,3.33,117,206,207,22.08
TX,Fort Bend,2019,580,0.75,2.58,3.16,160,212,208,27.59
TX,Fort Bend,2020,222,0.75,3.51,4.08,63,97,62,28.38
TX,Fort Bend,2021,279,0.87,2.78,3.43,49,112,118,17.56
TX,Fort Bend,2022,179,0.85,2.96,3.66,15,78,86,8.38
TX,Franklin,2017,3,1.67,6.44,6.46,2,1,0,66.67
TX,Franklin,2018,20,1.25,4.28,4.36,3,8,9,15.0
TX,Franklin,2019,18,0.89,3.84,3.95,2,11,5,11.11
TX,Franklin,2020,5,0.6,5.0,5.2,0,3,2,0.0
TX,Franklin,2021,27,1.52,4.93,5.85,2,5,20,7.41
TX,Franklin,2022,7,0.86,3.43,4.86,0,3,4,0.0
TX,Freestone,2016,15,1.67,1.7,1.68,0,5,10,0.0
TX,Freestone,2017,22,1.59,4.48,4.49,5,7,10,22.73
TX,Freestone,2018,43,1.65,5.33,5.35,10,18,15,23.26
TX,Freestone,2019,132,1.58,3.1,3.12,38,32,62,28.79
TX,Freestone,2020,31,0.87,4.52,4.61,6,13,12,19.35
TX,Freestone,2021,104,1.32,4.22,4.61,19,33,52,18.27
TX,Freestone,2022,34,1.29,10.91,11.03,9,14,11,26.47
TX,Frio,2017,10,1.4,6.26,6.27,2,0,8,20.0
TX,Frio,2018,20,1.5,10.19,10.21,5,7,8,25.0
TX,Frio,2019,83,1.4,2.94,2.93,22,18,43,26.51
TX,Frio,2020,57,0.74,5.32,5.35,4,15,38,7.02
TX,Frio,2021,41,0.76,3.98,4.29,1,13,27,2.44
TX,Frio,2022,18,0.72,5.83,6.06,3,4,11,16.67
TX,Gaines,2017,3,1.0,4.54,4.56,0,2,1,0.0
TX,Gaines,2018,23,0.57,2.73,2.77,4,2,17,17.39
TX,Gaines,2019,46,1.24,5.1,5.06,23,4,19,50.0
TX,Gaines,2020,37,0.95,4.51,4.49,16,6,15,43.24
TX,Gaines,2021,23,1.0,3.74,4.09,7,12,4,30.43
TX,Gaines,2022,21,0.67,2.76,2.81,7,2,12,33.33
TX,Galveston,2017,156,1.28,3.45,4.03,52,75,29,33.33
TX,Galveston,2018,353,1.03,2.73,3.29,131,137,85,37.11
TX,Galveston,2019,418,0.71,3.09,3.49,177,157,84,42.34
TX,Galveston,2020,270,0.56,3.17,4.11,169,65,36,62.59
TX,Galveston,2021,406,0.55,2.78,3.73,240,87,79,59.11
TX,Galveston,2022,166,0.84,3.67,4.33,45,79,42,27.11
TX,Garza,2017,6,1.5,2.37,2.4,2,2,2,33.33
TX,Garza,2018,24,1.5,3.7,3.73,9,2,13,37.5
TX,Garza,2019,34,1.18,4.69,4.75,12,11,11,35.29
TX,Garza,2020,33,1.15,4.0,4.12,1,11,21,3.03
TX,Garza,2021,29,0.93,3.93,4.21,7,8,14,24.14
TX,Garza,2022,8,1.12,5.88,6.62,0,1,7,0.0
TX,Gillespie,2017,7,1.43,2.15,2.41,1,3,3,14.29
TX,Gillespie,2018,41,1.37,3.12,3.47,7,14,20,17.07
TX,Gillespie,2019,97,1.35,3.67,3.93,36,19,42,37.11
TX,Gillespie,2020,52,1.17,3.83,4.15,24,16,12,46.15
TX,Gillespie,2021,64,1.22,4.0,4.36,5,24,35,7.81
TX,Gillespie,2022,33,1.09,5.64,5.73,0,6,27,0.0
TX,Glasscock,2017,13,0.69,4.69,4.7,1,2,10,7.69
TX,Glasscock,2018,30,0.9,4.29,4.3,6,8,16,20.0
TX,Glasscock,2019,30,0.6,4.13,4.13,5,6,19,16.67
TX,Glasscock,2020,64,0.55,4.52,4.55,5,20,39,7.81
TX,Glasscock,2021,65,0.57,4.75,4.8,1,18,46,1.54
TX,Glasscock,2022,9,0.78,7.33,7.56,0,0,9,0.0
TX,Goliad,2017,23,1.13,0.6,0.62,5,4,14,21.74
TX,Goliad,2018,109,0.99,1.85,1.87,31,12,66,28.44
TX,Goliad,2019,22,1.36,6.19,6.27,7,5,10,31.82
TX,Goliad,2020,26,0.62,5.04,5.08,4,13,9,15.38
TX,Goliad,2021,16,1.0,6.5,6.5,7,2,7,43.75
TX,Goliad,2022,15,0.8,5.0,5.27,1,4,10,6.67
TX,Gonzales,2016,4,1.25,10.66,10.65,1,1,2,25.0
TX,Gonzales,2017,50,1.34,4.11,4.91,7,17,26,14.0
TX,Gonzales,2018,82,1.22,4.12,4.2,19,22,41,23.17
TX,Gonzales,2019,284,0.87,3.26,3.29,46,56,182,16.2
TX,Gonzales,2020,47,1.06,5.17,5.17,8,15,24,17.02
TX,Gonzales,2021,41,0.83,4.24,4.63,14,9,18,34.15
TX,Gonzales,2022,24,1.17,5.92,6.08,6,8,10,25.0
TX,Gray,2017,6,1.17,5.79,5.8,2,1,3,33.33
TX,Gray,2018,26,1.35,4.1,4.11,6,6,14,23.08
TX,Gray,2019,27,1.19,4.19,4.31,7,5,15,25.93
TX,Gray,2020,37,1.16,4.41,4.68,5,9,23,13.51
TX,Gray,2021,16,0.94,4.62,4.88,3,5,8,18.75
TX,Gray,2022,4,1.25,6.75,7.0,0,0,4,0.0
TX,Grayson,2017,22,1.55,4.71,4.76,10,7,5,45.45
TX,Grayson,2018,65,1.55,4.46,4.48,28,20,17,43.08
TX,Grayson,2019,103,1.13,2.64,2.68,34,31,38,33.01
TX,Grayson,2020,28,1.18,5.25,5.25,9,11,8,32.14
TX,Grayson,2021,45,1.31,4.47,4.71,11,20,14,24.44
TX,Grayson,2022,117,1.07,4.97,5.19,18,17,82,15.38
TX,Gregg,2017,9,0.89,4.15,4.21,4,1,4,44.44
TX,Gregg,2018,97,1.13,4.63,4.77,30,50,17,30.93
TX,Gregg,2019,38,1.0,5.33,5.45,15,12,11,39.47
TX,Gregg,2020,14,1.0,7.5,7.86,4,9,1,28.57
TX,Gregg,2021,244,0.73,4.51,5.15,19,114,111,7.79
TX,Gregg,2022,10,1.0,5.5,5.5,0,6,4,0.0
TX,Grimes,2016,10,1.1,9.06,9.25,0,7,3,0.0
TX,Grimes,2017,7,1.0,5.04,5.08,1,2,4,14.29
TX,Grimes,2018,36,1.19,5.56,5.65,8,14,14,22.22
TX,Grimes,2019,29,0.86,5.75,5.82,8,16,5,27.59
TX,Grimes,2020,24,0.5,4.17,4.25,5,8,11,20.83
TX,Grimes,2021,22,0.73,4.36,4.55,4,8,10,18.18
TX,Grimes,2022,10,0.6,5.0,5.1,2,3,5,20.0
TX,Guadalupe,2016,30,1.33,1.07,1.2,8,8,14,26.67
TX,Guadalupe,2017,58,1.36,3.23,3.65,13,19,26,22.41
TX,Guadalupe,2018,129,1.38,3.65,3.85,21,35,73,16.28
TX,Guadalupe,2019,172,1.16,3.52,4.0,44,36,92,25.58
TX,Guadalupe,2020,89,1.04,3.97,4.33,15,41,33,16.85
TX,Guadalupe,2021,235,1.18,3.9,4.54,15,71,149,6.38
TX,Guadalupe,2022,132,1.41,4.64,5.49,11,37,84,8.33
TX,Hale,2017,2,0.0,0.88,0.94,1,0,1,50.0
TX,Hale,2018,60,1.28,4.93,4.95,14,15,31,23.33
TX,Hale,2019,47,0.94,4.04,4.11,11,18,18,23.4
TX,Hale,2020,60,0.65,4.28,4.52,7,22,31,11.67
TX,Hale,2021,25,0.48,4.32,4.76,6,8,11,24.0
TX,Hale,2022,27,0.78,5.0,5.37,6,5,16,22.22
TX,Hall,2017,5,2.0,4.1,4.09,0,3,2,0.0
TX,Hall,2018,8,2.0,4.83,4.83,0,1,7,0.0
TX,Hall,2019,11,1.09,4.47,4.57,1,2,8,9.09
TX,Hall,2020,20,0.45,4.15,4.2,1,3,16,5.0
TX,Hall,2021,8,1.5,7.5,7.62,1,2,5,12.5
TX,Hall,2022,7,0.86,7.29,7.29,0,1,6,0.0
TX,Hamilton,2016,7,1.29,0.58,0.58,2,1,4,28.57
TX,Hamilton,2017,12,1.17,2.65,2.67,2,5,5,16.67
TX,Hamilton,2018,18,1.22,4.83,4.9,3,6,9,16.67
TX,Hamilton,2019,15,1.13,4.71,4.74,4,7,4,26.67
TX,Hamilton,2020,17,1.0,6.47,6.35,3,3,11,17.65
TX,Hamilton,2021,7,1.71,6.14,6.29,3,2,2,42.86
TX,Hamilton,2022,16,0.88,2.44,2.38,0,3,13,0.0
TX,Hansford,2017,6,1.0,4.8,4.79,0,4,2,0.0
TX,Hansford,2018,18,1.17,6.91,7.19,3,7,8,16.67
TX,Hansford,2019,2,0.5,3.45,3.46,0,2,0,0.0
TX,Hansford,2020,4,0.0,3.0,3.0,0,0,4,0.0
TX,Hansford,2021,3,0.67,2.33,4.67,1,0,2,33.33
TX,Hansford,2022,4,0.75,6.0,6.25,0,2,2,0.0
TX,Hardeman,2017,9,1.67,0.5,0.5,0,1,8,0.0
TX,Hardeman,2018,7,1.86,2.13,2.14,0,0,7,0.0
TX,Hardeman,2019,18,1.11,4.08,4.14,3,6,9,16.67
TX,Hardeman,2020,11,1.09,2.09,2.27,0,1,10,0.0
TX,Hardeman,2021,1,0.0,3.0,3.0,0,0,1,0.0
TX,Hardeman,2022,15,1.0,3.53,3.47,0,4,11,0.0
TX,Hardin,2017,34,0.97,4.13,4.47,5,7,22,14.71
TX,Hardin,2018,42,1.29,5.76,6.08,7,19,16,16.67
TX,Hardin,2019,42,0.98,3.14,3.58,3,17,22,7.14
TX,Hardin,2020,31,0.81,3.97,4.23,2,15,14,6.45
TX,Hardin,2021,14,1.21,3.36,3.86,0,8,6,0.0
TX,Hardin,2022,7,1.0,2.57,3.14,0,3,4,0.0
TX,Harris,2016,2285,1.17,1.1,1.89,413,1022,850,18.07
TX,Harris,2017,6906,1.03,2.49,3.97,1465,3079,2362,21.21
TX,Harris,2018,9429,1.02,2.35,3.77,2498,4098,2833,26.49
TX,Harris,2019,7409,0.85,2.52,3.72,2208,3238,1963,29.8
TX,Harris,2020,3910,0.71,2.24,3.56,998,2144,768,25.52
TX,Harris,2021,6616,0.87,2.5,3.5,999,3632,1985,15.1
TX,Harris,2022,3611,1.11,3.18,4.39,534,1710,1367,14.79
TX,Harrison,2017,23,1.39,5.47,5.52,6,3,14,26.09
TX,Harrison,2018,97,1.28,4.16,4.2,27,28,42,27.84
TX,Harrison,2019,96,1.24,4.19,4.28,27,33,36,28.12
TX,Harrison,2020,21,0.76,5.24,5.43,4,11,6,19.05
TX,Harrison,2021,223,1.35,7.38,7.78,9,62,152,4.04
TX,Harrison,2022,39,1.54,5.41,5.54,0,15,24,0.0
TX,Hartley,2017,3,1.67,4.84,4.84,2,0,1,66.67
TX,Hartley,2018,26,1.38,4.51,4.52,4,3,19,15.38
TX,Hartley,2019,10,1.7,7.09,7.09,0,1,9,0.0
TX,Hartley,2020,11,1.36,4.82,4.91,1,2,8,9.09
TX,Hartley,2021,17,0.88,4.59,4.71,1,8,8,5.88
TX,Hartley,2022,7,1.0,3.71,3.71,0,0,7,0.0
TX,Haskell,2018,19,1.16,4.76,4.79,2,8,9,10.53
TX,Haskell,2019,41,0.95,5.33,5.41,6,15,20,14.63
TX,Haskell,2020,27,0.89,4.78,5.11,2,8,17,7.41
TX,Haskell,2021,24,0.83,5.33,5.5,4,11,9,16.67
TX,Haskell,2022,40,0.9,4.78,4.9,2,4,34,5.0
TX,Hays,2016,37,1.78,1.92,2.04,7,13,17,18.92
TX,Hays,2017,85,1.54,4.55,4.99,19,27,39,22.35
TX,Hays,2018,132,1.42,4.11,4.31,19,47,66,14.39
TX,Hays,2019,237,1.09,2.95,3.23,70,37,130,29.54
TX,Hays,2020,91,1.1,3.21,3.79,29,21,41,31.87
TX,Hays,2021,225,1.07,3.44,4.05,47,50,128,20.89
TX,Hays,2022,112,1.17,3.6,4.42,24,25,63,21.43
TX,Hemphill,2017,5,1.2,6.0,5.98,0,0,5,0.0
TX,Hemphill,2018,3,1.67,8.73,8.7,0,1,2,0.0
TX,Hemphill,2019,35,1.46,5.67,5.7,1,9,25,2.86
TX,Hemphill,2020,11,1.55,4.0,4.45,0,3,8,0.0
TX,Hemphill,2021,5,1.0,3.0,3.2,0,1,4,0.0
TX,Hemphill,2022,8,1.38,5.0,5.12,0,1,7,0.0
TX,Henderson,2016,8,1.12,0.0,0.0,1,5,2,12.5
TX,Henderson,2017,22,1.41,4.37,4.42,8,8,6,36.36
TX,Henderson,2018,64,1.16,4.8,5.0,20,14,30,31.25
TX,Henderson,2019,25,0.52,4.54,4.63,4,13,8,16.0
TX,Henderson,2020,20,0.8,6.9,7.05,4,13,3,20.0
TX,Henderson,2021,45,0.33,4.16,4.51,7,22,16,15.56
TX,Henderson,2022,7,0.43,4.14,4.14,0,2,5,0.0
TX,Hidalgo,2017,148,1.6,4.45,4.96,69,58,21,46.62
TX,Hidalgo,2018,354,1.61,5.77,6.39,177,94,83,50.0
TX,Hidalgo,2019,578,0.82,4.27,4.7,256,188,134,44.29
TX,Hidalgo,2020,523,0.51,3.89,4.35,223,169,131,42.64
TX,Hidalgo,2021,526,0.89,2.87,3.66,88,218,220,16.73
TX,Hidalgo,2022,183,0.99,3.7,4.58,48,71,64,26.23
TX,Hill,2016,13,1.23,1.07,1.07,1,8,4,7.69
TX,Hill,2017,36,1.56,3.15,3.16,9,12,15,25.0
TX,Hill,2018,44,1.66,7.01,7.03,9,18,17,20.45
TX,Hill,2019,81,1.4,3.49,3.5,29,21,31,35.8
TX,Hill,2020,50,0.64,4.3,4.48,7,16,27,14.0
TX,Hill,2021,59,1.42,4.29,4.51,4,16,39,6.78
TX,Hill,2022,75,1.08,4.99,5.2,4,13,58,5.33
TX,Hockley,2017,4,1.5,12.42,12.42,1,2,1,25.0
TX,Hockley,2018,67,1.04,6.26,6.3,34,17,16,50.75
TX,Hockley,2019,57,0.77,4.21,4.39,15,18,24,26.32
TX,Hockley,2020,34,0.65,3.94,4.03,9,11,14,26.47
TX,Hockley,2021,31,0.84,3.42,3.94,15,6,10,48.39
TX,Hockley,2022,18,0.83,6.83,7.11,8,2,8,44.44
TX,Hood,2016,9,0.89,1.36,1.46,2,3,4,22.22
TX,Hood,2017,24,0.67,3.85,4.08,5,9,10,20.83
TX,Hood,2018,17,0.65,3.56,3.86,6,6,5,35.29
TX,Hood,2019,26,0.46,3.79,4.0,9,9,8,34.62
TX,Hood,2020,21,0.29,2.95,3.57,3,13,5,14.29
TX,Hood,2021,31,0.42,2.61,3.77,3,17,11,9.68
TX,Hood,2022,41,0.54,4.63,4.93,3,11,27,7.32
TX,Hopkins,2017,10,1.3,4.11,4.33,2,3,5,20.0
TX,Hopkins,2018,44,1.48,4.68,4.7,9,20,15,20.45
TX,Hopkins,2019,67,1.16,2.99,3.06,31,22,14,46.27
TX,Hopkins,2020,35,0.86,3.09,3.34,4,14,17,11.43
TX,Hopkins,2021,80,1.15,3.08,3.49,3,21,56,3.75
TX,Hopkins,2022,35,1.49,5.8,5.89,0,11,24,0.0
TX,Houston,2016,8,1.12,2.6,2.59,0,5,3,0.0
TX,Houston,2017,28,1.14,6.3,6.37,4,8,16,14.29
TX,Houston,2018,28,0.89,5.09,5.46,2,10,16,7.14
TX,Houston,2019,35,0.8,3.97,4.02,3,22,10,8.57
TX,Houston,2020,22,0.59,3.73,4.23,2,3,17,9.09
TX,Houston,2021,8,0.88,6.25,6.12,2,4,2,25.0
TX,Houston,2022,11,0.82,5.45,5.82,3,3,5,27.27
TX,Howard,2017,28,1.32,4.5,4.53,6,6,16,21.43
TX,Howard,2018,38,1.42,4.17,4.21,6,16,16,15.79
TX,Howard,2019,69,1.38,3.66,3.7,22,19,28,31.88
TX,Howard,2020,88,1.22,5.06,5.17,15,14,59,17.05
TX,Howard,2021,45,1.18,4.36,4.56,7,11,27,15.56
TX,Howard,2022,23,1.3,4.83,5.26,0,5,18,0.0
TX,Hudspeth,2017,20,1.65,3.2,3.26,8,4,8,40.0
TX,Hudspeth,2018,51,1.84,2.22,2.25,19,11,21,37.25
TX,Hudspeth,2019,69,1.51,1.96,1.98,33,9,27,47.83
TX,Hudspeth,2020,40,0.68,3.9,4.32,8,11,21,20.0
TX,Hudspeth,2021,22,0.77,3.73,4.59,6,4,12,27.27
TX,Hudspeth,2022,23,0.91,7.3,7.35,2,6,15,8.7
TX,Hunt,2016,2,2.0,5.4,5.43,0,2,0,0.0
TX,Hunt,2017,29,1.59,1.79,1.81,18,8,3,62.07
TX,Hunt,2018,69,1.74,3.06,3.07,29,17,23,42.03
TX,Hunt,2019,85,1.47,3.36,3.39,39,20,26,45.88
TX,Hunt,2020,41,1.1,6.0,6.2,11,17,13,26.83
TX,Hunt,2021,106,1.21,6.23,6.65,16,46,44,15.09
TX,Hunt,2022,93,1.19,6.51,6.85,6,21,66,6.45
TX,Hutchinson,2017,8,1.62,6.57,6.64,0,5,3,0.0
TX,Hutchinson,2018,32,0.84,4.55,4.57,1,10,21,3.12
TX,Hutchinson,2019,10,0.3,3.39,3.63,0,3,7,0.0
TX,Hutchinson,2020,2,0.5,3.0,3.0,0,1,1,0.0
TX,Hutchinson,2021,1,0.0,4.0,4.0,0,0,1,0.0
TX,Hutchinson,2022,8,0.88,6.5,6.5,1,1,6,12.5
TX,Irion,2017,9,1.22,3.36,3.36,1,2,6,11.11
TX,Irion,2018,15,1.27,3.89,3.92,1,6,8,6.67
TX,Irion,2019,9,0.78,3.61,3.62,0,2,7,0.0
TX,Irion,2020,2,0.0,2.0,2.0,0,1,1,0.0
TX,Irion,2022,7,0.29,2.86,2.86,1,1,5,14.29
TX,Jack,2017,3,1.67,4.13,4.2,0,2,1,0.0
TX,Jack,2018,43,1.63,5.42,5.44,6,18,19,13.95
TX,Jack,2019,47,1.34,5.08,5.13,7,13,27,14.89
TX,Jack,2020,16,1.38,4.69,4.75,4,2,10,25.0
TX,Jack,2021,15,1.2,5.07,5.53,1,6,8,6.67
TX,Jack,2022,40,0.9,3.5,3.72,2,4,34,5.0
TX,Jackson,2017,8,1.62,11.17,11.18,2,2,4,25.0
TX,Jackson,2018,27,1.15,1.74,1.74,11,4,12,40.74
TX,Jackson,2019,55,0.93,2.86,2.85,19,15,21,34.55
TX,Jackson,2020,27,0.59,5.67,5.85,11,6,10,40.74
TX,Jackson,2021,8,1.0,4.5,4.75,5,0,3,62.5
TX,Jackson,2022,6,0.83,6.33,6.5,1,0,5,16.67
TX,Jasper,2017,15,1.47,3.66,3.69,12,1,2,80.0
TX,Jasper,2018,21,1.67,6.74,6.76,5,10,6,23.81
TX,Jasper,2019,38,1.34,5.87,6.02,12,14,12,31.58
TX,Jasper,2020,18,0.94,3.94,4.11,8,3,7,44.44
TX,Jasper,2021,12,1.42,3.42,3.75,0,2,10,0.0
TX,Jasper,2022,5,1.0,9.6,9.8,1,4,0,20.0
TX,Jeff Davis,2017,184,1.54,4.22,4.42,24,49,111,13.04
TX,Jeff Davis,2018,90,1.6,3.91,5.05,5,25,60,5.56
TX,Jeff Davis,2019,14,1.43,2.45,2.66,5,1,8,35.71
TX,Jeff Davis,2020,8,1.12,4.38,4.75,5,0,3,62.5
TX,Jeff Davis,2021,19,1.16,6.74,6.89,1,2,16,5.26
TX,Jeff Davis,2022,9,0.89,5.44,5.89,0,0,9,0.0
TX,Jefferson,2017,96,1.24,5.88,6.06,19,45,32,19.79
TX,Jefferson,2018,146,1.5,4.27,4.54,32,52,62,21.92
TX,Jefferson,2019,248,1.15,4.32,4.43,62,86,100,25.0
TX,Jefferson,2020,140,1.29,5.21,5.38,30,49,61,21.43
TX,Jefferson,2021,161,1.42,4.58,4.78,14,74,73,8.7
TX,Jefferson,2022,80,1.65,11.79,11.92,20,36,24,25.0
TX,Jim Hogg,2019,16,0.62,5.2,5.07,5,4,7,31.25
TX,Jim Hogg,2020,13,0.46,4.15,3.92,8,2,3,61.54
TX,Jim Hogg,2021,13,0.77,7.0,7.23,1,2,10,7.69
TX,Jim Hogg,2022,15,0.93,9.0,9.13,2,3,10,13.33
TX,Jim Wells,2017,1,2.0,8.35,8.35,0,0,1,0.0
TX,Jim Wells,2018,11,1.45,4.5,4.53,3,2,6,27.27
TX,Jim Wells,2019,18,1.33,4.93,5.26,4,8,6,22.22
TX,Jim Wells,2020,60,1.52,1.12,2.97,2,41,17,3.33
TX,Jim Wells,2021,77,1.62,1.25,3.18,3,56,18,3.9
TX,Jim Wells,2022,4,0.75,6.75,7.25,1,0,3,25.0
TX,Johnson,2016,77,1.18,1.32,1.43,11,33,33,14.29
TX,Johnson,2017,201,1.2,2.12,2.48,44,96,61,21.89
TX,Johnson,2018,133,1.23,3.48,3.82,32,53,48,24.06
TX,Johnson,2019,161,1.19,2.81,3.11,40,63,58,24.84
TX,Johnson,2020,93,0.71,2.66,3.83,3,24,66,3.23
TX,Johnson,2021,125,0.6,2.38,3.24,4,40,81,3.2
TX,Johnson,2022,146,0.95,4.53,4.86,7,28,111,4.79
TX,Jones,2017,4,1.75,7.6,7.61,1,1,2,25.0
TX,Jones,2018,21,1.38,4.66,4.65,5,3,13,23.81
TX,Jones,2019,61,1.21,4.4,4.47,7,23,31,11.48
TX,Jones,2020,77,0.71,4.18,4.25,9,26,42,11.69
TX,Jones,2021,57,0.82,4.23,4.65,3,17,37,5.26
TX,Jones,2022,63,0.89,4.16,4.32,6,14,43,9.52
TX,Karnes,2017,11,1.09,4.69,4.7,5,3,3,45.45
TX,Karnes,2018,41,1.15,6.38,6.4,9,19,13,21.95
TX,Karnes,2019,34,0.76,5.28,5.34,6,11,17,17.65
TX,Karnes,2020,43,0.44,4.23,4.3,6,19,18,13.95
TX,Karnes,2021,17,0.71,5.47,5.53,9,4,4,52.94
TX,Karnes,2022,13,0.69,6.08,6.0,3,2,8,23.08
TX,Kaufman,2016,35,1.34,2.26,2.48,8,14,13,22.86
TX,Kaufman,2017,73,1.56,6.15,6.53,16,31,26,21.92
TX,Kaufman,2018,103,1.3,4.26,4.76,18,39,46,17.48
TX,Kaufman,2019,141,1.55,3.93,4.23,35,28,78,24.82
TX,Kaufman,2020,72,1.36,4.19,4.65,7,20,45,9.72
TX,Kaufman,2021,169,1.26,4.0,4.55,14,60,95,8.28
TX,Kaufman,2022,125,1.42,5.38,5.75,7,33,85,5.6
TX,Kendall,2017,18,1.22,4.45,4.56,6,6,6,33.33
TX,Kendall,2018,35,0.66,3.97,4.44,9,8,18,25.71
TX,Kendall,2019,83,1.11,3.45,3.69,40,11,32,48.19
TX,Kendall,2020,28,0.54,2.61,2.79,7,7,14,25.0
TX,Kendall,2021,48,1.06,2.96,3.27,2,10,36,4.17
TX,Kendall,2022,12,1.33,5.75,5.75,3,2,7,25.0
TX,Kenedy,2017,15,1.73,3.24,4.09,5,2,8,33.33
TX,Kenedy,2018,41,1.61,3.32,4.73,11,10,20,26.83
TX,Kenedy,2019,21,1.67,7.36,7.47,7,1,13,33.33
TX,Kenedy,2020,10,1.6,7.5,7.6,1,1,8,10.0
TX,Kent,2017,2,1.5,2.84,2.95,1,0,1,50.0
TX,Kent,2018,6,1.5,7.51,7.58,0,3,3,0.0
TX,Kent,2019,8,0.88,7.0,7.0,1,1,6,12.5
TX,Kent,2020,13,0.69,5.15,5.31,0,5,8,0.0
TX,Kent,2021,4,0.75,7.5,7.5,0,1,3,0.0
TX,Kent,2022,14,0.71,6.43,6.64,0,5,9,0.0
TX,Kerr,2017,11,1.27,4.23,4.34,3,3,5,27.27
TX,Kerr,2018,26,1.0,6.5,6.69,8,9,9,30.77
TX,Kerr,2019,88,1.51,2.49,2.49,32,20,36,36.36
TX,Kerr,2020,20,1.05,4.25,4.45,3,10,7,15.0
TX,Kerr,2021,67,1.16,3.52,3.99,3,24,40,4.48
TX,Kerr,2022,30,1.3,4.7,4.83,0,9,21,0.0
TX,Kimble,2017,31,1.61,1.43,1.43,7,6,18,22.58
TX,Kimble,2018,25,1.72,3.36,3.37,6,4,15,24.0
TX,Kimble,2019,120,1.7,1.96,1.96,33,18,69,27.5
TX,Kimble,2020,11,1.18,3.73,3.73,1,3,7,9.09
TX,Kimble,2021,76,1.58,4.93,5.3,1,16,59,1.32
TX,Kimble,2022,34,1.26,4.65,4.82,0,5,29,0.0
TX,King,2018,3,1.33,1.3,1.36,1,0,2,33.33
TX,King,2019,16,1.56,3.81,3.86,7,6,3,43.75
TX,King,2020,6,1.5,3.83,3.83,1,1,4,16.67
TX,King,2021,3,2.0,4.33,4.67,0,0,3,0.0
TX,King,2022,14,1.57,4.43,4.5,1,0,13,7.14
TX,Kinney,2017,14,1.21,2.1,2.1,4,0,10,28.57
TX,Kinney,2018,61,1.43,3.56,3.56,9,18,34,14.75
TX,Kinney,2019,69,1.17,2.46,2.46,36,17,16,52.17
TX,Kinney,2020,15,1.07,5.6,5.67,8,4,3,53.33
TX,Kinney,2021,13,0.62,3.15,3.54,4,0,9,30.77
TX,Kinney,2022,3,1.0,4.67,4.67,0,2,1,0.0
TX,Kleberg,2017,9,1.56,6.21,6.26,4,0,5,44.44
TX,Kleberg,2018,12,1.42,3.64,3.82,1,4,7,8.33
TX,Kleberg,2019,7,1.29,6.23,6.22,3,1,3,42.86
TX,Kleberg,2020,6,1.0,3.5,3.67,1,2,3,16.67
TX,Kleberg,2021,4,1.75,3.0,3.0,0,1,3,0.0
TX,Kleberg,2022,1,1.0,8.0,9.0,1,0,0,100.0
TX,Knox,2017,1,2.0,12.73,12.73,0,1,0,0.0
TX,Knox,2018,22,1.64,5.7,5.7,5,7,10,22.73
TX,Knox,2019,21,1.14,4.85,4.85,5,6,10,23.81
TX,Knox,2020,8,1.5,7.75,7.75,2,3,3,25.0
TX,Knox,2021,14,0.5,4.71,4.86,3,6,5,21.43
TX,Knox,2022,23,0.83,3.91,4.17,5,1,17,21.74
TX,La Salle,2017,7,2.29,9.95,9.96,0,3,4,0.0
TX,La Salle,2018,18,1.17,5.13,5.14,8,2,8,44.44
TX,La Salle,2019,110,1.57,2.46,2.47,41,13,56,37.27
TX,La Salle,2020,14,0.71,3.57,3.71,1,6,7,7.14
TX,La Salle,2021,23,0.96,4.52,4.52,0,6,17,0.0
TX,La Salle,2022,13,1.23,4.31,4.38,0,3,10,0.0
TX,Lamar,2017,10,1.8,5.93,5.93,6,3,1,60.0
TX,Lamar,2018,51,1.63,5.13,5.16,5,21,25,9.8
TX,Lamar,2019,47,0.72,3.57,3.59,11,22,14,23.4
TX,Lamar,2020,18,0.5,2.78,4.06,2,11,5,11.11
TX,Lamar,2021,54,1.28,2.94,4.04,6,45,3,11.11
TX,Lamar,2022,17,0.82,4.76,4.88,2,2,13,11.76
TX,Lamb,2017,4,1.75,5.75,5.77,1,1,2,25.0
TX,Lamb,2018,52,1.19,4.52,4.51,5,14,33,9.62
TX,Lamb,2019,34,0.82,5.1,5.18,8,12,14,23.53
TX,Lamb,2020,59,0.64,3.85,4.07,7,14,38,11.86
TX,Lamb,2021,13,0.69,4.08,5.15,11,0,2,84.62
TX,Lamb,2022,16,0.88,5.12,5.38,1,2,13,6.25
TX,Lampasas,2016,21,1.05,1.57,1.64,11,5,5,52.38
TX,Lampasas,2017,52,1.0,1.4,1.49,31,9,12,59.62
TX,Lampasas,2018,44,1.25,3.51,3.54,20,12,12,45.45
TX,Lampasas,2019,51,1.12,2.31,2.46,32,11,8,62.75
TX,Lampasas,2020,33,1.18,4.42,4.55,9,12,12,27.27
TX,Lampasas,2021,29,1.07,2.0,2.66,4,18,7,13.79
TX,Lampasas,2022,26,1.0,3.69,3.77,2,3,21,7.69
TX,Lavaca,2016,5,1.0,1.59,1.61,3,0,2,60.0
TX,Lavaca,2017,11,1.0,2.39,2.5,4,2,5,36.36
TX,Lavaca,2018,30,1.3,3.48,3.51,8,8,14,26.67
TX,Lavaca,2019,30,0.97,4.63,4.6,12,9,9,40.0
TX,Lavaca,2020,18,1.0,6.06,6.11,6,8,4,33.33
TX,Lavaca,2021,5,1.0,4.0,4.2,2,1,2,40.0
TX,Lavaca,2022,5,1.2,8.4,8.4,1,0,4,20.0
TX,Lee,2016,28,1.11,0.83,0.88,11,2,15,39.29
TX,Lee,2017,72,1.1,1.27,1.43,50,2,20,69.44
TX,Lee,2018,52,1.35,2.99,3.06,12,12,28,23.08
TX,Lee,2019,48,1.31,2.65,2.68,15,11,22,31.25
TX,Lee,2020,17,1.24,5.65,5.71,3,9,5,17.65
TX,Lee,2021,27,1.41,2.52,2.67,2,10,15,7.41
TX,Lee,2022,12,1.25,2.5,3.25,4,0,8,33.33
TX,Leon,2016,11,1.45,1.11,1.1,1,2,8,9.09
TX,Leon,2017,28,1.43,5.9,5.91,10,8,10,35.71
TX,Leon,2018,57,1.53,4.93,4.94,13,19,25,22.81
TX,Leon,2019,112,1.38,3.39,3.41,50,21,41,44.64
TX,Leon,2020,36,0.83,3.53,5.03,5,14,17,13.89
TX,Leon,2021,80,1.32,4.54,4.7,5,29,46,6.25
TX,Leon,2022,44,1.66,8.09,8.18,2,24,18,4.55
TX,Liberty,2016,1,1.0,0.0,0.0,0,0,1,0.0
TX,Liberty,2017,49,0.65,3.55,3.83,5,8,36,10.2
TX,Liberty,2018,54,1.07,3.24,3.33,9,18,27,16.67
TX,Liberty,2019,130,0.49,3.26,3.5,53,32,45,40.77
TX,Liberty,2020,52,0.73,3.73,3.9,9,16,27,17.31
TX,Liberty,2021,73,0.84,5.08,5.56,18,19,36,24.66
TX,Liberty,2022,36,0.58,4.28,4.69,7,17,12,19.44
TX,Limestone,2016,5,1.6,0.0,0.0,0,1,4,0.0
TX,Limestone,2017,8,2.0,6.47,6.53,2,4,2,25.0
TX,Limestone,2018,22,1.77,6.72,6.75,6,7,9,27.27
TX,Limestone,2019,32,1.34,5.73,5.83,4,12,16,12.5
TX,Limestone,2020,23,0.65,5.17,5.13,5,8,10,21.74
TX,Limestone,2021,15,0.87,3.93,4.2,0,6,9,0.0
TX,Limestone,2022,18,1.0,5.83,6.11,2,4,12,11.11
TX,Lipscomb,2017,5,1.2,5.45,5.52,2,3,0,40.0
TX,Lipscomb,2018,5,1.4,5.08,5.09,2,0,3,40.0
TX,Lipscomb,2019,2,2.0,6.18,6.29,0,0,2,0.0
TX,Lipscomb,2020,2,0.0,2.5,2.5,2,0,0,100.0
TX,Lipscomb,2021,6,0.67,4.5,4.83,2,3,1,33.33
TX,Lipscomb,2022,8,0.75,6.12,6.75,1,4,3,12.5
TX,Live Oak,2017,48,1.15,1.17,1.17,19,7,22,39.58
TX,Live Oak,2018,185,1.16,2.43,2.43,45,47,93,24.32
TX,Live Oak,2019,43,1.12,4.43,4.46,9,5,29,20.93
TX,Live Oak,2020,15,1.07,5.07,5.07,1,4,10,6.67
TX,Live Oak,2021,12,0.92,3.83,4.58,0,6,6,0.0
TX,Live Oak,2022,4,1.0,7.0,7.0,1,1,2,25.0
TX,Llano,2016,5,1.2,0.0,0.0,0,1,4,0.0
TX,Llano,2017,4,0.5,4.24,4.27,2,1,1,50.0
TX,Llano,2018,5,0.0,1.13,1.15,1,2,2,20.0
TX,Llano,2019,21,1.05,3.78,3.8,8,5,8,38.1
TX,Llano,2020,13,0.85,4.54,4.54,3,2,8,23.08
TX,Llano,2021,4,0.5,3.5,4.0,1,2,1,25.0
TX,Llano,2022,6,0.83,4.83,5.33,0,0,6,0.0
TX,Loving,2017,4,1.0,5.13,5.13,0,1,3,0.0
TX,Loving,2018,8,0.12,3.62,3.63,0,0,8,0.0
TX,Loving,2019,6,0.67,5.02,4.88,2,2,2,33.33
TX,Loving,2020,5,0.6,6.8,6.8,1,3,1,20.0
TX,Loving,2021,2,1.5,7.5,7.5,0,0,2,0.0
TX,Loving,2022,5,0.8,4.8,4.8,0,3,2,0.0
TX,Lubbock,2017,68,1.6,4.17,4.27,29,26,13,42.65
TX,Lubbock,2018,137,1.39,4.94,4.99,49,56,32,35.77
TX,Lubbock,2019,115,1.0,4.43,4.56,48,37,30,41.74
TX,Lubbock,2020,95,1.01,5.49,5.75,34,40,21,35.79
TX,Lubbock,2021,62,0.81,4.15,4.58,31,20,11,50.0
TX,Lubbock,2022,75,0.76,3.96,4.2,20,18,37,26.67
TX,Lynn,2017,1,2.0,0.0,0.0,0,1,0,0.0
TX,Lynn,2018,33,1.24,5.27,5.52,4,4,25,12.12
TX,Lynn,2019,79,0.81,4.58,4.7,10,20,49,12.66
TX,Lynn,2020,55,0.56,4.47,4.67,2,25,28,3.64
TX,Lynn,2021,29,0.66,4.21,4.55,4,9,16,13.79
TX,Lynn,2022,12,0.83,4.67,5.0,2,0,10,16.67
TX,Madison,2016,9,1.22,2.15,2.16,2,2,5,22.22
TX,Madison,2017,20,0.75,3.99,4.09,6,5,9,30.0
TX,Madison,2018,37,1.08,3.6,3.61,6,11,20,16.22
TX,Madison,2019,61,1.18,2.54,2.66,32,6,23,52.46
TX,Madison,2020,38,0.61,4.11,5.53,7,6,25,18.42
TX,Madison,2021,33,1.12,3.91,4.18,3,14,16,9.09
TX,Madison,2022,17,0.82,5.12,5.29,1,10,6,5.88
TX,Marion,2017,5,2.0,8.1,8.13,3,1,1,60.0
TX,Marion,2018,11,1.36,3.05,3.08,5,1,5,45.45
TX,Marion,2019,3,1.0,1.92,1.93,2,0,1,66.67
TX,Marion,2020,1,0.0,2.0,2.0,1,0,0,100.0
TX,Marion,2021,24,0.88,4.33,4.62,12,4,8,50.0
TX,Marion,2022,3,1.33,5.67,6.33,1,0,2,33.33
TX,Martin,2017,12,1.08,9.17,9.16,4,1,7,33.33
TX,Martin,2018,35,1.54,6.73,6.74,7,6,22,20.0
TX,Martin,2019,31,0.87,6.49,6.52,9,5,17,29.03
TX,Martin,2020,62,0.69,6.08,6.1,19,8,35,30.65
TX,Martin,2021,34,1.18,4.47,4.68,12,13,9,35.29
TX,Martin,2022,19,0.79,6.26,6.47,6,3,10,31.58
TX,Mason,2017,3,0.33,0.49,1.53,0,1,2,0.0
TX,Mason,2018,5,1.0,2.74,2.74,2,1,2,40.0
TX,Mason,2019,17,1.06,4.87,4.93,3,9,5,17.65
TX,Mason,2020,14,0.93,4.0,4.0,2,8,4,14.29
TX,Mason,2021,12,0.83,3.92,4.25,0,2,10,0.0
TX,Mason,2022,10,1.0,8.2,8.4,0,1,9,0.0
TX,Matagorda,2017,4,1.0,4.52,4.64,0,1,3,0.0
TX,Matagorda,2018,22,1.09,6.71,6.95,8,6,8,36.36
TX,Matagorda,2019,32,0.72,5.43,5.59,6,5,21,18.75
TX,Matagorda,2020,27,0.37,4.67,4.78,2,8,17,7.41
TX,Matagorda,2021,8,0.38,4.0,4.25,2,2,4,25.0
TX,Matagorda,2022,5,0.6,3.6,3.4,0,4,1,0.0
TX,Maverick,2017,18,1.83,4.94,5.16,6,10,2,33.33
TX,Maverick,2018,41,1.54,4.64,4.74,11,12,18,26.83
TX,Maverick,2019,98,1.11,5.46,5.57,31,32,35,31.63
TX,Maverick,2020,106,0.79,5.79,5.95,18,46,42,16.98
TX,Maverick,2021,26,1.08,4.5,4.85,6,9,11,23.08
TX,Maverick,2022,12,0.83,7.67,7.75,4,3,5,33.33
TX,McCulloch,2017,6,1.17,4.93,5.0,1,2,3,16.67
TX,McCulloch,2018,14,1.21,3.98,4.01,1,5,8,7.14
TX,McCulloch,2019,13,1.15,4.68,5.45,4,2,7,30.77
TX,McCulloch,2020,19,0.74,3.95,3.95,4,3,12,21.05
TX,McCulloch,2021,10,1.3,5.7,5.7,3,0,7,30.0
TX,McCulloch,2022,16,0.44,3.62,3.56,1,3,12,6.25
TX,McLennan,2016,60,1.63,2.61,2.63,4,29,27,6.67
TX,McLennan,2017,56,1.66,7.02,7.13,14,17,25,25.0
TX,McLennan,2018,185,1.68,5.72,5.91,62,75,48,33.51
TX,McLennan,2019,272,1.4,4.55,4.63,89,110,73,32.72
TX,McLennan,2020,205,1.39,4.22,5.05,57,88,60,27.8
TX,McLennan,2021,552,1.65,4.46,6.01,74,289,189,13.41
TX,McLennan,2022,304,1.58,5.21,6.29,22,142,140,7.24
TX,McMullen,2017,11,1.0,4.01,4.05,0,4,7,0.0
TX,McMullen,2018,26,1.19,4.87,4.87,3,9,14,11.54
TX,McMullen,2019,117,0.22,3.07,3.11,6,16,95,5.13
TX,McMullen,2020,136,0.18,3.04,3.07,6,19,111,4.41
TX,McMullen,2021,9,0.22,3.22,3.22,0,0,9,0.0
TX,McMullen,2022,8,0.12,3.25,3.5,0,3,5,0.0
TX,Mcculloch,2017,1,1.0,0.37,0.38,0,1,0,0.0
TX,Mclennan,2016,6,1.0,4.31,4.38,1,3,2,16.67
TX,Mclennan,2017,20,1.75,6.35,6.45,8,6,6,40.0
TX,Mclennan,2018,13,1.38,3.86,3.97,2,9,2,15.38
TX,Medina,2017,48,1.06,1.7,1.82,10,18,20,20.83
TX,Medina,2018,63,1.25,3.66,3.75,18,22,23,28.57
TX,Medina,2019,139,1.12,2.36,2.45,22,38,79,15.83
TX,Medina,2020,49,1.02,4.1,4.35,8,19,22,16.33
TX,Medina,2021,51,1.16,3.0,3.33,3,15,33,5.88
TX,Medina,2022,9,1.0,1.67,2.33,0,3,6,0.0
TX,Menard,2017,6,1.5,5.03,5.03,1,2,3,16.67
TX,Menard,2018,21,1.33,8.0,8.0,1,6,14,4.76
TX,Menard,2019,26,1.04,4.98,5.1,6,8,12,23.08
TX,Menard,2020,19,0.84,6.32,6.42,5,11,3,26.32
TX,Menard,2021,4,0.75,3.75,3.75,0,0,4,0.0
TX,Menard,2022,12,1.0,3.42,3.5,0,2,10,0.0
TX,Midland,2017,66,0.77,4.23,4.26,11,20,35,16.67
TX,Midland,2018,137,0.96,3.85,4.04,46,43,48,33.58
TX,Midland,2019,135,0.67,4.25,4.35,38,50,47,28.15
TX,Midland,2020,121,0.59,4.02,4.21,10,23,88,8.26
TX,Midland,2021,71,1.0,5.37,5.92,13,38,20,18.31
TX,Midland,2022,39,0.74,7.85,8.1,4,17,18,10.26
TX,Milam,2016,7,1.29,4.56,4.58,2,3,2,28.57
TX,Milam,2017,30,1.57,5.11,5.16,3,15,12,10.0
TX,Milam,2018,38,1.42,4.24,4.25,9,9,20,23.68
TX,Milam,2019,56,1.2,4.97,5.06,9,22,25,16.07
TX,Milam,2020,44,0.82,4.86,4.98,6,25,13,13.64
TX,Milam,2021,46,1.15,3.89,3.96,3,19,24,6.52
TX,Milam,2022,4,1.0,4.0,4.25,0,0,4,0.0
TX,Mills,2016,1,1.0,0.0,0.0,0,1,0,0.0
TX,Mills,2017,2,1.5,3.28,3.29,0,0,2,0.0
TX,Mills,2018,15,1.87,7.8,7.8,4,7,4,26.67
TX,Mills,2019,11,1.27,4.27,4.37,2,3,6,18.18
TX,Mills,2020,10,0.9,4.2,4.1,3,2,5,30.0
TX,Mills,2021,5,0.6,4.4,4.4,1,2,2,20.0
TX,Mills,2022,22,0.95,5.41,5.59,2,7,13,9.09
TX,Mitchell,2017,10,1.6,6.72,6.76,5,0,5,50.0
TX,Mitchell,2018,23,1.83,6.15,6.16,4,4,15,17.39
TX,Mitchell,2019,32,1.62,3.92,3.92,11,10,11,34.38
TX,Mitchell,2020,43,1.47,4.77,4.84,2,9,32,4.65
TX,Mitchell,2021,25,1.4,4.4,4.64,4,5,16,16.0
TX,Mitchell,2022,28,1.32,5.36,5.71,5,4,19,17.86
TX,Montague,2017,33,1.7,5.53,5.55,5,15,13,15.15
TX,Montague,2018,15,1.6,5.5,5.54,3,6,6,20.0
TX,Montague,2019,61,1.02,4.21,4.28,20,19,22,32.79
TX,Montague,2020,19,1.21,5.37,5.63,0,6,13,0.0
TX,Montague,2021,6,1.5,3.83,3.83,0,3,3,0.0
TX,Montague,2022,42,0.88,3.48,3.52,1,3,38,2.38
TX,Montgomery,2016,109,1.0,1.7,2.28,11,42,56,10.09
TX,Montgomery,2017,280,0.87,3.68,4.51,39,116,125,13.93
TX,Montgomery,2018,416,0.77,2.89,3.92,72,161,183,17.31
TX,Montgomery,2019,468,0.75,2.87,3.67,160,139,169,34.19
TX,Montgomery,2020,231,0.52,3.54,4.44,56,94,81,24.24
TX,Montgomery,2021,371,0.72,3.56,4.42,57,142,172,15.36
TX,Montgomery,2022,155,0.79,3.94,4.69,28,58,69,18.06
TX,Moore,2017,8,1.38,3.78,3.96,5,2,1,62.5
TX,Moore,2018,20,1.3,4.14,4.14,4,6,10,20.0
TX,Moore,2019,14,1.07,4.14,4.29,1,0,13,7.14
TX,Moore,2020,26,0.96,3.69,3.81,0,5,21,0.0
TX,Moore,2021,30,1.17,4.43,4.87,0,18,12,0.0
TX,Moore,2022,14,1.14,3.43,3.71,0,5,9,0.0
TX,Morris,2017,7,1.14,4.73,4.73,2,0,5,28.57
TX,Morris,2018,18,1.28,5.79,5.8,6,5,7,33.33
TX,Morris,2019,14,0.64,3.67,3.58,3,2,9,21.43
TX,Morris,2020,5,0.2,2.4,2.6,1,4,0,20.0
TX,Morris,2021,23,1.04,4.65,4.91,3,3,17,13.04
TX,Morris,2022,4,0.75,4.5,4.5,0,2,2,0.0
TX,Motley,2017,3,2.0,4.66,4.67,0,2,1,0.0
TX,Motley,2018,4,1.25,7.15,7.16,0,0,4,0.0
TX,Motley,2019,8,0.25,2.97,2.97,3,2,3,37.5
TX,Motley,2020,12,0.67,5.42,5.67,0,2,10,0.0
TX,Motley,2021,7,0.71,4.57,5.57,0,2,5,0.0
TX,Motley,2022,2,0.0,1.5,2.0,0,0,2,0.0
TX,Nacogdoches,2017,9,1.67,9.47,9.51,6,1,2,66.67
TX,Nacogdoches,2018,20,1.4,5.87,5.92,3,11,6,15.0
TX,Nacogdoches,2019,33,1.15,5.39,5.43,7,14,12,21.21
TX,Nacogdoches,2020,13,1.0,5.15,5.38,2,7,4,15.38
TX,Nacogdoches,2021,57,1.02,4.23,4.72,5,31,21,8.77
TX,Nacogdoches,2022,12,1.0,5.17,5.67,2,5,5,16.67
TX,Navarro,2016,64,1.8,1.09,1.24,7,25,32,10.94
TX,Navarro,2017,73,1.58,4.23,4.32,7,29,37,9.59
TX,Navarro,2018,88,1.3,2.97,3.07,18,26,44,20.45
TX,Navarro,2019,75,1.33,3.83,4.01,9,31,35,12.0
TX,Navarro,2020,16,1.12,6.56,6.88,5,7,4,31.25
TX,Navarro,2021,56,0.98,4.27,4.96,2,25,29,3.57
TX,Navarro,2022,58,1.05,5.1,5.24,2,20,36,3.45
TX,Newton,2017,3,2.0,9.34,9.33,2,1,0,66.67
TX,Newton,2018,7,1.71,9.25,9.26,4,2,1,57.14
TX,Newton,2019,26,0.65,5.1,5.64,9,3,14,34.62
TX,Newton,2020,12,1.0,6.0,6.08,1,5,6,8.33
TX,Newton,2021,10,1.1,4.9,4.9,2,2,6,20.0
TX,Newton,2022,7,1.14,19.29,19.57,2,3,2,28.57
TX,Nolan,2017,23,1.48,2.96,2.96,1,6,16,4.35
TX,Nolan,2018,83,1.48,5.92,6.01,17,14,52,20.48
TX,Nolan,2019,57,1.6,3.77,3.73,14,16,27,24.56
TX,Nolan,2020,65,1.0,3.55,3.65,4,13,48,6.15
TX,Nolan,2021,36,1.31,3.97,4.19,2,10,24,5.56
TX,Nolan,2022,95,1.14,7.46,7.62,6,32,57,6.32
TX,Nueces,2017,57,1.0,5.21,5.73,28,20,9,49.12
TX,Nueces,2018,119,0.95,4.17,5.11,66,30,23,55.46
TX,Nueces,2019,193,0.66,3.98,4.52,102,60,31,52.85
TX,Nueces,2020,128,0.66,4.46,4.93,63,41,24,49.22
TX,Nueces,2021,93,0.7,4.16,4.72,49,28,16,52.69
TX,Nueces,2022,35,0.89,6.86,7.11,6,13,16,17.14
TX,Ochiltree,2017,2,1.0,5.45,5.45,0,1,1,0.0
TX,Ochiltree,2018,7,0.57,3.25,3.26,0,1,6,0.0
TX,Ochiltree,2019,6,0.67,3.76,3.74,0,1,5,0.0
TX,Ochiltree,2020,14,0.57,4.14,4.36,2,5,7,14.29
TX,Ochiltree,2021,5,1.4,6.0,6.4,0,2,3,0.0
TX,Ochiltree,2022,23,1.09,5.3,5.43,1,4,18,4.35
TX,Oldham,2017,2,2.0,4.02,4.02,1,0,1,50.0
TX,Oldham,2018,35,1.54,2.98,3.0,4,5,26,11.43
TX,Oldham,2019,33,1.36,6.83,6.86,4,4,25,12.12
TX,Oldham,2020,39,1.77,10.54,10.9,2,9,28,5.13
TX,Oldham,2021,24,1.21,3.83,4.21,4,8,12,16.67
TX,Oldham,2022,18,1.44,7.56,7.67,1,0,17,5.56
TX,Orange,2017,63,1.57,7.13,7.32,14,17,32,22.22
TX,Orange,2018,69,1.84,6.74,7.07,17,23,29,24.64
TX,Orange,2019,144,1.5,3.09,3.22,99,19,26,68.75
TX,Orange,2020,48,0.98,5.4,5.54,12,28,8,25.0
TX,Orange,2021,68,1.19,7.62,8.04,16,25,27,23.53
TX,Orange,2022,21,1.48,7.9,8.1,7,9,5,33.33
TX,Palo Pinto,2016,3,0.67,1.91,1.93,0,1,2,0.0
TX,Palo Pinto,2017,16,1.62,5.57,5.57,3,6,7,18.75
TX,Palo Pinto,2018,23,1.65,7.05,7.07,5,8,10,21.74
TX,Palo Pinto,2019,40,1.35,3.88,3.86,9,11,20,22.5
TX,Palo Pinto,2020,16,0.69,3.94,4.06,4,2,10,25.0
TX,Palo Pinto,2021,19,1.32,4.11,4.26,1,3,15,5.26
TX,Palo Pinto,2022,60,1.17,4.97,5.2,2,8,50,3.33
TX,Panola,2017,8,1.38,3.57,3.58,5,2,1,62.5
TX,Panola,2018,31,1.19,7.09,7.1,10,4,17,32.26
TX,Panola,2019,10,0.8,5.11,5.12,3,5,2,30.0
TX,Panola,2020,6,1.0,5.5,5.67,1,4,1,16.67
TX,Panola,2021,66,0.64,3.45,3.71,3,35,28,4.55
TX,Panola,2022,3,1.0,4.33,4.67,0,0,3,0.0
TX,Parker,2016,17,1.41,2.38,2.38,3,6,8,17.65
TX,Parker,2017,31,1.39,4.3,4.42,2,8,21,6.45
TX,Parker,2018,74,1.19,4.77,4.89,17,23,34,22.97
TX,Parker,2019,136,1.24,3.5,3.74,32,36,68,23.53
TX,Parker,2020,124,0.54,2.67,3.56,13,73,38,10.48
TX,Parker,2021,226,0.77,2.83,3.74,41,112,73,18.14
TX,Parker,2022,130,0.94,3.7,3.95,4,17,109,3.08
TX,Parmer,2017,2,1.5,0.43,0.43,2,0,0,100.0
TX,Parmer,2018,25,1.36,5.89,5.94,6,9,10,24.0
TX,Parmer,2019,38,1.21,4.19,4.19,4,11,23,10.53
TX,Parmer,2020,110,0.95,4.53,4.67,24,26,60,21.82
TX,Parmer,2021,17,0.94,4.47,4.65,9,2,6,52.94
TX,Parmer,2022,17,1.29,6.29,6.71,3,0,14,17.65
TX,Pecos,2017,95,1.59,3.5,3.5,31,18,46,32.63
TX,Pecos,2018,148,1.43,3.91,3.93,37,32,79,25.0
TX,Pecos,2019,275,1.55,2.77,2.79,100,35,140,36.36
TX,Pecos,2020,92,1.39,5.68,5.84,17,17,58,18.48
TX,Pecos,2021,75,1.32,5.55,5.96,5,17,53,6.67
TX,Pecos,2022,52,1.37,4.1,4.29,3,1,48,5.77
TX,Polk,2017,36,1.06,3.37,3.51,6,4,26,16.67
TX,Polk,2018,84,1.1,1.75,1.81,25,12,47,29.76
TX,Polk,2019,145,1.0,2.03,2.11,39,24,82,26.9
TX,Polk,2020,50,1.14,3.38,4.0,12,20,18,24.0
TX,Polk,2021,52,1.19,2.73,3.38,2,24,26,3.85
TX,Polk,2022,22,1.14,4.77,5.14,1,9,12,4.55
TX,Potter,2017,23,1.52,5.4,5.46,14,8,1,60.87
TX,Potter,2018,98,1.61,4.59,4.65,33,34,31,33.67
TX,Potter,2019,58,1.16,5.3,5.33,13,21,24,22.41
TX,Potter,2020,72,1.12,5.38,5.96,12,24,36,16.67
TX,Potter,2021,58,1.41,5.57,6.12,14,24,20,24.14
TX,Potter,2022,38,0.84,3.97,4.13,5,7,26,13.16
TX,Presidio,2017,14,1.43,4.07,4.44,5,4,5,35.71
TX,Presidio,2018,20,1.35,3.8,4.01,6,5,9,30.0
TX,Presidio,2019,25,1.08,3.52,3.58,14,3,8,56.0
TX,Presidio,2020,19,0.68,5.42,5.58,7,6,6,36.84
TX,Presidio,2021,12,0.58,4.5,5.08,3,5,4,25.0
TX,Presidio,2022,6,0.0,2.67,2.67,0,2,4,0.0
TX,Rains,2016,3,1.33,2.77,2.77,0,1,2,0.0
TX,Rains,2017,9,1.44,4.52,4.54,1,1,7,11.11
TX,Rains,2018,17,1.06,3.8,3.84,3,6,8,17.65
TX,Rains,2019,15,1.0,3.83,3.98,2,5,8,13.33
TX,Rains,2020,5,1.2,5.4,5.4,0,3,2,0.0
TX,Rains,2021,17,1.06,2.18,2.35,0,4,13,0.0
TX,Rains,2022,6,0.67,2.0,2.0,0,1,5,0.0
TX,Randall,2017,14,1.07,4.1,4.59,6,8,0,42.86
TX,Randall,2018,50,1.28,5.15,5.31,30,8,12,60.0
TX,Randall,2019,30,0.73,3.59,3.64,10,5,15,33.33
TX,Randall,2020,86,0.59,3.76,4.29,38,17,31,44.19
TX,Randall,2021,30,0.9,3.53,4.17,7,13,10,23.33
TX,Randall,2022,17,1.35,6.47,6.47,4,2,11,23.53
TX,Reagan,2017,10,0.9,1.54,1.55,2,1,7,20.0
TX,Reagan,2018,56,1.25,4.45,4.45,2,3,51,3.57
TX,Reagan,2019,22,0.59,5.19,5.23,3,2,17,13.64
TX,Reagan,2020,27,0.37,4.15,4.11,2,3,22,7.41
TX,Reagan,2021,44,0.57,4.59,4.68,0,9,35,0.0
TX,Reagan,2022,14,0.64,5.64,5.79,1,2,11,7.14
TX,Real,2020,7,0.71,4.14,4.14,1,4,2,14.29
TX,Real,2021,5,1.0,5.0,5.2,0,3,2,0.0
TX,Real,2022,2,1.5,9.5,9.5,0,1,1,0.0
TX,Red River,2017,6,1.67,4.36,4.37,3,1,2,50.0
TX,Red River,2018,22,1.45,6.4,6.41,4,7,11,18.18
TX,Red River,2019,63,0.63,4.23,4.48,9,30,24,14.29
TX,Red River,2020,29,0.83,4.9,6.9,11,14,4,37.93
TX,Red River,2021,30,1.03,5.7,6.03,3,17,10,10.0
TX,Red River,2022,13,0.77,4.92,5.15,0,6,7,0.0
TX,Reeves,2017,107,1.47,3.98,4.02,27,38,42,25.23
TX,Reeves,2018,369,1.36,3.45,3.61,48,133,188,13.01
TX,Reeves,2019,333,1.47,2.88,3.07,146,75,112,43.84
TX,Reeves,2020,75,1.29,5.19,5.36,21,26,28,28.0
TX,Reeves,2021,114,1.67,6.99,7.47,5,21,88,4.39
TX,Reeves,2022,28,1.32,4.89,5.14,1,3,24,3.57
TX,Refugio,2017,14,1.36,6.51,6.57,5,8,1,35.71
TX,Refugio,2018,21,1.1,4.68,4.69,10,3,8,47.62
TX,Refugio,2019,22,1.05,3.93,3.99,8,6,8,36.36
TX,Refugio,2020,12,1.08,3.92,4.0,3,2,7,25.0
TX,Refugio,2021,11,0.55,6.0,6.09,2,1,8,18.18
TX,Refugio,2022,5,1.6,7.0,7.0,1,0,4,20.0
TX,Roberts,2017,2,2.0,16.55,16.57,0,1,1,0.0
TX,Roberts,2018,2,1.0,3.95,3.96,0,0,2,0.0
TX,Roberts,2019,29,1.34,5.33,5.4,8,6,15,27.59
TX,Roberts,2020,4,0.75,3.25,3.25,0,1,3,0.0
TX,Roberts,2021,12,0.33,3.42,3.58,0,3,9,0.0
TX,Roberts,2022,4,1.75,6.75,7.0,0,1,3,0.0
TX,Robertson,2016,3,2.0,5.59,5.7,0,2,1,0.0
TX,Robertson,2017,10,1.7,6.46,6.5,1,3,6,10.0
TX,Robertson,2018,19,1.53,4.73,4.77,6,4,9,31.58
TX,Robertson,2019,59,1.05,4.36,4.39,15,19,25,25.42
TX,Robertson,2020,65,0.63,4.42,4.48,13,20,32,20.0
TX,Robertson,2021,41,1.24,3.63,4.07,6,24,11,14.63
TX,Robertson,2022,6,1.17,7.0,7.17,1,3,2,16.67
TX,Rockwall,2016,34,1.26,1.93,2.05,5,14,15,14.71
TX,Rockwall,2017,64,1.38,4.76,5.42,8,21,35,12.5
TX,Rockwall,2018,90,1.39,4.29,4.68,13,43,34,14.44
TX,Rockwall,2019,107,1.21,3.49,3.91,22,43,42,20.56
TX,Rockwall,2020,62,0.98,2.82,3.03,8,29,25,12.9
TX,Rockwall,2021,193,1.3,3.58,4.05,12,49,132,6.22
TX,Rockwall,2022,169,1.2,3.66,4.19,4,50,115,2.37
TX,Runnels,2017,20,1.6,6.51,6.52,7,6,7,35.0
TX,Runnels,2018,57,1.33,4.49,4.5,15,20,22,26.32
TX,Runnels,2019,45,1.31,5.56,5.65,12,8,25,26.67
TX,Runnels,2020,19,1.11,6.05,6.05,5,6,8,26.32
TX,Runnels,2021,11,1.0,4.36,4.55,5,0,6,45.45
TX,Runnels,2022,15,1.13,6.13,6.13,0,2,13,0.0
TX,Rusk,2017,16,1.62,8.07,8.12,11,4,1,68.75
TX,Rusk,2018,55,1.36,5.69,5.8,16,21,18,29.09
TX,Rusk,2019,56,0.82,5.03,5.08,18,16,22,32.14
TX,Rusk,2020,13,1.08,5.0,5.0,5,1,7,38.46
TX,Rusk,2021,89,0.88,3.87,4.15,4,37,48,4.49
TX,Rusk,2022,7,1.0,6.0,6.29,0,3,4,0.0
TX,Sabine,2017,2,1.0,9.4,9.4,1,0,1,50.0
TX,Sabine,2018,6,2.0,7.27,7.26,5,1,0,83.33
TX,Sabine,2019,6,1.17,2.87,3.03,1,4,1,16.67
TX,Sabine,2020,2,0.5,4.5,4.5,2,0,0,100.0
TX,Sabine,2021,7,1.29,5.86,6.57,2,4,1,28.57
TX,San Augustine,2017,11,1.64,6.98,7.03,1,2,8,9.09
TX,San Augustine,2018,4,2.0,8.72,8.8,3,1,0,75.0
TX,San Augustine,2019,6,0.5,3.24,3.64,5,1,0,83.33
TX,San Augustine,2020,14,0.93,6.71,6.64,4,1,9,28.57
TX,San Augustine,2021,6,0.67,5.5,5.83,5,1,0,83.33
TX,San Augustine,2022,5,1.2,8.2,9.0,1,3,1,20.0
TX,San Jacinto,2017,11,1.09,0.82,0.82,1,0,10,9.09
TX,San Jacinto,2018,32,1.34,3.14,3.14,7,6,19,21.88
TX,San Jacinto,2019,45,0.98,2.37,2.37,7,8,30,15.56
TX,San Jacinto,2020,16,0.88,5.56,5.88,5,3,8,31.25
TX,San Jacinto,2021,12,1.42,3.33,3.33,1,5,6,8.33
TX,San Jacinto,2022,7,1.0,3.71,3.86,0,3,4,0.0
TX,San Patricio,2017,14,1.57,5.68,5.77,1,9,4,7.14
TX,San Patricio,2018,24,1.29,4.06,4.27,7,12,5,29.17
TX,San Patricio,2019,53,1.09,4.5,4.55,24,13,16,45.28
TX,San Patricio,2020,37,0.95,4.68,4.89,12,12,13,32.43
TX,San Patricio,2021,28,1.0,5.11,5.32,10,9,9,35.71
TX,San Patricio,2022,17,1.12,5.29,5.41,2,7,8,11.76
TX,San Saba,2017,4,0.25,2.58,2.68,2,2,0,50.0
TX,San Saba,2018,12,1.17,4.85,4.86,1,2,9,8.33
TX,San Saba,2019,14,0.86,6.37,6.57,1,9,4,7.14
TX,San Saba,2020,17,0.53,5.76,5.71,2,4,11,11.76
TX,San Saba,2021,4,1.0,5.25,5.25,2,1,1,50.0
TX,San Saba,2022,5,1.4,11.8,12.2,0,4,1,0.0
TX,Schleicher,2017,3,1.33,7.81,7.83,0,0,3,0.0
TX,Schleicher,2018,12,1.33,7.15,7.3,4,4,4,33.33
TX,Schleicher,2019,11,1.27,5.43,5.43,2,3,6,18.18
TX,Schleicher,2020,6,1.33,7.5,7.5,0,5,1,0.0
TX,Schleicher,2021,10,0.6,3.4,6.3,5,4,1,50.0
TX,Schleicher,2022,9,0.78,2.78,2.89,0,2,7,0.0
TX,Scurry,2017,8,1.12,3.83,3.83,2,0,6,25.0
TX,Scurry,2018,25,1.16,4.34,4.37,3,5,17,12.0
TX,Scurry,2019,22,0.91,3.96,3.99,4,3,15,18.18
TX,Scurry,2020,60,1.07,4.97,5.02,1,13,46,1.67
TX,Scurry,2021,9,0.67,4.33,4.67,0,3,6,0.0
TX,Scurry,2022,19,0.84,3.53,3.58,1,1,17,5.26
TX,Shackelford,2017,1,2.0,0.0,0.0,0,1,0,0.0
TX,Shackelford,2018,9,1.22,5.6,5.65,0,3,6,0.0
TX,Shackelford,2019,12,0.58,4.42,4.85,1,2,9,8.33
TX,Shackelford,2020,16,0.62,4.56,4.69,0,3,13,0.0
TX,Shackelford,2021,12,0.58,4.08,4.58,0,4,8,0.0
TX,Shackelford,2022,18,0.83,6.44,6.67,0,3,15,0.0
TX,Shelby,2017,6,1.17,10.88,10.95,4,2,0,66.67
TX,Shelby,2018,26,1.73,6.46,6.48,5,3,18,19.23
TX,Shelby,2019,31,1.45,4.66,4.68,11,12,8,35.48
TX,Shelby,2020,7,0.86,5.0,5.0,3,2,2,42.86
TX,Shelby,2021,25,1.12,2.6,2.88,2,15,8,8.0
TX,Shelby,2022,7,0.86,6.57,6.86,1,2,4,14.29
TX,Sherman,2017,1,1.0,4.0,4.0,0,0,1,0.0
TX,Sherman,2018,33,1.24,2.15,2.16,7,9,17,21.21
TX,Sherman,2019,4,0.75,1.68,2.43,2,0,2,50.0
TX,Sherman,2020,8,1.12,4.12,4.12,1,2,5,12.5
TX,Sherman,2021,1,1.0,2.0,2.0,0,1,0,0.0
TX,Sherman,2022,1,1.0,6.0,7.0,0,0,1,0.0
TX,Smith,2016,48,1.62,2.03,2.55,21,21,6,43.75
TX,Smith,2017,124,1.39,3.2,3.67,41,52,31,33.06
TX,Smith,2018,207,1.41,4.53,4.73,72,72,63,34.78
TX,Smith,2019,161,1.43,3.31,3.52,58,53,50,36.02
TX,Smith,2020,153,1.5,2.42,3.88,37,59,57,24.18
TX,Smith,2021,621,1.39,3.7,4.62,67,242,312,10.79
TX,Smith,2022,17,1.53,4.53,4.76,0,9,8,0.0
TX,Somervell,2016,43,1.12,2.02,2.04,2,9,32,4.65
TX,Somervell,2017,36,1.19,2.67,2.69,1,17,18,2.78
TX,Somervell,2018,16,1.5,4.14,4.18,4,7,5,25.0
TX,Somervell,2019,28,1.04,4.98,5.03,5,10,13,17.86
TX,Somervell,2020,15,0.8,4.33,4.33,1,9,5,6.67
TX,Somervell,2021,6,1.17,3.0,3.0,0,2,4,0.0
TX,Somervell,2022,8,1.38,5.62,5.75,0,1,7,0.0
TX,Starr,2017,23,1.65,1.44,1.54,2,12,9,8.7
TX,Starr,2018,24,2.17,4.24,4.39,5,12,7,20.83
TX,Starr,2019,38,1.34,3.46,3.68,7,19,12,18.42
TX,Starr,2020,48,0.69,3.0,3.25,19,17,12,39.58
TX,Starr,2021,50,1.18,1.56,2.36,0,11,39,0.0
TX,Starr,2022,10,1.2,6.0,6.4,1,2,7,10.0
TX,Stephens,2017,4,1.25,8.36,8.29,0,1,3,0.0
TX,Stephens,2018,22,1.14,5.69,5.76,6,5,11,27.27
TX,Stephens,2019,17,0.47,3.01,3.13,3,3,11,17.65
TX,Stephens,2020,20,0.55,5.0,5.05,6,3,11,30.0
TX,Stephens,2021,9,0.22,3.33,3.44,0,1,8,0.0
TX,Stephens,2022,40,0.38,3.8,4.25,5,7,28,12.5
TX,Sterling,2017,14,1.29,6.92,6.96,0,4,10,0.0
TX,Sterling,2018,26,1.27,3.77,3.77,3,6,17,11.54
TX,Sterling,2019,17,1.06,2.5,2.51,8,1,8,47.06
TX,Sterling,2020,12,0.75,4.08,4.08,5,0,7,41.67
TX,Sterling,2021,10,0.9,5.1,5.3,0,4,6,0.0
TX,Sterling,2022,13,0.62,3.92,4.0,3,0,10,23.08
TX,Stonewall,2017,1,1.0,0.83,0.83,1,0,0,100.0
TX,Stonewall,2018,5,1.6,4.91,4.96,0,1,4,0.0
TX,Stonewall,2019,9,1.11,5.18,5.19,3,4,2,33.33
TX,Stonewall,2020,13,0.69,3.92,3.92,4,1,8,30.77
TX,Stonewall,2021,12,0.58,3.92,4.67,0,2,10,0.0
TX,Stonewall,2022,22,0.68,5.18,5.59,1,0,21,4.55
TX,Sutton,2017,27,1.41,1.33,1.34,14,4,9,51.85
TX,Sutton,2018,33,1.73,4.53,4.54,6,5,22,18.18
TX,Sutton,2019,79,1.58,2.52,2.53,40,11,28,50.63
TX,Sutton,2020,18,1.11,4.5,4.72,1,2,15,5.56
TX,Sutton,2021,32,1.53,4.09,4.47,0,3,29,0.0
TX,Sutton,2022,20,1.1,4.35,4.65,0,3,17,0.0
TX,Swisher,2017,2,1.0,1.5,1.55,0,2,0,0.0
TX,Swisher,2018,21,1.43,5.34,5.36,1,9,11,4.76
TX,Swisher,2019,16,1.0,6.87,7.01,5,8,3,31.25
TX,Swisher,2020,47,0.72,3.64,3.87,6,5,36,12.77
TX,Swisher,2021,31,0.87,5.29,5.48,15,4,12,48.39
TX,Swisher,2022,30,1.03,6.93,7.53,3,10,17,10.0
TX,Tarrant,2016,980,1.45,1.68,2.17,217,454,309,22.14
TX,Tarrant,2017,2765,1.38,2.86,3.95,668,1169,928,24.16
TX,Tarrant,2018,2965,1.36,2.82,3.92,764,1193,1008,25.77
TX,Tarrant,2019,2585,1.15,2.3,3.32,575,1081,929,22.24
TX,Tarrant,2020,1118,1.19,2.59,3.52,212,529,377,18.96
TX,Tarrant,2021,3053,1.23,2.51,3.45,388,1498,1167,12.71
TX,Tarrant,2022,2107,1.22,3.18,4.13,220,968,919,10.44
TX,Taylor,2017,34,1.74,3.54,3.56,14,3,17,41.18
TX,Taylor,2018,74,1.66,5.91,5.92,23,12,39,31.08
TX,Taylor,2019,51,1.39,3.65,3.71,16,18,17,31.37
TX,Taylor,2020,78,0.91,3.14,3.26,12,19,47,15.38
TX,Taylor,2021,68,1.03,3.65,4.25,11,33,24,16.18
TX,Taylor,2022,162,0.86,5.02,5.31,4,55,103,2.47
TX,Terrell,2017,26,1.31,2.38,2.37,5,1,20,19.23
TX,Terrell,2018,27,1.48,3.57,3.58,4,7,16,14.81
TX,Terrell,2019,24,1.29,2.9,2.94,6,4,14,25.0
TX,Terrell,2020,9,1.78,8.44,8.56,1,2,6,11.11
TX,Terrell,2021,18,1.72,4.94,5.17,0,7,11,0.0
TX,Terrell,2022,1,2.0,8.0,8.0,0,0,1,0.0
TX,Terry,2017,10,1.7,6.49,6.54,0,5,5,0.0
TX,Terry,2018,16,1.06,3.83,3.86,1,6,9,6.25
TX,Terry,2019,232,0.34,3.77,3.84,74,26,132,31.9
TX,Terry,2020,230,0.36,4.13,4.31,47,19,164,20.43
TX,Terry,2021,14,0.43,4.07,4.43,6,6,2,42.86
TX,Terry,2022,8,0.75,5.0,5.62,1,1,6,12.5
TX,Throckmorton,2017,1,2.0,0.0,0.0,0,1,0,0.0
TX,Throckmorton,2018,5,1.0,4.31,4.42,0,3,2,0.0
TX,Throckmorton,2019,17,0.59,4.79,5.14,2,3,12,11.76
TX,Throckmorton,2020,6,0.5,4.0,4.17,1,1,4,16.67
TX,Throckmorton,2021,8,0.75,5.38,5.5,1,2,5,12.5
TX,Throckmorton,2022,10,1.0,6.8,6.9,0,1,9,0.0
TX,Titus,2017,11,1.45,2.53,2.56,5,3,3,45.45
TX,Titus,2018,52,1.71,5.22,5.24,10,12,30,19.23
TX,Titus,2019,38,1.18,2.29,2.35,10,12,16,26.32
TX,Titus,2020,9,0.56,3.44,3.56,0,5,4,0.0
TX,Titus,2021,68,1.07,4.32,4.76,5,25,38,7.35
TX,Titus,2022,11,1.55,9.36,10.18,3,4,4,27.27
TX,Tom Green,2017,20,1.7,5.99,6.04,11,5,4,55.0
TX,Tom Green,2018,108,1.46,4.42,4.44,22,17,69,20.37
TX,Tom Green,2019,70,1.06,4.19,4.29,24,25,21,34.29
TX,Tom Green,2020,47,0.94,4.02,4.11,13,16,18,27.66
TX,Tom Green,2021,98,0.74,3.33,4.19,41,45,12,41.84
TX,Tom Green,2022,46,0.93,3.63,3.83,9,7,30,19.57
TX,Travis,2016,925,0.98,1.45,2.42,197,472,256,21.3
TX,Travis,2017,2147,0.94,2.26,4.14,575,950,622,26.78
TX,Travis,2018,3204,0.77,2.18,3.69,1276,1161,767,39.83
TX,Travis,2019,3085,0.63,2.31,3.63,1170,1114,801,37.93
TX,Travis,2020,1148,0.68,2.28,3.63,429,484,235,37.37
TX,Travis,2021,1917,0.85,2.69,3.64,489,793,635,25.51
TX,Travis,2022,1069,0.99,3.19,4.22,168,458,443,15.72
TX,Trinity,2016,1,2.0,0.0,0.0,1,0,0,100.0
TX,Trinity,2017,2,1.5,2.77,3.01,0,1,1,0.0
TX,Trinity,2018,9,1.22,8.41,8.42,1,5,3,11.11
TX,Trinity,2019,7,1.14,4.94,4.94,1,4,2,14.29
TX,Trinity,2020,8,0.5,3.38,3.62,1,1,6,12.5
TX,Trinity,2021,7,0.71,5.0,5.57,1,5,1,14.29
TX,Trinity,2022,1,1.0,3.0,5.0,0,0,1,0.0
TX,Tyler,2017,7,1.14,3.53,3.55,0,2,5,0.0
TX,Tyler,2018,22,1.27,6.4,6.44,4,7,11,18.18
TX,Tyler,2019,50,1.18,4.69,4.76,11,17,22,22.0
TX,Tyler,2020,28,1.25,5.71,5.82,7,7,14,25.0
TX,Tyler,2021,29,0.9,4.48,4.66,20,2,7,68.97
TX,Tyler,2022,8,0.75,5.5,5.75,3,2,3,37.5
TX,Upshur,2017,5,1.2,5.92,5.9,2,1,2,40.0
TX,Upshur,2018,41,1.61,7.2,7.24,12,15,14,29.27
TX,Upshur,2019,30,0.87,4.66,4.74,5,14,11,16.67
TX,Upshur,2020,11,0.91,5.0,5.18,2,2,7,18.18
TX,Upshur,2021,35,0.6,2.91,3.31,0,12,23,0.0
TX,Upshur,2022,3,1.0,5.67,5.67,1,0,2,33.33
TX,Upton,2017,54,0.8,4.46,4.66,7,12,35,12.96
TX,Upton,2018,35,1.26,6.34,6.58,9,10,16,25.71
TX,Upton,2019,23,0.78,4.8,4.8,6,3,14,26.09
TX,Upton,2020,17,0.76,3.65,4.59,6,3,8,35.29
TX,Upton,2021,15,1.0,4.93,6.8,11,3,1,73.33
TX,Upton,2022,12,0.92,6.08,6.67,7,0,5,58.33
TX,Uvalde,2017,74,1.18,1.38,1.54,16,30,28,21.62
TX,Uvalde,2018,87,1.2,2.15,2.25,25,20,42,28.74
TX,Uvalde,2019,199,1.13,2.06,2.1,57,66,76,28.64
TX,Uvalde,2020,75,0.97,3.95,4.23,18,26,31,24.0
TX,Uvalde,2021,42,0.86,1.88,2.95,2,15,25,4.76
TX,Uvalde,2022,11,1.27,5.82,5.91,2,5,4,18.18
TX,Val Verde,2017,58,1.33,1.92,2.16,28,16,14,48.28
TX,Val Verde,2018,92,1.48,3.37,3.9,48,28,16,52.17
TX,Val Verde,2019,51,1.29,2.95,3.01,24,13,14,47.06
TX,Val Verde,2020,28,1.29,5.75,5.79,5,9,14,17.86
TX,Val Verde,2021,20,1.0,4.2,4.45,0,10,10,0.0
TX,Val Verde,2022,8,1.0,4.88,4.88,0,2,6,0.0
TX,Van Zandt,2016,10,1.2,2.82,2.87,1,4,5,10.0
TX,Van Zandt,2017,29,1.24,3.77,4.03,5,17,7,17.24
TX,Van Zandt,2018,55,0.89,4.26,4.51,14,20,21,25.45
TX,Van Zandt,2019,47,1.19,4.29,4.38,16,18,13,34.04
TX,Van Zandt,2020,29,0.76,4.59,4.72,7,9,13,24.14
TX,Van Zandt,2021,86,1.08,3.81,4.16,9,21,56,10.47
TX,Van Zandt,2022,22,1.0,3.86,3.91,3,4,15,13.64
TX,Victoria,2017,53,1.42,2.96,3.14,17,15,21,32.08
TX,Victoria,2018,115,1.28,2.81,2.84,37,35,43,32.17
TX,Victoria,2019,125,1.18,2.93,3.03,40,32,53,32.0
TX,Victoria,2020,29,0.76,3.45,4.03,8,17,4,27.59
TX,Victoria,2021,31,0.68,2.16,2.81,2,22,7,6.45
TX,Victoria,2022,6,0.83,2.33,2.33,0,2,4,0.0
TX,Walker,2016,9,1.44,2.23,2.26,1,3,5,11.11
TX,Walker,2017,103,1.6,5.07,5.19,16,37,50,15.53
TX,Walker,2018,115,1.61,4.23,4.41,19,37,59,16.52
TX,Walker,2019,171,1.47,3.49,3.6,52,53,66,30.41
TX,Walker,2020,68,1.15,3.44,4.01,9,31,28,13.24
TX,Walker,2021,81,1.15,3.7,4.37,3,35,43,3.7
TX,Walker,2022,22,1.55,6.36,6.5,1,10,11,4.55
TX,Waller,2016,17,1.29,1.46,1.49,2,5,10,11.76
TX,Waller,2017,48,0.85,3.07,3.29,13,11,24,27.08
TX,Waller,2018,70,1.63,4.38,4.61,9,20,41,12.86
TX,Waller,2019,202,1.26,4.39,4.62,52,62,88,25.74
TX,Waller,2020,98,0.91,4.54,4.9,14,43,41,14.29
TX,Waller,2021,93,1.35,3.32,3.66,6,34,53,6.45
TX,Waller,2022,80,1.31,4.24,4.59,4,32,44,5.0
TX,Ward,2017,26,1.54,6.3,6.28,8,6,12,30.77
TX,Ward,2018,41,1.68,6.29,6.32,14,10,17,34.15
TX,Ward,2019,38,1.0,4.16,4.19,9,11,18,23.68
TX,Ward,2020,20,0.8,4.6,4.75,9,3,8,45.0
TX,Ward,2021,42,0.83,5.98,6.26,2,9,31,4.76
TX,Ward,2022,6,0.67,5.0,5.0,1,0,5,16.67
TX,Washington,2016,16,1.06,1.28,1.28,3,5,8,18.75
TX,Washington,2017,34,1.29,3.14,3.21,6,10,18,17.65
TX,Washington,2018,35,1.43,4.16,4.24,10,9,16,28.57
TX,Washington,2019,56,0.96,2.85,2.85,8,13,35,14.29
TX,Washington,2020,19,0.74,4.16,4.37,1,12,6,5.26
TX,Washington,2021,12,1.75,6.75,7.0,3,7,2,25.0
TX,Washington,2022,12,1.58,4.75,4.75,0,6,6,0.0
TX,Webb,2017,453,1.48,2.0,2.42,201,138,114,44.37
TX,Webb,2018,890,1.45,2.26,2.8,436,306,148,48.99
TX,Webb,2019,672,1.35,2.8,3.04,353,133,186,52.53
TX,Webb,2020,387,1.11,2.89,3.45,99,105,183,25.58
TX,Webb,2021,424,1.15,3.23,4.17,127,185,112,29.95
TX,Webb,2022,212,1.17,4.54,5.33,65,77,70,30.66
TX,Wharton,2016,1,2.0,5.6,5.6,0,1,0,0.0
TX,Wharton,2017,15,1.13,3.56,3.57,3,6,6,20.0
TX,Wharton,2018,62,0.98,3.12,3.14,12,21,29,19.35
TX,Wharton,2019,87,1.02,2.63,2.65,21,29,37,24.14
TX,Wharton,2020,35,0.74,4.8,4.83,13,9,13,37.14
TX,Wharton,2021,10,1.1,4.7,4.9,2,4,4,20.0
TX,Wharton,2022,11,1.55,6.64,6.73,1,2,8,9.09
TX,Wheeler,2017,3,2.33,15.59,15.59,1,2,0,33.33
TX,Wheeler,2018,19,1.58,3.61,3.61,3,4,12,15.79
TX,Wheeler,2019,40,1.38,2.58,2.68,5,4,31,12.5
TX,Wheeler,2020,23,1.13,3.48,3.74,4,2,17,17.39
TX,Wheeler,2021,4,1.25,3.25,3.5,0,1,3,0.0
TX,Wheeler,2022,10,1.3,6.1,6.3,0,3,7,0.0
TX,Wichita,2017,5,1.4,5.55,5.67,4,1,0,80.0
TX,Wichita,2018,39,1.54,4.63,4.65,6,14,19,15.38
TX,Wichita,2019,67,0.91,4.0,4.1,26,22,19,38.81
TX,Wichita,2020,29,0.72,4.28,4.52,13,3,13,44.83
TX,Wichita,2021,13,0.92,4.08,4.38,5,3,5,38.46
TX,Wichita,2022,106,0.82,3.75,3.99,18,26,62,16.98
TX,Wilbarger,2017,4,1.75,1.72,1.75,2,0,2,50.0
TX,Wilbarger,2018,17,1.82,4.75,4.75,2,6,9,11.76
TX,Wilbarger,2019,15,1.13,6.4,6.47,5,2,8,33.33
TX,Wilbarger,2020,20,0.85,3.35,3.45,1,3,16,5.0
TX,Wilbarger,2021,16,1.0,4.12,4.5,6,0,10,37.5
TX,Wilbarger,2022,32,0.91,4.94,5.22,1,4,27,3.12
TX,Willacy,2017,1,1.0,0.13,0.13,0,0,1,0.0
TX,Willacy,2018,4,1.0,4.79,4.92,0,1,3,0.0
TX,Willacy,2019,379,0.21,3.22,3.35,15,42,322,3.96
TX,Willacy,2020,491,0.23,3.31,3.48,35,46,410,7.13
TX,Willacy,2021,69,0.64,4.42,5.28,1,7,61,1.45
TX,Willacy,2022,15,0.67,4.93,5.93,2,4,9,13.33
TX,Williamson,2016,128,0.8,1.09,1.37,9,42,77,7.03
TX,Williamson,2017,440,0.75,2.15,2.97,52,147,241,11.82
TX,Williamson,2018,579,0.7,2.19,3.0,149,161,269,25.73
TX,Williamson,2019,557,0.82,2.8,3.74,187,183,187,33.57
TX,Williamson,2020,267,0.94,3.9,4.72,70,106,91,26.22
TX,Williamson,2021,503,1.03,3.28,4.0,106,174,223,21.07
TX,Williamson,2022,254,1.15,3.56,4.32,47,91,116,18.5
TX,Wilson,2016,2,1.5,1.09,1.12,1,0,1,50.0
TX,Wilson,2017,25,1.28,4.64,4.66,3,5,17,12.0
TX,Wilson,2018,59,1.37,5.44,5.54,8,20,31,13.56
TX,Wilson,2019,44,0.98,3.43,3.49,11,16,17,25.0
TX,Wilson,2020,22,1.05,5.82,5.82,3,8,11,13.64
TX,Wilson,2021,15,0.73,4.13,4.27,2,7,6,13.33
TX,Wilson,2022,11,0.73,6.91,7.09,2,4,5,18.18
TX,Winkler,2017,23,1.26,4.75,5.03,9,5,9,39.13
TX,Winkler,2018,51,1.02,5.45,5.73,12,10,29,23.53
TX,Winkler,2019,24,0.54,7.18,7.7,8,6,10,33.33
TX,Winkler,2020,16,0.5,4.56,4.81,2,6,8,12.5
TX,Winkler,2021,6,1.5,11.0,11.0,3,1,2,50.0
TX,Winkler,2022,7,0.71,5.43,5.43,0,1,6,0.0
TX,Wise,2017,21,1.38,3.58,3.62,4,6,11,19.05
TX,Wise,2018,80,1.18,4.01,4.07,10,33,37,12.5
TX,Wise,2019,93,1.12,3.39,3.58,37,19,37,39.78
TX,Wise,2020,31,0.81,4.97,5.42,8,10,13,25.81
TX,Wise,2021,23,0.74,3.0,3.7,2,6,15,8.7
TX,Wise,2022,88,0.88,3.98,4.19,3,8,77,3.41
TX,Wood,2016,6,1.0,4.05,4.07,1,1,4,16.67
TX,Wood,2017,15,0.87,2.58,2.61,2,6,7,13.33
TX,Wood,2018,44,0.95,4.74,4.8,10,14,20,22.73
TX,Wood,2019,25,0.6,4.12,4.25,3,8,14,12.0
TX,Wood,2020,19,0.74,5.95,6.47,4,9,6,21.05
TX,Wood,2021,37,0.62,3.59,3.84,2,11,24,5.41
TX,Wood,2022,6,0.83,5.5,5.83,0,5,1,0.0
TX,Yoakum,2017,5,1.0,2.76,2.77,0,1,4,0.0
TX,Yoakum,2018,27,1.07,5.65,5.65,16,3,8,59.26
TX,Yoakum,2019,280,0.29,3.7,3.74,63,9,208,22.5
TX,Yoakum,2020,321,0.28,3.88,4.0,62,4,255,19.31
TX,Yoakum,2021,20,0.55,4.5,4.65,12,3,5,60.0
TX,Yoakum,2022,13,0.85,6.31,6.23,4,3,6,30.77
TX,Young,2017,2,2.0,8.3,9.28,1,0,1,50.0
TX,Young,2018,33,1.24,6.11,6.21,20,8,5,60.61
TX,Young,2019,41,0.95,3.81,4.15,12,15,14,29.27
TX,Young,2020,19,0.89,4.79,4.74,7,6,6,36.84
TX,Young,2021,12,1.0,4.25,4.67,3,4,5,25.0
TX,Young,2022,39,0.92,4.64,4.79,9,5,25,23.08
TX,Zapata,2017,15,1.53,1.61,1.7,9,2,4,60.0
TX,Zapata,2018,23,1.96,5.15,5.19,9,4,10,39.13
TX,Zapata,2019,20,1.3,4.21,4.21,13,0,7,65.0
TX,Zapata,2020,20,1.0,3.15,3.15,4,7,9,20.0
TX,Zapata,2021,18,1.17,2.94,3.17,3,11,4,16.67
TX,Zapata,2022,1,0.0,3.0,3.0,0,1,0,0.0
TX,Zavala,2017,3,1.0,0.5,0.5,1,0,2,33.33
TX,Zavala,2018,12,1.42,4.59,4.57,2,3,7,16.67
TX,Zavala,2019,21,1.05,5.17,5.21,9,5,7,42.86
TX,Zavala,2020,23,0.91,6.74,6.7,9,6,8,39.13
TX,Zavala,2021,15,0.73,4.6,4.8,1,1,13,6.67
TX,Zavala,2022,4,1.0,7.0,7.0,1,2,1,25.0
UT,Beaver,2017,13,1.77,3.38,3.38,1,1,11,7.69
UT,Beaver,2018,59,1.64,4.03,4.04,12,4,43,20.34
UT,Beaver,2019,136,1.63,2.61,2.65,26,10,100,19.12
UT,Beaver,2020,20,1.05,2.3,2.6,1,0,19,5.0
UT,Beaver,2021,34,1.53,5.71,6.18,2,4,28,5.88
UT,Beaver,2022,16,1.88,7.0,7.12,0,2,14,0.0
UT,Box Elder,2017,26,1.73,4.99,5.06,10,6,10,38.46
UT,Box Elder,2018,38,1.82,4.88,4.91,6,13,19,15.79
UT,Box Elder,2019,195,1.34,2.74,2.77,64,28,103,32.82
UT,Box Elder,2020,46,0.8,3.89,3.98,10,13,23,21.74
UT,Box Elder,2021,44,0.93,6.95,7.16,0,9,35,0.0
UT,Box Elder,2022,14,0.71,3.79,3.93,1,1,12,7.14
UT,Cache,2017,11,1.45,3.75,4.07,3,7,1,27.27
UT,Cache,2018,29,1.79,6.5,6.65,8,7,14,27.59
UT,Cache,2019,64,0.95,3.77,3.96,23,20,21,35.94
UT,Cache,2020,32,0.56,3.75,4.19,6,19,7,18.75
UT,Cache,2021,38,0.89,3.24,4.05,5,18,15,13.16
UT,Cache,2022,10,0.8,4.0,4.3,2,2,6,20.0
UT,Carbon,2017,11,1.36,3.97,3.97,5,2,4,45.45
UT,Carbon,2018,34,1.41,3.05,3.07,10,3,21,29.41
UT,Carbon,2019,53,1.42,4.71,4.76,11,13,29,20.75
UT,Carbon,2020,14,1.36,7.64,7.64,6,3,5,42.86
UT,Carbon,2021,32,1.19,3.16,3.44,8,7,17,25.0
UT,Carbon,2022,9,1.11,4.0,4.33,2,1,6,22.22
UT,Daggett,2017,2,1.0,2.57,2.57,0,0,2,0.0
UT,Daggett,2018,20,1.45,8.38,8.42,1,4,15,5.0
UT,Daggett,2019,7,1.71,8.71,8.71,1,6,0,14.29
UT,Daggett,2020,3,1.33,7.67,7.67,2,1,0,66.67
UT,Daggett,2021,2,1.5,4.0,4.0,1,0,1,50.0
UT,Daggett,2022,1,1.0,1.0,2.0,1,0,0,100.0
UT,Davis,2017,100,1.29,3.38,4.34,12,25,63,12.0
UT,Davis,2018,260,1.48,3.31,4.19,37,44,179,14.23
UT,Davis,2019,274,1.04,3.03,3.62,50,60,164,18.25
UT,Davis,2020,136,1.07,3.65,4.61,18,50,68,13.24
UT,Davis,2021,191,1.13,4.55,4.98,10,59,122,5.24
UT,Davis,2022,49,1.24,6.84,7.0,13,10,26,26.53
UT,Duchesne,2017,62,1.55,5.1,5.21,10,12,40,16.13
UT,Duchesne,2018,158,1.66,5.53,5.68,22,29,107,13.92
UT,Duchesne,2019,51,1.39,6.36,6.47,22,17,12,43.14
UT,Duchesne,2020,23,1.74,5.48,5.96,17,5,1,73.91
UT,Duchesne,2021,20,1.6,5.15,5.65,15,1,4,75.0
UT,Duchesne,2022,3,1.33,4.0,4.33,0,0,3,0.0
UT,Emery,2017,109,1.7,2.54,2.56,41,11,57,37.61
UT,Emery,2018,335,1.61,2.0,2.0,177,45,113,52.84
UT,Emery,2019,269,1.67,2.59,2.6,215,24,30,79.93
UT,Emery,2020,75,1.68,3.87,4.56,39,12,24,52.0
UT,Emery,2021,55,1.49,2.27,3.24,29,3,23,52.73
UT,Emery,2022,21,1.76,4.29,4.38,3,1,17,14.29
UT,Garfield,2017,1,1.0,0.0,0.0,1,0,0,100.0
UT,Garfield,2018,11,1.64,6.79,6.79,1,0,10,9.09
UT,Garfield,2019,19,1.16,4.98,5.21,6,7,6,31.58
UT,Garfield,2020,32,1.28,4.41,4.5,11,8,13,34.38
UT,Garfield,2021,8,1.12,5.88,6.12,2,0,6,25.0
UT,Garfield,2022,3,1.33,7.0,7.0,1,0,2,33.33
UT,Grand,2017,50,1.3,1.74,1.74,21,6,23,42.0
UT,Grand,2018,181,1.64,1.54,1.57,98,19,64,54.14
UT,Grand,2019,266,1.75,2.5,2.52,220,17,29,82.71
UT,Grand,2020,53,1.75,3.49,3.87,2,18,33,3.77
UT,Grand,2021,21,1.76,4.62,5.71,3,6,12,14.29
UT,Grand,2022,6,1.67,4.67,4.67,0,1,5,0.0
UT,Iron,2017,26,1.42,2.95,2.95,3,2,21,11.54
UT,Iron,2018,61,1.48,3.79,3.81,6,10,45,9.84
UT,Iron,2019,204,1.5,2.62,2.62,58,18,128,28.43
UT,Iron,2020,36,1.03,4.5,4.69,1,10,25,2.78
UT,Iron,2021,32,1.19,4.38,4.44,2,11,19,6.25
UT,Iron,2022,24,1.33,4.88,4.96,0,7,17,0.0
UT,Juab,2017,21,1.9,3.25,3.3,8,2,11,38.1
UT,Juab,2018,73,1.73,2.48,2.62,25,8,40,34.25
UT,Juab,2019,175,1.6,2.04,2.05,108,12,55,61.71
UT,Juab,2020,29,1.41,5.07,5.14,13,3,13,44.83
UT,Juab,2021,32,1.38,3.75,4.0,6,0,26,18.75
UT,Juab,2022,11,1.82,7.27,7.36,1,1,9,9.09
UT,Kane,2017,1,2.0,13.07,12.87,0,0,1,0.0
UT,Kane,2018,17,1.76,6.88,6.88,1,7,9,5.88
UT,Kane,2019,18,1.5,4.51,4.59,9,2,7,50.0
UT,Kane,2020,17,1.47,6.59,6.82,9,4,4,52.94
UT,Kane,2021,25,1.08,3.76,3.96,9,1,15,36.0
UT,Kane,2022,14,1.14,4.5,4.79,5,0,9,35.71
UT,Millard,2017,45,1.6,2.35,2.36,1,6,38,2.22
UT,Millard,2018,133,1.73,3.15,3.25,21,14,98,15.79
UT,Millard,2019,332,1.68,2.31,2.32,112,32,188,33.73
UT,Millard,2020,83,1.46,4.13,4.3,9,14,60,10.84
UT,Millard,2021,68,1.63,4.34,4.6,4,7,57,5.88
UT,Millard,2022,27,1.67,3.93,4.07,1,1,25,3.7
UT,Morgan,2017,5,1.6,3.49,3.5,1,0,4,20.0
UT,Morgan,2018,5,2.0,4.08,4.09,0,0,5,0.0
UT,Morgan,2019,7,1.29,3.88,3.89,2,2,3,28.57
UT,Morgan,2020,11,0.64,6.64,6.73,4,6,1,36.36
UT,Morgan,2021,19,1.11,3.11,3.47,1,5,13,5.26
UT,Morgan,2022,5,0.8,3.4,3.4,0,2,3,0.0
UT,Piute,2017,1,2.0,20.98,20.98,0,0,1,0.0
UT,Piute,2018,6,2.0,5.0,5.01,0,3,3,0.0
UT,Piute,2019,9,1.44,5.55,5.55,7,1,1,77.78
UT,Piute,2020,10,1.3,4.6,4.7,7,1,2,70.0
UT,Rich,2017,6,1.83,4.66,4.79,1,3,2,16.67
UT,Rich,2018,17,1.59,6.23,6.26,0,8,9,0.0
UT,Rich,2019,7,1.29,6.86,6.84,1,3,3,14.29
UT,Rich,2020,9,1.33,9.89,9.89,3,1,5,33.33
UT,Rich,2021,10,0.9,3.9,4.0,0,1,9,0.0
UT,Rich,2022,5,1.2,4.2,4.6,0,0,5,0.0
UT,Salt Lake,2017,433,1.16,2.87,3.99,113,177,143,26.1
UT,Salt Lake,2018,1071,0.98,2.64,3.67,282,421,368,26.33
UT,Salt Lake,2019,1287,0.64,2.69,3.38,330,572,385,25.64
UT,Salt Lake,2020,746,0.49,3.16,3.89,169,400,177,22.65
UT,Salt Lake,2021,702,0.71,3.85,4.55,116,349,237,16.52
UT,Salt Lake,2022,259,1.04,4.66,4.99,47,103,109,18.15
UT,San Juan,2017,35,1.49,3.83,3.85,7,6,22,20.0
UT,San Juan,2018,31,1.74,6.11,6.12,5,6,20,16.13
UT,San Juan,2019,90,1.42,5.42,5.48,54,13,23,60.0
UT,San Juan,2020,27,1.48,5.52,5.52,13,5,9,48.15
UT,San Juan,2021,13,1.08,3.69,3.77,6,2,5,46.15
UT,San Juan,2022,31,1.1,4.0,4.19,13,4,14,41.94
UT,Sanpete,2017,1,3.0,10.75,10.78,0,1,0,0.0
UT,Sanpete,2018,8,1.75,7.89,7.88,1,1,6,12.5
UT,Sanpete,2019,14,1.21,6.37,6.44,7,4,3,50.0
UT,Sanpete,2020,15,0.93,5.47,5.6,8,2,5,53.33
UT,Sanpete,2021,10,0.8,4.2,4.4,0,0,10,0.0
UT,Sanpete,2022,5,0.8,5.6,5.4,0,0,5,0.0
UT,Sevier,2017,139,1.53,1.7,1.71,48,14,77,34.53
UT,Sevier,2018,494,1.68,1.92,1.95,158,37,299,31.98
UT,Sevier,2019,416,1.72,2.29,2.3,231,24,161,55.53
UT,Sevier,2020,99,1.71,4.48,4.72,22,13,64,22.22
UT,Sevier,2021,69,1.42,2.9,3.42,12,3,54,17.39
UT,Sevier,2022,31,1.48,3.39,3.45,1,2,28,3.23
UT,Summit,2017,36,1.64,4.04,4.2,5,4,27,13.89
UT,Summit,2018,106,1.65,3.69,3.76,9,18,79,8.49
UT,Summit,2019,265,1.49,2.95,3.09,55,43,167,20.75
UT,Summit,2020,103,1.17,3.38,3.7,16,19,68,15.53
UT,Summit,2021,150,1.22,3.97,4.41,16,37,97,10.67
UT,Summit,2022,53,1.34,3.91,4.36,6,11,36,11.32
UT,Tooele,2017,28,1.68,5.02,5.06,8,8,12,28.57
UT,Tooele,2018,45,1.6,4.7,4.73,5,10,30,11.11
UT,Tooele,2019,135,1.07,3.0,3.15,38,16,81,28.15
UT,Tooele,2020,35,1.23,3.74,3.89,6,6,23,17.14
UT,Tooele,2021,49,0.82,4.51,4.73,8,15,26,16.33
UT,Tooele,2022,23,1.3,4.43,4.65,3,2,18,13.04
UT,Uintah,2017,17,1.47,3.38,3.43,5,5,7,29.41
UT,Uintah,2018,38,1.53,3.72,3.75,7,4,27,18.42
UT,Uintah,2019,34,1.59,8.01,7.98,13,10,11,38.24
UT,Uintah,2020,10,1.7,5.7,5.8,7,0,3,70.0
UT,Uintah,2021,7,1.57,3.43,4.57,5,0,2,71.43
UT,Uintah,2022,2,1.5,3.5,4.0,1,0,1,50.0
UT,Utah,2017,152,1.35,3.64,4.09,45,39,68,29.61
UT,Utah,2018,312,1.34,3.43,4.07,77,75,160,24.68
UT,Utah,2019,471,1.04,3.17,3.42,139,121,211,29.51
UT,Utah,2020,300,0.89,3.25,3.75,74,125,101,24.67
UT,Utah,2021,295,1.02,3.78,4.39,58,121,116,19.66
UT,Utah,2022,106,1.02,3.76,4.19,17,35,54,16.04
UT,Wasatch,2017,56,1.32,3.26,3.32,6,17,33,10.71
UT,Wasatch,2018,113,1.38,3.88,3.97,10,25,78,8.85
UT,Wasatch,2019,161,1.35,4.8,4.87,41,25,95,25.47
UT,Wasatch,2020,50,1.28,4.4,4.56,11,13,26,22.0
UT,Wasatch,2021,78,1.31,4.09,4.28,19,2,57,24.36
UT,Wasatch,2022,38,1.5,5.29,5.66,8,7,23,21.05
UT,Washington,2017,21,1.71,4.53,4.56,3,2,16,14.29
UT,Washington,2018,56,1.64,4.29,4.6,13,15,28,23.21
UT,Washington,2019,164,1.44,3.17,3.17,46,32,86,28.05
UT,Washington,2020,59,0.88,5.2,5.49,27,20,12,45.76
UT,Washington,2021,17,1.65,4.47,5.24,6,2,9,35.29
UT,Washington,2022,9,1.11,6.67,6.67,5,1,3,55.56
UT,Wayne,2019,3,1.0,7.0,7.67,1,1,1,33.33
UT,Wayne,2020,1,2.0,14.0,14.0,1,0,0,100.0
UT,Wayne,2021,1,0.0,3.0,4.0,0,0,1,0.0
UT,Wayne,2022,2,1.0,7.5,8.0,0,2,0,0.0
UT,Weber,2017,46,0.91,4.03,4.37,14,25,7,30.43
UT,Weber,2018,73,1.38,2.52,2.77,27,23,23,36.99
UT,Weber,2019,96,0.7,3.92,4.3,18,45,33,18.75
UT,Weber,2020,73,0.68,3.42,3.95,10,31,32,13.7
UT,Weber,2021,80,0.78,3.29,3.64,8,36,36,10.0
UT,Weber,2022,22,1.41,5.55,5.95,5,10,7,22.73
VA,Accomack,2017,4,1.5,4.3,4.37,1,3,0,25.0
VA,Accomack,2018,20,1.35,2.59,2.68,2,6,12,10.0
VA,Accomack,2019,6,1.67,7.26,7.32,0,4,2,0.0
VA,Accomack,2020,1,2.0,14.0,15.0,0,1,0,0.0
VA,Accomack,2021,2,2.0,5.5,5.5,0,0,2,0.0
VA,Accomack,2022,12,1.17,4.42,4.67,3,3,6,25.0
VA,Albemarle,2017,32,1.5,4.33,4.54,10,12,10,31.25
VA,Albemarle,2018,164,1.65,4.25,4.58,39,57,68,23.78
VA,Albemarle,2019,138,1.39,3.44,3.58,17,37,84,12.32
VA,Albemarle,2020,57,1.11,3.79,4.32,2,37,18,3.51
VA,Albemarle,2021,29,1.59,5.03,5.14,1,8,20,3.45
VA,Albemarle,2022,55,1.42,6.25,6.24,2,16,37,3.64
VA,Alexandria,2016,82,1.56,1.15,2.06,17,37,28,20.73
VA,Alexandria,2017,139,1.6,3.78,5.7,42,56,41,30.22
VA,Alexandria,2018,338,1.31,2.56,4.08,141,139,58,41.72
VA,Alexandria,2019,468,0.78,2.38,3.53,205,162,101,43.8
VA,Alexandria,2020,118,0.5,1.97,3.51,37,69,12,31.36
VA,Alexandria,2021,172,0.86,2.49,3.35,16,97,59,9.3
VA,Alexandria,2022,101,1.35,4.79,5.63,14,53,34,13.86
VA,Alexandria (City),2022,13,1.0,3.46,4.46,3,5,5,23.08
VA,Alexandria City,2016,112,1.1,0.76,1.1,70,42,0,62.5
VA,Alexandria City,2017,244,1.06,1.39,2.22,164,80,0,67.21
VA,Alexandria City,2018,192,0.88,1.3,2.37,115,77,0,59.9
VA,Alleghany,2017,3,1.33,2.31,2.31,1,1,1,33.33
VA,Alleghany,2018,38,1.74,5.57,5.58,5,5,28,13.16
VA,Alleghany,2019,32,1.81,2.74,2.74,16,4,12,50.0
VA,Alleghany,2020,5,1.4,7.4,7.4,2,1,2,40.0
VA,Alleghany,2021,10,0.5,3.4,3.7,1,2,7,10.0
VA,Alleghany,2022,17,1.59,4.71,4.76,0,0,17,0.0
VA,Amelia,2017,2,1.5,9.92,9.93,0,1,1,0.0
VA,Amelia,2018,9,1.33,5.1,5.13,0,1,8,0.0
VA,Amelia,2019,12,1.33,5.51,5.52,4,5,3,33.33
VA,Amelia,2020,6,0.83,3.5,3.67,0,2,4,0.0
VA,Amelia,2021,5,0.8,8.4,8.2,1,2,2,20.0
VA,Amelia,2022,5,1.0,4.4,4.8,0,0,5,0.0
VA,Amherst,2017,11,1.55,3.74,4.06,4,6,1,36.36
VA,Amherst,2018,30,1.4,4.03,4.18,8,13,9,26.67
VA,Amherst,2019,21,1.24,5.46,5.7,4,8,9,19.05
VA,Amherst,2020,10,0.8,8.5,8.6,2,4,4,20.0
VA,Amherst,2021,6,0.83,3.0,2.83,1,3,2,16.67
VA,Amherst,2022,9,0.89,3.89,3.89,0,0,9,0.0
VA,Appomattox,2018,10,1.9,4.27,4.29,2,3,5,20.0
VA,Appomattox,2019,2,1.0,2.4,2.41,0,0,2,0.0
VA,Appomattox,2020,2,1.0,6.5,6.5,0,0,2,0.0
VA,Appomattox,2021,1,0.0,2.0,2.0,0,1,0,0.0
VA,Appomattox,2022,8,1.12,5.75,5.62,0,2,6,0.0
VA,Arlington,2016,228,1.39,1.2,1.71,77,86,65,33.77
VA,Arlington,2017,404,1.35,2.44,3.63,136,155,113,33.66
VA,Arlington,2018,543,1.31,1.98,3.17,196,189,158,36.1
VA,Arlington,2019,450,0.97,2.63,3.71,141,175,134,31.33
VA,Arlington,2020,144,0.81,2.61,4.19,42,81,21,29.17
VA,Arlington,2021,149,0.67,2.41,3.77,42,83,24,28.19
VA,Arlington,2022,102,0.99,4.13,4.53,10,45,47,9.8
VA,Augusta,2017,22,1.5,2.34,2.37,3,6,13,13.64
VA,Augusta,2018,94,1.55,3.78,4.23,8,26,60,8.51
VA,Augusta,2019,83,1.34,3.04,3.08,9,18,56,10.84
VA,Augusta,2020,33,1.18,5.03,5.15,3,9,21,9.09
VA,Augusta,2021,60,1.38,5.18,5.42,2,18,40,3.33
VA,Augusta,2022,66,1.45,5.5,5.55,2,12,52,3.03
VA,Bath,2017,1,2.0,7.17,7.32,0,1,0,0.0
VA,Bath,2018,6,2.0,9.92,10.75,2,2,2,33.33
VA,Bath,2019,3,1.0,9.71,9.38,1,1,1,33.33
VA,Bath,2021,4,1.0,5.25,5.25,0,1,3,0.0
VA,Bath,2022,5,0.6,3.2,3.2,0,0,5,0.0
VA,Bedford,2017,3,1.67,0.89,2.98,1,2,0,33.33
VA,Bedford,2018,3,1.0,0.5,0.65,2,1,0,66.67
VA,Bedford,2022,10,1.1,5.2,5.4,1,3,6,10.0
VA,Bedford County,2017,9,1.33,3.7,3.76,0,6,3,0.0
VA,Bedford County,2018,30,1.47,4.65,4.74,2,13,15,6.67
VA,Bedford County,2019,32,0.97,6.3,7.43,5,11,16,15.62
VA,Bedford County,2020,10,1.3,7.8,8.2,2,5,3,20.0
VA,Bedford County,2021,8,1.38,5.5,5.38,1,3,4,12.5
VA,Bedford County,2022,4,0.75,3.5,3.5,0,0,4,0.0
VA,Bland,2017,16,1.44,1.12,1.13,2,0,14,12.5
VA,Bland,2018,72,1.96,10.0,9.99,23,27,22,31.94
VA,Bland,2019,67,1.76,3.41,3.46,6,19,42,8.96
VA,Bland,2020,9,1.56,3.89,4.22,0,2,7,0.0
VA,Bland,2021,19,1.79,5.68,5.89,0,7,12,0.0
VA,Bland,2022,16,1.94,6.62,6.75,0,7,9,0.0
VA,Botetourt,2017,30,1.6,7.01,7.11,10,10,10,33.33
VA,Botetourt,2018,26,1.46,2.6,2.89,6,8,12,23.08
VA,Botetourt,2019,66,1.44,6.15,6.25,9,25,32,13.64
VA,Botetourt,2020,37,1.43,5.95,6.19,2,14,21,5.41
VA,Botetourt,2021,34,1.62,9.41,9.53,2,6,26,5.88
VA,Botetourt,2022,31,1.68,7.23,7.23,0,8,23,0.0
VA,Bristol,2017,2,2.0,7.61,7.55,2,0,0,100.0
VA,Bristol,2018,23,1.48,4.61,4.68,11,10,2,47.83
VA,Bristol,2019,7,1.0,3.51,3.57,5,2,0,71.43
VA,Bristol,2020,2,0.5,2.0,3.5,0,2,0,0.0
VA,Brunswick,2017,8,1.12,2.49,2.48,2,2,4,25.0
VA,Brunswick,2018,33,1.33,3.33,3.35,6,5,22,18.18
VA,Brunswick,2019,11,0.91,4.18,4.18,3,4,4,27.27
VA,Brunswick,2020,14,1.07,4.86,4.93,4,5,5,28.57
VA,Brunswick,2021,9,1.22,7.78,7.89,1,2,6,11.11
VA,Brunswick,2022,4,0.25,3.75,3.5,0,1,3,0.0
VA,Buchanan,2017,9,1.78,6.4,6.48,3,5,1,33.33
VA,Buchanan,2018,5,1.6,7.64,7.69,2,3,0,40.0
VA,Buchanan,2019,7,1.57,12.07,12.21,3,2,2,42.86
VA,Buchanan,2020,5,1.4,6.0,6.2,1,1,3,20.0
VA,Buckingham,2017,7,1.14,1.55,1.59,0,0,7,0.0
VA,Buckingham,2018,14,1.07,3.27,3.3,1,6,7,7.14
VA,Buckingham,2019,2,0.0,2.0,2.5,0,2,0,0.0
VA,Buckingham,2020,1,1.0,9.0,8.0,1,0,0,100.0
VA,Buckingham,2021,1,0.0,1.0,2.0,0,0,1,0.0
VA,Buckingham,2022,3,1.0,6.0,6.67,0,3,0,0.0
VA,Buena Vista,2019,1,2.0,0.0,0.0,1,0,0,100.0
VA,Campbell,2017,17,1.35,2.0,2.26,1,7,9,5.88
VA,Campbell,2018,49,1.57,3.93,4.31,7,18,24,14.29
VA,Campbell,2019,19,1.42,4.16,4.48,6,5,8,31.58
VA,Campbell,2020,14,1.36,4.64,5.64,3,7,4,21.43
VA,Campbell,2021,2,1.5,7.5,8.0,0,1,1,0.0
VA,Campbell,2022,9,1.0,3.22,3.44,0,2,7,0.0
VA,Caroline,2017,40,1.15,1.59,1.65,14,3,23,35.0
VA,Caroline,2018,88,1.27,2.26,2.3,15,14,59,17.05
VA,Caroline,2019,77,1.39,3.41,3.42,18,12,47,23.38
VA,Caroline,2020,20,1.1,3.15,3.15,2,8,10,10.0
VA,Caroline,2021,62,1.34,3.63,3.69,4,16,42,6.45
VA,Caroline,2022,89,1.21,5.52,5.57,5,25,59,5.62
VA,Carroll,2017,22,1.77,3.42,3.48,1,3,18,4.55
VA,Carroll,2018,85,1.86,5.62,5.66,8,18,59,9.41
VA,Carroll,2019,99,1.45,3.18,3.21,24,9,66,24.24
VA,Carroll,2020,24,1.17,5.29,5.42,2,4,18,8.33
VA,Carroll,2021,37,1.65,5.19,5.19,1,13,23,2.7
VA,Carroll,2022,41,1.54,11.24,11.41,4,11,26,9.76
VA,Charles City,2017,6,1.33,9.16,9.35,1,2,3,16.67
VA,Charles City,2018,11,1.27,6.34,6.39,3,6,2,27.27
VA,Charles City,2019,56,0.62,5.61,5.66,2,25,29,3.57
VA,Charles City,2020,100,0.55,5.33,5.39,2,24,74,2.0
VA,Charles City,2021,6,0.83,5.67,5.67,0,0,6,0.0
VA,Charles City,2022,1,1.0,5.0,6.0,0,1,0,0.0
VA,Charlotte,2017,6,1.33,4.36,4.37,2,2,2,33.33
VA,Charlotte,2018,9,1.44,2.75,2.78,0,4,5,0.0
VA,Charlotte,2019,8,1.12,3.6,4.11,0,2,6,0.0
VA,Charlotte,2020,3,0.33,3.0,4.67,1,0,2,33.33
VA,Charlotte,2021,4,1.25,6.25,6.5,0,1,3,0.0
VA,Charlotte,2022,10,0.9,4.9,5.0,0,1,9,0.0
VA,Charlottesville,2017,2,1.5,2.59,6.36,2,0,0,100.0
VA,Charlottesville,2018,19,1.26,2.09,2.48,8,8,3,42.11
VA,Charlottesville,2019,14,1.21,3.17,4.26,9,5,0,64.29
VA,Charlottesville,2020,26,0.62,0.31,4.15,3,23,0,11.54
VA,Charlottesville,2021,24,0.88,1.04,5.54,6,18,0,25.0
VA,Charlottesville,2022,7,1.29,2.71,3.43,3,4,0,42.86
VA,Charlottesville (City),2022,1,1.0,2.0,2.0,0,0,1,0.0
VA,Charlottesville City,2017,1,1.0,1.57,2.02,1,0,0,100.0
VA,Charlottesville City,2018,1,2.0,3.25,4.57,0,1,0,0.0
VA,Chesapeake,2017,141,1.38,3.14,3.66,37,51,53,26.24
VA,Chesapeake,2018,351,1.4,3.3,3.81,81,111,159,23.08
VA,Chesapeake,2019,325,0.87,2.75,3.45,62,122,141,19.08
VA,Chesapeake,2020,105,0.9,2.99,3.6,16,48,41,15.24
VA,Chesapeake,2021,130,0.92,3.32,3.94,23,69,38,17.69
VA,Chesapeake,2022,68,1.06,4.62,5.04,14,29,25,20.59
VA,Chesapeake (City),2022,22,0.91,4.23,4.95,6,9,7,27.27
VA,Chesapeake City,2017,22,1.23,2.73,3.12,10,11,1,45.45
VA,Chesapeake City,2018,48,1.21,3.05,3.79,20,25,3,41.67
VA,Chesterfield,2017,173,1.36,2.26,2.44,58,70,45,33.53
VA,Chesterfield,2018,407,1.28,2.71,2.93,93,190,124,22.85
VA,Chesterfield,2019,181,0.95,4.08,4.37,43,80,58,23.76
VA,Chesterfield,2020,80,0.55,3.0,3.69,8,38,34,10.0
VA,Chesterfield,2021,96,0.68,2.93,3.51,16,43,37,16.67
VA,Chesterfield,2022,79,1.27,4.82,5.13,7,38,34,8.86
VA,Clarke,2016,6,1.33,1.14,1.26,0,3,3,0.0
VA,Clarke,2017,12,1.42,3.65,3.66,1,6,5,8.33
VA,Clarke,2018,31,1.42,4.08,4.16,6,7,18,19.35
VA,Clarke,2019,29,0.83,3.66,3.63,6,8,15,20.69
VA,Clarke,2020,5,0.8,4.4,4.4,0,2,3,0.0
VA,Clarke,2021,7,0.14,2.71,2.71,1,2,4,14.29
VA,Clarke,2022,14,0.64,5.07,5.29,1,10,3,7.14
VA,Colonial Heights,2017,12,1.17,1.42,2.09,4,7,1,33.33
VA,Colonial Heights,2018,25,1.2,1.73,2.06,6,14,5,24.0
VA,Colonial Heights,2019,21,1.48,3.22,3.73,7,4,10,33.33
VA,Colonial Heights,2020,3,2.0,5.33,5.33,1,0,2,33.33
VA,Colonial Heights,2021,5,1.6,4.0,4.0,0,1,4,0.0
VA,Colonial Heights,2022,4,2.0,34.25,34.25,1,1,2,25.0
VA,Colonial Heights City,2017,20,1.2,0.87,0.93,4,12,4,20.0
VA,Colonial Heights City,2018,23,1.04,0.55,0.78,2,13,8,8.7
VA,Covington,2019,7,1.86,5.14,5.14,3,4,0,42.86
VA,Covington,2020,2,1.5,2.5,2.5,0,0,2,0.0
VA,Covington (City),2022,2,1.5,4.0,4.5,1,0,1,50.0
VA,Craig,2018,2,1.0,4.99,5.15,0,1,1,0.0
VA,Craig,2019,7,0.57,1.71,4.43,0,0,7,0.0
VA,Craig,2020,4,1.25,7.5,8.0,0,2,2,0.0
VA,Craig,2021,1,1.0,5.0,6.0,0,0,1,0.0
VA,Craig,2022,1,2.0,11.0,11.0,0,0,1,0.0
VA,Culpeper,2017,12,1.5,4.56,4.61,4,3,5,33.33
VA,Culpeper,2018,32,1.31,6.16,6.26,6,10,16,18.75
VA,Culpeper,2019,22,1.23,4.75,4.79,1,7,14,4.55
VA,Culpeper,2020,17,0.65,5.59,5.82,2,9,6,11.76
VA,Culpeper,2021,5,0.8,4.8,5.2,1,1,3,20.0
VA,Culpeper,2022,25,0.84,5.48,5.64,1,9,15,4.0
VA,Cumberland,2017,1,2.0,0.0,0.0,1,0,0,100.0
VA,Cumberland,2018,3,1.0,0.56,0.58,1,0,2,33.33
VA,Cumberland,2021,1,0.0,4.0,4.0,0,0,1,0.0
VA,Cumberland,2022,1,2.0,11.0,11.0,0,0,1,0.0
VA,Danville,2017,10,1.8,7.33,7.4,10,0,0,100.0
VA,Danville,2018,26,1.54,3.97,4.03,10,7,9,38.46
VA,Danville,2019,10,1.5,4.82,4.81,3,2,5,30.0
VA,Danville,2020,3,1.0,16.33,16.33,2,0,1,66.67
VA,Danville,2021,1,1.0,1.0,1.0,0,1,0,0.0
VA,Danville,2022,1,1.0,2.0,2.0,0,0,1,0.0
VA,Danville (City),2022,3,0.67,2.33,2.67,0,1,2,0.0
VA,Danville City,2017,5,1.8,4.26,4.33,3,1,1,60.0
VA,Danville City,2018,4,2.0,5.82,5.94,4,0,0,100.0
VA,Dickenson,2017,2,2.0,4.65,4.77,2,0,0,100.0
VA,Dickenson,2018,3,1.33,7.05,7.13,1,1,1,33.33
VA,Dickenson,2019,4,1.25,12.0,12.25,0,3,1,0.0
VA,Dickenson,2020,1,1.0,7.0,7.0,0,1,0,0.0
VA,Dickenson,2021,3,0.67,4.33,5.33,1,1,1,33.33
VA,Dickenson,2022,1,1.0,7.0,7.0,1,0,0,100.0
VA,Dinwiddie,2017,11,1.36,1.87,1.89,1,4,6,9.09
VA,Dinwiddie,2018,41,1.44,3.03,3.05,9,17,15,21.95
VA,Dinwiddie,2019,12,1.17,7.0,7.17,6,3,3,50.0
VA,Dinwiddie,2020,14,0.86,4.86,4.79,2,6,6,14.29
VA,Dinwiddie,2021,11,1.27,2.91,2.91,0,5,6,0.0
VA,Dinwiddie,2022,1,1.0,3.0,3.0,0,0,1,0.0
VA,Emporia,2017,5,1.8,2.59,2.67,1,1,3,20.0
VA,Emporia,2018,8,1.62,4.5,4.59,1,5,2,12.5
VA,Emporia,2019,22,1.41,3.24,3.4,1,12,9,4.55
VA,Emporia,2020,4,1.5,2.0,2.25,0,2,2,0.0
VA,Emporia,2021,6,2.0,5.83,6.0,0,3,3,0.0
VA,Emporia,2022,2,1.5,3.5,3.5,0,1,1,0.0
VA,Emporia City,2017,11,1.18,1.42,1.46,1,6,4,9.09
VA,Essex,2017,9,1.44,3.86,3.9,5,1,3,55.56
VA,Essex,2018,31,1.19,2.01,2.07,8,7,16,25.81
VA,Essex,2019,19,1.32,3.14,3.37,3,5,11,15.79
VA,Essex,2020,5,1.4,4.2,4.0,0,1,4,0.0
VA,Essex,2021,6,1.0,4.17,4.17,0,4,2,0.0
VA,Essex,2022,5,1.6,4.4,4.4,1,0,4,20.0
VA,Fairfax,2016,455,1.07,0.93,1.49,89,328,38,19.56
VA,Fairfax,2017,847,1.01,1.73,2.9,222,560,65,26.21
VA,Fairfax,2018,985,0.91,1.33,2.82,217,692,76,22.03
VA,Fairfax,2020,3,0.0,1.0,1.33,0,3,0,0.0
VA,Fairfax,2021,1,0.0,0.0,2.0,0,1,0,0.0
VA,Fairfax,2022,141,0.87,3.99,4.65,20,77,44,14.18
VA,Fairfax (City),2022,1,2.0,11.0,11.0,0,1,0,0.0
VA,Fairfax City,2016,74,1.04,1.0,1.41,37,37,0,50.0
VA,Fairfax City,2017,159,0.92,1.59,2.26,69,86,4,43.4
VA,Fairfax City,2018,210,0.68,1.14,2.04,92,117,1,43.81
VA,Fairfax City,2019,113,0.43,1.53,2.48,67,46,0,59.29
VA,Fairfax City,2020,22,0.45,0.91,1.95,9,13,0,40.91
VA,Fairfax City,2021,26,0.62,1.85,2.77,11,15,0,42.31
VA,Fairfax City,2022,16,0.94,5.94,7.12,9,7,0,56.25
VA,Fairfax County,2016,702,1.43,1.2,1.9,81,284,337,11.54
VA,Fairfax County,2017,1366,1.38,2.31,3.9,194,556,616,14.2
VA,Fairfax County,2018,2055,1.17,2.0,3.63,333,882,840,16.2
VA,Fairfax County,2019,2599,0.87,2.17,3.46,466,1249,884,17.93
VA,Fairfax County,2020,884,0.89,2.26,3.4,118,437,329,13.35
VA,Fairfax County,2021,1352,1.09,2.73,3.51,105,598,649,7.77
VA,Fairfax County,2022,841,1.15,3.41,4.32,77,352,412,9.16
VA,Falls Church,2016,3,1.0,1.68,1.98,2,1,0,66.67
VA,Falls Church,2017,4,1.0,0.55,0.88,2,2,0,50.0
VA,Falls Church,2018,10,0.9,1.01,1.53,8,2,0,80.0
VA,Falls Church,2019,18,0.06,1.25,1.99,6,12,0,33.33
VA,Falls Church,2020,15,0.0,0.67,2.2,0,15,0,0.0
VA,Falls Church,2021,8,0.0,1.12,2.0,0,8,0,0.0
VA,Falls Church,2022,2,0.5,2.5,3.0,0,2,0,0.0
VA,Falls Church (City),2022,1,0.0,2.0,2.0,1,0,0,100.0
VA,Falls Church City,2016,15,1.27,0.5,0.76,9,6,0,60.0
VA,Falls Church City,2017,19,1.05,0.75,1.45,14,5,0,73.68
VA,Falls Church City,2018,42,1.02,0.56,1.3,30,12,0,71.43
VA,Fauquier,2016,28,1.43,3.61,3.69,7,13,8,25.0
VA,Fauquier,2017,122,1.25,2.54,2.83,20,39,63,16.39
VA,Fauquier,2018,255,1.21,2.07,2.38,31,81,143,12.16
VA,Fauquier,2019,189,0.84,2.54,2.69,27,47,115,14.29
VA,Fauquier,2020,71,0.9,4.39,4.51,7,42,22,9.86
VA,Fauquier,2021,63,0.84,3.03,3.57,6,25,32,9.52
VA,Fauquier,2022,83,0.78,4.93,5.18,4,22,57,4.82
VA,Floyd,2017,5,2.0,6.33,6.44,1,2,2,20.0
VA,Floyd,2018,11,1.64,5.29,5.94,0,5,6,0.0
VA,Floyd,2019,6,1.0,2.83,6.73,1,1,4,16.67
VA,Floyd,2020,5,0.8,3.8,6.0,0,0,5,0.0
VA,Floyd,2021,3,0.67,5.0,6.0,0,2,1,0.0
VA,Floyd,2022,6,0.67,5.17,5.33,0,0,6,0.0
VA,Fluvanna,2017,12,1.25,1.57,1.59,1,2,9,8.33
VA,Fluvanna,2018,11,2.0,6.25,6.26,5,4,2,45.45
VA,Fluvanna,2019,5,1.6,5.02,5.22,2,1,2,40.0
VA,Fluvanna,2020,4,0.75,6.0,6.5,1,3,0,25.0
VA,Fluvanna,2021,1,1.0,7.0,7.0,0,1,0,0.0
VA,Fluvanna,2022,6,1.17,7.17,7.33,0,3,3,0.0
VA,Franklin,2017,1,1.0,9.25,9.25,0,0,1,0.0
VA,Franklin,2022,7,0.43,2.14,2.29,0,1,6,0.0
VA,Franklin (City),2022,1,0.0,2.0,2.0,0,0,1,0.0
VA,Franklin City,2017,2,2.0,3.88,3.92,1,1,0,50.0
VA,Franklin City,2018,2,1.5,4.72,6.38,1,0,1,50.0
VA,Franklin City,2020,1,0.0,3.0,3.0,0,0,1,0.0
VA,Franklin County,2017,6,1.5,5.39,5.44,0,2,4,0.0
VA,Franklin County,2018,18,1.61,5.29,5.65,0,7,11,0.0
VA,Franklin County,2019,20,1.4,7.19,7.26,3,6,11,15.0
VA,Franklin County,2020,5,0.4,5.0,5.0,0,3,2,0.0
VA,Franklin County,2021,7,1.29,5.14,5.57,0,4,3,0.0
VA,Franklin County,2022,5,1.2,3.4,3.4,0,0,5,0.0
VA,Frederick,2016,36,1.39,1.0,1.06,12,14,10,33.33
VA,Frederick,2017,74,1.28,2.1,2.27,21,38,15,28.38
VA,Frederick,2018,92,1.49,2.93,3.16,29,34,29,31.52
VA,Frederick,2019,93,1.0,3.28,3.52,22,37,34,23.66
VA,Frederick,2020,49,1.24,4.65,4.98,7,20,22,14.29
VA,Frederick,2021,45,1.09,3.04,3.76,4,21,20,8.89
VA,Frederick,2022,39,1.28,5.08,5.23,3,8,28,7.69
VA,Fredericksburg,2017,41,1.41,4.2,5.23,6,14,21,14.63
VA,Fredericksburg,2018,91,1.12,2.66,3.78,13,55,23,14.29
VA,Fredericksburg,2019,107,0.83,3.11,4.65,13,56,38,12.15
VA,Fredericksburg,2020,59,1.05,3.19,4.97,1,39,19,1.69
VA,Fredericksburg,2021,163,2.03,10.91,13.87,8,69,86,4.91
VA,Fredericksburg,2022,81,1.54,6.65,8.74,5,26,50,6.17
VA,Fredericksburg (City),2022,7,0.71,5.57,6.71,0,4,3,0.0
VA,Fredericksburg City,2017,17,1.12,0.58,1.94,2,15,0,11.76
VA,Fredericksburg City,2018,60,1.12,1.58,2.52,10,49,1,16.67
VA,Galax,2018,3,1.67,6.1,6.42,0,2,1,0.0
VA,Galax,2019,2,0.0,2.87,2.98,0,0,2,0.0
VA,Galax,2022,1,0.0,3.0,3.0,0,1,0,0.0
VA,Galax City,2017,1,1.0,0.58,0.62,0,0,1,0.0
VA,Giles,2017,5,1.6,7.38,7.5,1,1,3,20.0
VA,Giles,2018,19,1.63,5.78,5.8,4,8,7,21.05
VA,Giles,2019,16,1.19,3.39,3.53,1,5,10,6.25
VA,Giles,2020,11,1.36,5.73,5.73,3,2,6,27.27
VA,Giles,2021,4,1.75,5.75,6.0,0,1,3,0.0
VA,Giles,2022,9,0.67,3.56,3.56,0,2,7,0.0
VA,Gloucester,2017,12,1.58,2.34,2.41,3,6,3,25.0
VA,Gloucester,2018,42,1.31,2.92,3.03,6,17,19,14.29
VA,Gloucester,2019,47,1.06,2.7,2.9,6,18,23,12.77
VA,Gloucester,2020,17,1.24,3.47,3.82,3,5,9,17.65
VA,Gloucester,2021,5,1.2,1.8,1.8,0,1,4,0.0
VA,Gloucester,2022,4,1.0,2.5,2.5,2,0,2,50.0
VA,Goochland,2017,12,1.5,5.05,5.83,2,3,7,16.67
VA,Goochland,2018,44,1.52,3.59,4.41,1,17,26,2.27
VA,Goochland,2019,43,1.56,3.82,4.22,9,10,24,20.93
VA,Goochland,2020,10,0.9,3.7,4.3,1,2,7,10.0
VA,Goochland,2021,5,1.8,4.0,4.4,0,0,5,0.0
VA,Goochland,2022,40,1.27,5.62,5.65,0,8,32,0.0
VA,Grayson,2017,1,2.0,0.0,0.0,0,1,0,0.0
VA,Grayson,2018,3,1.67,5.58,5.59,1,2,0,33.33
VA,Grayson,2019,3,0.33,4.47,4.12,0,0,3,0.0
VA,Grayson,2020,2,1.5,7.0,7.5,0,2,0,0.0
VA,Grayson,2021,1,1.0,5.0,5.0,0,1,0,0.0
VA,Grayson,2022,4,0.25,4.25,4.5,0,2,2,0.0
VA,Greene,2017,9,1.33,2.5,2.58,0,3,6,0.0
VA,Greene,2018,24,1.5,4.54,4.66,1,9,14,4.17
VA,Greene,2019,20,1.3,6.76,6.88,2,5,13,10.0
VA,Greene,2020,9,1.11,6.56,6.67,1,3,5,11.11
VA,Greene,2021,6,1.33,3.5,3.67,0,3,3,0.0
VA,Greene,2022,8,1.12,6.12,6.38,0,1,7,0.0
VA,Greensville,2017,13,1.62,3.7,3.69,2,2,9,15.38
VA,Greensville,2018,23,1.7,5.61,5.62,3,5,15,13.04
VA,Greensville,2019,171,1.47,1.98,1.99,35,25,111,20.47
VA,Greensville,2020,9,1.0,4.0,4.11,1,1,7,11.11
VA,Greensville,2021,22,1.27,2.91,2.86,1,2,19,4.55
VA,Greensville,2022,13,1.38,7.77,7.85,1,3,9,7.69
VA,Halifax,2017,15,1.8,6.02,6.02,6,6,3,40.0
VA,Halifax,2018,26,1.54,4.56,4.59,6,10,10,23.08
VA,Halifax,2019,22,1.68,7.05,7.06,2,10,10,9.09
VA,Halifax,2020,6,1.67,8.17,8.17,0,3,3,0.0
VA,Halifax,2021,5,1.0,4.2,4.6,0,4,1,0.0
VA,Halifax,2022,11,1.27,5.09,5.18,1,3,7,9.09
VA,Hampton,2017,122,1.87,3.36,5.91,22,59,41,18.03
VA,Hampton,2018,350,1.73,3.39,4.78,85,173,92,24.29
VA,Hampton,2019,171,0.88,3.14,4.52,32,60,79,18.71
VA,Hampton,2020,65,1.25,3.02,4.2,14,22,29,21.54
VA,Hampton,2021,108,0.44,3.25,3.79,5,19,84,4.63
VA,Hampton,2022,28,1.11,4.11,4.71,8,8,12,28.57
VA,Hampton (City),2022,7,0.86,4.29,6.57,3,4,0,42.86
VA,Hampton City,2017,6,1.33,2.31,2.36,4,2,0,66.67
VA,Hampton City,2018,19,1.53,3.19,3.47,14,5,0,73.68
VA,Hanover,2017,90,1.38,2.23,2.35,11,27,52,12.22
VA,Hanover,2018,153,1.46,3.6,3.79,26,40,87,16.99
VA,Hanover,2019,114,1.42,3.22,3.35,28,24,62,24.56
VA,Hanover,2020,36,1.28,4.06,4.36,2,15,19,5.56
VA,Hanover,2021,145,1.68,4.82,4.81,0,35,110,0.0
VA,Hanover,2022,120,1.53,5.41,5.88,3,26,91,2.5
VA,Harrisonburg,2017,8,1.5,2.15,2.26,3,3,2,37.5
VA,Harrisonburg,2018,23,1.39,2.04,2.15,4,12,7,17.39
VA,Harrisonburg,2019,11,0.82,4.48,4.93,3,4,4,27.27
VA,Harrisonburg,2020,9,1.22,4.22,4.56,2,4,3,22.22
VA,Harrisonburg,2021,13,1.15,3.23,3.62,0,3,10,0.0
VA,Harrisonburg,2022,8,1.5,4.38,4.25,2,0,6,25.0
VA,Harrisonburg (City),2022,2,0.5,3.0,3.5,0,1,1,0.0
VA,Harrisonburg City,2017,8,1.25,2.02,2.15,3,3,2,37.5
VA,Harrisonburg City,2018,9,1.33,2.18,2.36,2,7,0,22.22
VA,Henrico,2017,162,1.4,2.53,2.83,54,73,35,33.33
VA,Henrico,2018,417,1.37,2.77,3.01,124,163,130,29.74
VA,Henrico,2019,259,1.14,4.21,4.41,67,87,105,25.87
VA,Henrico,2020,106,0.66,4.61,4.67,10,55,41,9.43
VA,Henrico,2021,45,1.31,4.11,4.49,4,16,25,8.89
VA,Henrico,2022,51,1.45,9.1,9.25,13,15,23,25.49
VA,Henry,2017,8,1.88,6.75,7.21,5,2,1,62.5
VA,Henry,2018,27,1.78,5.1,5.14,10,12,5,37.04
VA,Henry,2019,16,1.44,8.67,8.67,8,6,2,50.0
VA,Henry,2020,11,1.27,8.36,8.36,4,3,4,36.36
VA,Henry,2021,4,1.25,6.0,6.5,0,1,3,0.0
VA,Henry,2022,11,1.36,4.82,4.91,0,2,9,0.0
VA,Highland,2020,1,2.0,7.0,7.0,0,0,1,0.0
VA,Highland,2021,4,1.5,7.75,7.5,0,3,1,0.0
VA,Hopewell,2018,2,2.0,1.52,1.51,1,0,1,50.0
VA,Hopewell (City),2022,1,1.0,2.0,2.0,0,0,1,0.0
VA,Isle Of Wight,2017,10,1.5,4.19,5.14,2,5,3,20.0
VA,Isle Of Wight,2018,10,1.7,8.46,9.12,3,5,2,30.0
VA,Isle of Wight,2017,11,1.45,1.21,1.25,2,4,5,18.18
VA,Isle of Wight,2018,31,1.48,4.14,4.73,6,16,9,19.35
VA,Isle of Wight,2019,24,0.75,3.29,4.03,3,14,7,12.5
VA,Isle of Wight,2020,19,0.16,3.11,3.47,2,7,10,10.53
VA,Isle of Wight,2021,21,0.71,5.57,6.05,4,12,5,19.05
VA,Isle of Wight,2022,13,0.77,5.92,6.77,4,4,5,30.77
VA,James City,2017,38,1.32,3.74,3.84,9,9,20,23.68
VA,James City,2018,115,1.51,4.31,4.43,20,27,68,17.39
VA,James City,2019,85,1.08,3.57,3.67,8,20,57,9.41
VA,James City,2020,38,0.95,4.95,5.13,0,20,18,0.0
VA,James City,2021,40,1.3,3.35,3.4,2,11,27,5.0
VA,James City,2022,25,1.52,3.76,3.84,0,8,17,0.0
VA,King George,2017,12,1.58,5.83,6.02,1,7,4,8.33
VA,King George,2018,80,1.19,2.06,2.42,6,22,52,7.5
VA,King George,2019,102,1.09,1.95,2.17,9,9,84,8.82
VA,King George,2020,23,1.04,2.26,2.48,1,1,21,4.35
VA,King George,2021,12,1.08,2.17,2.5,0,0,12,0.0
VA,King George,2022,24,0.96,5.21,5.54,2,6,16,8.33
VA,King William,2017,2,1.5,10.61,10.6,0,2,0,0.0
VA,King William,2018,8,1.12,3.2,3.23,0,1,7,0.0
VA,King William,2019,1,1.0,2.0,2.0,1,0,0,100.0
VA,King William,2020,4,1.25,7.0,7.25,2,1,1,50.0
VA,King William,2022,1,0.0,4.0,4.0,0,0,1,0.0
VA,King and Queen,2017,2,2.0,5.29,5.3,1,0,1,50.0
VA,King and Queen,2018,6,1.33,5.61,5.61,1,2,3,16.67
VA,King and Queen,2019,6,0.83,7.17,7.33,3,2,1,50.0
VA,King and Queen,2020,1,0.0,2.0,2.0,0,0,1,0.0
VA,King and Queen,2022,3,0.67,3.33,3.67,1,0,2,33.33
VA,Lancaster,2017,10,0.0,0.28,0.29,5,2,3,50.0
VA,Lancaster,2018,9,0.11,1.21,1.29,4,1,4,44.44
VA,Lancaster,2019,2,0.0,1.0,1.0,0,0,2,0.0
VA,Lancaster,2020,3,0.0,2.0,2.33,0,0,3,0.0
VA,Lancaster,2021,1,0.0,1.0,1.0,0,1,0,0.0
VA,Lancaster,2022,6,0.33,5.83,5.83,0,0,6,0.0
VA,Lee,2017,10,1.7,6.03,6.07,1,3,6,10.0
VA,Lee,2018,14,1.71,7.92,7.94,1,8,5,7.14
VA,Lee,2019,9,0.56,3.11,3.12,0,3,6,0.0
VA,Lee,2020,10,0.6,4.2,4.7,0,2,8,0.0
VA,Lee,2021,2,0.0,3.0,3.0,0,1,1,0.0
VA,Lee,2022,6,0.67,4.33,4.83,0,1,5,0.0
VA,Lexington,2019,1,0.0,0.47,0.5,1,0,0,100.0
VA,Loudoun,2016,196,1.27,1.14,1.49,24,91,81,12.24
VA,Loudoun,2017,318,1.19,2.45,3.6,60,147,111,18.87
VA,Loudoun,2018,519,1.03,2.19,3.39,84,218,217,16.18
VA,Loudoun,2019,431,0.66,2.16,2.95,66,155,210,15.31
VA,Loudoun,2020,105,0.58,2.66,3.1,15,41,49,14.29
VA,Loudoun,2021,155,0.66,3.92,4.19,20,66,69,12.9
VA,Loudoun,2022,107,0.8,4.47,4.89,16,38,53,14.95
VA,Louisa,2017,10,1.8,4.0,4.19,3,6,1,30.0
VA,Louisa,2018,37,1.59,4.03,4.71,7,10,20,18.92
VA,Louisa,2019,37,1.65,3.3,3.38,6,7,24,16.22
VA,Louisa,2020,7,0.71,8.29,8.43,1,2,4,14.29
VA,Louisa,2021,13,1.23,4.38,4.62,0,1,12,0.0
VA,Louisa,2022,69,0.88,7.25,7.32,0,23,46,0.0
VA,Lunenburg,2018,7,1.0,6.43,6.53,1,5,1,14.29
VA,Lunenburg,2019,4,0.5,8.67,8.66,2,2,0,50.0
VA,Lunenburg,2020,7,0.71,5.29,5.29,0,2,5,0.0
VA,Lunenburg,2021,3,0.67,7.33,8.33,0,0,3,0.0
VA,Lynchburg,2017,16,1.38,4.06,4.73,7,8,1,43.75
VA,Lynchburg,2018,42,1.52,3.16,3.68,18,19,5,42.86
VA,Lynchburg,2019,12,1.33,5.37,5.86,8,4,0,66.67
VA,Lynchburg,2020,2,1.5,3.0,3.0,1,1,0,50.0
VA,Lynchburg,2021,3,1.67,5.67,6.0,1,2,0,33.33
VA,Lynchburg,2022,2,1.0,1.5,2.0,0,0,2,0.0
VA,Lynchburg (City),2022,6,0.67,4.0,4.0,0,3,3,0.0
VA,Lynchburg City,2017,12,1.75,4.46,5.29,6,6,0,50.0
VA,Lynchburg City,2018,14,1.36,3.53,4.26,5,5,4,35.71
VA,Madison,2018,18,1.56,4.14,4.2,7,5,6,38.89
VA,Madison,2019,17,1.12,2.55,2.57,7,5,5,41.18
VA,Madison,2020,8,0.88,12.12,12.12,0,3,5,0.0
VA,Madison,2021,4,1.0,4.5,4.5,0,3,1,0.0
VA,Madison,2022,7,1.29,8.86,8.86,0,1,6,0.0
VA,Manassas,2016,7,1.0,0.33,0.46,0,7,0,0.0
VA,Manassas,2017,18,1.11,1.31,1.57,3,15,0,16.67
VA,Manassas,2018,26,1.08,2.21,2.49,5,21,0,19.23
VA,Manassas,2019,43,0.09,1.97,2.16,11,32,0,25.58
VA,Manassas,2020,15,0.13,2.2,3.07,4,11,0,26.67
VA,Manassas,2021,14,0.07,1.57,2.57,4,10,0,28.57
VA,Manassas,2022,6,0.5,4.17,4.67,1,4,1,16.67
VA,Manassas (City),2022,4,0.5,3.75,4.25,1,2,1,25.0
VA,Manassas City,2016,20,1.35,0.46,0.72,8,12,0,40.0
VA,Manassas City,2017,44,1.05,1.32,1.74,4,36,4,9.09
VA,Manassas City,2018,49,1.02,0.81,1.5,2,44,3,4.08
VA,Manassas Park,2018,3,0.33,1.72,2.72,2,1,0,66.67
VA,Manassas Park,2019,25,0.24,1.46,3.16,1,24,0,4.0
VA,Manassas Park,2020,11,0.18,1.18,2.64,0,11,0,0.0
VA,Manassas Park,2021,19,0.05,1.05,2.58,0,19,0,0.0
VA,Manassas Park,2022,10,0.0,0.9,2.0,0,10,0,0.0
VA,Martinsville,2017,2,2.0,7.4,7.44,2,0,0,100.0
VA,Martinsville,2018,1,2.0,6.43,6.42,1,0,0,100.0
VA,Martinsville,2019,1,1.0,27.0,27.0,1,0,0,100.0
VA,Martinsville,2020,1,0.0,4.0,4.0,1,0,0,100.0
VA,Martinsville City,2017,1,2.0,6.65,6.65,1,0,0,100.0
VA,Mathews,2019,2,0.0,4.38,4.35,0,2,0,0.0
VA,Mecklenburg,2017,13,1.69,5.51,5.52,1,5,7,7.69
VA,Mecklenburg,2018,25,1.8,5.93,5.97,5,8,12,20.0
VA,Mecklenburg,2019,29,1.41,5.74,5.75,6,13,10,20.69
VA,Mecklenburg,2020,18,1.11,5.44,5.5,1,8,9,5.56
VA,Mecklenburg,2021,8,1.0,5.38,5.75,0,7,1,0.0
VA,Mecklenburg,2022,9,1.0,4.22,4.33,1,1,7,11.11
VA,Middlesex,2017,9,1.56,4.53,4.79,2,5,2,22.22
VA,Middlesex,2018,10,1.3,3.32,3.39,4,0,6,40.0
VA,Middlesex,2019,10,1.1,4.2,4.2,1,4,5,10.0
VA,Middlesex,2020,4,1.25,3.5,3.25,0,2,2,0.0
VA,Middlesex,2022,2,1.5,4.5,4.5,0,0,2,0.0
VA,Montgomery,2017,36,1.61,5.62,5.75,13,14,9,36.11
VA,Montgomery,2018,73,1.49,5.02,5.35,11,17,45,15.07
VA,Montgomery,2019,54,1.37,4.0,4.1,6,15,33,11.11
VA,Montgomery,2020,28,1.04,1.82,2.11,2,15,11,7.14
VA,Montgomery,2021,37,1.3,3.65,3.92,3,17,17,8.11
VA,Montgomery,2022,24,1.62,7.71,7.75,0,5,19,0.0
VA,Nelson,2017,6,1.5,3.67,3.72,1,1,4,16.67
VA,Nelson,2018,16,1.44,5.05,5.24,2,4,10,12.5
VA,Nelson,2019,17,1.65,5.6,5.78,2,4,11,11.76
VA,Nelson,2020,5,0.6,3.6,4.0,1,0,4,20.0
VA,Nelson,2021,10,0.9,4.2,4.3,0,2,8,0.0
VA,Nelson,2022,12,1.0,4.5,4.58,0,0,12,0.0
VA,New Kent,2017,23,1.35,2.52,2.75,0,6,17,0.0
VA,New Kent,2018,102,1.57,4.64,4.73,3,28,71,2.94
VA,New Kent,2019,112,1.21,3.51,3.55,21,27,64,18.75
VA,New Kent,2020,26,1.23,2.65,2.69,0,6,20,0.0
VA,New Kent,2021,101,1.27,3.3,3.33,0,17,84,0.0
VA,New Kent,2022,88,1.57,4.75,4.83,1,24,63,1.14
VA,Newport News,2017,118,1.43,3.59,4.31,21,33,64,17.8
VA,Newport News,2018,266,1.38,3.31,3.64,62,99,105,23.31
VA,Newport News,2019,156,0.91,3.11,3.41,41,55,60,26.28
VA,Newport News,2020,49,0.82,2.63,3.1,7,23,19,14.29
VA,Newport News,2021,106,0.95,3.21,3.64,13,43,50,12.26
VA,Newport News,2022,35,1.2,4.63,4.83,4,11,20,11.43
VA,Newport News (City),2022,37,1.27,3.7,4.86,0,11,26,0.0
VA,Newport News City,2017,24,1.33,2.72,3.23,8,16,0,33.33
VA,Newport News City,2018,27,1.41,2.6,2.93,15,11,1,55.56
VA,Norfolk,2017,175,1.58,3.7,4.88,71,64,40,40.57
VA,Norfolk,2018,440,1.62,3.22,4.46,138,179,123,31.36
VA,Norfolk,2019,309,0.78,3.13,4.12,87,122,100,28.16
VA,Norfolk,2020,101,0.9,2.99,3.9,31,36,34,30.69
VA,Norfolk,2021,99,0.41,3.39,4.14,21,61,17,21.21
VA,Norfolk,2022,37,0.68,4.43,5.24,18,17,2,48.65
VA,Norfolk (City),2022,12,0.42,3.33,4.25,3,9,0,25.0
VA,Norfolk City,2017,38,1.39,3.76,4.5,29,7,2,76.32
VA,Norfolk City,2018,45,1.4,3.72,4.54,28,16,1,62.22
VA,Northampton,2017,9,1.33,2.56,2.6,0,6,3,0.0
VA,Northampton,2018,30,1.43,4.39,4.41,4,6,20,13.33
VA,Northampton,2019,8,1.5,5.38,5.39,1,5,2,12.5
VA,Northampton,2020,4,1.25,3.75,3.75,0,2,2,0.0
VA,Northampton,2021,5,1.2,2.2,2.4,0,2,3,0.0
VA,Northampton,2022,11,1.36,5.91,6.09,0,1,10,0.0
VA,Northumberland,2017,1,0.0,0.23,0.23,0,0,1,0.0
VA,Northumberland,2019,1,1.0,13.0,13.0,1,0,0,100.0
VA,Northumberland,2020,2,1.5,3.5,4.0,0,0,2,0.0
VA,Northumberland,2021,2,1.0,3.0,3.0,0,0,2,0.0
VA,Northumberland,2022,5,0.8,3.6,3.8,0,0,5,0.0
VA,Norton,2020,3,1.67,2.33,2.67,0,2,1,0.0
VA,Norton,2021,1,2.0,3.0,3.0,0,0,1,0.0
VA,Norton,2022,3,1.0,3.0,2.67,0,0,3,0.0
VA,Nottoway,2017,4,2.0,4.36,4.35,0,2,2,0.0
VA,Nottoway,2018,16,1.5,3.7,3.73,5,4,7,31.25
VA,Nottoway,2019,10,1.5,4.71,4.72,1,3,6,10.0
VA,Nottoway,2020,7,1.57,6.14,6.29,1,3,3,14.29
VA,Nottoway,2021,8,1.38,6.12,6.12,0,2,6,0.0
VA,Nottoway,2022,2,1.5,8.0,8.0,0,0,2,0.0
VA,Orange,2017,22,1.09,4.59,4.68,2,7,13,9.09
VA,Orange,2018,27,0.93,3.3,3.35,1,9,17,3.7
VA,Orange,2019,15,1.13,7.33,7.33,1,7,7,6.67
VA,Orange,2020,8,0.62,5.88,6.12,0,1,7,0.0
VA,Orange,2021,6,1.0,7.33,7.83,1,3,2,16.67
VA,Orange,2022,24,0.88,7.83,8.0,0,7,17,0.0
VA,Page,2016,2,1.5,0.15,0.16,0,2,0,0.0
VA,Page,2017,4,1.75,5.04,5.04,3,1,0,75.0
VA,Page,2018,26,1.77,6.64,6.71,9,10,7,34.62
VA,Page,2019,6,1.17,3.67,3.67,3,3,0,50.0
VA,Page,2020,14,0.93,6.0,6.21,5,5,4,35.71
VA,Page,2021,2,0.5,5.0,5.5,0,0,2,0.0
VA,Page,2022,3,0.67,5.67,5.33,1,1,1,33.33
VA,Patrick,2017,9,1.78,9.11,9.1,1,4,4,11.11
VA,Patrick,2018,14,1.93,9.63,9.65,8,3,3,57.14
VA,Patrick,2019,12,1.67,8.83,9.3,3,5,4,25.0
VA,Patrick,2020,8,1.25,5.5,5.88,0,1,7,0.0
VA,Patrick,2021,14,1.36,4.71,5.93,0,3,11,0.0
VA,Patrick,2022,13,1.08,4.62,4.69,2,4,7,15.38
VA,Petersburg,2017,8,1.5,3.98,4.05,4,2,2,50.0
VA,Petersburg,2018,44,1.41,2.9,3.0,24,17,3,54.55
VA,Petersburg,2019,36,1.53,2.85,2.9,24,11,1,66.67
VA,Petersburg,2020,5,1.8,10.6,10.6,1,3,1,20.0
VA,Petersburg,2021,5,1.4,3.4,3.4,0,3,2,0.0
VA,Petersburg,2022,7,2.0,8.29,8.29,6,0,1,85.71
VA,Petersburg (City),2022,2,0.5,3.5,4.5,0,2,0,0.0
VA,Petersburg City,2017,7,1.43,1.84,1.84,4,2,1,57.14
VA,Petersburg City,2018,3,1.67,3.76,3.78,1,2,0,33.33
VA,Pittsylvania,2017,3,1.67,4.54,4.67,0,2,1,0.0
VA,Pittsylvania,2018,36,1.36,4.8,4.81,5,9,22,13.89
VA,Pittsylvania,2019,20,1.3,4.13,4.18,1,13,6,5.0
VA,Pittsylvania,2020,5,1.2,9.0,8.8,2,3,0,40.0
VA,Pittsylvania,2021,4,0.25,2.75,2.75,0,1,3,0.0
VA,Pittsylvania,2022,11,0.73,4.45,4.64,0,4,7,0.0
VA,Portsmouth,2017,22,1.77,4.62,5.0,11,8,3,50.0
VA,Portsmouth,2018,78,1.55,3.78,4.41,30,38,10,38.46
VA,Portsmouth,2019,35,0.51,3.32,4.26,10,24,1,28.57
VA,Portsmouth,2020,23,0.57,4.91,5.52,12,11,0,52.17
VA,Portsmouth,2021,43,0.6,3.88,4.86,6,34,3,13.95
VA,Portsmouth,2022,23,0.7,5.65,6.26,7,12,4,30.43
VA,Portsmouth (City),2022,2,0.0,2.5,3.0,0,1,1,0.0
VA,Portsmouth City,2017,8,1.5,0.83,0.99,6,2,0,75.0
VA,Portsmouth City,2018,22,1.23,2.98,3.16,6,16,0,27.27
VA,Powhatan,2017,11,1.45,5.56,6.18,1,3,7,9.09
VA,Powhatan,2018,33,1.42,4.56,5.04,7,10,16,21.21
VA,Powhatan,2019,22,0.77,2.66,3.46,2,9,11,9.09
VA,Powhatan,2020,9,0.67,5.78,5.89,0,6,3,0.0
VA,Powhatan,2021,4,1.25,3.25,3.5,0,1,3,0.0
VA,Powhatan,2022,16,0.69,7.5,7.62,2,3,11,12.5
VA,Prince Edward,2017,6,1.67,4.66,4.7,0,4,2,0.0
VA,Prince Edward,2018,13,1.54,4.81,4.83,1,5,7,7.69
VA,Prince Edward,2019,23,1.35,4.42,4.42,1,8,14,4.35
VA,Prince Edward,2020,3,1.33,5.67,5.67,0,1,2,0.0
VA,Prince Edward,2021,1,1.0,2.0,2.0,0,1,0,0.0
VA,Prince Edward,2022,12,1.17,3.92,4.0,0,0,12,0.0
VA,Prince George,2017,14,1.36,1.99,2.01,4,2,8,28.57
VA,Prince George,2018,27,1.56,3.39,3.44,5,5,17,18.52
VA,Prince George,2019,63,1.52,2.95,2.96,23,9,31,36.51
VA,Prince George,2020,8,1.25,6.38,6.5,2,4,2,25.0
VA,Prince George,2021,13,1.38,4.62,4.62,0,5,8,0.0
VA,Prince George,2022,8,1.88,9.62,9.75,1,2,5,12.5
VA,Prince William,2016,323,1.3,1.03,1.79,31,151,141,9.6
VA,Prince William,2017,745,1.32,2.41,3.84,109,376,260,14.63
VA,Prince William,2018,1061,1.2,2.03,3.35,161,600,300,15.17
VA,Prince William,2019,942,0.91,2.25,3.57,125,417,400,13.27
VA,Prince William,2020,405,1.12,2.59,3.92,36,160,209,8.89
VA,Prince William,2021,762,1.2,3.41,4.24,41,270,451,5.38
VA,Prince William,2022,545,1.2,3.83,4.88,35,227,283,6.42
VA,Pulaski,2017,7,1.86,10.8,10.79,2,2,3,28.57
VA,Pulaski,2018,24,1.88,5.38,5.44,3,4,17,12.5
VA,Pulaski,2019,25,1.4,4.91,4.92,6,6,13,24.0
VA,Pulaski,2020,10,1.2,7.9,8.0,1,3,6,10.0
VA,Pulaski,2021,19,0.89,4.47,4.58,2,4,13,10.53
VA,Pulaski,2022,10,0.9,3.1,3.1,0,0,10,0.0
VA,Radford,2017,5,1.8,7.46,7.55,2,3,0,40.0
VA,Radford,2018,1,2.0,6.45,6.55,1,0,0,100.0
VA,Radford,2019,3,1.33,3.33,3.33,0,1,2,0.0
VA,Radford,2021,1,2.0,3.0,3.0,0,0,1,0.0
VA,Rappahannock,2016,5,1.8,0.69,1.79,0,2,3,0.0
VA,Rappahannock,2017,6,2.0,6.54,6.64,2,3,1,33.33
VA,Rappahannock,2018,5,1.6,5.91,5.92,4,0,1,80.0
VA,Rappahannock,2019,1,1.0,9.0,9.0,0,1,0,0.0
VA,Rappahannock,2020,4,1.0,10.75,11.0,1,2,1,25.0
VA,Rappahannock,2021,2,0.5,2.0,3.5,0,0,2,0.0
VA,Rappahannock,2022,3,0.0,1.67,2.0,0,0,3,0.0
VA,Richmond,2022,1,1.0,6.0,7.0,0,1,0,0.0
VA,Richmond (City),2022,5,1.4,3.0,3.2,1,2,2,20.0
VA,Richmond City,2017,239,1.43,2.3,2.75,130,63,46,54.39
VA,Richmond City,2018,470,1.41,2.29,2.71,219,161,90,46.6
VA,Richmond City,2019,272,1.16,2.86,3.55,58,116,98,21.32
VA,Richmond City,2020,170,0.62,1.61,3.2,31,115,24,18.24
VA,Richmond City,2021,292,0.99,2.11,3.13,29,208,55,9.93
VA,Richmond City,2022,136,1.54,4.24,4.57,19,80,37,13.97
VA,Richmond County,2017,2,0.0,1.66,1.69,0,1,1,0.0
VA,Richmond County,2018,9,1.22,3.64,3.65,1,4,4,11.11
VA,Richmond County,2019,5,1.6,7.92,7.97,2,0,3,40.0
VA,Richmond County,2020,2,1.0,3.5,3.5,0,0,2,0.0
VA,Roanoke,2017,10,1.4,1.37,1.56,2,6,2,20.0
VA,Roanoke,2018,5,1.2,1.92,2.27,2,3,0,40.0
VA,Roanoke,2022,14,1.21,6.36,6.64,0,6,8,0.0
VA,Roanoke (City),2022,4,0.75,1.75,2.0,0,2,2,0.0
VA,Roanoke City,2017,31,1.48,3.05,3.72,12,17,2,38.71
VA,Roanoke City,2018,61,1.56,3.18,4.0,26,30,5,42.62
VA,Roanoke City,2019,32,1.44,3.9,4.77,21,9,2,65.62
VA,Roanoke City,2020,11,1.64,2.0,3.55,3,8,0,27.27
VA,Roanoke City,2021,22,1.32,1.82,3.86,5,17,0,22.73
VA,Roanoke City,2022,3,1.33,4.33,5.33,1,2,0,33.33
VA,Roanoke County,2017,25,1.4,2.18,2.36,7,4,14,28.0
VA,Roanoke County,2018,69,1.51,4.51,4.71,17,23,29,24.64
VA,Roanoke County,2019,79,1.47,5.22,5.35,15,21,43,18.99
VA,Roanoke County,2020,44,1.34,6.32,6.41,4,16,24,9.09
VA,Roanoke County,2021,80,1.54,4.22,4.26,0,13,67,0.0
VA,Roanoke County,2022,36,1.81,5.75,5.94,0,8,28,0.0
VA,Rockbridge,2017,6,1.5,4.0,4.03,0,3,3,0.0
VA,Rockbridge,2018,31,1.74,4.77,4.8,3,8,20,9.68
VA,Rockbridge,2019,54,1.56,4.17,4.29,9,11,34,16.67
VA,Rockbridge,2020,24,1.58,6.5,6.58,3,8,13,12.5
VA,Rockbridge,2021,23,1.22,2.57,2.87,0,7,16,0.0
VA,Rockbridge,2022,36,1.86,13.42,13.44,1,4,31,2.78
VA,Rockingham,2017,27,1.63,5.58,5.86,5,9,13,18.52
VA,Rockingham,2018,59,1.68,7.58,7.76,9,25,25,15.25
VA,Rockingham,2019,40,1.08,6.33,6.45,11,12,17,27.5
VA,Rockingham,2020,21,1.0,4.38,4.38,0,7,14,0.0
VA,Rockingham,2021,47,1.04,2.79,3.21,1,5,41,2.13
VA,Rockingham,2022,39,1.38,6.67,6.79,1,11,27,2.56
VA,Russell,2017,2,2.0,9.4,9.4,1,0,1,50.0
VA,Russell,2018,9,1.67,4.77,4.83,1,5,3,11.11
VA,Russell,2019,7,1.43,6.39,6.54,2,1,4,28.57
VA,Russell,2020,3,1.33,2.67,2.67,0,1,2,0.0
VA,Russell,2021,1,0.0,0.0,1.0,0,0,1,0.0
VA,Russell,2022,5,1.6,5.4,5.4,0,0,5,0.0
VA,Salem,2017,13,1.46,2.38,3.06,4,8,1,30.77
VA,Salem,2018,22,1.45,3.77,4.1,12,10,0,54.55
VA,Salem,2019,11,1.18,4.66,5.16,9,1,1,81.82
VA,Salem,2020,21,1.57,2.1,4.19,5,12,4,23.81
VA,Salem,2021,23,1.52,2.78,4.09,5,15,3,21.74
VA,Salem,2022,8,1.62,6.12,6.5,1,4,3,12.5
VA,Scott,2017,11,1.82,4.89,4.98,2,2,7,18.18
VA,Scott,2018,20,1.7,4.91,5.04,5,7,8,25.0
VA,Scott,2019,11,1.27,7.2,7.66,2,6,3,18.18
VA,Scott,2020,11,0.82,3.91,4.0,1,7,3,9.09
VA,Scott,2021,1,0.0,3.0,3.0,0,0,1,0.0
VA,Scott,2022,3,0.67,3.67,4.0,0,1,2,0.0
VA,Shenandoah,2016,18,1.72,0.81,0.9,1,4,13,5.56
VA,Shenandoah,2017,39,1.59,3.87,3.97,5,8,26,12.82
VA,Shenandoah,2018,48,1.62,3.64,4.57,8,21,19,16.67
VA,Shenandoah,2019,60,1.1,3.29,3.75,5,14,41,8.33
VA,Shenandoah,2020,30,1.07,3.7,3.73,1,11,18,3.33
VA,Shenandoah,2021,59,1.37,3.61,3.64,0,14,45,0.0
VA,Shenandoah,2022,42,1.57,8.12,8.24,5,10,27,11.9
VA,Smyth,2017,8,1.75,4.29,4.48,4,3,1,50.0
VA,Smyth,2018,4,1.75,4.99,5.03,3,0,1,75.0
VA,Smyth,2019,7,1.86,6.68,6.67,1,2,4,14.29
VA,Smyth,2020,9,1.44,10.56,10.89,1,4,4,11.11
VA,Smyth,2021,16,1.56,7.5,7.56,2,5,9,12.5
VA,Smyth,2022,12,1.75,11.0,11.0,4,5,3,33.33
VA,Southampton,2017,6,1.67,11.95,11.95,2,0,4,33.33
VA,Southampton,2018,23,1.17,2.95,3.0,3,3,17,13.04
VA,Southampton,2019,17,1.47,6.11,6.1,6,5,6,35.29
VA,Southampton,2020,7,0.86,5.14,5.29,0,4,3,0.0
VA,Southampton,2021,3,0.67,5.33,5.67,1,2,0,33.33
VA,Southampton,2022,3,1.67,4.33,4.33,0,0,3,0.0
VA,Spotsylvania,2017,125,1.22,2.19,2.5,30,52,43,24.0
VA,Spotsylvania,2018,385,1.01,1.97,2.59,97,168,120,25.19
VA,Spotsylvania,2019,227,0.68,2.1,2.86,55,96,76,24.23
VA,Spotsylvania,2020,167,0.53,1.77,2.94,15,114,38,8.98
VA,Spotsylvania,2021,263,0.96,3.17,3.91,33,145,85,12.55
VA,Spotsylvania,2022,268,1.03,5.66,6.06,27,129,112,10.07
VA,Stafford,2017,301,1.52,3.2,4.59,14,96,191,4.65
VA,Stafford,2018,548,1.32,2.01,3.49,47,226,275,8.58
VA,Stafford,2019,649,1.21,3.44,5.11,48,169,432,7.4
VA,Stafford,2020,327,1.43,2.48,4.49,17,98,212,5.2
VA,Stafford,2021,773,1.62,5.3,7.03,17,236,520,2.2
VA,Stafford,2022,513,1.49,5.03,6.56,10,153,350,1.95
VA,Staunton,2017,3,1.0,1.4,1.42,0,1,2,0.0
VA,Staunton,2018,4,1.5,2.07,2.09,1,1,2,25.0
VA,Staunton,2019,3,1.0,6.08,6.47,2,0,1,66.67
VA,Staunton,2020,1,1.0,2.0,2.0,0,0,1,0.0
VA,Staunton,2021,6,1.33,2.17,2.17,0,0,6,0.0
VA,Staunton,2022,2,2.0,13.5,13.5,1,0,1,50.0
VA,Staunton City,2017,4,1.5,2.14,2.15,2,1,1,50.0
VA,Staunton City,2018,6,1.83,2.84,2.89,4,0,2,66.67
VA,Suffolk,2017,27,1.81,4.72,5.08,9,9,9,33.33
VA,Suffolk,2018,102,1.6,4.81,4.96,29,42,31,28.43
VA,Suffolk,2019,74,1.01,4.11,4.4,18,24,32,24.32
VA,Suffolk,2020,41,1.1,5.44,5.61,9,22,10,21.95
VA,Suffolk,2021,91,1.29,4.89,5.07,12,33,46,13.19
VA,Suffolk,2022,43,1.35,7.44,7.67,7,24,12,16.28
VA,Suffolk (City),2022,35,0.97,5.4,5.71,3,16,16,8.57
VA,Suffolk City,2017,12,1.5,2.72,2.9,1,6,5,8.33
VA,Suffolk City,2018,11,1.27,1.71,1.9,2,5,4,18.18
VA,Surry,2017,1,0.0,3.8,3.8,0,0,1,0.0
VA,Surry,2018,3,1.33,11.12,11.15,1,0,2,33.33
VA,Surry,2019,2,1.0,15.0,15.0,1,0,1,50.0
VA,Surry,2020,2,1.0,7.5,7.5,0,1,1,0.0
VA,Surry,2021,1,0.0,2.0,2.0,0,0,1,0.0
VA,Surry,2022,1,1.0,8.0,9.0,0,1,0,0.0
VA,Sussex,2017,18,1.44,2.52,2.53,2,5,11,11.11
VA,Sussex,2018,30,1.5,3.57,3.57,2,5,23,6.67
VA,Sussex,2019,55,1.51,2.21,2.3,11,10,34,20.0
VA,Sussex,2020,9,1.22,3.33,3.22,0,6,3,0.0
VA,Sussex,2021,25,1.16,2.56,2.6,0,8,17,0.0
VA,Sussex,2022,13,1.38,5.31,5.23,2,2,9,15.38
VA,Tazewell,2017,21,1.81,4.51,4.55,9,7,5,42.86
VA,Tazewell,2018,28,1.64,5.75,5.76,9,10,9,32.14
VA,Tazewell,2019,12,1.33,7.13,7.33,4,4,4,33.33
VA,Tazewell,2020,9,0.89,4.11,4.22,1,4,4,11.11
VA,Tazewell,2021,1,0.0,1.0,2.0,0,1,0,0.0
VA,Tazewell,2022,9,0.67,4.89,5.22,0,0,9,0.0
VA,Virginia Beach,2017,90,1.36,3.15,3.47,42,36,12,46.67
VA,Virginia Beach,2018,311,1.19,3.69,3.96,132,129,50,42.44
VA,Virginia Beach,2019,155,0.5,3.65,4.1,55,70,30,35.48
VA,Virginia Beach,2020,68,0.4,3.72,4.29,12,46,10,17.65
VA,Virginia Beach,2021,60,0.62,4.0,4.95,16,37,7,26.67
VA,Virginia Beach,2022,27,0.52,5.11,5.59,11,11,5,40.74
VA,Virginia Beach (City),2022,27,0.3,3.15,3.37,5,14,8,18.52
VA,Virginia Beach City,2017,45,1.29,2.27,2.86,19,25,1,42.22
VA,Virginia Beach City,2018,74,1.07,1.51,2.3,18,51,5,24.32
VA,Warren,2016,9,1.33,2.34,2.36,2,2,5,22.22
VA,Warren,2017,22,1.64,6.13,6.25,10,6,6,45.45
VA,Warren,2018,26,1.88,4.54,4.95,7,6,13,26.92
VA,Warren,2019,38,1.39,3.54,3.68,9,9,20,23.68
VA,Warren,2020,18,1.06,4.33,4.78,1,6,11,5.56
VA,Warren,2021,19,1.47,3.37,3.58,1,4,14,5.26
VA,Warren,2022,13,1.31,10.08,10.15,1,3,9,7.69
VA,Washington,2017,12,1.83,5.84,5.86,8,2,2,66.67
VA,Washington,2018,24,1.92,7.29,7.38,11,5,8,45.83
VA,Washington,2019,15,1.53,4.05,4.2,6,3,6,40.0
VA,Washington,2020,16,1.31,5.69,6.0,5,7,4,31.25
VA,Washington,2021,10,1.8,6.8,6.8,1,2,7,10.0
VA,Washington,2022,14,1.71,10.07,10.57,3,8,3,21.43
VA,Waynesboro,2017,3,2.0,4.54,4.62,1,2,0,33.33
VA,Waynesboro,2018,5,1.6,5.44,5.78,2,1,2,40.0
VA,Waynesboro,2019,4,2.0,9.13,9.19,2,0,2,50.0
VA,Waynesboro,2020,4,0.25,1.25,1.75,0,2,2,0.0
VA,Waynesboro,2022,1,0.0,2.0,2.0,0,0,1,0.0
VA,Waynesboro (City),2022,3,0.67,3.67,3.67,0,2,1,0.0
VA,Waynesboro City,2017,2,2.0,7.99,8.16,2,0,0,100.0
VA,Waynesboro City,2018,3,2.0,4.57,4.96,1,2,0,33.33
VA,Westmoreland,2017,1,0.0,0.28,0.28,1,0,0,100.0
VA,Westmoreland,2018,6,1.5,12.33,12.35,3,1,2,50.0
VA,Westmoreland,2019,2,0.5,4.5,4.5,0,2,0,0.0
VA,Westmoreland,2020,1,0.0,1.0,1.0,0,0,1,0.0
VA,Westmoreland,2022,5,0.2,3.0,3.0,0,1,4,0.0
VA,Williamsburg,2017,1,2.0,6.67,6.73,1,0,0,100.0
VA,Williamsburg,2018,3,1.67,4.23,4.84,2,1,0,66.67
VA,Williamsburg,2019,5,0.0,2.0,2.4,3,2,0,60.0
VA,Williamsburg,2020,7,0.29,1.71,2.86,6,1,0,85.71
VA,Williamsburg,2021,3,1.0,5.33,5.67,0,3,0,0.0
VA,Williamsburg,2022,1,1.0,4.0,5.0,0,1,0,0.0
VA,Williamsburg (City),2022,1,0.0,1.0,1.0,0,0,1,0.0
VA,Winchester,2016,3,1.33,2.36,2.54,3,0,0,100.0
VA,Winchester,2017,14,1.43,3.09,4.43,9,5,0,64.29
VA,Winchester,2018,8,1.5,4.53,4.98,6,2,0,75.0
VA,Winchester,2019,7,0.86,1.66,2.26,6,1,0,85.71
VA,Winchester,2020,12,0.75,2.75,4.33,2,9,1,16.67
VA,Winchester,2021,15,0.13,0.33,1.73,1,13,1,6.67
VA,Winchester City,2016,8,1.5,0.05,0.05,6,2,0,75.0
VA,Winchester City,2017,17,1.24,1.6,1.86,13,4,0,76.47
VA,Winchester City,2018,7,1.57,2.76,4.0,5,2,0,71.43
VA,Wise,2017,22,1.41,2.91,3.05,3,4,15,13.64
VA,Wise,2018,33,1.73,6.43,6.53,10,13,10,30.3
VA,Wise,2019,23,1.39,3.41,3.54,1,9,13,4.35
VA,Wise,2020,17,1.47,3.24,3.41,0,4,13,0.0
VA,Wise,2021,10,1.5,3.5,3.7,0,5,5,0.0
VA,Wise,2022,12,1.08,3.17,3.08,0,2,10,0.0
VA,Wythe,2017,14,1.79,2.39,5.25,3,2,9,21.43
VA,Wythe,2018,70,1.86,5.04,5.39,7,14,49,10.0
VA,Wythe,2019,48,1.62,4.94,5.34,13,7,28,27.08
VA,Wythe,2020,17,1.12,4.88,4.94,1,5,11,5.88
VA,Wythe,2021,50,1.32,4.08,4.2,0,15,35,0.0
VA,Wythe,2022,31,1.23,5.06,5.16,1,8,22,3.23
VA,York,2017,39,1.62,3.61,3.83,12,17,10,30.77
VA,York,2018,160,1.47,3.83,3.96,30,63,67,18.75
VA,York,2019,120,1.32,3.16,3.3,15,41,64,12.5
VA,York,2020,37,1.22,3.3,3.51,2,18,17,5.41
VA,York,2021,85,1.41,3.08,3.13,1,16,68,1.18
VA,York,2022,11,1.09,2.45,2.45,0,4,7,0.0
VT,Addison,2017,34,1.03,5.02,5.2,6,10,18,17.65
VT,Addison,2018,79,1.29,5.21,5.35,9,29,41,11.39
VT,Addison,2019,84,0.86,4.59,4.75,19,23,42,22.62
VT,Addison,2020,111,0.51,3.59,3.86,13,28,70,11.71
VT,Addison,2021,16,1.19,3.94,4.12,3,3,10,18.75
VT,Addison,2022,12,0.92,5.25,5.25,0,1,11,0.0
VT,Bennington,2016,2,1.5,3.31,3.31,0,0,2,0.0
VT,Bennington,2017,30,1.43,5.22,5.46,6,6,18,20.0
VT,Bennington,2018,122,1.43,4.67,4.86,5,30,87,4.1
VT,Bennington,2019,60,0.98,6.41,6.53,8,15,37,13.33
VT,Bennington,2020,76,1.14,4.43,4.67,5,18,53,6.58
VT,Bennington,2021,32,1.0,3.84,4.06,0,7,25,0.0
VT,Bennington,2022,31,0.87,3.77,3.9,0,3,28,0.0
VT,Caledonia,2017,139,1.68,3.46,4.05,12,38,89,8.63
VT,Caledonia,2018,300,1.62,3.0,3.55,16,47,237,5.33
VT,Caledonia,2019,323,1.42,2.85,3.33,12,45,266,3.72
VT,Caledonia,2020,208,1.2,2.74,3.43,5,40,163,2.4
VT,Caledonia,2021,23,1.22,4.13,4.3,0,7,16,0.0
VT,Caledonia,2022,17,1.35,4.59,4.65,0,4,13,0.0
VT,Chittenden,2017,173,1.55,3.65,4.15,29,68,76,16.76
VT,Chittenden,2018,301,1.56,3.39,3.79,40,88,173,13.29
VT,Chittenden,2019,314,1.35,3.57,3.93,41,77,196,13.06
VT,Chittenden,2020,179,1.37,3.99,4.41,22,40,117,12.29
VT,Chittenden,2021,40,1.3,3.15,3.88,6,12,22,15.0
VT,Chittenden,2022,28,1.43,4.61,4.86,0,5,23,0.0
VT,Essex,2017,8,0.88,2.72,3.07,0,2,6,0.0
VT,Essex,2018,38,1.34,3.92,4.28,3,9,26,7.89
VT,Essex,2019,30,0.47,4.0,4.22,4,13,13,13.33
VT,Essex,2020,50,0.34,3.9,4.1,5,27,18,10.0
VT,Essex,2021,4,0.5,3.25,3.75,0,1,3,0.0
VT,Essex,2022,1,0.0,3.0,3.0,0,0,1,0.0
VT,Franklin,2017,40,1.3,3.94,4.18,8,9,23,20.0
VT,Franklin,2018,120,1.36,4.42,4.69,21,30,69,17.5
VT,Franklin,2019,110,1.36,3.49,4.01,12,15,83,10.91
VT,Franklin,2020,151,1.08,3.68,4.25,11,44,96,7.28
VT,Franklin,2021,22,1.18,3.91,4.18,2,3,17,9.09
VT,Franklin,2022,20,1.05,3.45,3.9,7,3,10,35.0
VT,Grand Isle,2017,8,1.62,4.95,5.33,1,0,7,12.5
VT,Grand Isle,2018,35,1.31,3.39,3.68,0,11,24,0.0
VT,Grand Isle,2019,23,0.57,3.74,4.69,1,5,17,4.35
VT,Grand Isle,2020,10,0.4,3.9,4.4,0,0,10,0.0
VT,Grand Isle,2021,3,0.33,5.33,5.33,0,0,3,0.0
VT,Lamoille,2017,19,1.26,4.65,5.03,7,8,4,36.84
VT,Lamoille,2018,37,1.35,6.7,6.87,9,19,9,24.32
VT,Lamoille,2019,28,0.75,4.92,5.22,5,12,11,17.86
VT,Lamoille,2020,58,0.36,4.07,4.24,6,18,34,10.34
VT,Lamoille,2021,13,0.46,4.69,5.08,1,7,5,7.69
VT,Lamoille,2022,19,0.63,12.16,12.53,7,6,6,36.84
VT,Orange,2017,80,1.75,3.74,4.48,8,25,47,10.0
VT,Orange,2018,206,1.73,3.9,4.58,18,60,128,8.74
VT,Orange,2019,245,1.46,3.34,3.71,20,74,151,8.16
VT,Orange,2020,227,1.07,3.24,3.54,5,104,118,2.2
VT,Orange,2021,19,1.53,3.68,3.79,0,3,16,0.0
VT,Orange,2022,27,1.56,4.11,4.33,0,2,25,0.0
VT,Orleans,2017,65,1.52,3.2,4.28,3,7,55,4.62
VT,Orleans,2018,194,1.49,3.2,3.93,7,36,151,3.61
VT,Orleans,2019,145,1.27,2.88,3.52,16,27,102,11.03
VT,Orleans,2020,226,0.85,3.42,3.73,7,76,143,3.1
VT,Orleans,2021,10,1.1,4.6,5.0,0,4,6,0.0
VT,Orleans,2022,39,1.33,4.67,4.74,21,7,11,53.85
VT,Rutland,2017,29,0.72,2.88,3.19,4,14,11,13.79
VT,Rutland,2018,105,1.17,4.34,4.57,5,36,64,4.76
VT,Rutland,2019,112,0.99,3.31,3.53,12,29,71,10.71
VT,Rutland,2020,172,0.91,2.88,3.74,8,85,79,4.65
VT,Rutland,2021,68,1.19,2.34,3.59,0,47,21,0.0
VT,Rutland,2022,40,0.88,4.25,4.32,1,2,37,2.5
VT,Washington,2017,48,1.33,3.39,3.48,7,17,24,14.58
VT,Washington,2018,177,1.66,3.84,3.92,22,48,107,12.43
VT,Washington,2019,139,1.18,3.73,3.83,11,41,87,7.91
VT,Washington,2020,136,1.02,3.46,3.58,7,41,88,5.15
VT,Washington,2021,21,1.38,2.71,3.38,1,2,18,4.76
VT,Washington,2022,24,1.29,3.92,4.0,0,5,19,0.0
VT,Windham,2016,9,1.44,1.75,2.25,0,3,6,0.0
VT,Windham,2017,104,1.47,3.56,3.73,13,20,71,12.5
VT,Windham,2018,213,1.5,3.72,3.87,14,42,157,6.57
VT,Windham,2019,270,1.37,3.64,3.74,32,61,177,11.85
VT,Windham,2020,132,1.08,3.78,3.99,8,30,94,6.06
VT,Windham,2021,31,0.94,3.61,3.71,0,8,23,0.0
VT,Windham,2022,57,0.93,3.51,3.67,1,3,53,1.75
VT,Windsor,2017,132,1.64,3.9,4.01,22,21,89,16.67
VT,Windsor,2018,354,1.56,4.08,4.22,23,87,244,6.5
VT,Windsor,2019,329,1.39,3.48,3.63,37,96,196,11.25
VT,Windsor,2020,228,1.06,3.53,3.72,6,83,139,2.63
VT,Windsor,2021,53,1.21,3.64,3.68,1,11,41,1.89
VT,Windsor,2022,57,1.26,4.11,4.16,2,6,49,3.51
WA,Adams,2016,16,1.44,3.19,3.2,2,4,10,12.5
WA,Adams,2017,59,1.59,3.58,3.6,13,4,42,22.03
WA,Adams,2018,38,1.74,2.25,2.26,9,3,26,23.68
WA,Adams,2019,84,1.43,2.95,2.97,27,6,51,32.14
WA,Adams,2020,38,1.21,3.32,3.37,1,7,30,2.63
WA,Adams,2021,29,1.52,6.79,6.93,1,4,24,3.45
WA,Adams,2022,2,1.0,6.5,6.5,0,0,2,0.0
WA,Asotin,2017,5,1.4,0.7,0.81,5,0,0,100.0
WA,Asotin,2019,2,1.0,4.5,4.5,0,0,2,0.0
WA,Asotin,2020,3,1.0,4.0,4.33,2,1,0,66.67
WA,Asotin,2021,1,0.0,2.0,1.0,0,0,1,0.0
WA,Benton,2016,8,1.12,4.26,4.36,0,4,4,0.0
WA,Benton,2017,55,1.58,5.43,5.75,19,12,24,34.55
WA,Benton,2018,26,1.73,6.63,7.03,14,7,5,53.85
WA,Benton,2019,99,1.29,4.64,4.9,39,25,35,39.39
WA,Benton,2020,33,1.12,5.85,6.12,8,15,10,24.24
WA,Benton,2021,49,1.02,2.9,3.53,6,10,33,12.24
WA,Benton,2022,10,1.4,5.4,5.6,1,5,4,10.0
WA,Chelan,2016,24,1.42,3.29,3.89,4,2,18,16.67
WA,Chelan,2017,107,1.52,4.48,5.15,7,17,83,6.54
WA,Chelan,2018,81,1.53,4.99,5.55,6,15,60,7.41
WA,Chelan,2019,67,1.34,4.78,5.05,12,9,46,17.91
WA,Chelan,2020,62,1.35,3.81,4.15,3,5,54,4.84
WA,Chelan,2021,185,1.49,3.87,4.96,2,15,168,1.08
WA,Chelan,2022,53,1.36,3.23,4.36,0,2,51,0.0
WA,Clallam,2016,4,1.25,0.0,0.0,2,0,2,50.0
WA,Clallam,2017,26,1.5,3.67,3.8,4,7,15,15.38
WA,Clallam,2018,41,1.63,5.45,5.64,14,12,15,34.15
WA,Clallam,2019,9,1.33,4.23,4.24,1,3,5,11.11
WA,Clallam,2020,11,0.45,3.55,3.55,1,1,9,9.09
WA,Clallam,2021,19,0.79,4.68,4.84,1,5,13,5.26
WA,Clallam,2022,1,0.0,1.0,1.0,0,1,0,0.0
WA,Clark,2016,3,1.33,1.47,4.82,0,2,1,0.0
WA,Clark,2017,89,1.58,4.58,5.43,29,21,39,32.58
WA,Clark,2018,149,1.4,3.74,4.68,36,49,64,24.16
WA,Clark,2019,189,1.08,3.36,3.82,62,56,71,32.8
WA,Clark,2020,70,0.69,3.47,3.89,21,31,18,30.0
WA,Clark,2021,122,0.8,3.46,4.04,18,35,69,14.75
WA,Clark,2022,46,1.17,4.98,5.13,5,21,20,10.87
WA,Columbia,2016,3,1.67,0.95,0.97,0,0,3,0.0
WA,Columbia,2017,14,1.5,2.86,2.96,0,1,13,0.0
WA,Columbia,2018,6,1.83,2.56,2.6,1,2,3,16.67
WA,Columbia,2019,7,1.71,4.97,5.04,0,1,6,0.0
WA,Columbia,2020,3,1.67,5.0,4.67,0,0,3,0.0
WA,Columbia,2021,5,1.4,3.2,3.4,0,0,5,0.0
WA,Columbia,2022,4,1.25,3.25,3.5,0,0,4,0.0
WA,Cowlitz,2016,9,1.89,3.9,3.89,0,2,7,0.0
WA,Cowlitz,2017,38,1.74,5.43,5.69,9,8,21,23.68
WA,Cowlitz,2018,47,1.47,2.18,2.87,12,7,28,25.53
WA,Cowlitz,2019,82,1.45,2.27,2.26,30,24,28,36.59
WA,Cowlitz,2020,22,0.59,1.5,3.36,1,17,4,4.55
WA,Cowlitz,2021,41,0.61,2.85,3.39,1,12,28,2.44
WA,Cowlitz,2022,4,1.0,7.75,7.75,1,1,2,25.0
WA,Douglas,2016,11,1.73,1.98,2.05,2,1,8,18.18
WA,Douglas,2017,24,1.42,4.0,4.06,2,5,17,8.33
WA,Douglas,2018,25,1.68,6.24,6.34,7,9,9,28.0
WA,Douglas,2019,18,1.0,5.6,5.61,3,5,10,16.67
WA,Douglas,2020,13,1.62,6.31,6.85,2,4,7,15.38
WA,Douglas,2021,9,1.11,3.56,4.0,0,0,9,0.0
WA,Douglas,2022,4,1.25,2.75,3.25,0,1,3,0.0
WA,Ferry,2017,2,2.0,5.15,5.13,0,0,2,0.0
WA,Ferry,2018,3,2.0,21.24,21.16,2,1,0,66.67
WA,Ferry,2019,4,1.0,6.5,6.75,0,1,3,0.0
WA,Ferry,2020,1,1.0,6.0,8.0,0,0,1,0.0
WA,Ferry,2021,8,0.88,5.5,5.5,0,1,7,0.0
WA,Franklin,2016,13,1.54,3.59,3.65,1,4,8,7.69
WA,Franklin,2017,23,1.57,4.69,4.71,4,4,15,17.39
WA,Franklin,2018,13,1.62,6.69,6.71,2,4,7,15.38
WA,Franklin,2019,50,0.88,4.63,4.68,8,11,31,16.0
WA,Franklin,2020,17,1.41,7.0,7.53,3,10,4,17.65
WA,Franklin,2021,18,0.94,4.89,5.17,1,6,11,5.56
WA,Franklin,2022,5,0.8,4.4,4.6,0,2,3,0.0
WA,Garfield,2016,14,1.36,4.65,4.68,0,4,10,0.0
WA,Garfield,2017,25,1.56,3.64,3.72,2,4,19,8.0
WA,Garfield,2018,16,1.81,5.57,5.67,0,6,10,0.0
WA,Garfield,2019,13,1.77,10.38,10.77,1,4,8,7.69
WA,Garfield,2020,4,1.5,3.75,4.25,0,0,4,0.0
WA,Garfield,2021,10,1.5,3.0,3.4,0,0,10,0.0
WA,Garfield,2022,3,1.0,3.33,3.67,0,0,3,0.0
WA,Grant,2016,12,1.58,2.42,2.46,4,1,7,33.33
WA,Grant,2017,66,1.64,3.56,3.58,10,12,44,15.15
WA,Grant,2018,83,1.65,3.67,3.71,21,11,51,25.3
WA,Grant,2019,140,1.5,3.44,3.46,16,25,99,11.43
WA,Grant,2020,44,1.07,4.45,4.52,4,12,28,9.09
WA,Grant,2021,55,1.04,4.89,5.0,2,24,29,3.64
WA,Grant,2022,14,1.07,3.21,3.29,0,1,13,0.0
WA,Grays Harbor,2016,11,1.82,2.77,2.8,0,1,10,0.0
WA,Grays Harbor,2017,19,1.42,4.87,5.08,9,1,9,47.37
WA,Grays Harbor,2018,25,1.6,4.11,4.3,10,8,7,40.0
WA,Grays Harbor,2019,22,1.14,7.8,7.96,4,6,12,18.18
WA,Grays Harbor,2020,11,0.91,5.0,5.0,2,4,5,18.18
WA,Grays Harbor,2021,44,0.75,4.48,4.61,1,4,39,2.27
WA,Grays Harbor,2022,3,1.33,8.33,8.67,0,2,1,0.0
WA,Island,2016,1,1.0,0.0,0.0,1,0,0,100.0
WA,Island,2017,8,1.88,6.5,7.02,4,4,0,50.0
WA,Island,2018,13,1.77,7.89,8.18,7,4,2,53.85
WA,Island,2019,13,0.69,7.62,8.08,4,5,4,30.77
WA,Island,2020,15,1.07,10.13,10.67,4,10,1,26.67
WA,Island,2021,15,0.6,4.07,4.53,0,4,11,0.0
WA,Island,2022,4,0.5,5.25,6.0,1,0,3,25.0
WA,Jefferson,2016,4,1.5,0.0,0.0,1,1,2,25.0
WA,Jefferson,2017,14,1.36,4.86,4.99,3,5,6,21.43
WA,Jefferson,2018,18,1.33,8.15,8.16,1,8,9,5.56
WA,Jefferson,2019,24,1.67,7.16,7.3,2,8,14,8.33
WA,Jefferson,2020,21,0.76,5.65,5.7,3,5,13,14.29
WA,Jefferson,2021,10,1.1,4.48,4.59,0,1,9,0.0
WA,Jefferson,2022,4,1.25,7.25,7.5,0,2,2,0.0
WA,King,2016,1914,1.36,1.49,2.35,419,789,706,21.89
WA,King,2017,4379,1.35,2.57,4.69,927,1681,1771,21.17
WA,King,2018,5221,1.25,2.04,4.15,994,1978,2249,19.04
WA,King,2019,4597,1.05,2.33,4.35,979,1795,1823,21.3
WA,King,2020,1886,1.11,2.26,4.18,347,766,773,18.4
WA,King,2021,2842,1.21,2.91,4.27,211,1061,1570,7.42
WA,King,2022,1543,1.31,3.25,5.25,158,553,832,10.24
WA,Kitsap,2016,48,1.27,1.26,1.85,19,15,14,39.58
WA,Kitsap,2017,175,1.06,3.36,5.0,44,70,61,25.14
WA,Kitsap,2018,190,0.86,2.75,4.46,33,72,85,17.37
WA,Kitsap,2019,180,0.82,4.04,5.33,27,62,91,15.0
WA,Kitsap,2020,75,0.55,3.6,4.63,20,33,22,26.67
WA,Kitsap,2021,104,0.75,4.71,5.3,7,57,40,6.73
WA,Kitsap,2022,27,1.19,4.85,5.89,5,14,8,18.52
WA,Kittitas,2016,172,1.8,3.29,3.35,8,26,138,4.65
WA,Kittitas,2017,444,1.75,4.46,4.56,22,62,360,4.95
WA,Kittitas,2018,403,1.74,4.53,4.6,34,62,307,8.44
WA,Kittitas,2019,445,1.68,4.07,4.25,42,69,334,9.44
WA,Kittitas,2020,400,1.65,4.96,5.28,7,38,355,1.75
WA,Kittitas,2021,393,1.57,4.0,4.52,10,30,353,2.54
WA,Kittitas,2022,137,1.69,4.27,4.64,1,12,124,0.73
WA,Klickitat,2016,11,1.45,2.89,3.11,0,5,6,0.0
WA,Klickitat,2017,65,1.45,5.36,5.38,8,25,32,12.31
WA,Klickitat,2018,41,1.61,6.72,6.82,12,16,13,29.27
WA,Klickitat,2019,82,1.21,4.21,4.31,14,27,41,17.07
WA,Klickitat,2020,21,1.33,5.1,5.57,3,10,8,14.29
WA,Klickitat,2021,53,1.19,3.87,4.17,17,19,17,32.08
WA,Klickitat,2022,13,1.15,3.77,4.23,2,1,10,15.38
WA,Lewis,2016,39,1.56,8.32,8.55,4,10,25,10.26
WA,Lewis,2017,99,1.62,4.54,4.71,4,27,68,4.04
WA,Lewis,2018,74,1.66,3.78,3.85,18,17,39,24.32
WA,Lewis,2019,117,1.5,3.43,3.46,41,29,47,35.04
WA,Lewis,2020,13,1.46,5.69,5.77,1,6,6,7.69
WA,Lewis,2021,83,1.33,3.8,3.82,1,6,76,1.2
WA,Lewis,2022,23,1.3,2.83,3.13,1,2,20,4.35
WA,Lincoln,2016,6,1.33,2.13,2.13,0,1,5,0.0
WA,Lincoln,2017,14,1.64,2.62,2.64,2,4,8,14.29
WA,Lincoln,2018,22,1.59,3.62,3.63,10,3,9,45.45
WA,Lincoln,2019,30,1.6,2.87,2.94,14,4,12,46.67
WA,Lincoln,2020,19,1.37,4.21,4.26,1,3,15,5.26
WA,Lincoln,2021,9,0.89,5.22,5.33,0,1,8,0.0
WA,Lincoln,2022,4,1.5,4.75,4.75,0,0,4,0.0
WA,Mason,2016,21,1.24,1.19,1.41,1,6,14,4.76
WA,Mason,2017,65,1.42,3.01,4.51,6,27,32,9.23
WA,Mason,2018,46,1.33,2.07,3.37,8,12,26,17.39
WA,Mason,2019,29,0.59,3.09,4.12,2,10,17,6.9
WA,Mason,2020,18,0.67,3.72,5.06,0,8,10,0.0
WA,Mason,2021,45,0.6,3.62,4.16,0,12,33,0.0
WA,Mason,2022,9,1.33,8.22,9.56,0,5,4,0.0
WA,Okanogan,2016,4,1.5,2.05,2.04,0,1,3,0.0
WA,Okanogan,2017,11,1.55,5.12,5.24,1,4,6,9.09
WA,Okanogan,2018,13,1.54,4.46,4.47,1,3,9,7.69
WA,Okanogan,2019,10,1.1,4.74,4.97,1,2,7,10.0
WA,Okanogan,2020,16,0.81,4.94,4.94,0,2,14,0.0
WA,Okanogan,2021,23,0.91,4.13,4.61,0,0,23,0.0
WA,Okanogan,2022,2,1.5,5.5,5.5,0,1,1,0.0
WA,Pacific,2017,1,2.0,19.77,19.73,0,1,0,0.0
WA,Pacific,2018,12,1.67,4.41,4.45,4,1,7,33.33
WA,Pacific,2019,14,0.57,5.0,5.14,1,5,8,7.14
WA,Pacific,2020,13,0.85,7.38,7.38,1,7,5,7.69
WA,Pacific,2021,14,0.64,3.86,3.93,0,3,11,0.0
WA,Pacific,2022,1,1.0,2.0,2.0,0,0,1,0.0
WA,Pend Oreille,2017,3,1.0,6.39,6.28,0,1,2,0.0
WA,Pend Oreille,2018,7,2.0,5.93,5.96,2,4,1,28.57
WA,Pend Oreille,2019,6,1.0,4.83,4.83,0,0,6,0.0
WA,Pend Oreille,2020,13,1.15,4.46,4.46,0,2,11,0.0
WA,Pend Oreille,2021,10,1.2,5.8,6.0,0,1,9,0.0
WA,Pend Oreille,2022,2,1.0,3.5,4.0,0,1,1,0.0
WA,Pierce,2016,383,1.28,1.6,2.35,99,160,124,25.85
WA,Pierce,2017,929,1.24,3.61,5.34,211,419,299,22.71
WA,Pierce,2018,1479,1.08,2.53,4.3,284,700,495,19.2
WA,Pierce,2019,1400,1.01,3.06,5.26,335,579,486,23.93
WA,Pierce,2020,644,0.76,2.46,4.75,113,336,195,17.55
WA,Pierce,2021,1205,0.97,3.93,5.63,160,562,483,13.28
WA,Pierce,2022,485,1.05,3.23,5.5,45,215,225,9.28
WA,Skagit,2017,35,1.51,3.47,3.96,8,10,17,22.86
WA,Skagit,2018,77,1.51,3.75,4.05,15,18,44,19.48
WA,Skagit,2019,80,1.4,4.05,4.15,13,22,45,16.25
WA,Skagit,2020,30,0.97,4.7,4.93,5,7,18,16.67
WA,Skagit,2021,37,0.95,4.11,4.32,2,9,26,5.41
WA,Skagit,2022,26,1.31,2.62,2.65,0,5,21,0.0
WA,Skamania,2017,3,1.67,0.01,0.01,0,1,2,0.0
WA,Skamania,2018,4,2.0,4.55,4.7,0,2,2,0.0
WA,Skamania,2019,8,0.38,3.69,3.69,0,2,6,0.0
WA,Skamania,2020,5,1.6,15.0,15.0,1,2,2,20.0
WA,Skamania,2021,1,0.0,3.0,3.0,0,0,1,0.0
WA,Skamania,2022,2,1.5,10.0,10.0,0,0,2,0.0
WA,Snohomish,2016,489,1.3,1.12,1.78,84,168,237,17.18
WA,Snohomish,2017,1263,1.27,2.46,4.22,214,472,577,16.94
WA,Snohomish,2018,1718,1.16,1.91,3.65,308,677,733,17.93
WA,Snohomish,2019,1283,0.97,2.46,4.08,225,396,662,17.54
WA,Snohomish,2020,479,1.01,3.01,4.39,61,168,250,12.73
WA,Snohomish,2021,917,1.18,2.71,3.86,39,231,647,4.25
WA,Snohomish,2022,458,1.25,2.97,4.49,20,127,311,4.37
WA,Spokane,2016,65,1.4,1.41,1.7,23,20,22,35.38
WA,Spokane,2017,168,1.55,4.08,4.53,60,51,57,35.71
WA,Spokane,2018,179,1.57,3.97,4.38,49,53,77,27.37
WA,Spokane,2019,239,1.28,4.18,4.49,90,55,94,37.66
WA,Spokane,2020,385,1.3,1.74,3.25,22,308,55,5.71
WA,Spokane,2021,438,1.31,1.74,3.06,27,346,65,6.16
WA,Spokane,2022,37,1.54,3.95,4.11,4,14,19,10.81
WA,Stevens,2016,2,1.5,2.26,2.26,0,0,2,0.0
WA,Stevens,2017,7,1.57,3.8,3.88,1,0,6,14.29
WA,Stevens,2018,19,1.74,2.57,2.6,2,8,9,10.53
WA,Stevens,2019,10,1.3,6.02,6.23,2,2,6,20.0
WA,Stevens,2020,15,0.87,2.73,3.0,0,1,14,0.0
WA,Stevens,2021,16,0.75,3.94,4.12,0,2,14,0.0
WA,Stevens,2022,4,1.5,3.75,4.0,0,0,4,0.0
WA,Thurston,2016,51,1.29,1.37,1.63,5,12,34,9.8
WA,Thurston,2017,116,1.33,4.01,4.37,30,33,53,25.86
WA,Thurston,2018,144,1.35,4.0,4.63,32,42,70,22.22
WA,Thurston,2019,171,1.32,4.22,4.52,40,38,93,23.39
WA,Thurston,2020,58,0.79,3.33,4.07,13,20,25,22.41
WA,Thurston,2021,259,0.97,3.4,3.72,9,73,177,3.47
WA,Thurston,2022,80,1.34,2.88,3.37,3,14,63,3.75
WA,Wahkiakum,2016,1,1.0,1.38,1.48,0,0,1,0.0
WA,Wahkiakum,2021,7,0.43,4.43,4.43,0,0,7,0.0
WA,Walla Walla,2016,10,1.4,3.96,4.05,0,1,9,0.0
WA,Walla Walla,2017,36,1.39,5.08,5.08,2,5,29,5.56
WA,Walla Walla,2018,22,1.77,4.71,4.73,0,5,17,0.0
WA,Walla Walla,2019,16,1.06,4.46,4.5,1,4,11,6.25
WA,Walla Walla,2020,20,1.15,5.25,5.4,5,3,12,25.0
WA,Walla Walla,2021,32,1.06,4.88,5.09,0,3,29,0.0
WA,Walla Walla,2022,9,1.11,3.89,4.0,0,0,9,0.0
WA,Whatcom,2017,165,1.84,3.64,3.86,125,21,19,75.76
WA,Whatcom,2018,342,1.82,4.05,4.18,274,34,34,80.12
WA,Whatcom,2019,270,1.32,2.61,2.79,171,28,71,63.33
WA,Whatcom,2020,45,1.49,4.62,5.13,26,8,11,57.78
WA,Whatcom,2021,51,1.18,3.73,4.02,5,7,39,9.8
WA,Whatcom,2022,108,1.68,3.06,3.12,92,9,7,85.19
WA,Whitman,2016,9,1.56,2.94,3.07,1,2,6,11.11
WA,Whitman,2017,24,1.46,6.2,6.34,4,4,16,16.67
WA,Whitman,2018,26,1.65,6.63,6.67,4,8,14,15.38
WA,Whitman,2019,28,1.46,5.3,5.38,0,4,24,0.0
WA,Whitman,2020,15,1.13,4.0,4.2,0,3,12,0.0
WA,Whitman,2021,33,1.3,4.73,5.0,1,2,30,3.03
WA,Whitman,2022,17,1.06,5.12,5.18,0,2,15,0.0
WA,Yakima,2016,28,1.5,3.35,3.58,2,4,22,7.14
WA,Yakima,2017,123,1.4,4.02,4.09,15,21,87,12.2
WA,Yakima,2018,30,1.8,5.38,5.38,11,6,13,36.67
WA,Yakima,2019,99,1.45,4.65,4.7,21,15,63,21.21
WA,Yakima,2020,16,1.31,4.94,5.19,4,2,10,25.0
WA,Yakima,2021,48,1.48,4.77,5.08,3,11,34,6.25
WA,Yakima,2022,5,1.4,3.4,3.4,0,1,4,0.0
WI,Adams,2017,1,0.0,1.52,1.57,0,1,0,0.0
WI,Adams,2018,8,1.88,5.38,5.42,1,3,4,12.5
WI,Adams,2019,3,1.0,1.49,5.83,0,1,2,0.0
WI,Adams,2020,6,0.83,3.67,4.83,1,1,4,16.67
WI,Adams,2021,23,0.61,2.87,4.52,0,3,20,0.0
WI,Adams,2022,1,1.0,5.0,5.0,0,0,1,0.0
WI,Ashland,2017,4,1.75,7.63,7.67,1,1,2,25.0
WI,Ashland,2018,8,1.62,1.68,1.69,3,2,3,37.5
WI,Ashland,2019,5,1.2,7.18,7.2,1,3,1,20.0
WI,Ashland,2020,5,0.8,6.4,6.6,0,3,2,0.0
WI,Ashland,2021,2,0.5,5.5,6.0,0,0,2,0.0
WI,Barron,2017,15,1.53,6.36,6.39,4,4,7,26.67
WI,Barron,2018,24,1.5,4.01,4.0,2,3,19,8.33
WI,Barron,2019,7,1.14,4.42,4.44,2,0,5,28.57
WI,Barron,2020,5,0.8,4.4,4.6,3,1,1,60.0
WI,Barron,2021,8,1.0,4.25,4.38,0,1,7,0.0
WI,Barron,2022,4,1.0,3.25,3.5,0,0,4,0.0
WI,Bayfield,2018,6,1.17,4.43,4.42,1,1,4,16.67
WI,Bayfield,2019,2,1.5,3.06,3.09,0,0,2,0.0
WI,Bayfield,2020,2,1.5,7.5,7.5,1,1,0,50.0
WI,Bayfield,2021,1,2.0,4.0,4.0,0,1,0,0.0
WI,Bayfield,2022,1,1.0,2.0,2.0,0,0,1,0.0
WI,Brown,2017,52,1.69,4.55,4.7,18,19,15,34.62
WI,Brown,2018,128,1.86,4.88,4.9,43,33,52,33.59
WI,Brown,2019,85,1.07,4.03,4.14,20,29,36,23.53
WI,Brown,2020,40,0.7,4.82,4.95,7,27,6,17.5
WI,Brown,2021,45,1.0,3.8,3.98,2,16,27,4.44
WI,Brown,2022,21,1.29,5.38,5.43,3,4,14,14.29
WI,Buffalo,2017,1,2.0,6.17,6.15,0,1,0,0.0
WI,Buffalo,2018,6,1.17,7.32,7.37,1,1,4,16.67
WI,Buffalo,2019,8,0.5,4.12,4.15,0,2,6,0.0
WI,Buffalo,2020,3,0.67,3.67,3.67,0,0,3,0.0
WI,Buffalo,2021,5,0.8,5.8,6.0,0,2,3,0.0
WI,Buffalo,2022,2,0.5,4.5,4.5,0,0,2,0.0
WI,Burnett,2019,1,2.0,12.0,12.0,0,1,0,0.0
WI,Burnett,2020,2,0.5,4.5,4.5,0,1,1,0.0
WI,Burnett,2021,4,0.5,5.5,5.5,0,0,4,0.0
WI,Burnett,2022,1,0.0,3.0,4.0,0,0,1,0.0
WI,Calumet,2017,11,1.45,4.36,4.4,2,4,5,18.18
WI,Calumet,2018,20,1.75,4.37,4.39,7,9,4,35.0
WI,Calumet,2019,7,0.43,5.71,5.71,1,2,4,14.29
WI,Calumet,2020,2,1.0,5.0,5.0,0,1,1,0.0
WI,Calumet,2021,3,0.33,3.0,3.33,0,0,3,0.0
WI,Calumet,2022,1,1.0,5.0,5.0,0,0,1,0.0
WI,Chippewa,2017,9,1.89,9.12,9.15,0,4,5,0.0
WI,Chippewa,2018,27,1.3,4.32,4.33,4,5,18,14.81
WI,Chippewa,2019,26,1.15,3.92,3.96,1,6,19,3.85
WI,Chippewa,2020,11,1.18,8.82,8.82,1,5,5,9.09
WI,Chippewa,2021,23,0.87,3.3,3.35,0,1,22,0.0
WI,Chippewa,2022,4,1.0,3.5,3.5,0,0,4,0.0
WI,Clark,2017,7,1.71,8.79,8.78,2,2,3,28.57
WI,Clark,2018,19,1.37,4.69,4.7,3,5,11,15.79
WI,Clark,2019,17,0.88,3.44,3.48,0,1,16,0.0
WI,Clark,2020,11,0.82,8.18,8.18,5,3,3,45.45
WI,Clark,2021,14,0.79,4.21,4.5,0,0,14,0.0
WI,Clark,2022,1,1.0,2.0,2.0,0,0,1,0.0
WI,Columbia,2017,11,1.91,7.73,7.99,2,2,7,18.18
WI,Columbia,2018,31,1.61,6.46,6.61,6,7,18,19.35
WI,Columbia,2019,45,1.29,4.45,4.56,16,12,17,35.56
WI,Columbia,2020,15,0.87,4.93,5.27,3,5,7,20.0
WI,Columbia,2021,36,1.11,3.17,3.19,1,12,23,2.78
WI,Columbia,2022,12,1.5,4.75,4.83,2,4,6,16.67
WI,Crawford,2017,3,1.67,5.57,5.61,0,0,3,0.0
WI,Crawford,2018,19,1.63,4.89,4.91,10,3,6,52.63
WI,Crawford,2019,8,0.75,4.66,4.67,3,1,4,37.5
WI,Crawford,2020,20,0.75,6.6,6.6,8,4,8,40.0
WI,Crawford,2021,3,0.67,5.0,5.33,2,1,0,66.67
WI,Dane,2017,168,1.43,4.11,4.95,49,74,45,29.17
WI,Dane,2018,423,1.39,3.84,4.41,138,154,131,32.62
WI,Dane,2019,375,0.91,3.85,4.39,104,146,125,27.73
WI,Dane,2020,127,0.62,4.1,4.56,25,78,24,19.69
WI,Dane,2021,149,0.38,3.68,3.86,20,88,41,13.42
WI,Dane,2022,63,0.44,3.68,4.13,10,23,30,15.87
WI,Dodge,2017,5,1.4,5.26,5.26,2,1,2,40.0
WI,Dodge,2018,25,1.48,4.98,5.02,8,5,12,32.0
WI,Dodge,2019,19,0.74,4.18,4.24,3,6,10,15.79
WI,Dodge,2020,22,1.0,7.18,7.23,2,5,15,9.09
WI,Dodge,2021,8,0.88,4.62,4.62,0,2,6,0.0
WI,Dodge,2022,7,0.29,3.29,3.43,0,1,6,0.0
WI,Door,2017,1,2.0,6.97,6.97,0,1,0,0.0
WI,Door,2018,9,1.67,16.2,16.27,6,0,3,66.67
WI,Door,2019,14,0.57,4.54,4.68,4,0,10,28.57
WI,Door,2020,7,0.43,4.14,4.57,6,1,0,85.71
WI,Door,2021,6,0.5,4.0,4.0,2,0,4,33.33
WI,Douglas,2017,6,1.33,2.9,2.89,3,1,2,50.0
WI,Douglas,2018,13,1.46,2.21,2.23,2,5,6,15.38
WI,Douglas,2019,12,1.33,4.58,4.58,0,3,9,0.0
WI,Douglas,2020,17,1.47,5.71,5.76,2,10,5,11.76
WI,Douglas,2021,17,1.35,4.65,4.88,1,6,10,5.88
WI,Douglas,2022,5,1.4,5.8,6.2,0,1,4,0.0
WI,Dunn,2017,7,1.14,2.92,2.93,2,1,4,28.57
WI,Dunn,2018,50,1.64,3.62,3.73,9,9,32,18.0
WI,Dunn,2019,95,1.58,4.11,4.26,24,27,44,25.26
WI,Dunn,2020,20,1.55,5.35,5.4,2,11,7,10.0
WI,Dunn,2021,22,0.86,3.18,3.18,1,6,15,4.55
WI,Dunn,2022,7,1.29,9.86,9.71,2,0,5,28.57
WI,Eau Claire,2017,11,1.91,4.15,4.18,1,4,6,9.09
WI,Eau Claire,2018,43,1.63,5.29,5.31,15,4,24,34.88
WI,Eau Claire,2019,108,1.63,2.57,2.57,29,8,71,26.85
WI,Eau Claire,2020,8,1.25,3.75,4.0,1,5,2,12.5
WI,Eau Claire,2021,24,1.42,4.46,4.5,2,2,20,8.33
WI,Eau Claire,2022,8,1.88,4.0,4.0,0,1,7,0.0
WI,Florence,2017,1,2.0,8.8,8.78,0,0,1,0.0
WI,Florence,2018,1,2.0,9.33,9.33,0,1,0,0.0
WI,Florence,2019,4,1.5,4.97,4.98,0,3,1,0.0
WI,Florence,2020,1,1.0,4.0,4.0,0,0,1,0.0
WI,Florence,2021,3,0.67,3.67,4.33,0,0,3,0.0
WI,Fond Du Lac,2017,4,1.0,0.63,0.64,1,0,3,25.0
WI,Fond Du Lac,2018,1,1.0,0.83,0.87,1,0,0,100.0
WI,Fond du Lac,2017,5,1.6,5.24,5.25,2,2,1,40.0
WI,Fond du Lac,2018,34,1.65,5.51,5.57,8,5,21,23.53
WI,Fond du Lac,2019,56,0.73,3.45,3.42,15,11,30,26.79
WI,Fond du Lac,2020,11,0.91,5.18,5.18,3,5,3,27.27
WI,Fond du Lac,2021,18,0.78,4.22,4.5,0,6,12,0.0
WI,Fond du Lac,2022,9,0.78,2.78,2.89,0,1,8,0.0
WI,Forest,2017,6,1.5,4.54,4.53,2,1,3,33.33
WI,Forest,2018,2,2.0,4.73,4.73,0,2,0,0.0
WI,Forest,2019,5,1.6,6.31,6.33,0,1,4,0.0
WI,Forest,2020,3,1.67,6.33,6.33,0,0,3,0.0
WI,Forest,2021,14,0.93,4.07,4.21,1,0,13,7.14
WI,Grant,2017,22,1.91,5.06,5.09,3,4,15,13.64
WI,Grant,2018,13,1.54,4.9,4.93,1,2,10,7.69
WI,Grant,2019,45,0.91,4.2,4.23,6,12,27,13.33
WI,Grant,2020,14,0.93,4.93,4.93,0,3,11,0.0
WI,Grant,2021,31,0.84,5.42,5.74,1,5,25,3.23
WI,Grant,2022,10,0.8,3.4,3.6,0,0,10,0.0
WI,Green,2016,4,2.0,3.9,3.94,1,1,2,25.0
WI,Green,2017,2,2.0,0.52,0.51,1,0,1,50.0
WI,Green,2018,1,1.0,3.0,3.07,0,0,1,0.0
WI,Green,2019,9,0.67,5.28,5.3,2,3,4,22.22
WI,Green,2020,9,0.89,5.67,5.56,1,4,4,11.11
WI,Green,2021,9,0.89,6.0,6.78,2,1,6,22.22
WI,Green,2022,3,0.0,2.0,2.0,1,0,2,33.33
WI,Green Lake,2017,2,2.0,17.51,17.51,0,2,0,0.0
WI,Green Lake,2018,3,1.0,3.05,3.13,1,0,2,33.33
WI,Green Lake,2019,6,0.67,4.67,4.83,1,1,4,16.67
WI,Green Lake,2020,5,0.4,3.6,4.0,0,3,2,0.0
WI,Green Lake,2021,5,0.6,4.4,4.4,0,1,4,0.0
WI,Green Lake,2022,2,0.0,1.5,1.5,0,0,2,0.0
WI,Iowa,2017,11,1.45,5.2,5.24,3,6,2,27.27
WI,Iowa,2018,29,1.41,3.35,3.72,6,7,16,20.69
WI,Iowa,2019,36,1.03,6.23,6.3,5,19,12,13.89
WI,Iowa,2020,16,0.81,5.44,5.56,1,9,6,6.25
WI,Iowa,2021,20,0.75,4.1,4.25,5,5,10,25.0
WI,Iowa,2022,38,0.95,3.61,3.84,6,3,29,15.79
WI,Iron,2017,2,1.5,0.36,0.38,1,1,0,50.0
WI,Iron,2018,5,1.6,6.04,6.16,1,1,3,20.0
WI,Iron,2019,6,1.0,2.67,2.5,1,0,5,16.67
WI,Iron,2020,10,1.1,4.4,4.2,3,3,4,30.0
WI,Iron,2021,6,1.33,3.0,3.5,0,0,6,0.0
WI,Iron,2022,4,1.25,2.25,3.75,1,1,2,25.0
WI,Jackson,2017,7,1.29,3.01,3.01,2,0,5,28.57
WI,Jackson,2018,48,1.58,3.55,3.57,6,3,39,12.5
WI,Jackson,2019,142,1.58,2.65,2.66,58,9,75,40.85
WI,Jackson,2020,15,0.67,3.8,3.8,3,6,6,20.0
WI,Jackson,2021,28,1.29,3.36,3.43,1,5,22,3.57
WI,Jackson,2022,11,1.82,4.82,4.82,2,1,8,18.18
WI,Jefferson,2017,12,1.92,8.93,8.94,2,8,2,16.67
WI,Jefferson,2018,28,1.36,3.66,3.68,6,9,13,21.43
WI,Jefferson,2019,87,1.21,2.72,2.75,26,20,41,29.89
WI,Jefferson,2020,22,1.05,3.41,3.5,2,6,14,9.09
WI,Jefferson,2021,27,0.93,3.85,3.93,0,7,20,0.0
WI,Jefferson,2022,10,0.6,2.6,2.8,0,2,8,0.0
WI,Juneau,2017,2,2.0,6.02,6.04,0,0,2,0.0
WI,Juneau,2018,54,1.69,6.8,6.8,3,14,37,5.56
WI,Juneau,2019,70,1.36,3.35,3.73,18,14,38,25.71
WI,Juneau,2020,10,1.0,3.9,3.9,2,4,4,20.0
WI,Juneau,2021,48,1.02,3.94,4.02,1,6,41,2.08
WI,Juneau,2022,12,1.5,9.42,11.17,3,5,4,25.0
WI,Kenosha,2016,8,1.88,11.97,12.15,0,0,8,0.0
WI,Kenosha,2017,19,1.63,7.1,7.11,9,8,2,47.37
WI,Kenosha,2018,48,1.62,4.65,4.65,13,13,22,27.08
WI,Kenosha,2019,27,0.85,5.03,5.19,5,16,6,18.52
WI,Kenosha,2020,14,0.57,4.29,4.5,4,10,0,28.57
WI,Kenosha,2021,8,0.88,5.25,7.5,5,2,1,62.5
WI,Kenosha,2022,3,1.0,5.33,5.33,0,0,3,0.0
WI,Kewaunee,2017,3,1.33,3.14,3.26,1,0,2,33.33
WI,Kewaunee,2018,1,2.0,5.5,5.58,0,1,0,0.0
WI,Kewaunee,2019,1,1.0,5.0,5.0,1,0,0,100.0
WI,Kewaunee,2020,2,0.5,5.0,5.5,2,0,0,100.0
WI,Kewaunee,2021,9,0.78,5.44,5.33,0,4,5,0.0
WI,Kewaunee,2022,2,1.5,7.5,8.0,0,0,2,0.0
WI,La Crosse,2017,19,1.58,5.08,5.24,11,4,4,57.89
WI,La Crosse,2018,31,1.52,2.73,2.83,7,11,13,22.58
WI,La Crosse,2019,44,1.48,3.19,3.36,14,11,19,31.82
WI,La Crosse,2020,39,0.15,1.79,3.31,3,32,4,7.69
WI,La Crosse,2021,49,0.49,1.96,3.06,0,29,20,0.0
WI,La Crosse,2022,3,1.0,5.33,5.33,0,2,1,0.0
WI,Lafayette,2017,5,2.0,4.19,4.2,2,1,2,40.0
WI,Lafayette,2018,5,1.4,6.02,6.02,3,2,0,60.0
WI,Lafayette,2019,8,0.75,4.08,4.19,0,3,5,0.0
WI,Lafayette,2020,2,1.0,5.5,5.5,0,2,0,0.0
WI,Lafayette,2021,9,0.56,3.56,3.78,4,1,4,44.44
WI,Lafayette,2022,2,1.0,9.5,10.0,0,1,1,0.0
WI,Langlade,2017,4,1.5,6.18,6.19,0,3,1,0.0
WI,Langlade,2018,5,1.4,5.54,5.56,0,2,3,0.0
WI,Langlade,2019,3,0.67,4.63,4.59,0,0,3,0.0
WI,Langlade,2020,6,0.33,3.5,3.83,0,2,4,0.0
WI,Langlade,2021,13,0.54,4.54,4.77,2,2,9,15.38
WI,Langlade,2022,2,0.0,3.0,3.0,0,0,2,0.0
WI,Lincoln,2017,4,1.0,2.66,2.62,0,0,4,0.0
WI,Lincoln,2018,10,1.5,8.21,8.21,1,3,6,10.0
WI,Lincoln,2019,19,1.11,4.29,4.3,2,4,13,10.53
WI,Lincoln,2020,7,1.57,8.57,8.57,1,4,2,14.29
WI,Lincoln,2021,17,1.29,4.53,4.47,0,0,17,0.0
WI,Lincoln,2022,5,1.0,2.8,2.4,0,1,4,0.0
WI,Manitowoc,2017,18,1.83,5.45,5.42,3,6,9,16.67
WI,Manitowoc,2018,42,1.74,4.97,4.98,7,15,20,16.67
WI,Manitowoc,2019,35,1.2,3.83,3.95,6,5,24,17.14
WI,Manitowoc,2020,11,0.55,4.18,4.18,3,6,2,27.27
WI,Manitowoc,2021,10,0.8,4.0,4.0,3,0,7,30.0
WI,Manitowoc,2022,9,0.89,4.44,4.56,0,1,8,0.0
WI,Marathon,2017,9,1.44,8.31,8.37,2,6,1,22.22
WI,Marathon,2018,52,1.52,5.93,6.0,11,12,29,21.15
WI,Marathon,2019,75,1.12,3.81,3.86,7,19,49,9.33
WI,Marathon,2020,11,0.91,4.27,4.36,4,5,2,36.36
WI,Marathon,2021,58,0.88,3.14,3.24,2,6,50,3.45
WI,Marathon,2022,13,1.46,6.92,7.0,3,0,10,23.08
WI,Marinette,2017,32,1.41,2.43,2.49,4,8,20,12.5
WI,Marinette,2018,26,1.46,3.86,4.13,3,6,17,11.54
WI,Marinette,2019,22,1.18,4.29,4.4,2,7,13,9.09
WI,Marinette,2020,8,1.0,6.12,6.12,1,5,2,12.5
WI,Marinette,2021,26,1.31,6.08,6.31,0,3,23,0.0
WI,Marinette,2022,2,1.5,5.5,6.5,0,0,2,0.0
WI,Marquette,2017,2,2.0,0.54,0.54,0,1,1,0.0
WI,Marquette,2018,10,1.2,4.1,4.12,1,0,9,10.0
WI,Marquette,2019,7,1.29,8.11,8.1,5,1,1,71.43
WI,Marquette,2020,3,1.0,7.0,7.0,1,0,2,33.33
WI,Marquette,2021,11,0.55,4.64,4.73,5,1,5,45.45
WI,Marquette,2022,7,0.86,7.29,7.57,0,4,3,0.0
WI,Menominee,2018,1,1.0,1.88,1.92,1,0,0,100.0
WI,Menominee,2020,2,0.5,5.5,5.5,0,2,0,0.0
WI,Menominee,2021,1,0.0,1.0,1.0,1,0,0,100.0
WI,Menominee,2022,2,0.5,4.5,5.0,1,0,1,50.0
WI,Milwaukee,2017,268,1.57,3.0,4.41,53,101,114,19.78
WI,Milwaukee,2018,681,1.62,3.36,4.11,185,272,224,27.17
WI,Milwaukee,2019,433,1.09,3.19,4.1,86,165,182,19.86
WI,Milwaukee,2020,110,0.86,4.12,4.65,29,68,13,26.36
WI,Milwaukee,2021,422,1.08,3.46,3.89,37,214,171,8.77
WI,Milwaukee,2022,315,1.25,3.66,4.31,28,131,156,8.89
WI,Monroe,2017,9,1.67,2.65,2.66,5,1,3,55.56
WI,Monroe,2018,41,1.68,3.59,3.62,11,7,23,26.83
WI,Monroe,2019,72,1.57,2.36,2.41,23,15,34,31.94
WI,Monroe,2020,14,0.93,4.43,4.43,0,8,6,0.0
WI,Monroe,2021,47,0.89,3.15,3.36,4,4,39,8.51
WI,Monroe,2022,7,1.43,6.29,6.43,0,2,5,0.0
WI,Oconto,2017,8,1.25,0.97,0.98,2,2,4,25.0
WI,Oconto,2018,32,2.16,5.82,5.83,8,12,12,25.0
WI,Oconto,2019,35,0.91,4.13,4.21,0,1,34,0.0
WI,Oconto,2020,18,0.89,4.61,4.72,1,4,13,5.56
WI,Oconto,2021,39,0.87,3.62,3.77,0,0,39,0.0
WI,Oconto,2022,4,1.0,5.0,5.5,0,1,3,0.0
WI,Oneida,2017,9,1.56,5.19,6.45,2,2,5,22.22
WI,Oneida,2018,13,1.62,2.45,3.24,3,1,9,23.08
WI,Oneida,2019,17,1.18,3.06,3.24,1,5,11,5.88
WI,Oneida,2020,6,1.0,2.17,2.17,0,5,1,0.0
WI,Oneida,2021,17,1.0,3.53,3.59,0,0,17,0.0
WI,Oneida,2022,4,1.5,6.0,6.0,0,0,4,0.0
WI,Outagamie,2017,24,1.5,5.7,5.86,12,7,5,50.0
WI,Outagamie,2018,67,1.84,6.37,6.46,27,12,28,40.3
WI,Outagamie,2019,62,1.06,4.46,4.62,7,18,37,11.29
WI,Outagamie,2020,33,0.7,4.15,4.21,8,15,10,24.24
WI,Outagamie,2021,38,0.92,5.47,5.61,4,6,28,10.53
WI,Outagamie,2022,16,1.31,5.0,5.06,0,5,11,0.0
WI,Ozaukee,2017,11,1.73,6.26,6.33,2,1,8,18.18
WI,Ozaukee,2018,36,1.67,3.52,3.53,5,7,24,13.89
WI,Ozaukee,2019,35,0.91,3.0,3.01,11,8,16,31.43
WI,Ozaukee,2020,16,0.88,5.38,5.38,7,7,2,43.75
WI,Ozaukee,2021,22,1.18,6.05,6.09,0,11,11,0.0
WI,Ozaukee,2022,6,0.83,5.0,5.17,0,2,4,0.0
WI,Pepin,2018,3,1.67,2.09,2.12,0,2,1,0.0
WI,Pepin,2019,6,0.5,4.71,4.88,2,2,2,33.33
WI,Pepin,2020,1,1.0,5.0,5.0,0,0,1,0.0
WI,Pepin,2021,2,0.5,4.0,4.5,0,0,2,0.0
WI,Pierce,2017,2,1.0,3.32,3.36,0,0,2,0.0
WI,Pierce,2018,14,1.43,3.29,3.32,3,7,4,21.43
WI,Pierce,2019,12,0.58,5.02,4.96,3,5,4,25.0
WI,Pierce,2020,4,1.0,4.25,4.25,0,1,3,0.0
WI,Pierce,2021,18,0.5,4.89,5.0,0,2,16,0.0
WI,Pierce,2022,6,0.33,3.5,3.67,0,0,6,0.0
WI,Polk,2017,2,1.5,2.75,2.75,0,0,2,0.0
WI,Polk,2018,14,1.36,6.08,6.09,5,4,5,35.71
WI,Polk,2019,6,1.33,6.78,6.96,1,1,4,16.67
WI,Polk,2020,6,0.67,5.17,5.17,0,5,1,0.0
WI,Polk,2021,14,0.5,2.64,2.86,0,1,13,0.0
WI,Portage,2017,10,2.0,4.53,4.59,3,2,5,30.0
WI,Portage,2018,55,1.4,4.89,4.9,4,10,41,7.27
WI,Portage,2019,54,0.87,3.73,3.73,15,5,34,27.78
WI,Portage,2020,11,0.82,6.55,6.55,2,7,2,18.18
WI,Portage,2021,16,0.75,4.62,4.81,1,3,12,6.25
WI,Portage,2022,5,1.0,2.6,2.6,0,0,5,0.0
WI,Price,2017,2,1.5,15.99,15.97,1,0,1,50.0
WI,Price,2018,4,2.0,6.98,7.0,0,3,1,0.0
WI,Price,2019,3,1.33,2.82,4.84,0,0,3,0.0
WI,Price,2020,2,1.5,4.0,4.0,1,1,0,50.0
WI,Price,2021,5,0.6,3.8,3.8,0,1,4,0.0
WI,Price,2022,1,2.0,6.0,6.0,0,0,1,0.0
WI,Racine,2016,1,2.0,5.28,5.18,0,0,1,0.0
WI,Racine,2017,17,1.59,6.35,6.42,12,4,1,70.59
WI,Racine,2018,228,1.68,4.39,4.51,25,66,137,10.96
WI,Racine,2019,39,0.72,5.59,5.68,13,22,4,33.33
WI,Racine,2020,31,0.65,4.71,5.16,5,22,4,16.13
WI,Racine,2021,8,1.12,4.5,7.88,6,2,0,75.0
WI,Racine,2022,1,0.0,2.0,2.0,0,1,0,0.0
WI,Richland,2017,8,1.75,7.65,7.71,2,3,3,25.0
WI,Richland,2018,12,1.25,2.67,2.68,3,2,7,25.0
WI,Richland,2019,4,1.25,6.48,6.23,1,0,3,25.0
WI,Richland,2020,1,0.0,4.0,4.0,0,0,1,0.0
WI,Richland,2021,7,0.43,4.86,5.14,1,0,6,14.29
WI,Richland,2022,5,0.6,7.4,7.2,1,1,3,20.0
WI,Rock,2016,17,1.82,1.62,1.65,6,2,9,35.29
WI,Rock,2017,29,1.72,6.82,6.91,5,14,10,17.24
WI,Rock,2018,98,1.77,5.06,5.13,27,22,49,27.55
WI,Rock,2019,88,1.15,4.54,4.66,21,21,46,23.86
WI,Rock,2020,51,0.75,2.94,3.45,7,25,19,13.73
WI,Rock,2021,48,0.71,2.17,2.98,1,32,15,2.08
WI,Rock,2022,14,0.57,3.0,3.14,3,1,10,21.43
WI,Rusk,2018,3,1.33,5.56,5.51,1,0,2,33.33
WI,Rusk,2019,5,1.2,3.46,3.72,0,1,4,0.0
WI,Rusk,2020,4,0.75,6.25,6.25,0,3,1,0.0
WI,Rusk,2021,6,1.0,3.5,4.0,0,1,5,0.0
WI,Saint Croix,2017,2,0.5,2.29,2.3,0,0,2,0.0
WI,Sauk,2017,16,1.5,3.79,3.88,2,5,9,12.5
WI,Sauk,2018,34,1.32,5.43,5.73,9,15,10,26.47
WI,Sauk,2019,57,1.28,4.96,5.09,18,17,22,31.58
WI,Sauk,2020,8,1.5,2.62,2.88,0,5,3,0.0
WI,Sauk,2021,27,1.52,4.56,4.59,4,12,11,14.81
WI,Sauk,2022,9,1.44,3.89,4.11,1,1,7,11.11
WI,Sawyer,2018,3,1.0,4.92,4.99,0,0,3,0.0
WI,Sawyer,2019,2,0.5,19.5,19.5,2,0,0,100.0
WI,Sawyer,2020,1,0.0,3.0,3.0,0,1,0,0.0
WI,Sawyer,2021,5,1.0,7.4,7.6,1,2,2,20.0
WI,Shawano,2017,7,1.71,6.75,6.94,3,1,3,42.86
WI,Shawano,2018,55,1.65,5.5,5.5,4,8,43,7.27
WI,Shawano,2019,32,1.09,5.03,5.02,3,4,25,9.38
WI,Shawano,2020,19,1.16,5.89,5.84,3,9,7,15.79
WI,Shawano,2021,42,0.52,3.36,3.36,2,5,35,4.76
WI,Shawano,2022,7,0.86,3.57,3.57,0,0,7,0.0
WI,Sheboygan,2017,31,1.0,4.68,4.7,10,16,5,32.26
WI,Sheboygan,2018,36,1.69,3.82,3.83,11,8,17,30.56
WI,Sheboygan,2019,28,1.18,2.85,2.85,5,6,17,17.86
WI,Sheboygan,2020,5,1.0,6.4,6.4,1,3,1,20.0
WI,Sheboygan,2021,10,1.5,4.1,4.1,2,2,6,20.0
WI,Sheboygan,2022,6,1.0,1.83,2.0,0,0,6,0.0
WI,St. Croix,2017,18,1.61,2.8,2.82,3,2,13,16.67
WI,St. Croix,2018,47,1.55,4.8,4.82,7,6,34,14.89
WI,St. Croix,2019,103,1.54,2.33,2.34,18,11,74,17.48
WI,St. Croix,2020,21,1.43,4.43,4.67,1,4,16,4.76
WI,St. Croix,2021,36,1.03,3.08,3.14,0,2,34,0.0
WI,St. Croix,2022,12,1.17,2.33,2.33,0,2,10,0.0
WI,Taylor,2017,1,1.0,4.45,4.57,0,0,1,0.0
WI,Taylor,2018,3,1.67,1.84,1.88,0,1,2,0.0
WI,Taylor,2019,2,1.0,6.5,6.5,0,0,2,0.0
WI,Taylor,2021,7,0.43,4.14,4.29,0,0,7,0.0
WI,Taylor,2022,1,1.0,8.0,8.0,0,0,1,0.0
WI,Trempealeau,2017,2,2.0,14.6,14.6,0,2,0,0.0
WI,Trempealeau,2018,20,1.7,8.24,8.29,5,6,9,25.0
WI,Trempealeau,2019,33,1.48,3.42,3.43,11,5,17,33.33
WI,Trempealeau,2020,22,1.27,6.55,6.73,3,5,14,13.64
WI,Trempealeau,2021,20,0.9,3.8,3.9,1,1,18,5.0
WI,Trempealeau,2022,4,1.75,9.25,9.25,0,1,3,0.0
WI,Vernon,2017,5,1.6,7.44,7.52,1,1,3,20.0
WI,Vernon,2018,13,1.54,7.93,7.94,4,2,7,30.77
WI,Vernon,2019,10,0.9,6.43,6.63,0,7,3,0.0
WI,Vernon,2020,14,0.79,5.43,5.57,0,6,8,0.0
WI,Vernon,2021,12,1.0,4.58,4.58,1,1,10,8.33
WI,Vernon,2022,4,0.75,2.75,3.0,0,2,2,0.0
WI,Vilas,2017,4,1.75,6.85,6.85,2,0,2,50.0
WI,Vilas,2018,9,1.67,6.99,7.59,5,0,4,55.56
WI,Vilas,2019,15,1.33,7.03,7.17,4,3,8,26.67
WI,Vilas,2020,4,1.0,4.5,4.5,0,2,2,0.0
WI,Vilas,2021,25,0.76,4.16,4.4,3,1,21,12.0
WI,Vilas,2022,4,0.75,3.75,4.0,0,0,4,0.0
WI,Walworth,2016,7,1.14,1.47,1.45,0,2,5,0.0
WI,Walworth,2017,15,1.53,5.04,5.06,5,4,6,33.33
WI,Walworth,2018,32,1.41,4.5,4.52,10,10,12,31.25
WI,Walworth,2019,37,0.92,3.02,3.08,4,9,24,10.81
WI,Walworth,2020,21,0.9,4.67,4.71,1,8,12,4.76
WI,Walworth,2021,6,0.33,2.33,2.33,0,1,5,0.0
WI,Walworth,2022,5,0.6,3.4,3.8,0,0,5,0.0
WI,Washburn,2017,5,1.2,1.35,1.37,1,2,2,20.0
WI,Washburn,2018,16,1.38,3.16,3.17,4,3,9,25.0
WI,Washburn,2019,1,1.0,2.88,2.88,0,0,1,0.0
WI,Washburn,2020,8,0.88,3.5,3.5,0,4,4,0.0
WI,Washburn,2021,7,1.0,2.43,2.86,0,1,6,0.0
WI,Washburn,2022,3,1.67,6.33,6.0,0,0,3,0.0
WI,Washington,2017,23,1.3,5.39,5.42,11,5,7,47.83
WI,Washington,2018,39,1.46,4.13,4.24,17,5,17,43.59
WI,Washington,2019,37,1.03,4.3,4.27,7,11,19,18.92
WI,Washington,2020,60,1.25,4.17,4.17,4,25,31,6.67
WI,Washington,2021,18,1.06,4.17,4.33,2,6,10,11.11
WI,Washington,2022,6,0.83,3.33,3.5,0,2,4,0.0
WI,Waukesha,2017,65,1.51,3.66,3.93,23,25,17,35.38
WI,Waukesha,2018,198,1.46,4.58,4.74,64,81,53,32.32
WI,Waukesha,2019,176,1.16,3.13,3.32,40,38,98,22.73
WI,Waukesha,2020,51,1.24,4.94,5.12,12,18,21,23.53
WI,Waukesha,2021,90,1.21,3.67,3.86,16,13,61,17.78
WI,Waukesha,2022,44,1.2,2.89,2.98,2,7,35,4.55
WI,Waupaca,2017,3,1.67,11.2,11.21,0,1,2,0.0
WI,Waupaca,2018,18,1.28,4.73,4.77,0,5,13,0.0
WI,Waupaca,2019,22,0.86,3.8,3.81,3,4,15,13.64
WI,Waupaca,2020,3,1.0,7.0,7.33,0,2,1,0.0
WI,Waupaca,2021,16,0.25,3.56,3.75,0,3,13,0.0
WI,Waupaca,2022,3,0.0,3.67,3.67,0,0,3,0.0
WI,Waushara,2017,2,1.5,2.69,2.69,0,1,1,0.0
WI,Waushara,2018,21,1.52,5.11,5.13,2,9,10,9.52
WI,Waushara,2019,18,1.17,3.8,3.8,2,2,14,11.11
WI,Waushara,2020,2,1.0,5.0,5.0,0,1,1,0.0
WI,Waushara,2021,10,1.1,4.4,4.8,1,0,9,10.0
WI,Waushara,2022,4,1.25,4.25,4.25,0,1,3,0.0
WI,Winnebago,2017,23,1.7,3.96,4.01,11,6,6,47.83
WI,Winnebago,2018,93,1.75,5.47,5.51,41,26,26,44.09
WI,Winnebago,2019,61,1.0,3.55,3.69,12,12,37,19.67
WI,Winnebago,2020,33,0.79,5.21,5.33,12,18,3,36.36
WI,Winnebago,2021,17,0.65,3.71,3.76,2,1,14,11.76
WI,Winnebago,2022,6,0.83,3.0,3.0,0,1,5,0.0
WI,Wood,2017,9,1.67,4.22,4.24,5,1,3,55.56
WI,Wood,2018,22,1.64,7.45,7.5,9,6,7,40.91
WI,Wood,2019,16,0.69,6.03,6.09,2,5,9,12.5
WI,Wood,2020,7,0.29,3.57,3.57,3,2,2,42.86
WI,Wood,2021,15,0.33,3.67,3.67,0,2,13,0.0
WI,Wood,2022,1,0.0,4.0,4.0,0,0,1,0.0
WV,Barbour,2018,10,1.6,3.86,3.87,3,2,5,30.0
WV,Barbour,2019,4,1.0,6.02,6.04,2,0,2,50.0
WV,Barbour,2020,3,0.67,4.33,4.33,0,1,2,0.0
WV,Barbour,2021,5,0.2,3.2,3.4,0,2,3,0.0
WV,Barbour,2022,9,0.78,4.33,4.78,0,3,6,0.0
WV,Berkeley,2016,8,2.12,5.81,5.84,4,3,1,50.0
WV,Berkeley,2017,37,1.76,4.54,5.15,8,20,9,21.62
WV,Berkeley,2018,98,1.79,5.99,7.16,28,36,34,28.57
WV,Berkeley,2019,65,1.18,3.86,4.18,16,13,36,24.62
WV,Berkeley,2020,50,1.24,5.22,5.62,9,17,24,18.0
WV,Berkeley,2021,50,1.08,4.66,5.04,11,16,23,22.0
WV,Berkeley,2022,24,1.33,6.38,6.62,2,13,9,8.33
WV,Boone,2017,5,1.6,9.98,9.98,4,0,1,80.0
WV,Boone,2018,9,1.67,6.23,6.27,6,2,1,66.67
WV,Boone,2019,6,1.17,5.64,5.85,1,3,2,16.67
WV,Boone,2020,4,1.25,6.25,6.25,2,1,1,50.0
WV,Boone,2021,2,1.0,3.5,4.0,1,0,1,50.0
WV,Boone,2022,10,0.9,3.8,4.4,2,0,8,20.0
WV,Braxton,2017,13,1.77,4.55,4.56,3,2,8,23.08
WV,Braxton,2018,68,1.68,3.38,3.39,6,17,45,8.82
WV,Braxton,2019,34,1.65,4.24,4.42,6,9,19,17.65
WV,Braxton,2020,11,0.91,3.18,3.27,0,2,9,0.0
WV,Braxton,2021,13,1.08,4.31,4.62,1,1,11,7.69
WV,Braxton,2022,18,0.94,4.22,4.44,0,3,15,0.0
WV,Brooke,2017,8,1.25,2.78,2.81,2,2,4,25.0
WV,Brooke,2018,12,1.67,6.06,6.07,6,3,3,50.0
WV,Brooke,2019,13,1.0,5.1,5.11,5,2,6,38.46
WV,Brooke,2020,4,0.5,3.0,3.0,0,2,2,0.0
WV,Brooke,2021,4,1.0,4.25,4.75,0,3,1,0.0
WV,Brooke,2022,7,0.71,3.57,3.57,1,1,5,14.29
WV,Cabell,2016,4,1.5,5.01,5.08,1,1,2,25.0
WV,Cabell,2017,21,1.43,3.37,3.5,7,10,4,33.33
WV,Cabell,2018,122,1.82,4.61,6.04,19,57,46,15.57
WV,Cabell,2019,38,1.55,4.57,4.68,12,13,13,31.58
WV,Cabell,2020,23,1.17,3.43,3.83,1,3,19,4.35
WV,Cabell,2021,34,1.47,6.24,6.76,8,12,14,23.53
WV,Cabell,2022,24,1.21,4.25,4.33,2,8,14,8.33
WV,Calhoun,2017,5,2.0,7.21,7.43,3,2,0,60.0
WV,Calhoun,2018,4,2.0,7.42,7.59,4,0,0,100.0
WV,Calhoun,2019,1,1.0,37.0,37.0,1,0,0,100.0
WV,Calhoun,2021,1,0.0,4.0,4.0,0,0,1,0.0
WV,Calhoun,2022,2,0.5,3.5,3.5,0,0,2,0.0
WV,Clay,2017,5,1.6,7.97,8.0,4,0,1,80.0
WV,Clay,2018,6,2.0,4.71,4.77,3,0,3,50.0
WV,Clay,2019,7,1.43,3.35,6.14,5,2,0,71.43
WV,Clay,2020,4,1.75,5.75,5.75,0,1,3,0.0
WV,Clay,2021,3,1.0,4.0,4.67,2,0,1,66.67
WV,Clay,2022,6,1.0,5.67,5.83,3,1,2,50.0
WV,Doddridge,2017,9,1.56,10.32,10.36,5,2,2,55.56
WV,Doddridge,2018,39,1.51,7.69,7.74,19,6,14,48.72
WV,Doddridge,2019,16,1.31,5.1,5.19,6,1,9,37.5
WV,Doddridge,2020,2,2.0,23.5,23.5,1,1,0,50.0
WV,Doddridge,2021,2,0.0,3.5,3.5,1,0,1,50.0
WV,Doddridge,2022,6,1.0,2.33,2.67,0,1,5,0.0
WV,Fayette,2017,21,1.48,4.21,4.26,6,2,13,28.57
WV,Fayette,2018,27,1.67,4.2,5.07,5,8,14,18.52
WV,Fayette,2019,21,1.29,7.32,7.46,3,11,7,14.29
WV,Fayette,2020,11,0.64,4.18,4.73,1,3,7,9.09
WV,Fayette,2021,17,0.65,2.82,4.24,0,5,12,0.0
WV,Fayette,2022,19,0.53,3.74,3.89,2,6,11,10.53
WV,Gilmer,2017,1,1.0,0.52,0.57,0,1,0,0.0
WV,Gilmer,2018,4,1.5,9.13,9.2,2,1,1,50.0
WV,Gilmer,2019,4,1.25,19.22,19.26,3,1,0,75.0
WV,Gilmer,2021,6,0.5,4.67,4.67,2,3,1,33.33
WV,Gilmer,2022,5,0.2,2.8,3.0,3,1,1,60.0
WV,Grant,2016,4,1.5,0.0,0.05,1,1,2,25.0
WV,Grant,2017,19,1.0,5.42,5.48,3,7,9,15.79
WV,Grant,2018,10,0.7,4.94,5.07,1,1,8,10.0
WV,Grant,2019,5,1.2,13.69,13.69,1,2,2,20.0
WV,Grant,2020,5,0.6,3.0,3.8,2,1,2,40.0
WV,Grant,2021,7,0.43,4.0,4.71,1,3,3,14.29
WV,Grant,2022,8,1.12,5.38,5.38,0,1,7,0.0
WV,Greenbrier,2017,22,1.55,3.08,3.46,4,4,14,18.18
WV,Greenbrier,2018,54,1.78,3.79,4.05,8,13,33,14.81
WV,Greenbrier,2019,83,1.63,3.21,3.33,25,14,44,30.12
WV,Greenbrier,2020,18,1.39,3.83,4.11,0,5,13,0.0
WV,Greenbrier,2021,22,1.41,3.18,3.86,0,5,17,0.0
WV,Greenbrier,2022,22,0.95,3.0,3.05,0,5,17,0.0
WV,Hampshire,2016,5,1.2,2.94,2.96,0,1,4,0.0
WV,Hampshire,2017,15,1.67,5.6,5.62,1,6,8,6.67
WV,Hampshire,2018,17,1.71,5.76,5.9,3,7,7,17.65
WV,Hampshire,2019,7,1.71,10.81,10.8,1,1,5,14.29
WV,Hampshire,2020,15,1.47,3.8,5.73,1,4,10,6.67
WV,Hampshire,2021,12,1.58,4.25,4.75,3,1,8,25.0
WV,Hampshire,2022,8,1.0,4.25,4.5,3,3,2,37.5
WV,Hancock,2017,2,1.5,6.4,6.4,2,0,0,100.0
WV,Hancock,2018,7,1.57,3.8,3.84,4,3,0,57.14
WV,Hancock,2019,4,0.5,4.74,4.79,1,1,2,25.0
WV,Hancock,2020,4,0.5,4.5,4.75,0,3,1,0.0
WV,Hancock,2021,1,0.0,2.0,3.0,0,0,1,0.0
WV,Hancock,2022,1,1.0,5.0,5.0,0,0,1,0.0
WV,Hardy,2016,1,2.0,6.2,6.58,0,1,0,0.0
WV,Hardy,2017,13,1.31,9.47,9.54,3,4,6,23.08
WV,Hardy,2018,11,1.64,12.35,12.35,7,2,2,63.64
WV,Hardy,2019,17,1.06,9.27,9.3,8,1,8,47.06
WV,Hardy,2020,9,0.44,4.67,4.89,2,2,5,22.22
WV,Hardy,2021,7,0.14,2.71,2.86,0,2,5,0.0
WV,Hardy,2022,4,0.75,6.25,6.25,0,1,3,0.0
WV,Harrison,2016,16,2.0,2.69,2.77,5,3,8,31.25
WV,Harrison,2017,42,1.64,5.2,5.72,9,16,17,21.43
WV,Harrison,2018,49,1.78,4.92,5.13,24,12,13,48.98
WV,Harrison,2019,43,1.56,3.87,3.98,8,14,21,18.6
WV,Harrison,2020,12,1.58,7.25,7.33,3,5,4,25.0
WV,Harrison,2021,21,1.24,3.48,3.86,4,6,11,19.05
WV,Harrison,2022,30,1.3,4.83,5.0,5,10,15,16.67
WV,Jackson,2016,19,1.47,2.75,2.79,1,4,14,5.26
WV,Jackson,2017,16,1.69,2.56,2.56,8,1,7,50.0
WV,Jackson,2018,29,2.14,6.65,6.73,8,9,12,27.59
WV,Jackson,2019,50,1.64,3.3,3.35,20,8,22,40.0
WV,Jackson,2020,6,1.5,6.17,6.17,1,0,5,16.67
WV,Jackson,2021,14,0.64,3.64,3.71,0,4,10,0.0
WV,Jackson,2022,21,0.95,3.1,3.52,3,0,18,14.29
WV,Jefferson,2016,3,2.0,7.48,7.4,1,2,0,33.33
WV,Jefferson,2017,18,1.67,8.19,8.34,10,6,2,55.56
WV,Jefferson,2018,13,1.85,6.39,6.88,6,6,1,46.15
WV,Jefferson,2019,18,1.17,6.24,6.42,9,8,1,50.0
WV,Jefferson,2020,7,0.86,7.43,7.57,1,4,2,14.29
WV,Jefferson,2021,10,0.9,6.3,7.6,6,4,0,60.0
WV,Jefferson,2022,12,0.75,4.58,5.0,2,5,5,16.67
WV,Kanawha,2016,3,1.67,5.02,5.03,0,0,3,0.0
WV,Kanawha,2017,41,1.54,4.15,4.39,16,14,11,39.02
WV,Kanawha,2018,89,1.58,4.14,4.65,29,35,25,32.58
WV,Kanawha,2019,115,1.3,3.37,3.76,40,43,32,34.78
WV,Kanawha,2020,55,1.15,4.47,5.07,9,31,15,16.36
WV,Kanawha,2021,49,1.27,3.59,4.39,11,25,13,22.45
WV,Kanawha,2022,65,1.38,5.51,5.77,20,15,30,30.77
WV,Lewis,2016,2,1.5,0.0,0.0,0,1,1,0.0
WV,Lewis,2017,14,1.64,3.51,3.54,2,2,10,14.29
WV,Lewis,2018,20,1.75,4.32,4.35,5,5,10,25.0
WV,Lewis,2019,23,1.78,4.36,4.41,3,6,14,13.04
WV,Lewis,2020,8,1.25,3.0,3.0,1,1,6,12.5
WV,Lewis,2021,18,1.28,4.44,4.83,0,3,15,0.0
WV,Lewis,2022,16,1.19,5.38,5.62,1,2,13,6.25
WV,Lincoln,2018,5,1.6,2.61,2.61,0,3,2,0.0
WV,Lincoln,2019,1,0.0,2.57,2.47,0,1,0,0.0
WV,Lincoln,2020,1,1.0,15.0,15.0,1,0,0,100.0
WV,Lincoln,2021,4,1.0,5.5,5.75,1,1,2,25.0
WV,Lincoln,2022,4,0.75,2.25,2.5,1,0,3,25.0
WV,Logan,2017,3,1.67,3.44,3.59,0,0,3,0.0
WV,Logan,2018,9,1.67,7.27,7.33,3,2,4,33.33
WV,Logan,2019,2,2.0,4.6,4.6,1,1,0,50.0
WV,Logan,2020,4,0.75,6.75,6.75,0,0,4,0.0
WV,Logan,2021,1,1.0,2.0,2.0,0,1,0,0.0
WV,Logan,2022,6,0.67,2.5,2.5,0,0,6,0.0
WV,Marion,2016,7,2.14,5.42,5.45,1,5,1,14.29
WV,Marion,2017,23,1.52,5.0,5.05,5,8,10,21.74
WV,Marion,2018,38,1.76,3.96,4.0,5,17,16,13.16
WV,Marion,2019,15,1.53,5.06,5.06,1,4,10,6.67
WV,Marion,2020,13,1.0,8.54,8.77,2,5,6,15.38
WV,Marion,2021,15,1.47,5.0,5.27,1,4,10,6.67
WV,Marion,2022,24,1.25,5.5,5.62,3,10,11,12.5
WV,Marshall,2017,14,1.79,5.7,5.75,5,7,2,35.71
WV,Marshall,2018,33,1.24,4.63,4.73,7,11,15,21.21
WV,Marshall,2019,20,0.65,4.96,5.09,6,8,6,30.0
WV,Marshall,2020,11,0.18,3.0,3.27,0,4,7,0.0
WV,Marshall,2021,7,0.71,6.14,6.43,0,6,1,0.0
WV,Marshall,2022,25,0.36,3.48,3.64,0,11,14,0.0
WV,Mason,2016,6,1.5,1.64,1.65,0,1,5,0.0
WV,Mason,2017,13,1.62,6.29,6.33,8,3,2,61.54
WV,Mason,2018,26,1.58,7.62,7.74,4,8,14,15.38
WV,Mason,2019,29,1.0,4.69,4.68,10,8,11,34.48
WV,Mason,2020,9,0.67,4.67,4.67,1,3,5,11.11
WV,Mason,2021,15,1.13,5.27,5.93,3,2,10,20.0
WV,Mason,2022,20,0.75,4.7,4.85,2,1,17,10.0
WV,McDowell,2017,1,2.0,0.0,0.0,0,1,0,0.0
WV,McDowell,2018,3,2.0,9.74,9.79,1,1,1,33.33
WV,McDowell,2020,1,2.0,27.0,27.0,0,1,0,0.0
WV,McDowell,2021,2,1.0,5.5,5.5,0,1,1,0.0
WV,McDowell,2022,1,1.0,8.0,8.0,0,0,1,0.0
WV,Mercer,2017,59,1.9,4.73,4.76,9,33,17,15.25
WV,Mercer,2018,93,1.69,4.83,4.91,18,28,47,19.35
WV,Mercer,2019,81,1.79,6.63,6.71,12,26,43,14.81
WV,Mercer,2020,20,1.35,6.5,6.65,1,5,14,5.0
WV,Mercer,2021,29,1.48,4.07,4.41,0,5,24,0.0
WV,Mercer,2022,30,1.27,8.43,8.6,2,9,19,6.67
WV,Mineral,2016,6,1.5,1.25,1.31,2,2,2,33.33
WV,Mineral,2017,13,1.46,1.81,1.9,1,9,3,7.69
WV,Mineral,2018,10,1.7,5.9,5.96,4,2,4,40.0
WV,Mineral,2019,9,1.33,6.48,6.71,5,4,0,55.56
WV,Mineral,2020,6,1.5,2.33,3.0,0,0,6,0.0
WV,Mineral,2021,13,1.23,4.0,4.46,2,5,6,15.38
WV,Mineral,2022,8,1.0,2.12,2.25,1,2,5,12.5
WV,Mingo,2018,2,1.5,0.5,0.49,1,1,0,50.0
WV,Mingo,2019,7,1.14,4.63,4.67,1,1,5,14.29
WV,Mingo,2020,14,0.93,8.07,8.07,6,3,5,42.86
WV,Mingo,2021,5,1.4,6.0,6.2,2,2,1,40.0
WV,Mingo,2022,5,0.8,4.0,4.0,2,0,3,40.0
WV,Monongalia,2016,32,1.69,0.84,0.9,10,13,9,31.25
WV,Monongalia,2017,76,1.63,4.63,5.22,28,28,20,36.84
WV,Monongalia,2018,137,1.72,5.54,6.0,46,41,50,33.58
WV,Monongalia,2019,85,1.42,6.89,7.04,29,21,35,34.12
WV,Monongalia,2020,37,1.24,3.46,4.43,10,6,21,27.03
WV,Monongalia,2021,84,1.04,2.71,3.96,16,23,45,19.05
WV,Monongalia,2022,44,1.45,5.43,5.61,0,9,35,0.0
WV,Monroe,2017,3,1.0,5.53,5.67,1,0,2,33.33
WV,Monroe,2018,5,1.0,8.38,8.49,0,2,3,0.0
WV,Monroe,2019,4,1.25,3.86,4.11,0,1,3,0.0
WV,Monroe,2020,5,1.6,9.8,10.2,1,0,4,20.0
WV,Monroe,2021,3,1.0,2.67,3.33,0,0,3,0.0
WV,Monroe,2022,1,2.0,4.0,5.0,0,0,1,0.0
WV,Morgan,2016,13,1.77,0.86,0.99,3,5,5,23.08
WV,Morgan,2017,14,1.64,3.27,3.73,3,3,8,21.43
WV,Morgan,2018,21,1.81,4.33,5.03,5,6,10,23.81
WV,Morgan,2019,19,1.37,4.82,5.12,2,5,12,10.53
WV,Morgan,2020,6,0.83,3.0,4.0,1,1,4,16.67
WV,Morgan,2021,8,1.12,4.5,4.88,0,5,3,0.0
WV,Morgan,2022,7,1.0,5.14,6.71,0,2,5,0.0
WV,Nicholas,2017,20,1.3,2.07,2.96,3,9,8,15.0
WV,Nicholas,2018,75,1.44,5.1,5.46,23,15,37,30.67
WV,Nicholas,2019,30,1.4,6.73,7.12,10,14,6,33.33
WV,Nicholas,2020,27,0.33,3.19,3.74,3,5,19,11.11
WV,Nicholas,2021,25,0.56,3.08,4.92,9,5,11,36.0
WV,Nicholas,2022,19,0.79,4.42,5.79,3,8,8,15.79
WV,Ohio,2017,18,1.44,4.61,4.63,3,9,6,16.67
WV,Ohio,2018,32,1.84,5.98,6.08,18,5,9,56.25
WV,Ohio,2019,66,1.62,6.28,6.33,20,32,14,30.3
WV,Ohio,2020,26,1.54,4.77,5.04,4,8,14,15.38
WV,Ohio,2021,40,1.45,3.6,4.08,15,17,8,37.5
WV,Ohio,2022,49,1.73,5.29,5.76,11,21,17,22.45
WV,Pendleton,2017,4,2.0,6.11,6.34,2,1,1,50.0
WV,Pendleton,2018,7,1.57,4.21,4.03,0,6,1,0.0
WV,Pendleton,2019,1,2.0,29.0,29.0,1,0,0,100.0
WV,Pendleton,2020,8,1.38,0.25,3.88,0,1,7,0.0
WV,Pendleton,2021,1,3.0,8.0,10.0,0,1,0,0.0
WV,Pendleton,2022,2,1.0,5.0,5.5,0,0,2,0.0
WV,Pleasants,2017,3,1.0,4.19,4.24,0,1,2,0.0
WV,Pleasants,2018,9,1.33,6.66,6.71,1,3,5,11.11
WV,Pleasants,2019,9,0.67,4.73,4.93,2,2,5,22.22
WV,Pleasants,2022,2,0.0,1.5,1.5,0,0,2,0.0
WV,Pocahontas,2018,3,1.67,0.64,2.9,1,1,1,33.33
WV,Pocahontas,2019,1,2.0,0.0,5.0,0,0,1,0.0
WV,Pocahontas,2021,1,2.0,6.0,6.0,0,0,1,0.0
WV,Pocahontas,2022,5,1.6,3.2,4.0,0,0,5,0.0
WV,Preston,2016,9,1.67,2.86,2.87,2,2,5,22.22
WV,Preston,2017,34,1.74,5.99,6.13,4,8,22,11.76
WV,Preston,2018,39,1.59,4.03,4.05,3,4,32,7.69
WV,Preston,2019,38,1.68,4.67,4.72,4,12,22,10.53
WV,Preston,2020,25,1.6,5.44,6.08,4,3,18,16.0
WV,Preston,2021,28,1.21,3.29,3.82,4,1,23,14.29
WV,Preston,2022,24,1.17,5.12,5.42,3,5,16,12.5
WV,Putnam,2016,27,1.44,2.91,2.99,0,11,16,0.0
WV,Putnam,2017,28,1.61,5.76,5.95,4,5,19,14.29
WV,Putnam,2018,153,1.68,5.15,5.36,13,60,80,8.5
WV,Putnam,2019,58,1.29,4.59,5.16,16,21,21,27.59
WV,Putnam,2020,28,1.14,6.46,6.89,3,12,13,10.71
WV,Putnam,2021,74,1.05,4.74,5.14,5,29,40,6.76
WV,Putnam,2022,68,1.1,5.16,5.49,7,30,31,10.29
WV,Raleigh,2017,33,1.76,3.47,3.61,7,6,20,21.21
WV,Raleigh,2018,72,1.72,4.73,5.07,5,31,36,6.94
WV,Raleigh,2019,131,1.69,3.43,3.49,31,33,67,23.66
WV,Raleigh,2020,82,1.48,2.37,3.35,2,12,68,2.44
WV,Raleigh,2021,90,1.52,3.12,4.41,5,20,65,5.56
WV,Raleigh,2022,35,1.09,5.03,5.4,3,11,21,8.57
WV,Randolph,2016,7,2.0,3.58,3.69,1,1,5,14.29
WV,Randolph,2017,14,1.86,7.36,7.45,4,3,7,28.57
WV,Randolph,2018,40,1.62,4.46,4.61,3,12,25,7.5
WV,Randolph,2019,17,1.71,9.44,9.53,1,7,9,5.88
WV,Randolph,2020,11,1.36,4.0,4.27,1,3,7,9.09
WV,Randolph,2021,14,1.36,3.64,4.57,1,6,7,7.14
WV,Randolph,2022,19,1.05,3.21,3.95,2,1,16,10.53
WV,Ritchie,2017,13,1.54,5.68,5.69,7,3,3,53.85
WV,Ritchie,2018,29,1.72,8.0,8.03,21,1,7,72.41
WV,Ritchie,2019,30,1.13,9.79,9.94,21,3,6,70.0
WV,Ritchie,2020,2,1.0,9.0,9.0,1,0,1,50.0
WV,Ritchie,2021,4,0.75,4.75,5.0,3,1,0,75.0
WV,Ritchie,2022,9,0.89,3.67,3.67,2,1,6,22.22
WV,Roane,2017,10,1.8,1.96,2.04,6,2,2,60.0
WV,Roane,2018,10,1.4,4.53,4.58,2,3,5,20.0
WV,Roane,2019,9,1.33,4.38,4.37,2,2,5,22.22
WV,Roane,2020,2,0.5,3.5,3.5,0,2,0,0.0
WV,Roane,2021,11,0.64,4.09,4.45,0,3,8,0.0
WV,Roane,2022,24,0.67,3.62,4.25,1,4,19,4.17
WV,Summers,2017,4,1.25,2.39,2.39,1,0,3,25.0
WV,Summers,2018,9,2.0,5.1,5.09,0,1,8,0.0
WV,Summers,2019,22,1.73,4.19,4.24,1,4,17,4.55
WV,Summers,2020,5,1.2,3.8,4.0,0,1,4,0.0
WV,Summers,2021,5,1.0,2.0,2.2,0,0,5,0.0
WV,Summers,2022,9,0.89,3.11,3.78,0,1,8,0.0
WV,Taylor,2016,3,2.0,0.0,0.0,1,2,0,33.33
WV,Taylor,2017,13,1.54,4.98,5.0,1,3,9,7.69
WV,Taylor,2018,3,1.33,7.71,7.82,2,0,1,66.67
WV,Taylor,2019,7,0.86,4.77,4.78,0,3,4,0.0
WV,Taylor,2020,6,1.67,11.33,11.67,1,3,2,16.67
WV,Taylor,2021,5,0.8,2.6,2.8,0,0,5,0.0
WV,Taylor,2022,7,0.57,3.43,3.71,1,0,6,14.29
WV,Tucker,2016,3,2.0,1.91,1.89,0,3,0,0.0
WV,Tucker,2017,13,1.54,6.26,6.22,4,3,6,30.77
WV,Tucker,2018,13,1.62,5.09,5.5,4,5,4,30.77
WV,Tucker,2019,9,1.56,11.28,11.37,2,3,4,22.22
WV,Tucker,2020,3,1.33,10.67,10.67,0,2,1,0.0
WV,Tucker,2021,9,1.67,4.11,4.89,0,3,6,0.0
WV,Tucker,2022,9,0.89,4.11,4.78,0,0,9,0.0
WV,Tyler,2017,8,1.75,7.66,7.71,6,2,0,75.0
WV,Tyler,2018,35,1.91,11.18,11.18,29,4,2,82.86
WV,Tyler,2019,34,1.56,18.57,18.63,28,3,3,82.35
WV,Tyler,2020,9,1.0,24.22,24.22,8,1,0,88.89
WV,Tyler,2021,3,0.67,5.67,5.67,0,0,3,0.0
WV,Tyler,2022,3,0.33,3.33,3.67,1,0,2,33.33
WV,Upshur,2017,1,2.0,5.43,5.38,1,0,0,100.0
WV,Upshur,2018,4,1.75,7.54,7.95,3,1,0,75.0
WV,Upshur,2019,6,1.0,2.49,2.82,1,0,5,16.67
WV,Upshur,2020,4,1.5,7.25,7.5,3,1,0,75.0
WV,Upshur,2021,5,1.2,7.4,9.0,3,0,2,60.0
WV,Upshur,2022,4,0.25,3.0,3.25,2,0,2,50.0
WV,Wayne,2017,4,1.25,2.74,2.8,1,2,1,25.0
WV,Wayne,2018,11,1.91,9.54,9.59,4,4,3,36.36
WV,Wayne,2019,17,1.47,4.0,4.01,13,3,1,76.47
WV,Wayne,2020,10,1.2,5.0,5.1,1,4,5,10.0
WV,Wayne,2021,5,1.4,7.0,7.2,1,2,2,20.0
WV,Wayne,2022,13,0.62,4.08,4.0,2,2,9,15.38
WV,Webster,2017,4,1.25,9.56,12.44,2,0,2,50.0
WV,Webster,2018,13,1.15,5.71,7.61,3,4,6,23.08
WV,Webster,2019,2,1.0,4.5,6.0,0,0,2,0.0
WV,Webster,2020,3,1.0,11.0,13.67,3,0,0,100.0
WV,Webster,2022,6,0.33,3.33,4.17,0,0,6,0.0
WV,Wetzel,2017,15,1.67,7.41,7.43,10,3,2,66.67
WV,Wetzel,2018,35,1.54,7.09,7.26,26,6,3,74.29
WV,Wetzel,2019,14,0.86,9.09,9.48,5,7,2,35.71
WV,Wetzel,2020,6,0.0,3.0,2.83,4,2,0,66.67
WV,Wetzel,2021,7,0.43,2.86,4.0,3,3,1,42.86
WV,Wetzel,2022,11,0.55,3.82,4.18,8,1,2,72.73
WV,Wirt,2018,2,1.5,12.82,13.15,2,0,0,100.0
WV,Wirt,2019,2,1.0,14.0,14.0,2,0,0,100.0
WV,Wirt,2021,1,1.0,3.0,5.0,0,1,0,0.0
WV,Wirt,2022,1,1.0,6.0,5.0,1,0,0,100.0
WV,Wood,2016,3,1.0,2.46,2.54,0,1,2,0.0
WV,Wood,2017,11,1.64,6.64,6.72,4,4,3,36.36
WV,Wood,2018,37,1.73,5.36,5.39,9,5,23,24.32
WV,Wood,2019,38,1.39,4.47,4.53,23,3,12,60.53
WV,Wood,2020,15,0.53,4.13,4.53,3,7,5,20.0
WV,Wood,2021,13,0.85,4.46,4.77,2,1,10,15.38
WV,Wood,2022,27,0.63,4.48,4.59,2,6,19,7.41
WV,Wyoming,2017,2,0.5,3.03,3.0,0,0,2,0.0
WV,Wyoming,2018,2,1.5,11.92,11.72,0,1,1,0.0
WV,Wyoming,2019,2,1.0,18.5,18.5,1,1,0,50.0
WV,Wyoming,2020,5,0.2,1.8,3.4,0,2,3,0.0
WV,Wyoming,2021,4,0.75,4.75,4.75,1,2,1,25.0
WV,Wyoming,2022,8,0.62,4.5,4.88,4,2,2,50.0
WY,Albany,2017,123,1.66,3.89,3.95,9,13,101,7.32
WY,Albany,2018,198,1.7,3.8,3.85,31,21,146,15.66
WY,Albany,2019,317,1.37,3.31,3.36,74,49,194,23.34
WY,Albany,2020,158,1.16,3.36,3.71,11,24,123,6.96
WY,Albany,2021,225,1.08,3.51,3.92,6,22,197,2.67
WY,Albany,2022,128,0.79,4.91,5.14,8,13,107,6.25
WY,Big Horn,2017,6,1.5,3.07,3.16,1,1,4,16.67
WY,Big Horn,2018,14,1.86,6.54,6.65,2,2,10,14.29
WY,Big Horn,2019,8,1.25,4.37,4.37,1,2,5,12.5
WY,Big Horn,2020,2,1.5,4.0,4.5,0,2,0,0.0
WY,Big Horn,2021,10,1.3,3.9,3.9,0,1,9,0.0
WY,Campbell,2017,53,1.3,4.86,4.87,14,5,34,26.42
WY,Campbell,2018,96,1.32,4.61,4.61,24,7,65,25.0
WY,Campbell,2019,92,0.99,3.93,3.99,37,7,48,40.22
WY,Campbell,2020,51,0.73,4.49,4.53,8,7,36,15.69
WY,Campbell,2021,42,0.55,3.86,4.0,8,2,32,19.05
WY,Campbell,2022,20,1.0,4.8,4.9,1,0,19,5.0
WY,Carbon,2017,96,1.62,4.06,4.07,6,14,76,6.25
WY,Carbon,2018,187,1.68,3.54,3.59,21,39,127,11.23
WY,Carbon,2019,342,1.54,3.25,3.28,90,36,216,26.32
WY,Carbon,2020,132,1.48,4.58,4.76,6,14,112,4.55
WY,Carbon,2021,140,1.49,4.66,4.99,2,9,129,1.43
WY,Carbon,2022,82,1.59,6.06,6.17,0,6,76,0.0
WY,Converse,2017,20,1.4,3.43,3.44,8,0,12,40.0
WY,Converse,2018,86,1.71,4.01,4.04,9,21,56,10.47
WY,Converse,2019,216,1.44,2.46,2.47,120,13,83,55.56
WY,Converse,2020,49,1.27,3.71,3.71,6,12,31,12.24
WY,Converse,2021,51,1.16,4.12,4.35,1,1,49,1.96
WY,Converse,2022,16,1.31,3.69,3.88,1,0,15,6.25
WY,Crook,2017,46,1.67,2.98,3.0,16,6,24,34.78
WY,Crook,2018,77,1.75,3.86,3.89,17,10,50,22.08
WY,Crook,2019,38,1.61,3.89,3.92,7,6,25,18.42
WY,Crook,2020,10,1.6,5.3,5.3,2,0,8,20.0
WY,Crook,2021,21,1.57,4.33,4.33,2,3,16,9.52
WY,Crook,2022,7,1.57,4.29,4.14,0,0,7,0.0
WY,Fremont,2017,17,1.71,7.9,7.93,5,5,7,29.41
WY,Fremont,2018,18,1.61,6.11,6.28,8,4,6,44.44
WY,Fremont,2019,69,1.25,4.57,4.64,27,12,30,39.13
WY,Fremont,2020,28,1.29,4.86,5.0,6,9,13,21.43
WY,Fremont,2021,44,1.23,4.45,4.7,13,3,28,29.55
WY,Fremont,2022,7,1.86,7.86,8.0,0,0,7,0.0
WY,Goshen,2017,38,1.68,2.37,2.39,18,5,15,47.37
WY,Goshen,2018,13,1.92,3.87,3.86,0,3,10,0.0
WY,Goshen,2019,19,1.21,3.7,3.72,5,0,14,26.32
WY,Goshen,2020,1,1.0,4.0,4.0,0,1,0,0.0
WY,Goshen,2021,9,1.22,2.89,3.0,0,0,9,0.0
WY,Goshen,2022,5,1.0,3.0,3.0,0,0,5,0.0
WY,Hot Springs,2017,5,1.6,8.64,8.7,0,2,3,0.0
WY,Hot Springs,2018,7,1.14,4.03,4.01,1,1,5,14.29
WY,Hot Springs,2019,17,1.35,4.75,4.93,4,4,9,23.53
WY,Hot Springs,2020,13,1.38,3.15,3.31,6,4,3,46.15
WY,Hot Springs,2021,2,1.0,3.0,3.0,0,0,2,0.0
WY,Johnson,2017,39,1.62,2.74,2.79,6,5,28,15.38
WY,Johnson,2018,86,1.84,3.25,3.35,15,14,57,17.44
WY,Johnson,2019,131,1.69,2.72,2.76,100,5,26,76.34
WY,Johnson,2020,33,1.55,3.03,3.24,3,4,26,9.09
WY,Johnson,2021,53,1.53,3.45,3.55,4,2,47,7.55
WY,Johnson,2022,18,1.44,3.33,3.5,3,1,14,16.67
WY,Laramie,2017,112,1.6,2.94,2.96,33,17,62,29.46
WY,Laramie,2018,170,1.68,3.77,3.79,23,18,129,13.53
WY,Laramie,2019,433,1.35,2.32,2.34,212,51,170,48.96
WY,Laramie,2020,153,0.8,3.5,3.61,26,24,103,16.99
WY,Laramie,2021,102,0.89,3.22,3.49,1,14,87,0.98
WY,Laramie,2022,68,0.82,4.5,4.65,3,3,62,4.41
WY,Lincoln,2017,17,1.53,6.22,6.23,3,3,11,17.65
WY,Lincoln,2018,27,1.7,7.77,7.78,2,7,18,7.41
WY,Lincoln,2019,39,1.54,5.01,5.2,4,8,27,10.26
WY,Lincoln,2020,34,1.74,6.03,6.15,0,10,24,0.0
WY,Lincoln,2021,58,1.24,3.43,3.71,0,2,56,0.0
WY,Lincoln,2022,18,1.56,5.06,5.22,0,3,15,0.0
WY,Natrona,2017,31,1.81,5.58,5.63,10,7,14,32.26
WY,Natrona,2018,60,1.65,3.66,3.69,12,6,42,20.0
WY,Natrona,2019,111,1.46,2.91,2.95,58,11,42,52.25
WY,Natrona,2020,22,1.41,3.95,4.05,7,3,12,31.82
WY,Natrona,2021,52,1.38,2.92,3.08,0,9,43,0.0
WY,Natrona,2022,54,1.61,4.85,4.98,27,8,19,50.0
WY,Niobrara,2017,20,1.55,6.53,6.55,8,7,5,40.0
WY,Niobrara,2018,50,1.84,5.24,5.23,2,20,28,4.0
WY,Niobrara,2019,11,1.45,4.68,4.87,6,0,5,54.55
WY,Niobrara,2020,114,1.59,5.36,5.39,19,41,54,16.67
WY,Niobrara,2021,22,0.73,5.27,5.18,0,2,20,0.0
WY,Niobrara,2022,1,0.0,2.0,2.0,0,0,1,0.0
WY,Park,2017,19,1.32,3.77,4.75,0,6,13,0.0
WY,Park,2018,41,1.68,5.21,5.73,0,18,23,0.0
WY,Park,2019,20,1.5,5.73,5.98,2,3,15,10.0
WY,Park,2020,16,1.69,5.44,5.44,4,4,8,25.0
WY,Park,2021,29,1.41,3.86,4.24,2,7,20,6.9
WY,Park,2022,5,1.6,6.6,7.0,1,0,4,20.0
WY,Platte,2017,23,1.78,6.94,6.96,2,3,18,8.7
WY,Platte,2018,48,1.75,3.64,3.68,7,6,35,14.58
WY,Platte,2019,212,1.64,1.8,1.83,152,10,50,71.7
WY,Platte,2020,7,1.57,4.71,5.0,1,1,5,14.29
WY,Platte,2021,36,1.33,2.81,2.92,1,1,34,2.78
WY,Platte,2022,40,1.6,4.47,4.6,2,1,37,5.0
WY,Sheridan,2017,39,1.69,2.33,2.36,9,6,24,23.08
WY,Sheridan,2018,67,1.69,3.76,3.81,8,8,51,11.94
WY,Sheridan,2019,30,1.33,2.59,2.79,5,3,22,16.67
WY,Sheridan,2020,9,1.56,6.11,6.33,1,1,7,11.11
WY,Sheridan,2021,35,1.2,3.26,3.51,0,0,35,0.0
WY,Sheridan,2022,27,1.3,4.22,4.22,2,0,25,7.41
WY,Sublette,2017,10,1.8,6.62,6.71,2,1,7,20.0
WY,Sublette,2018,17,1.71,7.03,7.07,2,3,12,11.76
WY,Sublette,2019,5,1.0,7.0,6.8,1,1,3,20.0
WY,Sublette,2020,2,1.0,7.5,8.0,1,0,1,50.0
WY,Sublette,2021,10,1.2,3.7,3.8,1,1,8,10.0
WY,Sublette,2022,1,0.0,2.0,2.0,0,0,1,0.0
WY,Sweetwater,2017,70,1.61,3.79,3.82,14,8,48,20.0
WY,Sweetwater,2018,164,1.65,4.27,4.29,33,20,111,20.12
WY,Sweetwater,2019,330,1.66,3.13,3.14,140,26,164,42.42
WY,Sweetwater,2020,143,1.54,3.96,4.01,14,17,112,9.79
WY,Sweetwater,2021,101,1.55,3.85,4.03,0,8,93,0.0
WY,Sweetwater,2022,39,1.77,5.38,5.46,2,4,33,5.13
WY,Teton,2017,33,1.58,4.29,4.9,2,8,23,6.06
WY,Teton,2018,64,1.48,4.32,4.83,3,31,30,4.69
WY,Teton,2019,38,1.32,5.44,5.85,4,11,23,10.53
WY,Teton,2020,33,1.48,4.76,5.36,5,13,15,15.15
WY,Teton,2021,79,1.27,4.29,5.19,7,35,37,8.86
WY,Teton,2022,28,0.89,3.93,4.93,2,4,22,7.14
WY,Uinta,2017,49,1.78,7.63,7.65,5,9,35,10.2
WY,Uinta,2018,226,1.65,3.77,3.78,7,19,200,3.1
WY,Uinta,2019,350,1.47,3.1,3.15,55,49,246,15.71
WY,Uinta,2020,84,1.13,4.38,4.71,9,12,63,10.71
WY,Uinta,2021,90,1.61,4.63,4.91,3,2,85,3.33
WY,Uinta,2022,65,1.51,4.72,4.91,6,3,56,9.23
WY,Washakie,2017,1,1.0,1.58,1.55,0,0,1,0.0
WY,Washakie,2018,3,1.67,3.34,3.41,0,0,3,0.0
WY,Washakie,2019,7,1.86,8.71,8.71,1,3,3,14.29
WY,Washakie,2020,20,1.5,4.5,4.55,5,10,5,25.0
WY,Washakie,2021,9,1.89,3.33,4.44,0,1,8,0.0
WY,Washakie,2022,1,1.0,2.0,2.0,0,0,1,0.0
WY,Weston,2017,16,1.62,2.63,2.63,13,3,0,81.25
WY,Weston,2018,11,1.73,6.62,6.62,1,1,9,9.09
WY,Weston,2019,6,1.17,4.17,4.0,2,3,1,33.33
WY,Weston,2020,4,1.0,5.75,5.75,3,1,0,75.0
WY,Weston,2021,32,1.5,5.12,5.25,6,10,16,18.75
WY,Weston,2022,3,1.0,2.67,3.0,0,0,3,0.0
