state,state_abbr,county,year,is_partial_year,num_active_units,total_co2_mass_tons,total_so2_mass_tons,total_nox_mass_tons,total_gross_load_mwh,total_heat_input_mmbtu,co2_rate_tons_per_mwh,so2_rate_tons_per_mwh,nox_rate_tons_per_mwh,pct_heatinput_coal,pct_heatinput_natural_gas,pct_heatinput_oil,pct_heatinput_biomass_waste,pct_heatinput_other,pct_heatinput_unknown,so2_to_nox_ratio,co2_to_nox_ratio,co2_yoy_pct_change,so2_yoy_pct_change,nox_yoy_pct_change
Alabama,AL,Autauga,2020,FALSE,12,5081359.693,25.653,1212.783,11796858.28,91917196.295,0.43074,0.000002,0.000103,3.97,96.03,0,0,0,0,0.0212,4189.8342,,,
Alabama,AL,Autauga,2021,FALSE,12,4747484.459,24.025,1101.44,11135696.6,85781588.892,0.42633,0.000002,0.000099,3.86,96.14,0,0,0,0,0.0218,4310.2525,-6.57,-6.35,-9.18
Alabama,AL,Autauga,2022,FALSE,10,6178457.586,31.181,456.075,14680379.8,103963832.582,0.42086,0.000002,0.000031,0,100,0,0,0,0,0.0684,13547.021,30.14,29.79,-58.59
Alabama,AL,Autauga,2023,FALSE,10,5954553.435,30.07,461.496,14277779.9,100196454.475,0.41705,0.000002,0.000032,0,100,0,0,0,0,0.0652,12902.7195,-3.62,-3.56,1.19
Alabama,AL,Autauga,2024,FALSE,9,4427969.195,22.342,383.686,10480380.2,74509068.93,0.4225,0.000002,0.000037,0,100,0,0,0,0,0.0582,11540.6066,-25.64,-25.7,-16.86
Alabama,AL,Autauga,2025,FALSE,10,4833388.761,24.367,390.34,11590655.96,81330357.141,0.41701,0.000002,0.000034,0,100,0,0,0,0,0.0624,12382.5095,9.16,9.06,1.73
Alabama,AL,Autauga,2026,TRUE,10,2265640.85,11.415,168.386,5396452.75,38123851.45,0.41984,0.000002,0.000031,0,100,0,0,0,0,0.0678,13455.0429,-53.13,-53.15,-56.86
Alabama,AL,Calhoun,2020,FALSE,4,25547.344,0.129,7.864,39084.61,422671.26,0.65364,0.000003,0.000201,0,100,0,0,0,0,0.0164,3248.645,,,
Alabama,AL,Calhoun,2021,FALSE,4,36363.292,0.179,14.645,50284.95,559678.236,0.72314,0.000004,0.000291,0,100,0,0,0,0,0.0122,2482.9834,42.34,38.76,86.23
Alabama,AL,Calhoun,2022,FALSE,4,320609.837,1.607,97.537,497637.28,5323776.326,0.64426,0.000003,0.000196,0,100,0,0,0,0,0.0165,3287.0586,781.69,797.77,566.01
Alabama,AL,Calhoun,2023,FALSE,4,29578.85,0.143,17.756,39372.75,436660.875,0.75125,0.000004,0.000451,0,100,0,0,0,0,0.0081,1665.851,-90.77,-91.1,-81.8
Alabama,AL,Calhoun,2024,FALSE,4,204928.125,1.031,58.503,325669,3424141.325,0.62925,0.000003,0.00018,0,100,0,0,0,0,0.0176,3502.8652,592.82,620.98,229.48
Alabama,AL,Calhoun,2025,FALSE,4,77473.95,0.393,27.169,98410.5,1255012.425,0.78725,0.000004,0.000276,0,100,0,0,0,0,0.0145,2851.5569,-62.19,-61.88,-53.56
Alabama,AL,Calhoun,2026,TRUE,4,87137.575,0.44,29.686,133619.75,1413309.3,0.65213,0.000003,0.000222,0,100,0,0,0,0,0.0148,2935.3087,12.47,11.96,9.26
Alabama,AL,Colbert,2020,FALSE,8,3304.1,1.743,11.298,3731,53425,0.88558,0.000467,0.003028,0,100,0,0,0,0,0.1543,292.45,,,
Alabama,AL,Colbert,2021,FALSE,8,16295.2,4.397,54.935,19967,269756.4,0.81611,0.00022,0.002751,0,100,0,0,0,0,0.08,296.6269,393.18,152.27,386.24
Alabama,AL,Colbert,2022,FALSE,8,31752.6,6.158,106.6,38946,529235.7,0.8153,0.000158,0.002737,0,100,0,0,0,0,0.0578,297.8668,94.86,40.05,94.05
Alabama,AL,Colbert,2023,FALSE,11,37420.817,3.888,61.766,57840.42,625437.879,0.64697,0.000067,0.001068,0,100,0,0,0,0,0.0629,605.8482,17.85,-36.86,-42.06
Alabama,AL,Colbert,2024,FALSE,11,550790.745,4.588,137.18,877308.68,9265628.821,0.62782,0.000005,0.000156,0,100,0,0,0,0,0.0334,4015.0951,1371.88,18,122.1
Alabama,AL,Colbert,2025,FALSE,11,592536.07,3.642,211.076,930491.26,9973371.154,0.6368,0.000004,0.000227,0,100,0,0,0,0,0.0173,2807.2167,7.58,-20.62,53.87
Alabama,AL,Colbert,2026,TRUE,11,347619.207,1.755,89.869,543031.95,5850151.065,0.64015,0.000003,0.000165,0,100,0,0,0,0,0.0195,3868.0658,-41.33,-51.81,-57.42
Alabama,AL,Covington,2020,FALSE,3,1776162.766,8.953,219.721,2874437.72,29887417.483,0.61792,0.000003,0.000076,0,100,0,0,0,0,0.0407,8083.7187,,,
Alabama,AL,Covington,2021,FALSE,3,1701113.135,8.651,208.245,2745703.55,28622563.224,0.61955,0.000003,0.000076,0,100,0,0,0,0,0.0415,8168.8066,-4.23,-3.37,-5.22
Alabama,AL,Covington,2022,FALSE,3,1679034.028,8.488,214.666,2673963.41,28253099.581,0.62792,0.000003,0.00008,0,100,0,0,0,0,0.0395,7821.6114,-1.3,-1.88,3.08
Alabama,AL,Covington,2023,FALSE,3,1597627.103,8.144,206.535,2534440.26,26881356.636,0.63037,0.000003,0.000081,0,100,0,0,0,0,0.0394,7735.3819,-4.85,-4.05,-3.79
Alabama,AL,Covington,2024,FALSE,3,1260014.079,6.393,172.149,2017612.21,21201643.386,0.62451,0.000003,0.000085,0,100,0,0,0,0,0.0371,7319.3227,-21.13,-21.5,-16.65
Alabama,AL,Covington,2025,FALSE,3,1511191.775,7.649,201.563,2431492.33,25428638.47,0.62151,0.000003,0.000083,0,100,0,0,0,0,0.0379,7497.367,19.93,19.65,17.09
Alabama,AL,Covington,2026,TRUE,3,688393.851,3.477,76.206,1110937.9,11583531.999,0.61965,0.000003,0.000069,0,100,0,0,0,0,0.0456,9033.3288,-54.45,-54.54,-62.19
Alabama,AL,Dallas,2020,FALSE,2,0,0,231.967,64748.81,1092160.103,0,0,0.003583,0,100,0,0,0,0,0,0,,,
Alabama,AL,Dallas,2021,FALSE,2,0,0,549.573,113768.98,1936632.207,0,0,0.004831,0,100,0,0,0,0,0,0,,,136.92
Alabama,AL,Dallas,2022,FALSE,2,0,0,134.952,18032.7,363399.836,0,0,0.007484,0,100,0,0,0,0,0,0,,,-75.44
Alabama,AL,Etowah,2020,FALSE,1,52695.925,0.266,56.023,0,886757.55,,,,0,100,0,0,0,0,0.0047,940.6123,,,
Alabama,AL,Etowah,2021,FALSE,0,0,0,0,0,0,,,,,,,,,,,,-100,-100,-100
Alabama,AL,Etowah,2022,FALSE,1,1246.25,0.006,0.779,0,20971,,,,0,100,0,0,0,0,0.0077,1599.8074,,,
Alabama,AL,Greene,2020,FALSE,11,696954.552,3.687,832.177,1149777.75,11641749.925,0.60616,0.000003,0.000724,0,100,0,0,0,0,0.0044,837.5076,,,
Alabama,AL,Greene,2021,FALSE,11,506935.54,4.802,466.338,814247,8383213.175,0.62258,0.000006,0.000573,0,100,0,0,0,0,0.0103,1087.056,-27.26,30.24,-43.96
Alabama,AL,Greene,2022,FALSE,11,817274.851,12.048,850.933,1325588,13512931.725,0.61654,0.000009,0.000642,0,100,0,0,0,0,0.0142,960.4456,61.22,150.9,82.47
Alabama,AL,Greene,2023,FALSE,11,877874.75,4.784,1128.351,1486496,14636558.775,0.59057,0.000003,0.000759,0,100,0,0,0,0,0.0042,778.0157,7.41,-60.29,32.6
Alabama,AL,Greene,2024,FALSE,11,960110.07,5.552,1171.525,1584186.25,15960788,0.60606,0.000004,0.00074,0,100,0,0,0,0,0.0047,819.5387,9.37,16.05,3.83
Alabama,AL,Greene,2025,FALSE,11,700210.449,3.764,828.121,1181317.5,11702692,0.59274,0.000003,0.000701,0,100,0,0,0,0,0.0045,845.5412,-27.07,-32.2,-29.31
Alabama,AL,Greene,2026,TRUE,11,200371.012,1.43,225.317,321209.5,3305461.725,0.6238,0.000004,0.000701,0,100,0,0,0,0,0.0063,889.2849,-71.38,-62.01,-72.79
Alabama,AL,Jackson,2020,FALSE,1,0,0,41.932,0,848070,,,,0,100,0,0,0,0,0,0,,,
Alabama,AL,Jackson,2021,FALSE,1,0,0,45.377,0,917730,,,,0,100,0,0,0,0,0,0,,,8.22
Alabama,AL,Jefferson,2020,FALSE,4,18846905.225,870.63,6360.155,17593673,179699736.425,1.07123,0.000049,0.000362,100,0,0,0,0,0,0.1369,2963.2777,,,
Alabama,AL,Jefferson,2021,FALSE,4,22965315.15,1259.123,7372.334,21850044.75,218967616.55,1.05104,0.000058,0.000337,100,0,0,0,0,0,0.1708,3115.0671,21.85,44.62,15.91
Alabama,AL,Jefferson,2022,FALSE,4,23814854.175,1191.666,7538.103,22441953.75,227067665.775,1.06118,0.000053,0.000336,100,0,0,0,0,0,0.1581,3159.2636,3.7,-5.36,2.25
Alabama,AL,Jefferson,2023,FALSE,4,18109178.3,777.201,5678.36,16992704.5,172665705.425,1.0657,0.000046,0.000334,100,0,0,0,0,0,0.1369,3189.1564,-23.96,-34.78,-24.67
Alabama,AL,Jefferson,2024,FALSE,4,20798073.8,941.05,6035.33,19896603.75,198303589.1,1.04531,0.000047,0.000303,100,0,0,0,0,0,0.1559,3446.0541,14.85,21.08,6.29
Alabama,AL,Jefferson,2025,FALSE,4,21354326.3,899.684,6358.473,20339405.25,203607308.125,1.0499,0.000044,0.000313,100,0,0,0,0,0,0.1415,3358.4048,2.67,-4.4,5.35
Alabama,AL,Jefferson,2026,TRUE,4,10054818.475,593.436,2988.529,9659059,95869775.65,1.04097,0.000061,0.000309,100,0,0,0,0,0,0.1986,3364.4708,-52.91,-34.04,-53
Alabama,AL,Lee,2020,FALSE,10,5195443.6,26.228,369.378,12975863.06,87424505.729,0.40039,0.000002,0.000028,0,100,0,0,0,0,0.071,14065.3845,,,
Alabama,AL,Lee,2021,FALSE,10,4671307.35,23.581,350.502,11676091.01,78605683.452,0.40007,0.000002,0.00003,0,100,0,0,0,0,0.0673,13327.477,-10.09,-10.09,-5.11
Alabama,AL,Lee,2022,FALSE,10,4874870.15,24.609,351.527,11955634.54,82030957.199,0.40775,0.000002,0.000029,0,100,0,0,0,0,0.07,13867.6976,4.36,4.36,0.29
Alabama,AL,Lee,2023,FALSE,10,5592225.4,28.232,395.799,14019022.7,94102870.033,0.3989,0.000002,0.000028,0,100,0,0,0,0,0.0713,14128.9528,14.72,14.72,12.59
Alabama,AL,Lee,2024,FALSE,10,4837807.275,24.423,352.762,12038455.26,81406471.751,0.40186,0.000002,0.000029,0,100,0,0,0,0,0.0692,13714.0828,-13.49,-13.49,-10.87
Alabama,AL,Lee,2025,FALSE,10,4972399.625,25.102,365.02,12354913,83671036.478,0.40246,0.000002,0.00003,0,100,0,0,0,0,0.0688,13622.2662,2.78,2.78,3.47
Alabama,AL,Lee,2026,TRUE,8,2437730.65,12.307,176.746,6122152.92,41019997.964,0.39818,0.000002,0.000029,0,100,0,0,0,0,0.0696,13792.2819,-50.97,-50.97,-51.58
Alabama,AL,Lowndes,2020,FALSE,1,367013.7,1.853,90.953,900489.75,6175748.55,0.40757,0.000002,0.000101,0,100,0,0,0,0,0.0204,4035.2017,,,
Alabama,AL,Lowndes,2021,FALSE,1,340649.05,1.72,82.033,835729.75,5732121.15,0.40761,0.000002,0.000098,0,100,0,0,0,0,0.021,4152.5855,-7.18,-7.18,-9.81
Alabama,AL,Lowndes,2022,FALSE,1,324874.675,1.64,82.38,797255,5466613.075,0.40749,0.000002,0.000103,0,100,0,0,0,0,0.0199,3943.611,-4.63,-4.65,0.42
Alabama,AL,Lowndes,2023,FALSE,1,382996.6,1.934,98.342,940079.75,6444564.375,0.40741,0.000002,0.000105,0,100,0,0,0,0,0.0197,3894.5374,17.89,17.93,19.38
Alabama,AL,Lowndes,2024,FALSE,1,404794.3,2.044,102.47,993658,6811433,0.40738,0.000002,0.000103,0,100,0,0,0,0,0.0199,3950.3689,5.69,5.69,4.2
Alabama,AL,Lowndes,2025,FALSE,1,373795.6,1.887,95.923,917471,6289780.475,0.40742,0.000002,0.000105,0,100,0,0,0,0,0.0197,3896.8297,-7.66,-7.68,-6.39
Alabama,AL,Lowndes,2026,TRUE,1,148556.625,0.75,38.53,364620.25,2499745.9,0.40743,0.000002,0.000106,0,100,0,0,0,0,0.0195,3855.6093,-60.26,-60.25,-59.83
Alabama,AL,Mobile,2020,FALSE,10,8385957.94,1291.253,1766.524,15417414.3,117796244.343,0.54393,0.000084,0.000115,27.24,72.76,0,0,0,0,0.731,4747.152,,,
Alabama,AL,Mobile,2021,FALSE,9,8978168.627,3888.742,2455.734,15696908.25,121484512.279,0.57197,0.000248,0.000156,33.53,66.47,0,0,0,0,1.5835,3656.0021,7.06,201.16,39.02
Alabama,AL,Mobile,2022,FALSE,10,8917492.97,1356.106,2027.358,15773895.53,122010262.11,0.56533,0.000086,0.000129,32.7,67.3,0,0,0,0,0.6689,4398.5783,-0.68,-65.13,-17.44
Alabama,AL,Mobile,2023,FALSE,11,6981020.917,287.962,1424.038,13516482.54,103086322.599,0.51648,0.000021,0.000105,19.21,80.79,0,0,0,0,0.2022,4902.2715,-21.72,-78.77,-29.76
Alabama,AL,Mobile,2024,FALSE,11,7671412.326,188.336,972.633,17401223.18,122788942.216,0.44085,0.000011,0.000056,7.06,92.94,0,0,0,0,0.1936,7887.2631,9.89,-34.6,-31.7
Alabama,AL,Mobile,2025,FALSE,11,7616301.437,196.155,976.338,16922970.52,121286755.495,0.45006,0.000012,0.000058,7.8,92.2,0,0,0,0,0.2009,7800.886,-0.72,4.15,0.38
Alabama,AL,Mobile,2026,TRUE,11,3515853.215,45.906,303.557,8314320.86,58004187.982,0.42287,0.000006,0.000037,2.75,97.25,0,0,0,0,0.1512,11582.1846,-53.84,-76.6,-68.91
Alabama,AL,Morgan,2020,FALSE,9,1978754.502,9.99,642.527,4487630.96,38185894.124,0.44094,0.000002,0.000143,0.5,99.5,0,0,0,0,0.0155,3079.6441,,,
Alabama,AL,Morgan,2021,FALSE,9,2648392.903,13.371,755.691,5988132.82,50371150.778,0.44227,0.000002,0.000126,0.43,99.57,0,0,0,0,0.0177,3504.5977,33.84,33.84,17.61
Alabama,AL,Morgan,2022,FALSE,7,3504800.081,17.693,557.201,8045417.17,61598431.274,0.43563,0.000002,0.000069,0,100,0,0,0,0,0.0318,6290.0104,32.34,32.32,-26.27
Alabama,AL,Morgan,2023,FALSE,7,3370723.025,17.015,519.411,7791493.71,59395082.597,0.43262,0.000002,0.000067,0,100,0,0,0,0,0.0328,6489.5103,-3.83,-3.83,-6.78
Alabama,AL,Morgan,2024,FALSE,7,3451626.563,17.423,620.678,8201825.84,60827747.227,0.42084,0.000002,0.000076,0,100,0,0,0,0,0.0281,5561.0583,2.4,2.4,19.5
Alabama,AL,Morgan,2025,FALSE,7,3608675.478,18.219,482.406,8563196.33,62883236.286,0.42142,0.000002,0.000056,0,100,0,0,0,0,0.0378,7480.5775,4.55,4.57,-22.28
Alabama,AL,Morgan,2026,TRUE,7,1682461.474,8.493,224.039,3997158.62,29204302.671,0.42091,0.000002,0.000056,0,100,0,0,0,0,0.0379,7509.6812,-53.38,-53.38,-53.56
Alabama,AL,Russell,2020,FALSE,2,0,0,85.025,72268.02,1530859.1,0,0,0.001177,0,100,0,0,0,0,0,0,,,
Alabama,AL,Russell,2021,FALSE,2,0,0,1404.119,67585.39,1573899.506,0,0,0.020775,0,100,0,0,0,0,0,0,,,1551.42
Alabama,AL,Shelby,2020,FALSE,5,3832358.702,760.079,2254.772,4158876.75,44005747.7,0.92149,0.000183,0.000542,64.97,35.03,0,0,0,0,0.3371,1699.6657,,,
Alabama,AL,Shelby,2021,FALSE,5,4527563.601,1017.396,2750.051,4739364.5,49997605.675,0.95531,0.000215,0.00058,79.04,20.96,0,0,0,0,0.37,1646.3562,18.14,33.85,21.97
Alabama,AL,Shelby,2022,FALSE,5,3823447.102,1154.597,2521.913,4435001,47048062.325,0.86211,0.00026,0.000569,68.38,31.62,0,0,0,0,0.4578,1516.09,-15.55,13.49,-8.3
Alabama,AL,Shelby,2023,FALSE,5,3277111.004,847.64,2318.763,3724241,39268998.175,0.87994,0.000228,0.000623,56.85,43.15,0,0,0,0,0.3656,1413.3014,-14.29,-26.59,-8.06
Alabama,AL,Shelby,2024,FALSE,5,3142184.55,1405.173,2133.872,3599419.25,37456169.95,0.87297,0.00039,0.000593,54.98,45.02,0,0,0,0,0.6585,1472.5272,-4.12,65.77,-7.97
Alabama,AL,Shelby,2025,FALSE,5,3554476.75,939.715,2177.571,4186779.5,42897407.9,0.84898,0.000224,0.00052,64.14,35.86,0,0,0,0,0.4315,1632.3127,13.12,-33.12,2.05
Alabama,AL,Shelby,2026,TRUE,5,1165828.15,153.219,623.084,1496226.75,14967251.975,0.77918,0.000102,0.000416,78.14,21.86,0,0,0,0,0.2459,1871.061,-67.2,-83.7,-71.39
Alabama,AL,Talladega,2020,FALSE,2,24690.5,0.132,17.683,43195,418583.2,0.57161,0.000003,0.000409,0,100,0,0,0,0,0.0075,1396.2846,,,
Alabama,AL,Talladega,2021,FALSE,2,30642.3,0.168,21.954,53095,519639.2,0.57712,0.000003,0.000413,0,100,0,0,0,0,0.0077,1395.7502,24.11,27.27,24.15
Alabama,AL,Talladega,2022,FALSE,2,60630.3,0.328,43.441,105258,1027552.3,0.57602,0.000003,0.000413,0,100,0,0,0,0,0.0076,1395.693,97.86,95.24,97.87
Alabama,AL,Talladega,2023,FALSE,2,31277.3,0.166,22.655,47662,529921.6,0.65623,0.000003,0.000475,0,100,0,0,0,0,0.0073,1380.5915,-48.41,-49.39,-47.85
Alabama,AL,Talladega,2024,FALSE,2,20771.9,0.113,15.055,36543,352126.3,0.56842,0.000003,0.000412,0,100,0,0,0,0,0.0075,1379.7343,-33.59,-31.93,-33.55
Alabama,AL,Talladega,2025,FALSE,2,28509.3,0.155,20.861,49921,483330.9,0.57109,0.000003,0.000418,0,100,0,0,0,0,0.0074,1366.6315,37.25,37.17,38.57
Alabama,AL,Talladega,2026,TRUE,2,15972.9,0.087,11.714,28031,270756.9,0.56983,0.000003,0.000418,0,100,0,0,0,0,0.0074,1363.5735,-43.97,-43.87,-43.85
Alabama,AL,Tallapoosa,2020,FALSE,2,2185607.354,11.034,136.818,5419479.53,36777104.596,0.40329,0.000002,0.000025,0,100,0,0,0,0,0.0806,15974.56,,,
Alabama,AL,Tallapoosa,2021,FALSE,2,2135981.474,10.783,132.127,5254941.94,35941972.307,0.40647,0.000002,0.000025,0,100,0,0,0,0,0.0816,16166.1241,-2.27,-2.27,-3.43
Alabama,AL,Tallapoosa,2022,FALSE,2,2121565.179,10.71,133.851,5215329.48,35699453.727,0.40679,0.000002,0.000026,0,100,0,0,0,0,0.08,15850.2004,-0.67,-0.68,1.3
Alabama,AL,Tallapoosa,2023,FALSE,2,1780385.067,8.988,105.814,4339568.21,29958423.445,0.41027,0.000002,0.000024,0,100,0,0,0,0,0.0849,16825.6097,-16.08,-16.08,-20.95
Alabama,AL,Tallapoosa,2024,FALSE,2,1871271.256,9.447,106.138,4515732.43,31487827.626,0.41439,0.000002,0.000024,0,100,0,0,0,0,0.089,17630.5494,5.1,5.11,0.31
Alabama,AL,Tallapoosa,2025,FALSE,2,1366930.34,6.901,84.97,3205611.18,23001306.164,0.42642,0.000002,0.000027,0,100,0,0,0,0,0.0812,16087.2113,-26.95,-26.95,-19.94
Alabama,AL,Tallapoosa,2026,TRUE,2,507116.11,2.56,30.741,1192811.9,8533185.942,0.42514,0.000002,0.000026,0,100,0,0,0,0,0.0833,16496.409,-62.9,-62.9,-63.82
Alabama,AL,Washington,2020,FALSE,7,1124467.206,268.11,1093.422,1844421.26,15983566.154,0.60966,0.000145,0.000593,25.3,74.7,0,0,0,0,0.2452,1028.3927,,,
Alabama,AL,Washington,2021,FALSE,6,901417.252,4.551,274.033,1804170.7,15166738.189,0.49963,0.000003,0.000152,0,100,0,0,0,0,0.0166,3289.4478,-19.84,-98.3,-74.94
Alabama,AL,Washington,2022,FALSE,6,1048391.311,5.299,339.521,1994407.85,17640432.276,0.52567,0.000003,0.00017,0,100,0,0,0,0,0.0156,3087.8541,16.3,16.44,23.9
Alabama,AL,Washington,2023,FALSE,7,1628630.39,8.227,401.619,3653643.58,27404130.6,0.44576,0.000002,0.00011,0,100,0,0,0,0,0.0205,4055.1627,55.35,55.26,18.29
Alabama,AL,Washington,2024,FALSE,7,2240274.638,11.313,359.681,5723839.32,37696585.796,0.39139,0.000002,0.000063,0,100,0,0,0,0,0.0315,6228.5043,37.56,37.51,-10.44
Alabama,AL,Washington,2025,FALSE,7,2301729.293,11.623,637.213,5832120.82,38730486.196,0.39466,0.000002,0.000109,0,100,0,0,0,0,0.0182,3612.1819,2.74,2.74,77.16
Alabama,AL,Washington,2026,TRUE,7,1161990.098,5.867,442.69,2940281.68,19552785.648,0.3952,0.000002,0.000151,0,100,0,0,0,0,0.0133,2624.8393,-49.52,-49.52,-30.53
Alaska,AK,Denali Borough,2020,FALSE,1,0,0,0,214289.1,0,0,0,0,,,,,,,,,,,
Alaska,AK,Denali Borough,2021,FALSE,1,0,0,0,250187.89,0,0,0,0,,,,,,,,,,,
Alaska,AK,Denali Borough,2022,FALSE,1,0,0,0,289925.66,0,0,0,0,,,,,,,,,,,
Alaska,AK,Denali Borough,2023,FALSE,1,0,0,0,278474.22,0,0,0,0,,,,,,,,,,,
Alaska,AK,Denali Borough,2024,FALSE,1,0,0,0,301690.56,0,0,0,0,,,,,,,,,,,
Alaska,AK,Denali Borough,2025,FALSE,1,0,0,0,344059.75,0,0,0,0,,,,,,,,,,,
Alaska,AK,Denali Borough,2026,TRUE,1,0,0,0,130181.32,0,0,0,0,,,,,,,,,,,
Arizona,AZ,Apache,2020,FALSE,6,12238506.733,6142.466,7847.888,11525112.33,116730714.279,1.0619,0.000533,0.000681,100,0,0,0,0,0,0.7827,1559.465,,,
Arizona,AZ,Apache,2021,FALSE,6,13606133.86,6166.436,9127.904,12959602.89,129781388.094,1.04989,0.000476,0.000704,100,0,0,0,0,0,0.6756,1490.6088,11.17,0.39,16.31
Arizona,AZ,Apache,2022,FALSE,6,12073124.903,5828.972,7375.93,11492677.56,115178236.588,1.05051,0.000507,0.000642,100,0,0,0,0,0,0.7903,1636.8275,-11.27,-5.47,-19.19
Arizona,AZ,Apache,2023,FALSE,6,11685249.083,5802.154,7046.976,11225582.96,111483838.44,1.04095,0.000517,0.000628,100,0,0,0,0,0,0.8234,1658.1934,-3.21,-0.46,-4.46
Arizona,AZ,Apache,2024,FALSE,6,10122838.676,4225.807,5861.647,9621063.6,96568913.273,1.05215,0.000439,0.000609,100,0,0,0,0,0,0.7209,1726.9615,-13.37,-27.17,-16.82
Arizona,AZ,Apache,2025,FALSE,6,10123604.26,4065.339,4378.34,9791999.7,96607575.422,1.03386,0.000415,0.000447,100,0,0,0,0,0,0.9285,2312.2015,0.01,-3.8,-25.31
Arizona,AZ,Apache,2026,TRUE,6,3428785.771,1421.548,1563.01,3223217.69,32725898.056,1.06378,0.000441,0.000485,100,0,0,0,0,0,0.9095,2193.7069,-66.13,-65.03,-64.3
Arizona,AZ,Cochise,2020,FALSE,4,1683841.084,95.389,1289.336,2351590.92,24173837.737,0.71604,0.000041,0.000548,40.75,59.25,0,0,0,0,0.074,1305.9754,,,
Arizona,AZ,Cochise,2021,FALSE,4,1832432.632,202.799,1673.497,2195297.04,23141620.959,0.83471,0.000092,0.000762,61.89,38.11,0,0,0,0,0.1212,1094.9722,8.82,112.6,29.8
Arizona,AZ,Cochise,2022,FALSE,4,1861522.233,292.6,1753.877,2144586.4,22046575.542,0.86801,0.000136,0.000818,64.86,35.14,0,0,0,0,0.1668,1061.3756,1.59,44.28,4.8
Arizona,AZ,Cochise,2023,FALSE,4,1483122.023,138.887,1183.104,2037924.24,20687363.112,0.72776,0.000068,0.000581,52.39,47.61,0,0,0,0,0.1174,1253.5855,-20.33,-52.53,-32.54
Arizona,AZ,Cochise,2024,FALSE,4,1542733.812,32.493,1113.608,2423774.84,24093378.194,0.6365,0.000013,0.000459,54.17,45.83,0,0,0,0,0.0292,1385.3473,4.02,-76.6,-5.87
Arizona,AZ,Cochise,2025,FALSE,6,1611699.832,69.485,1377.907,2243246.81,23474171.109,0.71847,0.000031,0.000614,52.82,47.18,0,0,0,0,0.0504,1169.6724,4.47,113.85,23.73
Arizona,AZ,Cochise,2026,TRUE,6,505619.094,8.115,374.26,818541.51,8046225.956,0.61771,0.00001,0.000457,44.32,55.68,0,0,0,0,0.0217,1350.9835,-68.63,-88.32,-72.84
Arizona,AZ,Maricopa,2020,FALSE,33,15863966.224,80.084,1870.674,37382392.91,266941588.452,0.42437,0.000002,0.00005,0,100,0,0,0,0,0.0428,8480.3478,,,
Arizona,AZ,Maricopa,2021,FALSE,36,15378445.138,77.635,1330.707,35476777.59,258771633.562,0.43348,0.000002,0.000038,0,100,0,0,0,0,0.0583,11556.5975,-3.06,-3.06,-28.86
Arizona,AZ,Maricopa,2022,FALSE,38,15204088.651,76.756,1363.763,34680405.86,255837970.265,0.43841,0.000002,0.000039,0,100,0,0,0,0,0.0563,11148.6297,-1.13,-1.13,2.48
Arizona,AZ,Maricopa,2023,FALSE,38,16097027.13,81.265,1387.787,37030166.72,270863434.355,0.4347,0.000002,0.000037,0,100,0,0,0,0,0.0586,11599.0618,5.87,5.87,1.76
Arizona,AZ,Maricopa,2024,FALSE,38,16878781.593,85.213,1592.851,38614812.17,284017871.245,0.43711,0.000002,0.000041,0,100,0,0,0,0,0.0535,10596.5854,4.86,4.86,14.78
Arizona,AZ,Maricopa,2025,FALSE,38,16715815.6,84.384,1575.035,38533822.38,281275946.03,0.4338,0.000002,0.000041,0,100,0,0,0,0,0.0536,10612.9804,-0.97,-0.97,-1.12
Arizona,AZ,Maricopa,2026,TRUE,38,6555298.181,33.094,554.035,15183855.9,110305541.749,0.43173,0.000002,0.000036,0,100,0,0,0,0,0.0597,11831.9207,-60.78,-60.78,-64.82
Arizona,AZ,Mohave,2020,FALSE,6,2501794.366,15.078,260.739,5777151.25,42097482.822,0.43305,0.000003,0.000045,0,100,0,0,0,0,0.0578,9595.014,,,
Arizona,AZ,Mohave,2021,FALSE,6,2787363.029,15.988,265.299,6512942.48,46902606.746,0.42797,0.000002,0.000041,0,100,0,0,0,0,0.0603,10506.4966,11.41,6.04,1.75
Arizona,AZ,Mohave,2022,FALSE,6,2114152.094,12.096,212.006,4893016.37,35574575.436,0.43208,0.000002,0.000043,0,100,0,0,0,0,0.0571,9972.1333,-24.15,-24.34,-20.09
Arizona,AZ,Mohave,2023,FALSE,6,2860467.08,15.908,265.807,6626445.55,48132917.758,0.43167,0.000002,0.00004,0,100,0,0,0,0,0.0598,10761.4438,35.3,31.51,25.38
Arizona,AZ,Mohave,2024,FALSE,6,2887459.031,15.905,261.815,6607737.4,48588527.312,0.43698,0.000002,0.00004,0,100,0,0,0,0,0.0607,11028.6234,0.94,-0.02,-1.5
Arizona,AZ,Mohave,2025,FALSE,6,2542888.654,13.678,220.829,6027049.1,42789216.694,0.42191,0.000002,0.000037,0,100,0,0,0,0,0.0619,11515.1934,-11.93,-14,-15.65
Arizona,AZ,Mohave,2026,TRUE,6,1240042.261,6.281,96.165,2983035.67,20866112.086,0.4157,0.000002,0.000032,0,100,0,0,0,0,0.0653,12894.9437,-51.23,-54.08,-56.45
Arizona,AZ,Navajo,2020,FALSE,3,4176620.563,1860.681,3660.622,3527615.59,40707844.837,1.18398,0.000527,0.001038,100,0,0,0,0,0,0.5083,1140.9593,,,
Arizona,AZ,Navajo,2021,FALSE,2,2505736.203,1068.858,2247.809,2096648.41,24422381.808,1.19512,0.00051,0.001072,100,0,0,0,0,0,0.4755,1114.746,-40.01,-42.56,-38.59
Arizona,AZ,Navajo,2022,FALSE,2,2957243.615,1158.257,2581.756,2559928.09,28823090.748,1.15521,0.000452,0.001009,100,0,0,0,0,0,0.4486,1145.4388,18.02,8.36,14.86
Arizona,AZ,Navajo,2023,FALSE,2,2272264.575,918.513,1982.254,1987350.31,22146886.998,1.14336,0.000462,0.000997,100,0,0,0,0,0,0.4634,1146.3034,-23.16,-20.7,-23.22
Arizona,AZ,Navajo,2024,FALSE,2,1546646.35,615.852,1381.755,1456475.39,15074500.94,1.06191,0.000423,0.000949,100,0,0,0,0,0,0.4457,1119.3347,-31.93,-32.95,-30.29
Arizona,AZ,Navajo,2025,FALSE,2,467026.462,167.906,382.845,438207.34,4551918.497,1.06577,0.000383,0.000874,100,0,0,0,0,0,0.4386,1219.8839,-69.8,-72.74,-72.29
Arizona,AZ,Navajo,2026,TRUE,0,0,0,0,0,0,,,,,,,,,,,,-100,-100,-100
Arizona,AZ,Pima,2020,FALSE,3,631186.822,18.587,895.406,1017894.73,10620965.981,0.62009,0.000018,0.00088,0,100,0,0,0,0,0.0208,704.9169,,,
Arizona,AZ,Pima,2021,FALSE,3,305446.511,8.995,402.286,485499.68,5139760.911,0.62914,0.000019,0.000829,0,100,0,0,0,0,0.0224,759.277,-51.61,-51.61,-55.07
Arizona,AZ,Pima,2022,FALSE,3,381337.458,11.23,479.759,594977.04,6416799.906,0.64093,0.000019,0.000806,0,100,0,0,0,0,0.0234,794.8521,24.85,24.85,19.26
Arizona,AZ,Pima,2023,FALSE,3,536007.461,15.784,816.978,858292.45,9019348.943,0.6245,0.000018,0.000952,0,100,0,0,0,0,0.0193,656.0856,40.56,40.55,70.29
Arizona,AZ,Pima,2024,FALSE,3,665210.872,19.588,1044.94,1104030.23,11193479.766,0.60253,0.000018,0.000946,0,100,0,0,0,0,0.0187,636.602,24.1,24.1,27.9
Arizona,AZ,Pima,2025,FALSE,3,816536.369,24.045,1239.064,1333027.64,13739810.165,0.61254,0.000018,0.00093,0,100,0,0,0,0,0.0194,658.9945,22.75,22.75,18.58
Arizona,AZ,Pima,2026,TRUE,3,331623.05,9.766,510.127,535920.86,5580296.656,0.61879,0.000018,0.000952,0,100,0,0,0,0,0.0191,650.0794,-59.39,-59.38,-58.83
Arizona,AZ,Pinal,2020,FALSE,25,1490679.752,7.525,156.876,2879182.39,25083635.198,0.51774,0.000003,0.000054,0,100,0,0,0,0,0.048,9502.2805,,,
Arizona,AZ,Pinal,2021,FALSE,25,1328475.373,6.708,147.53,2647465.69,22354181.694,0.50179,0.000003,0.000056,0,100,0,0,0,0,0.0455,9004.7812,-10.88,-10.86,-5.96
Arizona,AZ,Pinal,2022,FALSE,27,1158340.787,5.849,132.735,2251740.42,19491358.62,0.51442,0.000003,0.000059,0,100,0,0,0,0,0.0441,8726.717,-12.81,-12.81,-10.03
Arizona,AZ,Pinal,2023,FALSE,27,2044673.619,10.32,226.624,4163007.4,34405493.477,0.49115,0.000002,0.000054,0,100,0,0,0,0,0.0455,9022.3172,76.52,76.44,70.73
Arizona,AZ,Pinal,2024,FALSE,29,1695699.103,8.562,194.562,3527323.32,28533452.947,0.48073,0.000002,0.000055,0,100,0,0,0,0,0.044,8715.4691,-17.07,-17.03,-14.15
Arizona,AZ,Pinal,2025,FALSE,31,1269798.22,6.412,140.034,2636983.9,21366869.188,0.48153,0.000002,0.000053,0,100,0,0,0,0,0.0458,9067.7851,-25.12,-25.11,-28.03
Arizona,AZ,Pinal,2026,TRUE,37,581778.633,2.934,60.242,1240113.93,9789596.001,0.46913,0.000002,0.000049,0,100,0,0,0,0,0.0487,9657.3592,-54.18,-54.24,-56.98
Arizona,AZ,Yuma,2020,FALSE,4,352496.841,1.779,212.112,530686.4,5931525.792,0.66423,0.000003,0.0004,0,100,0,0,0,0,0.0084,1661.843,,,
Arizona,AZ,Yuma,2021,FALSE,4,241469.451,1.219,120.254,384097.29,4063219.315,0.62867,0.000003,0.000313,0,100,0,0,0,0,0.0101,2007.9952,-31.5,-31.48,-43.31
Arizona,AZ,Yuma,2022,FALSE,4,204175.314,1.031,93.915,323196.81,3435553.806,0.63174,0.000003,0.000291,0,100,0,0,0,0,0.011,2174.0437,-15.44,-15.42,-21.9
Arizona,AZ,Yuma,2023,FALSE,4,182996.044,0.923,62.04,324994.43,3079172.159,0.56307,0.000003,0.000191,0,100,0,0,0,0,0.0149,2949.6461,-10.37,-10.48,-33.94
Arizona,AZ,Yuma,2024,FALSE,3,109295.805,0.552,18.85,190260.3,1839156.407,0.57445,0.000003,0.000099,0,100,0,0,0,0,0.0293,5798.1859,-40.27,-40.2,-69.62
Arizona,AZ,Yuma,2025,FALSE,3,96152.056,0.486,12.915,164721.76,1617907.509,0.58372,0.000003,0.000078,0,100,0,0,0,0,0.0376,7444.9908,-12.03,-11.96,-31.49
Arizona,AZ,Yuma,2026,TRUE,3,14562.123,0.074,1.537,24857.84,245047.676,0.58582,0.000003,0.000062,0,100,0,0,0,0,0.0481,9474.3806,-84.86,-84.77,-88.1
Arkansas,AR,Benton,2020,FALSE,1,2105410.454,536.087,1866.057,1992175.7,20074444.36,1.05684,0.000269,0.000937,100,0,0,0,0,0,0.2873,1128.267,,,
Arkansas,AR,Benton,2021,FALSE,1,3214063.482,852.786,2837.512,3027390.76,30645130.109,1.06166,0.000282,0.000937,100,0,0,0,0,0,0.3005,1132.7048,52.66,59.08,52.06
Arkansas,AR,Benton,2022,FALSE,1,2971364.009,819.059,2777.512,2775917.7,28331081.821,1.07041,0.000295,0.001001,100,0,0,0,0,0,0.2949,1069.7934,-7.55,-3.95,-2.11
Arkansas,AR,Benton,2023,FALSE,1,2491950.095,642.987,2574.732,2276365.06,23759994.669,1.09471,0.000282,0.001131,100,0,0,0,0,0,0.2497,967.8483,-16.13,-21.5,-7.3
Arkansas,AR,Benton,2024,FALSE,1,2704732.294,693.462,2785.053,2568008.9,25788788.08,1.05324,0.00027,0.001085,100,0,0,0,0,0,0.249,971.1601,8.54,7.85,8.17
Arkansas,AR,Benton,2025,FALSE,1,3345461.901,846.989,3188.59,3180702.42,31898009.523,1.0518,0.000266,0.001002,100,0,0,0,0,0,0.2656,1049.1979,23.69,22.14,14.49
Arkansas,AR,Benton,2026,TRUE,1,1156032.694,298.758,1283.392,1084581.41,11022442.61,1.06588,0.000275,0.001183,100,0,0,0,0,0,0.2328,900.7635,-65.44,-64.73,-59.75
Arkansas,AR,Craighead,2020,FALSE,3,6666.9,0.055,6.426,10558,112600.1,0.63145,0.000005,0.000609,0,100,0,0,0,0,0.0086,1037.4883,,,
Arkansas,AR,Craighead,2021,FALSE,3,19481.2,0.102,15.596,30527,330212.5,0.63816,0.000003,0.000511,0,100,0,0,0,0,0.0065,1249.1152,192.21,85.45,142.7
Arkansas,AR,Craighead,2022,FALSE,3,49656.3,0.646,63.922,80318,836180.5,0.61825,0.000008,0.000796,0,100,0,0,0,0,0.0101,776.8264,154.89,533.33,309.86
Arkansas,AR,Craighead,2023,FALSE,3,52229,0.279,45.839,84796,885050.7,0.61594,0.000003,0.000541,0,100,0,0,0,0,0.0061,1139.4009,5.18,-56.81,-28.29
Arkansas,AR,Craighead,2024,FALSE,3,49128.6,0.332,45.884,79414,831747.3,0.61864,0.000004,0.000578,0,100,0,0,0,0,0.0072,1070.7131,-5.94,19,0.1
Arkansas,AR,Craighead,2025,FALSE,3,31738.3,0.167,28.855,50603,537946.4,0.6272,0.000003,0.00057,0,100,0,0,0,0,0.0058,1099.9238,-35.4,-49.7,-37.11
Arkansas,AR,Craighead,2026,TRUE,3,10910.9,0.162,11.687,17499,183415.7,0.62352,0.000009,0.000668,0,100,0,0,0,0,0.0139,933.5929,-65.62,-2.99,-59.5
Arkansas,AR,Franklin,2020,FALSE,1,223336.403,3.461,151.545,434254.39,3751482.31,0.5143,0.000008,0.000349,0,100,0,0,0,0,0.0228,1473.7299,,,
Arkansas,AR,Franklin,2021,FALSE,1,132866.408,27.105,89.298,244206.97,2161184.959,0.54407,0.000111,0.000366,0,100,0,0,0,0,0.3035,1487.899,-40.51,683.16,-41.07
Arkansas,AR,Franklin,2022,FALSE,1,251638.227,6.653,159.096,489399.68,4219094.044,0.51418,0.000014,0.000325,0,100,0,0,0,0,0.0418,1581.6754,89.39,-75.45,78.16
Arkansas,AR,Franklin,2023,FALSE,1,211302.118,1.153,143.356,411773.43,3555359.688,0.51315,0.000003,0.000348,0,100,0,0,0,0,0.008,1473.9677,-16.03,-82.67,-9.89
Arkansas,AR,Franklin,2024,FALSE,1,253872.94,15.885,179.661,494811.17,4231317.884,0.51307,0.000032,0.000363,0,100,0,0,0,0,0.0884,1413.0665,20.15,1277.71,25.33
Arkansas,AR,Franklin,2025,FALSE,1,248753.513,2.295,154.127,481516.26,4182866.212,0.5166,0.000005,0.00032,0,100,0,0,0,0,0.0149,1613.9516,-2.02,-85.55,-14.21
Arkansas,AR,Franklin,2026,TRUE,1,94074.389,7.163,60.912,178773.95,1564411.439,0.52622,0.00004,0.000341,0,100,0,0,0,0,0.1176,1544.4311,-62.18,212.11,-60.48
Arkansas,AR,Hempstead,2020,FALSE,2,3486261.047,658.343,717.315,3822304.71,33566641.634,0.91208,0.000172,0.000188,97.76,2.24,0,0,0,0,0.9178,4860.1536,,,
Arkansas,AR,Hempstead,2021,FALSE,2,3476735.097,579.756,759.064,3760224.02,33744713.381,0.92461,0.000154,0.000202,95.93,4.07,0,0,0,0,0.7638,4580.2924,-0.27,-11.94,5.82
Arkansas,AR,Hempstead,2022,FALSE,2,3699178.531,637.71,841.43,3975998.03,35598240.557,0.93038,0.00016,0.000212,97.88,2.12,0,0,0,0,0.7579,4396.2998,6.4,10,10.85
Arkansas,AR,Hempstead,2023,FALSE,2,3260353.33,572.28,651.676,3501258.29,31768245.136,0.93119,0.000163,0.000186,95.05,4.95,0,0,0,0,0.8782,5003.0281,-11.86,-10.26,-22.55
Arkansas,AR,Hempstead,2024,FALSE,2,2983951.649,552.549,628.088,3282192.54,29349233.684,0.90913,0.000168,0.000191,92.93,7.07,0,0,0,0,0.8797,4750.8496,-8.48,-3.45,-3.62
Arkansas,AR,Hempstead,2025,FALSE,2,3407622.113,590.661,683.894,3850877.36,33821255.465,0.88489,0.000153,0.000178,90.91,9.09,0,0,0,0,0.8637,4982.6758,14.2,6.9,8.89
Arkansas,AR,Hempstead,2026,TRUE,2,1127499.694,200.678,233.533,1244941.59,10958327.555,0.90566,0.000161,0.000188,95.62,4.38,0,0,0,0,0.8593,4828.0101,-66.91,-66.02,-65.85
Arkansas,AR,Hot Spring,2020,FALSE,5,1550230.544,7.826,819.404,3588278.82,26085564.548,0.43203,0.000002,0.000228,0,100,0,0,0,0,0.0096,1891.9001,,,
Arkansas,AR,Hot Spring,2021,FALSE,5,1769329.768,8.932,415.601,4244678.34,29772433.34,0.41683,0.000002,0.000098,0,100,0,0,0,0,0.0215,4257.2799,14.13,14.13,-49.28
Arkansas,AR,Hot Spring,2022,FALSE,5,2982603.303,15.056,558.505,7254105.29,50188082.848,0.41116,0.000002,0.000077,0,100,0,0,0,0,0.027,5340.3341,68.57,68.56,34.38
Arkansas,AR,Hot Spring,2023,FALSE,5,2453336.909,12.385,472.246,6089158.31,41282106.27,0.4029,0.000002,0.000078,0,100,0,0,0,0,0.0262,5195.0401,-17.75,-17.74,-15.44
Arkansas,AR,Hot Spring,2024,FALSE,5,2850312.714,14.389,726.54,7070184.17,47961984.597,0.40315,0.000002,0.000103,0,100,0,0,0,0,0.0198,3923.1325,16.18,16.18,53.85
Arkansas,AR,Hot Spring,2025,FALSE,5,2852857.642,14.401,730.589,6882665.08,48004651.326,0.4145,0.000002,0.000106,0,100,0,0,0,0,0.0197,3904.8735,0.09,0.08,0.56
Arkansas,AR,Hot Spring,2026,TRUE,5,1549083.582,7.819,231.63,3795195.5,26066396.76,0.40817,0.000002,0.000061,0,100,0,0,0,0,0.0338,6687.7502,-45.7,-45.71,-68.3
Arkansas,AR,Independence,2020,FALSE,2,3688666.339,7989.339,2991.829,3135437.61,35188269.116,1.17644,0.002548,0.000954,100,0,0,0,0,0,2.6704,1232.9135,,,
Arkansas,AR,Independence,2021,FALSE,2,4926904.065,11041.823,3531.959,4342049.31,46990028.878,1.1347,0.002543,0.000813,100,0,0,0,0,0,3.1263,1394.9494,33.57,38.21,18.05
Arkansas,AR,Independence,2022,FALSE,2,5655309.715,12384.679,4326.778,4797892.11,53944051.671,1.17871,0.002581,0.000902,100,0,0,0,0,0,2.8623,1307.0487,14.78,12.16,22.5
Arkansas,AR,Independence,2023,FALSE,2,6086794.294,12847.925,4752.82,5050175.82,58051032.773,1.20526,0.002544,0.000941,100,0,0,0,0,0,2.7032,1280.6701,7.63,3.74,9.85
Arkansas,AR,Independence,2024,FALSE,2,6736359.474,13653.086,5317.866,5745115.46,64247388.23,1.17254,0.002376,0.000926,100,0,0,0,0,0,2.5674,1266.7411,10.67,6.27,11.89
Arkansas,AR,Independence,2025,FALSE,2,7963861.782,16717.572,5765.63,6876682.12,75958122.119,1.1581,0.002431,0.000838,100,0,0,0,0,0,2.8995,1381.2648,18.22,22.45,8.42
Arkansas,AR,Independence,2026,TRUE,2,4332811.906,9213.792,3207.528,3785414.8,41319957.406,1.14461,0.002434,0.000847,100,0,0,0,0,0,2.8726,1350.8259,-45.59,-44.89,-44.37
Arkansas,AR,Jefferson,2020,FALSE,3,5568440.783,10714.869,4012.216,6017514.83,58540234.791,0.92537,0.001781,0.000667,78.6,21.4,0,0,0,0,2.6706,1387.8716,,,
Arkansas,AR,Jefferson,2021,FALSE,3,8688492.296,18526.299,6177.705,8849969.71,87232772.851,0.98175,0.002093,0.000698,88.44,11.56,0,0,0,0,2.9989,1406.4272,56.03,72.9,53.97
Arkansas,AR,Jefferson,2022,FALSE,3,7004124.032,13962.545,5072.098,7442862.93,72367889.999,0.94105,0.001876,0.000681,82.28,17.72,0,0,0,0,2.7528,1380.9126,-19.39,-24.63,-17.9
Arkansas,AR,Jefferson,2023,FALSE,3,5073629.415,9520.887,3465.119,5527075.79,53670354.758,0.91796,0.001723,0.000627,77.31,22.69,0,0,0,0,2.7476,1464.2006,-27.56,-31.81,-31.68
Arkansas,AR,Jefferson,2024,FALSE,3,3198921.206,5517.931,2119.006,3774384.28,35233063.026,0.84753,0.001462,0.000561,69.14,30.86,0,0,0,0,2.604,1509.6329,-36.95,-42.04,-38.85
Arkansas,AR,Jefferson,2025,FALSE,3,5369971.704,10014.081,3317.186,5754308.72,56091446.548,0.93321,0.00174,0.000576,80.06,19.94,0,0,0,0,3.0188,1618.8335,67.87,81.48,56.54
Arkansas,AR,Jefferson,2026,TRUE,3,1271891.865,2213.537,877.97,1565573.93,14160172.81,0.81241,0.001414,0.000561,67.08,32.92,0,0,0,0,2.5212,1448.6735,-76.31,-77.9,-73.53
Arkansas,AR,Mississippi,2020,FALSE,3,4989188.353,2276.773,1414.529,6462557.9,56876591.825,0.77201,0.000352,0.000219,62.26,37.74,0,0,0,0,1.6096,3527.1022,,,
Arkansas,AR,Mississippi,2021,FALSE,3,5896290.69,2813.647,1838.849,7482503.91,66386167.936,0.78801,0.000376,0.000246,64.64,35.36,0,0,0,0,1.5301,3206.5116,18.18,23.58,30
Arkansas,AR,Mississippi,2022,FALSE,3,6219516.781,3059.244,1984.692,8161661.34,69053962.988,0.76204,0.000375,0.000243,67.44,32.56,0,0,0,0,1.5414,3133.7441,5.48,8.73,7.93
Arkansas,AR,Mississippi,2023,FALSE,3,5555650.644,2304.437,1472.468,7898565.46,66543135.501,0.70337,0.000292,0.000186,52.92,47.08,0,0,0,0,1.565,3773.0196,-10.67,-24.67,-25.81
Arkansas,AR,Mississippi,2024,FALSE,3,5198277.126,2159.304,1369.798,7517624.08,62763815.937,0.69148,0.000287,0.000182,51.38,48.62,0,0,0,0,1.5764,3794.9224,-6.43,-6.3,-6.97
Arkansas,AR,Mississippi,2025,FALSE,3,5396527.398,2508.414,1524.172,7417107.11,62480655.633,0.72758,0.000338,0.000205,59.28,40.72,0,0,0,0,1.6458,3540.6289,3.81,16.17,11.27
Arkansas,AR,Mississippi,2026,TRUE,3,2041875.102,843.402,469.233,3060715.85,24977389.634,0.66712,0.000276,0.000153,48.82,51.18,0,0,0,0,1.7974,4351.5164,-62.16,-66.38,-69.21
Arkansas,AR,Ouachita,2020,FALSE,1,23141.59,2.759,52.711,0,388052.698,,,,0,100,0,0,0,0,0.0523,439.0277,,,
Arkansas,AR,Ouachita,2021,FALSE,1,17643.913,70.158,32.69,0,257322.912,,,,0,100,0,0,0,0,2.1462,539.7343,-23.76,2442.88,-37.98
Arkansas,AR,Ouachita,2022,FALSE,1,31192.069,83.398,82.244,0,519286.518,,,,0,100,0,0,0,0,1.014,379.2625,76.79,18.87,151.59
Arkansas,AR,Ouachita,2023,FALSE,1,28488.873,0.67,80.597,0,488713.488,,,,0,100,0,0,0,0,0.0083,353.4731,-8.67,-99.2,-2
Arkansas,AR,Ouachita,2024,FALSE,1,31292.286,2.541,76.88,0,520157.977,,,,0,100,0,0,0,0,0.0331,407.0277,9.84,279.25,-4.61
Arkansas,AR,Ouachita,2025,FALSE,1,20041.839,2.682,31.004,0,315858.652,,,,0,100,0,0,0,0,0.0865,646.4275,-35.95,5.55,-59.67
Arkansas,AR,Ouachita,2026,TRUE,1,14823.295,11.686,29.757,0,221780.724,,,,0,100,0,0,0,0,0.3927,498.1448,-26.04,335.72,-4.02
Arkansas,AR,Pulaski,2020,FALSE,7,210578.029,1.062,170.594,450951.89,3543324.762,0.46696,0.000002,0.000378,0,100,0,0,0,0,0.0062,1234.3812,,,
Arkansas,AR,Pulaski,2021,FALSE,7,317084.863,1.601,249.943,662405.85,5335577.695,0.47869,0.000002,0.000377,0,100,0,0,0,0,0.0064,1268.6287,50.58,50.75,46.51
Arkansas,AR,Pulaski,2022,FALSE,7,445471.235,2.248,369.756,956093.76,7495860.456,0.46593,0.000002,0.000387,0,100,0,0,0,0,0.0061,1204.7708,40.49,40.41,47.94
Arkansas,AR,Pulaski,2023,FALSE,7,426961.807,2.153,333.433,913194.87,7176249.43,0.46755,0.000002,0.000365,0,100,0,0,0,0,0.0065,1280.5026,-4.16,-4.23,-9.82
Arkansas,AR,Pulaski,2024,FALSE,7,529217.211,2.67,445.357,1099509.13,8899509.345,0.48132,0.000002,0.000405,0,100,0,0,0,0,0.006,1188.2989,23.95,24.01,33.57
Arkansas,AR,Pulaski,2025,FALSE,6,454916.296,2.297,360.355,909605.92,7654647.863,0.50012,0.000003,0.000396,0,100,0,0,0,0,0.0064,1262.4115,-14.04,-13.97,-19.09
Arkansas,AR,Pulaski,2026,TRUE,7,311206.893,1.572,203.879,614558.85,5236667.758,0.50639,0.000003,0.000332,0,100,0,0,0,0,0.0077,1526.4294,-31.59,-31.56,-43.42
Arkansas,AR,Union,2020,FALSE,8,4169027.528,21.046,416.508,9806019.49,70151888.792,0.42515,0.000002,0.000042,0,100,0,0,0,0,0.0505,10009.4777,,,
Arkansas,AR,Union,2021,FALSE,8,4828609.032,24.376,495.263,11437626.94,81250752.462,0.42217,0.000002,0.000043,0,100,0,0,0,0,0.0492,9749.5856,15.82,15.82,18.91
Arkansas,AR,Union,2022,FALSE,8,5526410.679,27.899,554.242,13053208.92,92992514.689,0.42338,0.000002,0.000042,0,100,0,0,0,0,0.0503,9971.1149,14.45,14.45,11.91
Arkansas,AR,Union,2023,FALSE,8,5792253.044,29.24,601.726,13663124.17,97465526.074,0.42393,0.000002,0.000044,0,100,0,0,0,0,0.0486,9626.0641,4.81,4.81,8.57
Arkansas,AR,Union,2024,FALSE,8,4610410.062,23.274,505.279,10936601.65,77579316.709,0.42156,0.000002,0.000046,0,100,0,0,0,0,0.0461,9124.4838,-20.4,-20.4,-16.03
Arkansas,AR,Union,2025,FALSE,8,4362332.97,22.023,498.277,10301438.33,73404699.206,0.42347,0.000002,0.000048,0,100,0,0,0,0,0.0442,8754.8351,-5.38,-5.38,-1.39
Arkansas,AR,Union,2026,TRUE,8,2545640.048,12.851,284.907,5978836.65,42835271.797,0.42578,0.000002,0.000048,0,100,0,0,0,0,0.0451,8934.986,-41.64,-41.65,-42.82
Arkansas,AR,Washington,2020,FALSE,4,40779.1,0.207,26.022,54955.55,691161.8,0.74204,0.000004,0.000474,0,100,0,0,0,0,0.008,1567.1009,,,
Arkansas,AR,Washington,2021,FALSE,4,51309.1,0.259,36.996,70332.65,869613.5,0.72952,0.000004,0.000526,0,100,0,0,0,0,0.007,1386.8824,25.82,25.12,42.17
Arkansas,AR,Washington,2022,FALSE,4,152165.7,0.769,149.778,210855.84,2579012.5,0.72166,0.000004,0.00071,0,100,0,0,0,0,0.0051,1015.9416,196.57,196.91,304.85
Arkansas,AR,Washington,2023,FALSE,4,132853.3,0.669,69.733,180877.31,2251728.2,0.73449,0.000004,0.000386,0,100,0,0,0,0,0.0096,1905.1712,-12.69,-13,-53.44
Arkansas,AR,Washington,2024,FALSE,4,202817.8,1.028,89.609,282385.78,3437712,0.71823,0.000004,0.000317,0,100,0,0,0,0,0.0115,2263.3642,52.66,53.66,28.5
Arkansas,AR,Washington,2025,FALSE,4,161632.1,0.828,81.959,223366.92,2739529.8,0.72362,0.000004,0.000367,0,100,0,0,0,0,0.0101,1972.1092,-20.31,-19.46,-8.54
Arkansas,AR,Washington,2026,TRUE,4,67504.5,0.346,29.665,93549.05,1144213.4,0.72159,0.000004,0.000317,0,100,0,0,0,0,0.0117,2275.5604,-58.24,-58.21,-63.81
Arkansas,AR,Woodruff,2020,FALSE,1,3185.11,18.321,4.383,0,44763.78,,,,0,100,0,0,0,0,4.18,726.6963,,,
Arkansas,AR,Woodruff,2021,FALSE,0,0,0,0,0,0,,,,,,,,,,,,-100,-100,-100
Arkansas,AR,Woodruff,2022,FALSE,0,0,0,0,0,0,,,,,,,,,,,,,,
Arkansas,AR,Woodruff,2023,FALSE,0,0,0,0,0,0,,,,,,,,,,,,,,
Arkansas,AR,Woodruff,2024,FALSE,0,0,0,0,0,0,,,,,,,,,,,,,,
Arkansas,AR,Woodruff,2025,FALSE,0,0,0,0,0,0,,,,,,,,,,,,,,
Arkansas,AR,Woodruff,2026,TRUE,0,0,0,0,0,0,,,,,,,,,,,,,,
California,CA,Alameda,2020,FALSE,6,541333.63,2.776,37.577,1231648.96,9109065.837,0.43952,0.000002,0.000031,0,100,0,0,0,0,0.0739,14405.9832,,,
California,CA,Alameda,2021,FALSE,6,209407.724,1.079,18.415,450597.77,3523711.287,0.46473,0.000002,0.000041,0,100,0,0,0,0,0.0586,11371.5843,-61.32,-61.13,-50.99
California,CA,Alameda,2022,FALSE,6,512671.782,2.616,35.654,1173783.97,8626636.422,0.43677,0.000002,0.00003,0,100,0,0,0,0,0.0734,14379.0818,144.82,142.45,93.61
California,CA,Alameda,2023,FALSE,6,842485.216,4.254,54.025,1945819.13,14176391.404,0.43297,0.000002,0.000028,0,100,0,0,0,0,0.0787,15594.3585,64.33,62.61,51.53
California,CA,Alameda,2024,FALSE,6,661981.536,3.341,55.832,1509625.47,11139170.692,0.43851,0.000002,0.000037,0,100,0,0,0,0,0.0598,11856.6689,-21.43,-21.46,3.34
California,CA,Alameda,2025,FALSE,6,720505.755,3.637,47.641,1663862.76,12123910.071,0.43303,0.000002,0.000029,0,100,0,0,0,0,0.0763,15123.6489,8.84,8.86,-14.67
California,CA,Alameda,2026,TRUE,6,278411.718,1.404,17.069,636121.09,4684767.583,0.43767,0.000002,0.000027,0,100,0,0,0,0,0.0823,16310.9566,-61.36,-61.4,-64.17
California,CA,Colusa,2020,FALSE,2,1298805.335,6.557,47.755,3100043.69,21854886.58,0.41896,0.000002,0.000015,0,100,0,0,0,0,0.1373,27197.2638,,,
California,CA,Colusa,2021,FALSE,2,951994.92,4.806,30.765,2245942.51,16019065.891,0.42387,0.000002,0.000014,0,100,0,0,0,0,0.1562,30944.0897,-26.7,-26.7,-35.58
California,CA,Colusa,2022,FALSE,2,1110570.707,5.606,39.286,2625444.96,18687396.766,0.423,0.000002,0.000015,0,100,0,0,0,0,0.1427,28268.867,16.66,16.65,27.7
California,CA,Colusa,2023,FALSE,2,1282780.018,6.476,45.424,3013007.67,21585284.679,0.42575,0.000002,0.000015,0,100,0,0,0,0,0.1426,28240.1378,15.51,15.52,15.62
California,CA,Colusa,2024,FALSE,2,1248580.239,6.304,49.047,2924358.34,21009809.039,0.42696,0.000002,0.000017,0,100,0,0,0,0,0.1285,25456.8116,-2.67,-2.66,7.98
California,CA,Colusa,2025,FALSE,2,1189737.642,6.006,57.728,2766342.03,20019608.748,0.43008,0.000002,0.000021,0,100,0,0,0,0,0.104,20609.3688,-4.71,-4.73,17.7
California,CA,Colusa,2026,TRUE,2,136760.759,0.691,9.616,306080.83,2301262.559,0.44681,0.000002,0.000031,0,100,0,0,0,0,0.0719,14222.2087,-88.5,-88.49,-83.34
California,CA,Contra Costa,2020,FALSE,12,4453886.407,22.484,289.015,10441126.7,74945170.528,0.42657,0.000002,0.000028,0,100,0,0,0,0,0.0778,15410.5718,,,
California,CA,Contra Costa,2021,FALSE,12,5097761.759,25.737,314.24,12091974.43,85779641.883,0.42158,0.000002,0.000026,0,100,0,0,0,0,0.0819,16222.5107,14.46,14.47,8.73
California,CA,Contra Costa,2022,FALSE,12,4496152.573,22.698,294.958,10783579.46,75656340.245,0.41694,0.000002,0.000027,0,100,0,0,0,0,0.077,15243.3654,-11.8,-11.81,-6.14
California,CA,Contra Costa,2023,FALSE,12,4698857.268,23.721,303.029,11172630.93,79067257.276,0.42057,0.000002,0.000027,0,100,0,0,0,0,0.0783,15506.2957,4.51,4.51,2.74
California,CA,Contra Costa,2024,FALSE,12,4150506.494,20.953,265.503,9927450.13,69840208.627,0.41808,0.000002,0.000027,0,100,0,0,0,0,0.0789,15632.6162,-11.67,-11.67,-12.38
California,CA,Contra Costa,2025,FALSE,12,4185704.031,21.131,333.895,10095029.7,70432723.263,0.41463,0.000002,0.000033,0,100,0,0,0,0,0.0633,12535.989,0.85,0.85,25.76
California,CA,Contra Costa,2026,TRUE,12,975184.354,4.922,91.847,2327912.28,16409388.03,0.41891,0.000002,0.000039,0,100,0,0,0,0,0.0536,10617.4873,-76.7,-76.71,-72.49
California,CA,Fresno,2020,FALSE,12,384633.885,1.942,38.382,701772.15,6474842.436,0.54809,0.000003,0.000055,0,100,0,0,0,0,0.0506,10021.2049,,,
California,CA,Fresno,2021,FALSE,12,496679.492,2.51,53.599,902351.39,8359776.195,0.55043,0.000003,0.000059,0,100,0,0,0,0,0.0468,9266.5813,29.13,29.25,39.65
California,CA,Fresno,2022,FALSE,12,526014.805,2.675,52.242,963965.92,8913704.563,0.54568,0.000003,0.000054,0,100,0,0,0,0,0.0512,10068.8106,5.91,6.57,-2.53
California,CA,Fresno,2023,FALSE,12,409085.358,2.093,37.22,763295.91,6972257.581,0.53595,0.000003,0.000049,0,100,0,0,0,0,0.0562,10991.0091,-22.23,-21.76,-28.75
California,CA,Fresno,2024,FALSE,12,744617.413,3.808,62.024,1414642.86,12691792.313,0.52636,0.000003,0.000044,0,100,0,0,0,0,0.0614,12005.3111,82.02,81.94,66.64
California,CA,Fresno,2025,FALSE,12,430423.871,2.202,38.379,818625.83,7344951.206,0.52579,0.000003,0.000047,0,100,0,0,0,0,0.0574,11215.0882,-42.2,-42.17,-38.12
California,CA,Fresno,2026,TRUE,12,162640.423,0.831,14.794,303320.71,2775846.918,0.5362,0.000003,0.000049,0,100,0,0,0,0,0.0562,10993.6747,-62.21,-62.26,-61.45
California,CA,Imperial,2020,FALSE,6,382096.091,1.93,58.845,773191.12,6429480.662,0.49418,0.000002,0.000076,0,100,0,0,0,0,0.0328,6493.2635,,,
California,CA,Imperial,2021,FALSE,6,551450.175,2.796,90.703,1088254.41,9278733.621,0.50673,0.000003,0.000083,0,100,0,0,0,0,0.0308,6079.7347,44.32,44.87,54.14
California,CA,Imperial,2022,FALSE,6,596408.953,3.011,99.105,1190273.64,10035705.645,0.50107,0.000003,0.000083,0,100,0,0,0,0,0.0304,6017.9502,8.15,7.69,9.26
California,CA,Imperial,2023,FALSE,6,612761.105,3.093,111.856,1226777.05,10310758.224,0.49949,0.000003,0.000091,0,100,0,0,0,0,0.0277,5478.1246,2.74,2.72,12.87
California,CA,Imperial,2024,FALSE,6,572682.4,2.891,87.031,1147439.51,9637072.395,0.4991,0.000003,0.000076,0,100,0,0,0,0,0.0332,6580.2116,-6.54,-6.53,-22.19
California,CA,Imperial,2025,FALSE,6,568582.153,2.871,93.96,1161057.3,9567523.698,0.48971,0.000002,0.000081,0,100,0,0,0,0,0.0306,6051.3213,-0.72,-0.69,7.96
California,CA,Imperial,2026,TRUE,6,194356.84,0.982,48.169,364632.77,3270424.925,0.53302,0.000003,0.000132,0,100,0,0,0,0,0.0204,4034.8946,-65.82,-65.8,-48.73
California,CA,Kern,2020,FALSE,15,5586676.812,28.203,323.59,12383250.4,94004411.504,0.45115,0.000002,0.000026,0,100,0,0,0,0,0.0872,17264.6769,,,
California,CA,Kern,2021,FALSE,15,5197408.625,26.238,304.513,12135852.88,87456529.795,0.42827,0.000002,0.000025,0,100,0,0,0,0,0.0862,17067.9368,-6.97,-6.97,-5.9
California,CA,Kern,2022,FALSE,15,4986140.095,25.173,291.283,11727829.48,83901022.7,0.42515,0.000002,0.000025,0,100,0,0,0,0,0.0864,17117.8548,-4.06,-4.06,-4.34
California,CA,Kern,2023,FALSE,15,5726253.986,28.908,323.504,13307250.7,96355572.868,0.43031,0.000002,0.000024,0,100,0,0,0,0,0.0894,17700.7208,14.84,14.84,11.06
California,CA,Kern,2024,FALSE,15,4772023.267,24.091,260.49,10853103.75,80299130.546,0.43969,0.000002,0.000024,0,100,0,0,0,0,0.0925,18319.4106,-16.66,-16.66,-19.48
California,CA,Kern,2025,FALSE,15,4454287.218,22.485,248.391,10254150.67,74952009.633,0.43439,0.000002,0.000024,0,100,0,0,0,0,0.0905,17932.5628,-6.66,-6.67,-4.64
California,CA,Kern,2026,TRUE,15,1163996.674,5.876,69.703,2638066.9,19586430.846,0.44123,0.000002,0.000026,0,100,0,0,0,0,0.0843,16699.377,-73.87,-73.87,-71.94
California,CA,Kings,2020,FALSE,4,32255.791,0.164,3.948,51154.03,542742.192,0.63056,0.000003,0.000077,0,100,0,0,0,0,0.0415,8170.1598,,,
California,CA,Kings,2021,FALSE,4,20099.165,0.101,2.633,34478.22,338206.146,0.58295,0.000003,0.000076,0,100,0,0,0,0,0.0384,7633.5606,-37.69,-38.41,-33.31
California,CA,Kings,2022,FALSE,4,40515.543,0.205,4.785,69813.53,681744.233,0.58034,0.000003,0.000069,0,100,0,0,0,0,0.0428,8467.1981,101.58,102.97,81.73
California,CA,Kings,2023,FALSE,4,4791.017,0.023,0.707,7879.18,80627.049,0.60806,0.000003,0.00009,0,100,0,0,0,0,0.0325,6776.5446,-88.17,-88.78,-85.22
California,CA,Kings,2024,FALSE,4,10355.854,0.053,1.305,17718.2,174272.343,0.58448,0.000003,0.000074,0,100,0,0,0,0,0.0406,7935.5203,116.15,130.43,84.58
California,CA,Kings,2025,FALSE,4,4075.143,0.022,0.633,6770.1,68574.077,0.60193,0.000003,0.000093,0,100,0,0,0,0,0.0348,6437.8246,-60.65,-58.49,-51.49
California,CA,Kings,2026,TRUE,4,1471.076,0.007,0.202,2479.09,24754.583,0.59339,0.000003,0.000081,0,100,0,0,0,0,0.0347,7282.5545,-63.9,-68.18,-68.09
California,CA,Los Angeles,2020,FALSE,55,5562136.238,28.313,389.3,11708633.53,94472300.611,0.47505,0.000002,0.000033,0,100,0,0,0,0,0.0727,14287.5321,,,
California,CA,Los Angeles,2021,FALSE,56,5639653.592,28.666,369.592,12231873.54,95778982.971,0.46106,0.000002,0.00003,0,100,0,0,0,0,0.0776,15259.1333,1.39,1.25,-5.06
California,CA,Los Angeles,2022,FALSE,56,6578564.316,33.407,400.543,14345637.74,111623098.893,0.45858,0.000002,0.000028,0,100,0,0,0,0,0.0834,16424.1151,16.65,16.54,8.37
California,CA,Los Angeles,2023,FALSE,56,5712610.462,28.996,338.677,12009255.85,96786351.052,0.47568,0.000002,0.000028,0,100,0,0,0,0,0.0856,16867.4296,-13.16,-13.2,-15.45
California,CA,Los Angeles,2024,FALSE,50,4663160.081,23.718,257.046,10602643.09,79042395.612,0.43981,0.000002,0.000024,0,100,0,0,0,0,0.0923,18141.3447,-18.37,-18.2,-24.1
California,CA,Los Angeles,2025,FALSE,51,3521302.065,17.925,201.866,7986846.61,59776821.844,0.44089,0.000002,0.000025,0,100,0,0,0,0,0.0888,17443.76,-24.49,-24.42,-21.47
California,CA,Los Angeles,2026,TRUE,49,1131672.6,5.721,62.578,2414203,19075086.061,0.46876,0.000002,0.000026,0,100,0,0,0,0,0.0914,18084.1925,-67.86,-68.08,-69
California,CA,Monterey,2020,FALSE,7,2421358.352,12.762,206.583,5738506.77,42538925.634,0.42195,0.000002,0.000036,0,100,0,0,0,0,0.0618,11720.9952,,,
California,CA,Monterey,2021,FALSE,7,2477987.328,13.054,224.646,5851667.22,43509475.371,0.42347,0.000002,0.000038,0,100,0,0,0,0,0.0581,11030.6319,2.34,2.29,8.74
California,CA,Monterey,2022,FALSE,7,2350631.598,12.444,226.609,5559692.72,41479923.045,0.4228,0.000002,0.000041,0,100,0,0,0,0,0.0549,10373.0726,-5.14,-4.67,0.87
California,CA,Monterey,2023,FALSE,7,2439757.668,12.935,224.11,5842778.48,43116928.456,0.41757,0.000002,0.000038,0,100,0,0,0,0,0.0577,10886.4293,3.79,3.95,-1.1
California,CA,Monterey,2024,FALSE,7,1883745.742,10.081,197.96,4430418.77,33603113.512,0.42518,0.000002,0.000045,0,100,0,0,0,0,0.0509,9515.7898,-22.79,-22.06,-11.67
California,CA,Monterey,2025,FALSE,7,1107868.219,5.837,125.936,2440315.11,19454974.978,0.45399,0.000002,0.000052,0,100,0,0,0,0,0.0463,8797.0733,-41.19,-42.1,-36.38
California,CA,Monterey,2026,TRUE,7,499552.3,2.639,61.534,1086594.59,8794003.688,0.45974,0.000002,0.000057,0,100,0,0,0,0,0.0429,8118.3135,-54.91,-54.79,-51.14
California,CA,Orange,2020,FALSE,10,686332.268,3.464,39.001,1496246.51,11548848.792,0.4587,0.000002,0.000026,0,100,0,0,0,0,0.0888,17597.8121,,,
California,CA,Orange,2021,FALSE,10,1710091.566,8.634,100.189,4136657.14,28775641.119,0.4134,0.000002,0.000024,0,100,0,0,0,0,0.0862,17068.6559,149.16,149.25,156.89
California,CA,Orange,2022,FALSE,10,1797674.963,9.075,109.892,4302824.38,30249299.471,0.41779,0.000002,0.000026,0,100,0,0,0,0,0.0826,16358.5608,5.12,5.11,9.68
California,CA,Orange,2023,FALSE,10,1479310.588,7.469,82.357,3429689.76,24892100.497,0.43132,0.000002,0.000024,0,100,0,0,0,0,0.0907,17962.1719,-17.71,-17.7,-25.06
California,CA,Orange,2024,FALSE,10,1060565.574,5.352,61.117,2579152.18,17846087.479,0.41121,0.000002,0.000024,0,100,0,0,0,0,0.0876,17353.0372,-28.31,-28.34,-25.79
California,CA,Orange,2025,FALSE,9,798034.603,4.027,44.91,1952758.01,13428434.318,0.40867,0.000002,0.000023,0,100,0,0,0,0,0.0897,17769.6416,-24.75,-24.76,-26.52
California,CA,Orange,2026,TRUE,9,181417.777,0.916,11.034,414636.92,3052680.604,0.43753,0.000002,0.000027,0,100,0,0,0,0,0.083,16441.7054,-77.27,-77.25,-75.43
California,CA,Placer,2020,FALSE,2,144510.74,0.729,8.147,318390.82,2431617.684,0.45388,0.000002,0.000026,0,100,0,0,0,0,0.0895,17737.9084,,,
California,CA,Placer,2021,FALSE,2,255337.021,1.289,13.071,528732.17,4296579.84,0.48292,0.000002,0.000025,0,100,0,0,0,0,0.0986,19534.6202,76.69,76.82,60.44
California,CA,Placer,2022,FALSE,4,299719.415,1.512,16.617,624428.52,5043358.325,0.47999,0.000002,0.000027,0,100,0,0,0,0,0.091,18036.9149,17.38,17.3,27.13
California,CA,Placer,2023,FALSE,4,169478.042,0.856,9.113,352589.58,2851805.783,0.48067,0.000002,0.000026,0,100,0,0,0,0,0.0939,18597.393,-43.45,-43.39,-45.16
California,CA,Placer,2024,FALSE,4,274059.572,1.383,13.163,572070.01,4611599.473,0.47907,0.000002,0.000023,0,100,0,0,0,0,0.1051,20820.4491,61.71,61.57,44.44
California,CA,Placer,2025,FALSE,4,228531.29,1.154,10.792,473935.49,3845572.468,0.4822,0.000002,0.000023,0,100,0,0,0,0,0.1069,21175.9905,-16.61,-16.56,-18.01
California,CA,Placer,2026,TRUE,4,43696.502,0.221,2.406,85460.44,735297.093,0.51131,0.000003,0.000028,0,100,0,0,0,0,0.0919,18161.4722,-80.88,-80.85,-77.71
California,CA,Riverside,2020,FALSE,17,1285640.583,6.491,98.699,2070896.63,21633244.088,0.62081,0.000003,0.000048,0,100,0,0,0,0,0.0658,13025.8724,,,
California,CA,Riverside,2021,FALSE,17,1381891.957,6.977,100.698,2196992.2,23253070.536,0.62899,0.000003,0.000046,0,100,0,0,0,0,0.0693,13723.1321,7.49,7.49,2.03
California,CA,Riverside,2022,FALSE,17,1095633.761,5.531,88.907,1743438.48,18436215.816,0.62843,0.000003,0.000051,0,100,0,0,0,0,0.0622,12323.3689,-20.71,-20.73,-11.71
California,CA,Riverside,2023,FALSE,17,1109196.638,5.599,89.792,1769539.43,18664305.798,0.62683,0.000003,0.000051,0,100,0,0,0,0,0.0624,12352.9561,1.24,1.23,1
California,CA,Riverside,2024,FALSE,16,601087.668,3.036,51.063,1208991.59,10114441.692,0.49718,0.000003,0.000042,0,100,0,0,0,0,0.0595,11771.4915,-45.81,-45.78,-43.13
California,CA,Riverside,2025,FALSE,17,239761.421,1.21,22.784,497599.78,4034419.313,0.48184,0.000002,0.000046,0,100,0,0,0,0,0.0531,10523.2365,-60.11,-60.14,-55.38
California,CA,Riverside,2026,TRUE,17,50247.414,0.255,5.507,100905.18,845510.074,0.49797,0.000003,0.000055,0,100,0,0,0,0,0.0463,9124.2807,-79.04,-78.93,-75.83
California,CA,Sacramento,2020,FALSE,8,2302384.383,11.66,111.25,5337245.68,38824217.251,0.43138,0.000002,0.000021,0,100,0,0,0,0,0.1048,20695.59,,,
California,CA,Sacramento,2021,FALSE,8,2485956.385,12.504,134.532,5765034,41656056.186,0.43121,0.000002,0.000023,0,100,0,0,0,0,0.0929,18478.5507,7.97,7.24,20.93
California,CA,Sacramento,2022,FALSE,8,1350317.362,6.802,83.591,2931961.19,22683544.373,0.46055,0.000002,0.000029,0,100,0,0,0,0,0.0814,16153.8606,-45.68,-45.6,-37.87
California,CA,Sacramento,2023,FALSE,8,1955492.623,9.777,105.267,2897271.25,32602646.097,0.67494,0.000003,0.000036,0,100,0,0,0,0,0.0929,18576.5019,44.82,43.74,25.93
California,CA,Sacramento,2024,FALSE,8,2348776.631,11.737,123.799,5470847.73,39118572.391,0.42933,0.000002,0.000023,0,100,0,0,0,0,0.0948,18972.5008,20.11,20.05,17.6
California,CA,Sacramento,2025,FALSE,8,2119319.944,10.611,112.85,4963313.62,35370054.277,0.427,0.000002,0.000023,0,100,0,0,0,0,0.094,18779.9729,-9.77,-9.59,-8.84
California,CA,Sacramento,2026,TRUE,8,802778.038,4.013,40.483,1861075.32,13373410.284,0.43135,0.000002,0.000022,0,100,0,0,0,0,0.0991,19830.0037,-62.12,-62.18,-64.13
California,CA,San Bernardino,2020,FALSE,13,2798580.857,14.087,182.461,6287670.11,47101615.037,0.44509,0.000002,0.000029,0,100,0,0,0,0,0.0772,15337.9673,,,
California,CA,San Bernardino,2021,FALSE,13,2718271.411,13.654,233.418,6079702.86,45749235.371,0.44711,0.000002,0.000038,0,100,0,0,0,0,0.0585,11645.509,-2.87,-3.07,27.93
California,CA,San Bernardino,2022,FALSE,13,3535059.767,17.779,227.468,8125941.19,59489964.438,0.43503,0.000002,0.000028,0,100,0,0,0,0,0.0782,15540.9102,30.05,30.21,-2.55
California,CA,San Bernardino,2023,FALSE,13,2982277.664,14.979,170.612,6824547.11,50189065.312,0.43699,0.000002,0.000025,0,100,0,0,0,0,0.0878,17479.8822,-15.64,-15.75,-25
California,CA,San Bernardino,2024,FALSE,13,3178867.573,15.942,185.4,7342591.92,53500592.595,0.43294,0.000002,0.000025,0,100,0,0,0,0,0.086,17145.9955,6.59,6.43,8.67
California,CA,San Bernardino,2025,FALSE,13,2108782.853,10.555,130.142,4877848.65,35492705.656,0.43232,0.000002,0.000027,0,100,0,0,0,0,0.0811,16203.7071,-33.66,-33.79,-29.8
California,CA,San Bernardino,2026,TRUE,13,412535.102,2.039,31.033,891809.57,6944869.503,0.46258,0.000002,0.000035,0,100,0,0,0,0,0.0657,13293.4329,-80.44,-80.68,-76.15
California,CA,San Diego,2020,FALSE,26,2232122.798,11.271,130.264,4991281.25,37565581.463,0.4472,0.000002,0.000026,0,100,0,0,0,0,0.0865,17135.3774,,,
California,CA,San Diego,2021,FALSE,26,2099644.374,10.601,137.663,4739482.61,35339154.669,0.44301,0.000002,0.000029,0,100,0,0,0,0,0.077,15252.0603,-5.94,-5.94,5.68
California,CA,San Diego,2022,FALSE,26,2466429.03,12.454,147.6,5713403.68,41509375.187,0.43169,0.000002,0.000026,0,100,0,0,0,0,0.0844,16710.2238,17.47,17.48,7.22
California,CA,San Diego,2023,FALSE,26,1796843.671,9.071,108.158,4108744.94,30240112.844,0.43732,0.000002,0.000026,0,100,0,0,0,0,0.0839,16613.137,-27.15,-27.16,-26.72
California,CA,San Diego,2024,FALSE,26,1658091.927,8.372,98.128,3809247.5,27904577.943,0.43528,0.000002,0.000026,0,100,0,0,0,0,0.0853,16897.2355,-7.72,-7.71,-9.27
California,CA,San Diego,2025,FALSE,26,1526991.679,7.709,96.598,3531829.38,25697804.942,0.43235,0.000002,0.000027,0,100,0,0,0,0,0.0798,15807.6946,-7.91,-7.92,-1.56
California,CA,San Diego,2026,TRUE,26,252723.491,1.278,22.185,528229.15,4253974.423,0.47844,0.000002,0.000042,0,100,0,0,0,0,0.0576,11391.6381,-83.45,-83.42,-77.03
California,CA,San Joaquin,2020,FALSE,5,1285457.74,3.477,152.454,1650113.21,17137449.657,0.77901,0.000002,0.000092,0,65.26,0,34.74,0,0,0.0228,8431.7744,,,
California,CA,San Joaquin,2021,FALSE,5,1723823.395,5.994,174.451,2425805.02,24717178.753,0.71062,0.000002,0.000072,0,76.99,0,23.01,0,0,0.0344,9881.4188,34.1,72.39,14.43
California,CA,San Joaquin,2022,FALSE,5,1143100.368,15.157,149.678,1350913.06,14957847.588,0.84617,0.000011,0.000111,0,62.09,0,37.91,0,0,0.1013,7637.0633,-33.69,152.87,-14.2
California,CA,San Joaquin,2023,FALSE,5,1409441.693,4.976,169.421,1981617.93,19984375.418,0.71126,0.000003,0.000085,0,75.21,0,24.79,0,0,0.0294,8319.1676,23.3,-67.17,13.19
California,CA,San Joaquin,2024,FALSE,5,1352110.517,5.02,174.016,1948878.84,19058442.049,0.69379,0.000003,0.000089,0,74.29,0,25.71,0,0,0.0288,7770.0356,-4.07,0.88,2.71
California,CA,San Joaquin,2025,FALSE,4,1256448.254,4.131,172.491,1706790.88,17119820.358,0.73615,0.000002,0.000101,0,68.84,0,31.16,0,0,0.0239,7284.138,-7.08,-17.71,-0.88
California,CA,San Joaquin,2026,TRUE,4,357787.686,1.202,66.361,365916.75,4250515.648,0.97778,0.000003,0.000181,0,44.65,0,55.35,0,0,0.0181,5391.5355,-71.52,-70.9,-61.53
California,CA,Santa Clara,2020,FALSE,12,1494889.862,7.547,104.862,3397383.47,25154424.213,0.44001,0.000002,0.000031,0,100,0,0,0,0,0.072,14255.7825,,,
California,CA,Santa Clara,2021,FALSE,12,1627218.15,8.215,112.041,3684353.71,27381064.745,0.44166,0.000002,0.00003,0,100,0,0,0,0,0.0733,14523.4169,8.85,8.85,6.85
California,CA,Santa Clara,2022,FALSE,12,1514602.254,7.648,108.33,3439059.23,25485979.258,0.44041,0.000002,0.000031,0,100,0,0,0,0,0.0706,13981.3741,-6.92,-6.9,-3.31
California,CA,Santa Clara,2023,FALSE,12,1586322.182,8.01,104.921,3595341.9,26692933.641,0.44122,0.000002,0.000029,0,100,0,0,0,0,0.0763,15119.2057,4.74,4.73,-3.15
California,CA,Santa Clara,2024,FALSE,12,1795579.721,9.063,109.394,4100445.6,30214202.676,0.4379,0.000002,0.000027,0,100,0,0,0,0,0.0828,16413.8776,13.19,13.15,4.26
California,CA,Santa Clara,2025,FALSE,12,1500928.394,7.577,97.48,3451424.46,25255981.076,0.43487,0.000002,0.000028,0,100,0,0,0,0,0.0777,15397.2958,-16.41,-16.4,-10.89
California,CA,Santa Clara,2026,TRUE,12,488621.711,2.467,36.364,1086841.95,8221891.241,0.44958,0.000002,0.000033,0,100,0,0,0,0,0.0678,13436.9627,-67.45,-67.44,-62.7
California,CA,Shasta,2020,FALSE,2,162700.347,0.821,5.723,339973.34,2737669.894,0.47857,0.000002,0.000017,0,100,0,0,0,0,0.1435,28429.2062,,,
California,CA,Shasta,2021,FALSE,2,181121.47,0.915,4.675,376567.07,3047729.564,0.48098,0.000002,0.000012,0,100,0,0,0,0,0.1957,38742.5604,11.32,11.45,-18.31
California,CA,Shasta,2022,FALSE,2,207024.5,1.045,10.982,430633.62,3483624.297,0.48074,0.000002,0.000026,0,100,0,0,0,0,0.0952,18851.2566,14.3,14.21,134.91
California,CA,Shasta,2023,FALSE,2,184418.958,0.931,3.536,371345.84,3103168.836,0.49662,0.000003,0.00001,0,100,0,0,0,0,0.2633,52154.6827,-10.92,-10.91,-67.8
California,CA,Shasta,2024,FALSE,2,141819.036,0.714,3.041,274740.61,2378320.113,0.51619,0.000003,0.000011,0,100,0,0,0,0,0.2348,46635.658,-23.1,-23.31,-14
California,CA,Shasta,2025,FALSE,2,102342.684,0.512,2.213,193229.71,1708838.71,0.52964,0.000003,0.000011,0,100,0,0,0,0,0.2314,46246.1292,-27.84,-28.29,-27.23
California,CA,Shasta,2026,TRUE,2,14554.694,0.073,0.387,23725.66,243011.493,0.61346,0.000003,0.000016,0,100,0,0,0,0,0.1886,37609.0284,-85.78,-85.74,-82.51
California,CA,Solano,2020,FALSE,5,50016.902,0.254,6.426,74437.11,845388.463,0.67194,0.000003,0.000086,0,100,0,0,0,0,0.0395,7783.5204,,,
California,CA,Solano,2021,FALSE,5,46663.034,0.237,6.629,73690.69,789689.058,0.63323,0.000003,0.00009,0,100,0,0,0,0,0.0358,7039.2267,-6.71,-6.69,3.16
California,CA,Solano,2022,FALSE,5,37229.151,0.189,5.72,59583.55,629443.155,0.62482,0.000003,0.000096,0,100,0,0,0,0,0.033,6508.5928,-20.22,-20.25,-13.71
California,CA,Solano,2023,FALSE,5,34595.493,0.175,5.704,55152.7,583724.436,0.62727,0.000003,0.000103,0,100,0,0,0,0,0.0307,6065.1285,-7.07,-7.41,-0.28
California,CA,Solano,2024,FALSE,5,25930.011,0.132,3.775,41482.35,437107.496,0.62509,0.000003,0.000091,0,100,0,0,0,0,0.035,6868.8771,-25.05,-24.57,-33.82
California,CA,Solano,2025,FALSE,5,14777.736,0.076,2.151,23489.58,250167.121,0.62912,0.000003,0.000092,0,100,0,0,0,0,0.0353,6870.1702,-43.01,-42.42,-43.02
California,CA,Solano,2026,TRUE,5,7654.986,0.039,1.234,12036.24,129604.466,0.63599,0.000003,0.000103,0,100,0,0,0,0,0.0316,6203.3922,-48.2,-48.68,-42.63
California,CA,Stanislaus,2020,FALSE,10,977940.524,4.934,59.014,1956916.73,16445388.018,0.49974,0.000003,0.00003,0,100,0,0,0,0,0.0836,16571.3309,,,
California,CA,Stanislaus,2021,FALSE,10,1026126.934,5.181,67.32,1990242.33,17265578.153,0.51558,0.000003,0.000034,0,100,0,0,0,0,0.077,15242.5272,4.93,5.01,14.07
California,CA,Stanislaus,2022,FALSE,10,1081624.892,5.459,66.31,2142799.07,18198803.259,0.50477,0.000003,0.000031,0,100,0,0,0,0,0.0823,16311.6407,5.41,5.37,-1.5
California,CA,Stanislaus,2023,FALSE,10,1042022.323,5.261,63.756,2105405.43,17534633.978,0.49493,0.000002,0.00003,0,100,0,0,0,0,0.0825,16343.91,-3.66,-3.63,-3.85
California,CA,Stanislaus,2024,FALSE,10,1020795.929,5.155,65.007,2022848.5,17176914.848,0.50463,0.000003,0.000032,0,100,0,0,0,0,0.0793,15702.8617,-2.04,-2.01,1.96
California,CA,Stanislaus,2025,FALSE,10,1037135.449,5.237,64.6,2074703.99,17452309.436,0.4999,0.000003,0.000031,0,100,0,0,0,0,0.0811,16054.7283,1.6,1.59,-0.63
California,CA,Stanislaus,2026,TRUE,10,422838.873,2.135,26.357,818028.2,7114862.994,0.5169,0.000003,0.000032,0,100,0,0,0,0,0.081,16042.7542,-59.23,-59.23,-59.2
California,CA,Sutter,2020,FALSE,4,461500.603,2.33,74.008,1092878.58,7765628.596,0.42228,0.000002,0.000068,0,100,0,0,0,0,0.0315,6235.8205,,,
California,CA,Sutter,2021,FALSE,6,924696.237,4.668,757.125,2204478.58,15559859.248,0.41946,0.000002,0.000343,0,100,0,0,0,0,0.0062,1221.3257,100.37,100.34,923.03
California,CA,Sutter,2022,FALSE,6,1248538.181,6.304,158.01,3037362.72,21009227.171,0.41106,0.000002,0.000052,0,100,0,0,0,0,0.0399,7901.6403,35.02,35.05,-79.13
California,CA,Sutter,2023,FALSE,6,991801.728,5.006,91.384,2424678.53,16689001.73,0.40904,0.000002,0.000038,0,100,0,0,0,0,0.0548,10853.1223,-20.56,-20.59,-42.17
California,CA,Sutter,2024,FALSE,6,762070.989,3.847,79.744,1844272.03,12823377.741,0.41321,0.000002,0.000043,0,100,0,0,0,0,0.0482,9556.4681,-23.16,-23.15,-12.74
California,CA,Sutter,2025,FALSE,6,818517.909,4.131,76.468,2006885.11,13773196.952,0.40785,0.000002,0.000038,0,100,0,0,0,0,0.054,10704.058,7.41,7.38,-4.11
California,CA,Sutter,2026,TRUE,4,247128.016,1.248,25.135,582382.23,4158424.456,0.42434,0.000002,0.000043,0,100,0,0,0,0,0.0497,9832.0277,-69.81,-69.79,-67.13
California,CA,Tulare,2020,FALSE,1,4389.869,0.022,0.323,6359.92,73875.325,0.69024,0.000003,0.000051,0,100,0,0,0,0,0.0681,13590.9257,,,
California,CA,Tulare,2021,FALSE,1,7128.116,0.036,0.518,11338.48,119949.161,0.62867,0.000003,0.000046,0,100,0,0,0,0,0.0695,13760.8417,62.38,63.64,60.37
California,CA,Tulare,2022,FALSE,1,9360.805,0.047,0.695,15438.39,157518.316,0.60633,0.000003,0.000045,0,100,0,0,0,0,0.0676,13468.7842,31.32,30.56,34.17
California,CA,Tulare,2023,FALSE,1,1448.116,0.007,0.1,2293.15,24364.659,0.6315,0.000003,0.000044,0,100,0,0,0,0,0.07,14481.16,-84.53,-85.11,-85.61
California,CA,Tulare,2024,FALSE,1,5079.609,0.026,0.352,8172.24,85473.213,0.62157,0.000003,0.000043,0,100,0,0,0,0,0.0739,14430.7074,250.77,271.43,252
California,CA,Tulare,2025,FALSE,1,1697.435,0.009,0.121,2745.59,28568.086,0.61824,0.000003,0.000044,0,100,0,0,0,0,0.0744,14028.3884,-66.58,-65.38,-65.62
California,CA,Tulare,2026,TRUE,1,164.483,0.001,0.013,297.54,2767.403,0.55281,0.000003,0.000044,0,100,0,0,0,0,0.0769,12652.5385,-90.31,-88.89,-89.26
California,CA,Ventura,2020,FALSE,4,442916.336,2.467,29.781,779907.25,7452914.559,0.56791,0.000003,0.000038,0,100,0,0,0,0,0.0828,14872.4467,,,
California,CA,Ventura,2021,FALSE,4,310270.214,2.225,26.386,462178.3,5220885.434,0.67132,0.000005,0.000057,0,100,0,0,0,0,0.0843,11758.8954,-29.95,-9.81,-11.4
California,CA,Ventura,2022,FALSE,4,230279.068,1.906,29.015,352474,3874892.578,0.65332,0.000005,0.000082,0,100,0,0,0,0,0.0657,7936.5524,-25.78,-14.34,9.96
California,CA,Ventura,2023,FALSE,4,191268.792,1.715,30.14,285927.6,3218457.66,0.66894,0.000006,0.000105,0,100,0,0,0,0,0.0569,6346.0117,-16.94,-10.02,3.88
California,CA,Ventura,2024,FALSE,4,45774.514,1.59,4.36,59859.13,770231.662,0.7647,0.000027,0.000073,0,100,0,0,0,0,0.3647,10498.7417,-76.07,-7.29,-85.53
California,CA,Ventura,2025,FALSE,4,21459.25,0.767,2.151,28768.22,361104.06,0.74594,0.000027,0.000075,0,100,0,0,0,0,0.3566,9976.4063,-53.12,-51.76,-50.67
California,CA,Ventura,2026,TRUE,3,3166.14,0.499,0.665,4537.07,53270.513,0.69784,0.00011,0.000147,0,100,0,0,0,0,0.7504,4761.1128,-85.25,-34.94,-69.08
Colorado,CO,Adams,2020,FALSE,7,2557395.952,12.944,745.522,4600129.15,43033302.119,0.55594,0.000003,0.000162,0,100,0,0,0,0,0.0174,3430.3427,,,
Colorado,CO,Adams,2021,FALSE,7,2109680.821,11.851,733.82,3561960.83,35449566.938,0.59228,0.000003,0.000206,0,100,0,0,0,0,0.0161,2874.9296,-17.51,-8.44,-1.57
Colorado,CO,Adams,2022,FALSE,7,2643168.464,13.698,988.714,4083044.79,44446129.059,0.64735,0.000003,0.000242,0,100,0,0,0,0,0.0139,2673.3398,25.29,15.59,34.74
Colorado,CO,Adams,2023,FALSE,7,2147019.563,10.888,453.556,4464844.27,36120615.231,0.48087,0.000002,0.000102,0,100,0,0,0,0,0.024,4733.7475,-18.77,-20.51,-54.13
Colorado,CO,Adams,2024,FALSE,7,2158565.543,11.246,419.352,4499542.37,36267026.427,0.47973,0.000002,0.000093,0,100,0,0,0,0,0.0268,5147.3834,0.54,3.29,-7.54
Colorado,CO,Adams,2025,FALSE,7,2095526.798,10.589,461.017,4355848.65,35257907.752,0.48108,0.000002,0.000106,0,100,0,0,0,0,0.023,4545.4437,-2.92,-5.84,9.94
Colorado,CO,Adams,2026,TRUE,7,657065.913,3.316,123.534,1427075.38,11054328.146,0.46043,0.000002,0.000087,0,100,0,0,0,0,0.0268,5318.9075,-68.64,-68.68,-73.2
Colorado,CO,Boulder,2020,FALSE,2,6697.747,0.034,6.058,10137.54,112696.771,0.66069,0.000003,0.000598,0,100,0,0,0,0,0.0056,1105.6037,,,
Colorado,CO,Boulder,2021,FALSE,2,10542.708,0.053,9.164,15261.53,177398.497,0.6908,0.000003,0.0006,0,100,0,0,0,0,0.0058,1150.4483,57.41,55.88,51.27
Colorado,CO,Boulder,2022,FALSE,2,5521.959,0.028,4.876,7894.38,92909.335,0.69948,0.000004,0.000618,0,100,0,0,0,0,0.0057,1132.4772,-47.62,-47.17,-46.79
Colorado,CO,Boulder,2023,FALSE,2,16683.517,0.085,14.902,23080.84,280748.745,0.72283,0.000004,0.000646,0,100,0,0,0,0,0.0057,1119.5489,202.13,203.57,205.62
Colorado,CO,Boulder,2024,FALSE,2,19564.299,0.099,14.845,30244.93,329216.07,0.64686,0.000003,0.000491,0,100,0,0,0,0,0.0067,1317.905,17.27,16.47,-0.38
Colorado,CO,Boulder,2025,FALSE,2,30280.113,0.153,28.658,47002.83,509511.042,0.64422,0.000003,0.00061,0,100,0,0,0,0,0.0053,1056.6024,54.77,54.55,93.05
Colorado,CO,Boulder,2026,TRUE,2,3103.642,0.016,3.142,4891.51,52223.539,0.6345,0.000003,0.000642,0,100,0,0,0,0,0.0051,987.7919,-89.75,-89.54,-89.04
Colorado,CO,Denver,2020,FALSE,2,114398.792,0.578,23.328,225955.01,1925000.458,0.50629,0.000003,0.000103,0,100,0,0,0,0,0.0248,4903.9263,,,
Colorado,CO,Denver,2021,FALSE,2,109494.373,0.553,19.7,219802.55,1842516.24,0.49815,0.000003,0.00009,0,100,0,0,0,0,0.0281,5558.09,-4.29,-4.33,-15.55
Colorado,CO,Denver,2022,FALSE,2,124049.3,0.626,30.021,249423.92,2087372.022,0.49734,0.000003,0.00012,0,100,0,0,0,0,0.0209,4132.0842,13.29,13.2,52.39
Colorado,CO,Denver,2023,FALSE,2,118309.527,0.597,28.533,236900.64,1990770.662,0.49941,0.000003,0.00012,0,100,0,0,0,0,0.0209,4146.4104,-4.63,-4.63,-4.96
Colorado,CO,Denver,2024,FALSE,2,135131.013,0.683,29.747,271136.54,2273757.084,0.49839,0.000003,0.00011,0,100,0,0,0,0,0.023,4542.677,14.22,14.41,4.25
Colorado,CO,Denver,2025,FALSE,2,166772.676,0.842,34.7,337866.6,2806306.117,0.49361,0.000002,0.000103,0,100,0,0,0,0,0.0243,4806.129,23.42,23.28,16.65
Colorado,CO,Denver,2026,TRUE,2,88299.772,0.446,22.037,178323.14,1485903.242,0.49517,0.000003,0.000124,0,100,0,0,0,0,0.0202,4006.8871,-47.05,-47.03,-36.49
Colorado,CO,El Paso,2020,FALSE,13,3207557.822,587.677,1937.005,4893750.13,41583945.059,0.65544,0.00012,0.000396,41.39,58.61,0,0,0,0,0.3034,1655.9368,,,
Colorado,CO,El Paso,2021,FALSE,13,2883017.069,595.675,1889.753,4108775.55,36843412.305,0.70167,0.000145,0.00046,45.93,54.07,0,0,0,0,0.3152,1525.6052,-10.12,1.36,-2.44
Colorado,CO,El Paso,2022,FALSE,13,2696843.63,539.855,1588.499,4123138.1,35841124.008,0.65408,0.000131,0.000385,34.85,65.15,0,0,0,0,0.3399,1697.7308,-6.46,-9.37,-15.94
Colorado,CO,El Paso,2023,FALSE,17,2265069.667,417.015,1246.956,3495556.31,29628772.671,0.64799,0.000119,0.000357,37.41,62.59,0,0,0,0,0.3344,1816.4792,-16.01,-22.75,-21.5
Colorado,CO,El Paso,2024,FALSE,17,2380464.407,436.395,1319.681,3357605.88,30801358.33,0.70898,0.00013,0.000393,39.31,60.69,0,0,0,0,0.3307,1803.818,5.09,4.65,5.83
Colorado,CO,El Paso,2025,FALSE,17,2741075.961,475.994,1542.337,3843451.78,35101562.577,0.71318,0.000124,0.000401,41.08,58.92,0,0,0,0,0.3086,1777.2225,15.15,9.07,16.87
Colorado,CO,El Paso,2026,TRUE,17,1256169.571,184.452,764.217,1788918.91,16408182.471,0.70219,0.000103,0.000427,37.69,62.31,0,0,0,0,0.2414,1643.7341,-54.17,-61.25,-50.45
Colorado,CO,Larimer,2020,FALSE,6,2088151.445,734.835,1112.842,2215869.57,20670571.479,0.94236,0.000332,0.000502,91.51,8.49,0,0,0,0,0.6603,1876.4132,,,
Colorado,CO,Larimer,2021,FALSE,6,1901837.564,669.14,1029.52,2026271.15,19153213.436,0.93859,0.00033,0.000508,87.71,12.29,0,0,0,0,0.65,1847.3051,-8.92,-8.94,-7.49
Colorado,CO,Larimer,2022,FALSE,6,2222502.429,792.829,1159.278,1779349.83,22035560.786,1.24905,0.000446,0.000652,91.05,8.95,0,0,0,0,0.6839,1917.1436,16.86,18.48,12.6
Colorado,CO,Larimer,2023,FALSE,6,1587576.019,501.51,824.016,1629501.39,16155491.19,0.97427,0.000308,0.000506,85.45,14.55,0,0,0,0,0.6086,1926.6325,-28.57,-36.74,-28.92
Colorado,CO,Larimer,2024,FALSE,6,1342579.51,422.719,749.342,1408369.82,13478138.202,0.95329,0.0003,0.000532,88.41,11.59,0,0,0,0,0.5641,1791.6779,-15.43,-15.71,-9.06
Colorado,CO,Larimer,2025,FALSE,6,1522132.696,481.635,830.109,1596247.38,15133912.692,0.95357,0.000302,0.00052,90.49,9.51,0,0,0,0,0.5802,1833.654,13.37,13.94,10.78
Colorado,CO,Larimer,2026,TRUE,6,810708.602,220.712,390.455,871971.61,8793802.064,0.92974,0.000253,0.000448,72.08,27.92,0,0,0,0,0.5653,2076.3176,-46.74,-54.17,-52.96
Colorado,CO,Lincoln,2020,FALSE,2,52077.904,0.283,11.395,70466.46,874973.286,0.73905,0.000004,0.000162,0,100,0,0,0,0,0.0248,4570.2417,,,
Colorado,CO,Lincoln,2021,FALSE,2,87935.52,0.769,24.31,114325.29,1460500.444,0.76917,0.000007,0.000213,0,100,0,0,0,0,0.0316,3617.2571,68.85,171.73,113.34
Colorado,CO,Lincoln,2022,FALSE,2,87248.876,0.513,45.174,112893.56,1440222.519,0.77284,0.000005,0.0004,0,100,0,0,0,0,0.0114,1931.3958,-0.78,-33.29,85.82
Colorado,CO,Lincoln,2023,FALSE,2,105002.748,0.545,27.63,136329.36,1757510.886,0.77021,0.000004,0.000203,0,100,0,0,0,0,0.0197,3800.3166,20.35,6.24,-38.84
Colorado,CO,Lincoln,2024,FALSE,2,170213.675,0.914,43.14,218042.94,2830300.349,0.78064,0.000004,0.000198,0,100,0,0,0,0,0.0212,3945.6114,62.1,67.71,56.13
Colorado,CO,Lincoln,2025,FALSE,2,115517.849,0.587,27.085,148896.72,1941176.897,0.77583,0.000004,0.000182,0,100,0,0,0,0,0.0217,4265.012,-32.13,-35.78,-37.22
Colorado,CO,Lincoln,2026,TRUE,2,115263.216,0.601,26.781,152445.43,1927391.45,0.75609,0.000004,0.000176,0,100,0,0,0,0,0.0224,4303.9176,-0.22,2.39,-1.12
Colorado,CO,Moffat,2020,FALSE,3,8434235.936,2721.385,7014.309,7639559.93,80418011.579,1.10402,0.000356,0.000918,100,0,0,0,0,0,0.388,1202.4329,,,
Colorado,CO,Moffat,2021,FALSE,3,8564602.055,2357.492,6841.257,7965322.83,81661026.393,1.07524,0.000296,0.000859,100,0,0,0,0,0,0.3446,1251.9047,1.55,-13.37,-2.47
Colorado,CO,Moffat,2022,FALSE,3,8703742.366,3102.897,7453.21,8210388.15,82987755.444,1.06009,0.000378,0.000908,100,0,0,0,0,0,0.4163,1167.7844,1.62,31.62,8.95
Colorado,CO,Moffat,2023,FALSE,3,5803629.565,2005.108,5051.286,5241766.02,55335925.289,1.10719,0.000383,0.000964,100,0,0,0,0,0,0.397,1148.941,-33.32,-35.38,-32.23
Colorado,CO,Moffat,2024,FALSE,3,5879472.505,1304.218,4331.886,5067822.82,56059121.575,1.16016,0.000257,0.000855,100,0,0,0,0,0,0.3011,1357.2547,1.31,-34.96,-14.24
Colorado,CO,Moffat,2025,FALSE,3,5024841.382,1023.689,3442.829,4250993.11,47910398.275,1.18204,0.000241,0.00081,100,0,0,0,0,0,0.2973,1459.5094,-14.54,-21.51,-20.52
Colorado,CO,Moffat,2026,TRUE,3,1767352.91,519.431,1089.517,1488430.15,16851202.395,1.18739,0.000349,0.000732,100,0,0,0,0,0,0.4768,1622.1435,-64.83,-49.26,-68.35
Colorado,CO,Morgan,2020,FALSE,6,4216746.882,1633.674,1192.944,3896153.91,42874503.494,1.08228,0.000419,0.000306,85.66,14.34,0,0,0,0,1.3694,3534.74,,,
Colorado,CO,Morgan,2021,FALSE,6,3728766.173,1491.359,1019.134,3502174.99,37310529.23,1.0647,0.000426,0.000291,89.2,10.8,0,0,0,0,1.4634,3658.7595,-11.57,-8.71,-14.57
Colorado,CO,Morgan,2022,FALSE,6,3264055.38,1274.804,835.908,3081368.35,32779103.783,1.05929,0.000414,0.000271,88.44,11.56,0,0,0,0,1.5251,3904.8022,-12.46,-14.52,-17.98
Colorado,CO,Morgan,2023,FALSE,6,3674306.69,1519.417,913.937,3435831.13,37050938.572,1.06941,0.000442,0.000266,87.47,12.53,0,0,0,0,1.6625,4020.3063,12.57,19.19,9.33
Colorado,CO,Morgan,2024,FALSE,5,2895919.938,1098.147,820.264,2677616.68,29076577.864,1.08153,0.00041,0.000306,88.48,11.52,0,0,0,0,1.3388,3530.473,-21.18,-27.73,-10.25
Colorado,CO,Morgan,2025,FALSE,5,1728116.547,653.445,475.749,1672490.04,18171139.446,1.03326,0.000391,0.000284,78.89,21.11,0,0,0,0,1.3735,3632.4124,-40.33,-40.5,-42
Colorado,CO,Morgan,2026,TRUE,5,705127.585,25.643,233.647,1230336.19,11885053.731,0.57312,0.000021,0.00019,0,100,0,0,0,0,0.1098,3017.9184,-59.2,-96.08,-50.89
Colorado,CO,Pueblo,2020,FALSE,9,5513008.094,1887.663,3224.138,5630437.6,57867347.268,0.97914,0.000335,0.000573,81.69,18.31,0,0,0,0,0.5855,1709.9169,,,
Colorado,CO,Pueblo,2021,FALSE,10,9401647.283,3610.821,4329.651,9852450.88,95412684.219,0.95424,0.000366,0.000439,88.22,11.78,0,0,0,0,0.834,2171.4561,70.54,91.29,34.29
Colorado,CO,Pueblo,2022,FALSE,10,7235463.756,2691.902,3393.736,7297934.87,74042555.356,0.99144,0.000369,0.000465,86.51,13.49,0,0,0,0,0.7932,2132.0055,-23.04,-25.45,-21.62
Colorado,CO,Pueblo,2023,FALSE,9,8466564.575,3208.237,3353.051,8488985.06,87943246.03,0.99736,0.000378,0.000395,84.68,15.32,0,0,0,0,0.9568,2525.033,17.01,19.18,-1.2
Colorado,CO,Pueblo,2024,FALSE,9,7385558.75,2589.419,2937.722,7478377.81,77160591.069,0.98759,0.000346,0.000393,81.13,18.87,0,0,0,0,0.8814,2514.0428,-12.77,-19.29,-12.39
Colorado,CO,Pueblo,2025,FALSE,9,5756875.386,1976.626,2419.997,5889099.12,61560447.149,0.97755,0.000336,0.000411,76.49,23.51,0,0,0,0,0.8168,2378.8771,-22.05,-23.67,-17.62
Colorado,CO,Pueblo,2026,TRUE,8,1339059.754,411.156,664.448,1498801.15,15556731.049,0.89342,0.000274,0.000443,60.23,39.77,0,0,0,0,0.6188,2015.2965,-76.74,-79.2,-72.54
Colorado,CO,Routt,2020,FALSE,2,2474266.67,1484.003,612.371,2285850.69,24115724.321,1.08243,0.000649,0.000268,100,0,0,0,0,0,2.4234,4040.47,,,
Colorado,CO,Routt,2021,FALSE,2,2908507.324,1628.192,725.593,2749825.18,28348096.3,1.05771,0.000592,0.000264,100,0,0,0,0,0,2.2439,4008.4556,17.55,9.72,18.49
Colorado,CO,Routt,2022,FALSE,2,3385128.444,1971.459,862.247,3263658.57,32993464.154,1.03722,0.000604,0.000264,100,0,0,0,0,0,2.2864,3925.9382,16.39,21.08,18.83
Colorado,CO,Routt,2023,FALSE,2,2926078.155,1681.693,754.6,2726468.64,28519296.394,1.07321,0.000617,0.000277,100,0,0,0,0,0,2.2286,3877.6546,-13.56,-14.7,-12.48
Colorado,CO,Routt,2024,FALSE,2,2491079.984,1445.764,637.742,2365719.29,24279674.699,1.05299,0.000611,0.00027,100,0,0,0,0,0,2.267,3906.0937,-14.87,-14.03,-15.49
Colorado,CO,Routt,2025,FALSE,2,2559764.705,1516.325,645.156,2539720.29,24948995.717,1.00789,0.000597,0.000254,100,0,0,0,0,0,2.3503,3967.6678,2.76,4.88,1.16
Colorado,CO,Routt,2026,TRUE,2,559593.141,323.07,147.584,529742.54,5454131.927,1.05635,0.00061,0.000279,100,0,0,0,0,0,2.1891,3791.6925,-78.14,-78.69,-77.12
Colorado,CO,Weld,2020,FALSE,14,4064981.247,20.601,995.897,8256876.55,68399086.664,0.49231,0.000002,0.000121,0,100,0,0,0,0,0.0207,4081.7286,,,
Colorado,CO,Weld,2021,FALSE,14,3061126.137,20.691,817.657,6209285.5,51487289.087,0.49299,0.000003,0.000132,0,100,0,0,0,0,0.0253,3743.7778,-24.7,0.44,-17.9
Colorado,CO,Weld,2022,FALSE,14,3309971.139,17.129,947.072,6556924.54,55682055.118,0.50481,0.000003,0.000144,0,100,0,0,0,0,0.0181,3494.952,8.13,-17.22,15.83
Colorado,CO,Weld,2023,FALSE,14,3706981.903,18.739,893.211,7779389.21,62376219.173,0.47651,0.000002,0.000115,0,100,0,0,0,0,0.021,4150.1749,11.99,9.4,-5.69
Colorado,CO,Weld,2024,FALSE,14,4246854.598,21.602,934.462,8841422.44,71445967.153,0.48034,0.000002,0.000106,0,100,0,0,0,0,0.0231,4544.7055,14.56,15.28,4.62
Colorado,CO,Weld,2025,FALSE,20,4149516.801,20.957,909.663,8582257.18,69823461.843,0.4835,0.000002,0.000106,0,100,0,0,0,0,0.023,4561.5979,-2.29,-2.99,-2.65
Colorado,CO,Weld,2026,TRUE,20,1837459.465,11.398,355.005,3799670.4,30917225.119,0.48358,0.000003,0.000093,0,100,0,0,0,0,0.0321,5175.8693,-55.72,-45.61,-60.97
Connecticut,CT,Fairfield,2020,FALSE,13,2213359.343,15.153,214.814,5681113.42,37227297.28,0.3896,0.000003,0.000038,0.13,99.82,0.05,0,0,0,0.0705,10303.6084,,,
Connecticut,CT,Fairfield,2021,FALSE,12,2655533.383,301.698,416.582,6355292.71,42711488.672,0.41785,0.000047,0.000066,6.14,93.79,0.07,0,0,0,0.7242,6374.5754,19.98,1891.01,93.93
Connecticut,CT,Fairfield,2022,FALSE,11,2454201.298,12.39,253.474,6206364.12,41322718.882,0.39543,0.000002,0.000041,0,99.94,0.06,0,0,0,0.0489,9682.2605,-7.58,-95.89,-39.15
Connecticut,CT,Fairfield,2023,FALSE,11,2289379.402,11.56,255.441,5734427.52,38495765.345,0.39923,0.000002,0.000045,0,99.93,0.07,0,0,0,0.0453,8962.4587,-6.72,-6.7,0.78
Connecticut,CT,Fairfield,2024,FALSE,11,2489349.965,12.566,260.574,6261992.71,41914770.936,0.39753,0.000002,0.000042,0,99.93,0.07,0,0,0,0.0482,9553.3321,8.73,8.7,2.01
Connecticut,CT,Fairfield,2025,FALSE,11,2339891.292,12.027,242.851,5893964.1,39643712.784,0.397,0.000002,0.000041,0,99.87,0.13,0,0,0,0.0495,9635.0902,-6,-4.29,-6.8
Connecticut,CT,Fairfield,2026,TRUE,11,1216022.393,6.457,134.345,3008826.44,20368498.426,0.40415,0.000002,0.000045,0,99.93,0.07,0,0,0,0.0481,9051.4898,-48.03,-46.31,-44.68
Connecticut,CT,Hartford,2020,FALSE,11,71466.804,0.03,31.871,104650.08,1194095.068,0.68291,0,0.000305,0,98.13,1.87,0,0,0,0.0009,2242.3772,,,
Connecticut,CT,Hartford,2021,FALSE,10,99841.882,0,45.912,131703.28,1670278.234,0.75808,0,0.000349,0,98.61,1.39,0,0,0,0,2174.6359,39.7,-100,44.06
Connecticut,CT,Hartford,2022,FALSE,10,66165.466,0,38.95,92006.85,1089453.305,0.71914,0,0.000423,0,97.49,2.51,0,0,0,0,1698.7283,-33.73,,-15.16
Connecticut,CT,Hartford,2023,FALSE,10,92094.348,0,22.312,133576.03,1548404.465,0.68945,0,0.000167,0,100,0,0,0,0,0,4127.5703,39.19,,-42.72
Connecticut,CT,Hartford,2024,FALSE,2,97468.007,0,23.011,139851.34,1639903.741,0.69694,0,0.000165,0,100,0,0,0,0,0,4235.7137,5.83,,3.13
Connecticut,CT,Hartford,2025,FALSE,2,62794.533,0,21.237,89480.76,1047907.106,0.70177,0,0.000237,0,100,0,0,0,0,0,2956.8457,-35.57,,-7.71
Connecticut,CT,Hartford,2026,TRUE,2,41307.889,0,14.736,56742.88,658202.501,0.72798,0,0.00026,0,100,0,0,0,0,0,2803.1955,-34.22,,-30.61
Connecticut,CT,Litchfield,2020,FALSE,2,0,0,6.164,366.28,10272.5,0,0,0.016829,0,0,100,0,0,0,0,0,,,
Connecticut,CT,Litchfield,2021,FALSE,2,0,0,1.851,85.01,3085,0,0,0.021774,0,0,100,0,0,0,0,0,,,-69.97
Connecticut,CT,Litchfield,2022,FALSE,2,0,0,5.566,211.97,9275,0,0,0.026258,0,0,100,0,0,0,0,0,,,200.7
Connecticut,CT,Litchfield,2023,FALSE,2,0,0,0.843,70.94,1405,0,0,0.011883,0,0,100,0,0,0,0,0,,,-84.85
Connecticut,CT,Litchfield,2024,FALSE,2,0,0,1.414,110.26,2355,0,0,0.012824,0,0,100,0,0,0,0,0,,,67.73
Connecticut,CT,Litchfield,2025,FALSE,2,0,0,2.826,379.98,6712.5,0,0,0.007437,0,0,100,0,0,0,0,0,,,99.86
Connecticut,CT,Litchfield,2026,TRUE,2,0,0,0.576,55.09,1637.5,0,0,0.010456,0,0,100,0,0,0,0,0,,,-79.62
Connecticut,CT,Middlesex,2020,FALSE,10,972521.244,57.359,278.186,2151442.63,16240696.405,0.45203,0.000027,0.000129,0,97.74,2.26,0,0,0,0.2062,3495.9388,,,
Connecticut,CT,Middlesex,2021,FALSE,10,1132768.646,26.798,181.454,2691568.42,18986573.549,0.42086,0.00001,0.000067,0,98.88,1.12,0,0,0,0.1477,6242.7317,16.48,-53.28,-34.77
Connecticut,CT,Middlesex,2022,FALSE,10,1200722.534,261.606,269.013,2730220.87,19767472.085,0.43979,0.000096,0.000099,0,94.9,5.1,0,0,0,0.9725,4463.4368,6,876.21,48.25
Connecticut,CT,Middlesex,2023,FALSE,10,1246991.217,77.009,198.076,2976287.05,21262094.961,0.41898,0.000026,0.000067,0,98.56,1.44,0,0,0,0.3888,6295.519,3.85,-70.56,-26.37
Connecticut,CT,Middlesex,2024,FALSE,9,1235840.509,58.371,109.883,3046032.57,21144807.423,0.40572,0.000019,0.000036,0,98.5,1.5,0,0,0,0.5312,11246.8763,-0.89,-24.2,-44.52
Connecticut,CT,Middlesex,2025,FALSE,8,1426237.417,198.079,174.082,3421211.83,24054015.315,0.41688,0.000058,0.000051,0,96.22,3.78,0,0,0,1.1378,8192.9057,15.41,239.34,58.42
Connecticut,CT,Middlesex,2026,TRUE,6,753063.887,3.894,48.439,1831970.6,12735681.661,0.41107,0.000002,0.000026,0,98.88,1.12,0,0,0,0.0804,15546.644,-47.2,-98.03,-72.17
Connecticut,CT,New Haven,2020,FALSE,27,3791364.444,22.341,245.52,9245846.26,63744439.238,0.41006,0.000002,0.000027,0,99.55,0.45,0,0,0,0.091,15442.1817,,,
Connecticut,CT,New Haven,2021,FALSE,27,3786726.311,32.614,245.891,9295091.85,63623373.609,0.40739,0.000004,0.000026,0,99.25,0.75,0,0,0,0.1326,15400.02,-0.12,45.98,0.15
Connecticut,CT,New Haven,2022,FALSE,27,3674004.535,103.589,277.921,9069715.6,62442493.866,0.40508,0.000011,0.000031,0,98.56,1.44,0,0,0,0.3727,13219.6003,-2.98,217.62,13.03
Connecticut,CT,New Haven,2023,FALSE,27,3869843.594,49.049,243.717,9576116.28,66036794.041,0.40411,0.000005,0.000025,0,99.26,0.74,0,0,0,0.2013,15878.4311,5.33,-52.65,-12.31
Connecticut,CT,New Haven,2024,FALSE,27,3946187.008,26.107,233.821,9783750.51,67418300.195,0.40334,0.000003,0.000024,0,99.28,0.72,0,0,0,0.1117,16876.9572,1.97,-46.77,-4.06
Connecticut,CT,New Haven,2025,FALSE,27,3565001.87,85.439,295.439,8705828.2,60864348.789,0.4095,0.00001,0.000034,0,97.58,2.42,0,0,0,0.2892,12066.7951,-9.66,227.26,26.35
Connecticut,CT,New Haven,2026,TRUE,27,2024644.915,183.475,274.266,4926006.58,34350279.925,0.41101,0.000037,0.000056,0,95.36,4.64,0,0,0,0.669,7382.0485,-43.21,114.74,-7.17
Connecticut,CT,New London,2020,FALSE,4,20825.821,24.011,27.126,23916.76,304593.873,0.87076,0.001004,0.001134,0,0,100,0,0,0,0.8852,767.7439,,,
Connecticut,CT,New London,2021,FALSE,4,28892.429,36.906,27.106,29491.61,397590.86,0.97968,0.001251,0.000919,0,0,100,0,0,0,1.3615,1065.9053,38.73,53.7,-0.07
Connecticut,CT,New London,2022,FALSE,4,106282.32,174.874,94.656,112356.82,1377681.818,0.94594,0.001556,0.000842,0,0,100,0,0,0,1.8475,1122.8271,267.86,373.84,249.21
Connecticut,CT,New London,2023,FALSE,4,33863.347,44.389,32.132,40892.28,465343.383,0.82811,0.001086,0.000786,0,0,100,0,0,0,1.3815,1053.8823,-68.14,-74.62,-66.05
Connecticut,CT,New London,2024,FALSE,2,23165.594,22.191,15.47,28281.1,336566.403,0.81912,0.000785,0.000547,0,0,100,0,0,0,1.4345,1497.4527,-31.59,-50.01,-51.85
Connecticut,CT,New London,2025,FALSE,2,118809.554,171.926,112.233,141509.98,1583152.489,0.83958,0.001215,0.000793,0,0,100,0,0,0,1.5319,1058.5973,412.87,674.76,625.49
Connecticut,CT,New London,2026,TRUE,2,59081.776,98.254,54.586,70055.44,748363.91,0.84336,0.001403,0.000779,0,0,100,0,0,0,1.8,1082.3613,-50.27,-42.85,-51.36
Connecticut,CT,Windham,2020,FALSE,3,2363498.479,11.933,119.193,3612855.48,39772251.212,0.65419,0.000003,0.000033,0,100,0,0,0,0,0.1001,19829.1718,,,
Connecticut,CT,Windham,2021,FALSE,3,2267298.742,11.446,124.303,3614027.46,38151227.505,0.62736,0.000003,0.000034,0,100,0,0,0,0,0.0921,18240.0967,-4.07,-4.08,4.29
Connecticut,CT,Windham,2022,FALSE,3,2410639.866,12.17,133.547,3727576.74,40563693.308,0.6467,0.000003,0.000036,0,100,0,0,0,0,0.0911,18050.8725,6.32,6.33,7.44
Connecticut,CT,Windham,2023,FALSE,3,2377498.427,12.002,134.34,3717837.89,40005986.659,0.63948,0.000003,0.000036,0,100,0,0,0,0,0.0893,17697.6212,-1.37,-1.38,0.59
Connecticut,CT,Windham,2024,FALSE,3,2428508.974,12.26,142.825,3794163.58,40864117.27,0.64006,0.000003,0.000038,0,100,0,0,0,0,0.0858,17003.3886,2.15,2.15,6.32
Connecticut,CT,Windham,2025,FALSE,3,2407141.698,12.309,141.724,3773227.87,41026464.947,0.63795,0.000003,0.000038,0,100,0,0,0,0,0.0869,16984.7146,-0.88,0.4,-0.77
Connecticut,CT,Windham,2026,TRUE,3,1123207.411,5.825,67.355,1935682.73,19415326.812,0.58026,0.000003,0.000035,0,100,0,0,0,0,0.0865,16675.9322,-53.34,-52.68,-52.47
Delaware,DE,Kent,2020,FALSE,7,737800.822,3.821,61.906,1749707.12,12403520.907,0.42167,0.000002,0.000035,0,100,0,0,0,0,0.0617,11918.0826,,,
Delaware,DE,Kent,2021,FALSE,7,554737.454,2.8,57.076,1280813.4,9323790.771,0.43311,0.000002,0.000045,0,100,0,0,0,0,0.0491,9719.277,-24.81,-26.72,-7.8
Delaware,DE,Kent,2022,FALSE,6,637216.872,3.234,60.93,1458861.04,10625163.827,0.43679,0.000002,0.000042,0,100,0,0,0,0,0.0531,10458.1794,14.87,15.5,6.75
Delaware,DE,Kent,2023,FALSE,6,420905.934,2.126,42.912,954463.38,7075016.252,0.44099,0.000002,0.000045,0,100,0,0,0,0,0.0495,9808.5835,-33.95,-34.26,-29.57
Delaware,DE,Kent,2024,FALSE,6,454682.781,2.295,57.797,997886.47,7644795.749,0.45565,0.000002,0.000058,0,100,0,0,0,0,0.0397,7866.8924,8.02,7.95,34.69
Delaware,DE,Kent,2025,FALSE,6,483815.216,2.461,53.527,1056217.78,8059904.973,0.45806,0.000002,0.000051,0,100,0,0,0,0,0.046,9038.7135,6.41,7.23,-7.39
Delaware,DE,Kent,2026,TRUE,6,228280.339,1.239,33.011,483638.84,3748753.957,0.47201,0.000003,0.000068,0,100,0,0,0,0,0.0375,6915.2809,-52.82,-49.65,-38.33
Delaware,DE,New Castle,2020,FALSE,15,1154301.367,16.74,385.239,1344998.4,19495688.783,0.85822,0.000012,0.000286,0,94.47,5.53,0,0,0,0.0435,2996.3253,,,
Delaware,DE,New Castle,2021,FALSE,15,1051743.683,23.18,472.631,1403618.97,17789255.784,0.74931,0.000017,0.000337,0,88.28,11.72,0,0,0,0.049,2225.2956,-8.88,38.47,22.69
Delaware,DE,New Castle,2022,FALSE,15,1462930.263,86.12,602.188,2456217.09,24495898.394,0.5956,0.000035,0.000245,0,88.86,11.14,0,0,0,0.143,2429.358,39.1,271.53,27.41
Delaware,DE,New Castle,2023,FALSE,15,1358087.87,39.224,515.594,2080474.55,22920679.993,0.65278,0.000019,0.000248,0,92.78,7.22,0,0,0,0.0761,2634.0257,-7.17,-54.45,-14.38
Delaware,DE,New Castle,2024,FALSE,15,1350720.516,76.092,583.312,2061259.61,22697287.296,0.65529,0.000037,0.000283,0,89.38,10.62,0,0,0,0.1304,2315.6056,-0.54,93.99,13.13
Delaware,DE,New Castle,2025,FALSE,15,1609337.376,41.929,700.055,2690788.94,27081641.908,0.59809,0.000016,0.00026,0,89.13,10.87,0,0,0,0.0599,2298.8728,19.15,-44.9,20.01
Delaware,DE,New Castle,2026,TRUE,15,707190.552,61.954,381.456,1162984.97,11518904.012,0.60808,0.000053,0.000328,0,87.91,12.09,0,0,0,0.1624,1853.9243,-56.06,47.76,-45.51
Delaware,DE,Sussex,2020,FALSE,2,163735.061,275.872,76.631,157515.87,1606279.735,1.03948,0.001751,0.000486,99.35,0,0.65,0,0,0,3.6,2136.6687,,,
Delaware,DE,Sussex,2021,FALSE,2,385657.816,636.835,178.727,358507.99,3761627.985,1.07573,0.001776,0.000499,99.93,0,0.07,0,0,0,3.5632,2157.8039,135.54,130.84,133.23
Delaware,DE,Sussex,2022,FALSE,2,169755.446,388.193,82.322,160430.19,1667633.068,1.05813,0.00242,0.000513,99.21,0,0.79,0,0,0,4.7155,2062.0909,-55.98,-39.04,-53.94
Delaware,DE,Sussex,2023,FALSE,2,31534.174,129.114,24.084,26759.28,327035.888,1.17844,0.004825,0.0009,93.98,0,6.02,0,0,0,5.361,1309.3412,-81.42,-66.74,-70.74
Delaware,DE,Sussex,2024,FALSE,2,229804.275,390.271,109.379,206321.31,2248033.388,1.11382,0.001892,0.00053,99.63,0,0.37,0,0,0,3.5681,2100.9908,628.75,202.27,354.16
Delaware,DE,Sussex,2025,FALSE,2,315033.278,154.694,122.378,287980.44,3098978.162,1.09394,0.000537,0.000425,99.08,0,0.92,0,0,0,1.2641,2574.264,37.09,-60.36,11.88
Delaware,DE,Sussex,2026,TRUE,1,0,0,0.25,93.04,1914,0,0,0.002687,0,0,100,0,0,0,0,0,-100,-100,-99.8
District Of Columbia,DC,District of Columbia,2020,FALSE,2,0,0,65.803,0,1211315.697,,,,0,100,0,0,0,0,0,0,,,
District Of Columbia,DC,District of Columbia,2021,FALSE,3,0,0,62.309,0,1225224.587,,,,0,100,0,0,0,0,0,0,,,-5.31
District Of Columbia,DC,District of Columbia,2022,FALSE,3,0,0,49.64,0,779958.201,,,,0,100,0,0,0,0,0,0,,,-20.33
District Of Columbia,DC,District of Columbia,2023,FALSE,3,0,0,54.237,0,985290.674,,,,0,100,0,0,0,0,0,0,,,9.26
District Of Columbia,DC,District of Columbia,2024,FALSE,2,0,0,52.483,0,1026269.509,,,,0,100,0,0,0,0,0,0,,,-3.23
District Of Columbia,DC,District of Columbia,2025,FALSE,2,0,0,56.663,0,1055366.807,,,,0,100,0,0,0,0,0,0,,,7.96
District Of Columbia,DC,District of Columbia,2026,TRUE,2,0,0,46.877,0,802617.64,,,,0,100,0,0,0,0,0,0,,,-17.27
Florida,FL,Alachua,2020,FALSE,6,1855633.872,380.042,1296.479,2028630.54,24216445.83,0.91472,0.000187,0.000639,20.62,53.17,0,26.21,0,0,0.2931,1431.2873,,,
Florida,FL,Alachua,2021,FALSE,6,2165937.493,615.586,1750.08,2130522.08,26586478.054,1.01662,0.000289,0.000821,28.96,36.32,0,34.72,0,0,0.3517,1237.622,16.72,61.98,34.99
Florida,FL,Alachua,2022,FALSE,6,1962803.254,168.346,976.321,2139374.81,26126843.258,0.91747,0.000079,0.000456,0,66.67,0,33.33,0,0,0.1724,2010.4077,-9.38,-72.65,-44.21
Florida,FL,Alachua,2023,FALSE,6,1649384.016,81.15,864.04,2012217.35,24138271.542,0.81968,0.00004,0.000429,0,81.02,0,18.98,0,0,0.0939,1908.9209,-15.97,-51.8,-11.5
Florida,FL,Alachua,2024,FALSE,6,1568664.429,27.514,736.656,1933649.91,23302771.067,0.81125,0.000014,0.000381,0,82.4,0,17.6,0,0,0.0373,2129.4396,-4.89,-66.09,-14.74
Florida,FL,Alachua,2025,FALSE,6,1819733.9,171.372,835.426,1985464.04,25201639.366,0.91653,0.000086,0.000421,0,72.24,0,27.76,0,0,0.2051,2178.2108,16.01,522.85,13.41
Florida,FL,Alachua,2026,TRUE,6,867748.49,131.853,495.37,837235.74,11405368.38,1.03644,0.000157,0.000592,0,64.78,0,35.22,0,0,0.2662,1751.7179,-52.31,-23.06,-40.7
Florida,FL,Bay,2020,FALSE,2,2093567.51,3.899,482.129,5058995.91,35228323.383,0.41383,0.000001,0.000095,0,100,0,0,0,0,0.0081,4342.3389,,,
Florida,FL,Bay,2021,FALSE,2,1997365.685,10.084,458.59,4811672.79,33609464.478,0.41511,0.000002,0.000095,0,100,0,0,0,0,0.022,4355.4497,-4.6,158.63,-4.88
Florida,FL,Bay,2022,FALSE,2,1928832.237,9.737,436.897,4637829.36,32456280.951,0.41589,0.000002,0.000094,0,100,0,0,0,0,0.0223,4414.8443,-3.43,-3.44,-4.73
Florida,FL,Bay,2023,FALSE,2,1764529.418,8.908,404.713,4271967.21,29691670.491,0.41305,0.000002,0.000095,0,100,0,0,0,0,0.022,4359.9524,-8.52,-8.51,-7.37
Florida,FL,Bay,2024,FALSE,2,1694876.701,8.556,405.542,4055382.64,28519576.51,0.41793,0.000002,0.0001,0,100,0,0,0,0,0.0211,4179.2877,-3.95,-3.95,0.2
Florida,FL,Bay,2025,FALSE,2,1612839.702,8.142,386.748,3823291.72,27139098.613,0.42185,0.000002,0.000101,0,100,0,0,0,0,0.0211,4170.26,-4.84,-4.84,-4.63
Florida,FL,Bay,2026,TRUE,2,741903.164,3.745,180.365,1754359.87,12483909.514,0.42289,0.000002,0.000103,0,100,0,0,0,0,0.0208,4113.3433,-54,-54,-53.36
Florida,FL,Brevard,2020,FALSE,10,2562397.185,13.921,195.816,6600963.88,43074502.609,0.38819,0.000002,0.00003,0,100,0,0,0,0,0.0711,13085.7396,,,
Florida,FL,Brevard,2021,FALSE,10,2493667.618,22.169,208.224,6330954.21,41913938.351,0.39388,0.000004,0.000033,0,100,0,0,0,0,0.1065,11975.8895,-2.68,59.25,6.34
Florida,FL,Brevard,2022,FALSE,10,2395730.708,21.116,240.28,5928982.73,40274506.446,0.40407,0.000004,0.000041,0,100,0,0,0,0,0.0879,9970.5789,-3.93,-4.75,15.39
Florida,FL,Brevard,2023,FALSE,10,3084343.88,22.04,272.99,7695666.61,51868160.5,0.40079,0.000003,0.000035,0,100,0,0,0,0,0.0807,11298.3768,28.74,4.38,13.61
Florida,FL,Brevard,2024,FALSE,10,3012683.508,19.077,276.728,7213688.02,50681821.37,0.41763,0.000003,0.000038,0,100,0,0,0,0,0.0689,10886.804,-2.32,-13.44,1.37
Florida,FL,Brevard,2025,FALSE,10,3251482.811,22.658,300.615,7711760.53,54701764.635,0.42163,0.000003,0.000039,0,100,0,0,0,0,0.0754,10816.103,7.93,18.77,8.63
Florida,FL,Brevard,2026,TRUE,10,1923044.785,137.319,411.351,4441287.31,32247456.556,0.43299,0.000031,0.000093,0,100,0,0,0,0,0.3338,4674.9486,-40.86,506.05,36.84
Florida,FL,Broward,2020,FALSE,8,2656061.015,13.43,207.255,6843476.4,44668873.779,0.38812,0.000002,0.00003,0,100,0,0,0,0,0.0648,12815.4255,,,
Florida,FL,Broward,2021,FALSE,8,2851448.17,14.439,217.757,7469432.74,47932641.257,0.38175,0.000002,0.000029,0,100,0,0,0,0,0.0663,13094.6338,7.36,7.51,5.07
Florida,FL,Broward,2022,FALSE,10,4443677.997,22.537,321.005,11619578.48,74667221.732,0.38243,0.000002,0.000028,0,100,0,0,0,0,0.0702,13843.018,55.84,56.08,47.41
Florida,FL,Broward,2023,FALSE,10,4781768.506,24.29,339.051,12314943.36,80304697.355,0.38829,0.000002,0.000028,0,100,0,0,0,0,0.0716,14103.3901,7.61,7.78,5.62
Florida,FL,Broward,2024,FALSE,10,5466036.577,27.753,376.476,13439175.92,91804633.965,0.40672,0.000002,0.000028,0,100,0,0,0,0,0.0737,14518.9509,14.31,14.26,11.04
Florida,FL,Broward,2025,FALSE,10,4598609.205,23.318,331.615,11148737.34,77269367.488,0.41248,0.000002,0.00003,0,100,0,0,0,0,0.0703,13867.3136,-15.87,-15.98,-11.92
Florida,FL,Broward,2026,TRUE,10,2773327.057,14.065,191.293,6926948.55,46596188.728,0.40037,0.000002,0.000028,0,100,0,0,0,0,0.0735,14497.7969,-39.69,-39.68,-42.31
Florida,FL,Citrus,2020,FALSE,6,8557198.43,2656.878,2965.443,15602621.82,116870276.679,0.54845,0.00017,0.00019,31.94,68.06,0,0,0,0,0.8959,2885.6392,,,
Florida,FL,Citrus,2021,FALSE,6,10082676.049,3634.785,3659.827,16973248.26,130073033.23,0.59403,0.000214,0.000216,41.9,58.1,0,0,0,0,0.9932,2754.9597,17.83,36.81,23.42
Florida,FL,Citrus,2022,FALSE,6,9619326.938,3060.769,4446.02,16522080.47,126258766.678,0.58221,0.000185,0.000269,38.82,61.18,0,0,0,0,0.6884,2163.5816,-4.6,-15.79,21.48
Florida,FL,Citrus,2023,FALSE,6,9198521.163,3540.548,3970.341,16848487.89,124791608.05,0.54596,0.00021,0.000236,33.08,66.92,0,0,0,0,0.8917,2316.8088,-4.37,15.68,-10.7
Florida,FL,Citrus,2024,FALSE,6,8474912.645,2718.064,4107.135,16156070.39,117838880.096,0.52457,0.000168,0.000254,28.93,71.07,0,0,0,0,0.6618,2063.4609,-7.87,-23.23,3.45
Florida,FL,Citrus,2025,FALSE,6,8813584.126,3600.14,4764.331,16008043.75,118171599.317,0.55057,0.000225,0.000298,35.1,64.9,0,0,0,0,0.7556,1849.9101,4,32.45,16
Florida,FL,Citrus,2026,TRUE,6,4987198.158,2473.417,2314.092,8373663.69,63578514.243,0.59558,0.000295,0.000276,44.04,55.96,0,0,0,0,1.0688,2155.1426,-43.41,-31.3,-51.43
Florida,FL,Duval,2020,FALSE,10,7205668.876,2321.63,3545.495,9383116.33,99110912.859,0.76794,0.000247,0.000378,30.99,69.01,0,0,0,0,0.6548,2032.345,,,
Florida,FL,Duval,2021,FALSE,10,5608738.418,1517.753,2180.532,7889374.27,81172095.088,0.71092,0.000192,0.000276,23.16,76.84,0,0,0,0,0.696,2572.1881,-22.16,-34.63,-38.5
Florida,FL,Duval,2022,FALSE,10,5708793.227,1680.164,2542.718,7808441.9,82716946.943,0.73111,0.000215,0.000326,22.44,77.56,0,0,0,0,0.6608,2245.1539,1.78,10.7,16.61
Florida,FL,Duval,2023,FALSE,10,5522465.115,1517.827,2566.613,7604912.04,80189633.092,0.72617,0.0002,0.000337,23.82,76.18,0,0,0,0,0.5914,2151.6548,-3.26,-9.66,0.94
Florida,FL,Duval,2024,FALSE,10,5548761.492,1009.147,2996.081,7894498.97,84785086.016,0.70286,0.000128,0.00038,15.13,84.87,0,0,0,0,0.3368,1852.0065,0.48,-33.51,16.73
Florida,FL,Duval,2025,FALSE,10,5627469.887,1543.392,2234.755,7656733.35,80913145.021,0.73497,0.000202,0.000292,24.99,75.01,0,0,0,0,0.6906,2518.1597,1.42,52.94,-25.41
Florida,FL,Duval,2026,TRUE,10,2899046.734,983.672,1382.802,3832364.14,40848020.588,0.75646,0.000257,0.000361,27.56,72.44,0,0,0,0,0.7114,2096.5017,-48.48,-36.27,-38.12
Florida,FL,Escambia,2020,FALSE,4,1263481.962,676.246,1611.79,1307013.79,14486362.104,0.96669,0.000517,0.001233,100,0,0,0,0,0,0.4196,783.8999,,,
Florida,FL,Escambia,2021,FALSE,8,1138821.84,5.762,1899.295,1751869.43,19200805.539,0.65006,0.000003,0.001084,0,100,0,0,0,0,0.003,599.6024,-9.87,-99.15,17.84
Florida,FL,Escambia,2022,FALSE,8,1120164.188,5.824,995.582,1709592.1,18669558.087,0.65522,0.000003,0.000582,0,100,0,0,0,0,0.0058,1125.135,-1.64,1.08,-47.58
Florida,FL,Escambia,2023,FALSE,8,1659855.238,8.397,1444.8,2521401.99,27912104.48,0.65831,0.000003,0.000573,0,100,0,0,0,0,0.0058,1148.8478,48.18,44.18,45.12
Florida,FL,Escambia,2024,FALSE,8,1907227.039,9.64,1418.812,2904981.16,32080235.012,0.65654,0.000003,0.000488,0,100,0,0,0,0,0.0068,1344.2423,14.9,14.8,-1.8
Florida,FL,Escambia,2025,FALSE,8,1383838.829,6.998,1057.555,2078458.61,23273143.441,0.6658,0.000003,0.000509,0,100,0,0,0,0,0.0066,1308.5266,-27.44,-27.41,-25.46
Florida,FL,Escambia,2026,TRUE,8,566823.221,2.872,475.662,831690.46,9526243.707,0.68153,0.000003,0.000572,0,100,0,0,0,0,0.006,1191.6513,-59.04,-58.96,-55.02
Florida,FL,Hardee,2020,FALSE,17,2230117.388,24.902,593.398,3527312.61,37510546.872,0.63224,0.000007,0.000168,0,100,0,0,0,0,0.042,3758.2152,,,
Florida,FL,Hardee,2021,FALSE,17,2519250.385,97.203,694.706,3979510.49,42331386.6,0.63306,0.000024,0.000175,0,100,0,0,0,0,0.1399,3626.3547,12.96,290.34,17.07
Florida,FL,Hardee,2022,FALSE,17,2591587.392,115.066,732.991,4034846.52,43535611.506,0.6423,0.000029,0.000182,0,100,0,0,0,0,0.157,3535.6333,2.87,18.38,5.51
Florida,FL,Hardee,2023,FALSE,15,1631006.328,10.411,454.802,2518350.56,27416405.157,0.64765,0.000004,0.000181,0,100,0,0,0,0,0.0229,3586.1899,-37.07,-90.95,-37.95
Florida,FL,Hardee,2024,FALSE,16,1704217.164,38.787,442.966,2650979.2,28654794.864,0.64286,0.000015,0.000167,0,100,0,0,0,0,0.0876,3847.2866,4.49,272.56,-2.6
Florida,FL,Hardee,2025,FALSE,16,1902071.985,10.684,528.641,2945929.87,31889226.428,0.64566,0.000004,0.000179,0,100,0,0,0,0,0.0202,3598.041,11.61,-72.45,19.34
Florida,FL,Hardee,2026,TRUE,16,1012539.928,215.324,297.103,1550406.38,16877620.194,0.65308,0.000139,0.000192,0,100,0,0,0,0,0.7247,3408.0434,-46.77,1915.39,-43.8
Florida,FL,Hillsborough,2020,FALSE,21,6049247.3,868.136,1981.543,8317059.38,94047637.26,0.72733,0.000104,0.000238,13.4,86.6,0,0,0,0,0.4381,3052.7964,,,
Florida,FL,Hillsborough,2021,FALSE,22,6582981.81,1422.934,1960.279,9005641.03,99735673.34,0.73098,0.000158,0.000218,18.41,81.59,0,0,0,0,0.7259,3358.1862,8.82,63.91,-1.07
Florida,FL,Hillsborough,2022,FALSE,21,5860572.586,1040.426,1525.722,8617140.39,88547384.801,0.68011,0.000121,0.000177,16.77,83.23,0,0,0,0,0.6819,3841.1798,-10.97,-26.88,-22.17
Florida,FL,Hillsborough,2023,FALSE,21,5903718.355,629.598,1583.286,10846255.7,93623349.787,0.54431,0.000058,0.000146,11.56,88.44,0,0,0,0,0.3977,3728.7757,0.74,-39.49,3.77
Florida,FL,Hillsborough,2024,FALSE,20,5259321.998,93.822,1520.907,10733219.51,88075504.445,0.49,0.000009,0.000142,9.01,90.99,0,0,0,0,0.0617,3458.0168,-10.92,-85.1,-3.94
Florida,FL,Hillsborough,2025,FALSE,20,5609620.741,92.58,1466.036,11413639,94113328.725,0.49148,0.000008,0.000128,0,100,0,0,0,0,0.0631,3826.3868,6.66,-1.32,-3.61
Florida,FL,Hillsborough,2026,TRUE,20,2940332.236,213.141,790.281,5797970.52,48892127.878,0.50713,0.000037,0.000136,0,100,0,0,0,0,0.2697,3720.6161,-47.58,130.22,-46.09
Florida,FL,Lee,2020,FALSE,10,4041413.56,22.329,929.116,9954579.61,67975741.038,0.40599,0.000002,0.000093,0,100,0,0,0,0,0.024,4349.7406,,,
Florida,FL,Lee,2021,FALSE,10,4122017.181,23.37,963.061,10043699.11,69322275.344,0.41041,0.000002,0.000096,0,100,0,0,0,0,0.0243,4280.1206,1.99,4.66,3.65
Florida,FL,Lee,2022,FALSE,10,4430841.015,38.398,924.874,10739508.53,74317969.261,0.41257,0.000004,0.000086,0,100,0,0,0,0,0.0415,4790.751,7.49,64.3,-3.97
Florida,FL,Lee,2023,FALSE,10,4544079.235,24.435,1014.087,10901489.39,76440344.833,0.41683,0.000002,0.000093,0,100,0,0,0,0,0.0241,4480.956,2.56,-36.36,9.65
Florida,FL,Lee,2024,FALSE,10,4606186.47,23.385,1049.969,9997617.23,77365964.732,0.46073,0.000002,0.000105,0,100,0,0,0,0,0.0223,4386.9738,1.37,-4.3,3.54
Florida,FL,Lee,2025,FALSE,10,4229114.003,21.354,950.065,9400098,71158225.437,0.4499,0.000002,0.000101,0,100,0,0,0,0,0.0225,4451.3944,-8.19,-8.69,-9.51
Florida,FL,Lee,2026,TRUE,10,2070119.436,10.456,464.059,4688224.51,34827771.455,0.44156,0.000002,0.000099,0,100,0,0,0,0,0.0225,4460.8971,-51.05,-51.03,-51.16
Florida,FL,Leon,2020,FALSE,3,657115.279,3.999,97.776,1407379.96,11056639.06,0.46691,0.000003,0.000069,0,100,0,0,0,0,0.0409,6720.6194,,,
Florida,FL,Leon,2021,FALSE,3,575615.09,9.169,84.947,1234947.45,9681248.785,0.4661,0.000007,0.000069,0,100,0,0,0,0,0.1079,6776.1674,-12.4,129.28,-13.12
Florida,FL,Leon,2022,FALSE,3,654883.359,11.826,90.13,1420497.96,11013481.191,0.46102,0.000008,0.000063,0,100,0,0,0,0,0.1312,7265.9865,13.77,28.98,6.1
Florida,FL,Leon,2023,FALSE,3,680589.296,7.004,85.135,1498948.6,11449612.372,0.45404,0.000005,0.000057,0,100,0,0,0,0,0.0823,7994.2362,3.93,-40.77,-5.54
Florida,FL,Leon,2024,FALSE,3,676996.414,3.58,83.418,1481090.93,11391611.37,0.45709,0.000002,0.000056,0,100,0,0,0,0,0.0429,8115.7114,-0.53,-48.89,-2.02
Florida,FL,Leon,2025,FALSE,3,669132.472,19.188,81.845,1459577.49,11247913.743,0.45844,0.000013,0.000056,0,100,0,0,0,0,0.2344,8175.606,-1.16,435.98,-1.89
Florida,FL,Leon,2026,TRUE,3,330453.494,44.239,40.284,713026.13,5529379.365,0.46345,0.000062,0.000056,0,100,0,0,0,0,1.0982,8203.0954,-50.61,130.56,-50.78
Florida,FL,Manatee,2020,FALSE,6,4450233.378,219.775,806.784,9818173.15,74676196.824,0.45326,0.000022,0.000082,0,100,0,0,0,0,0.2724,5516.0159,,,
Florida,FL,Manatee,2021,FALSE,6,3996925.523,309.119,775.546,8629937.19,66952210.078,0.46315,0.000036,0.00009,0,100,0,0,0,0,0.3986,5153.6924,-10.19,40.65,-3.87
Florida,FL,Manatee,2022,FALSE,6,2677640.851,13.843,192.457,6794751.98,45056129.692,0.39407,0.000002,0.000028,0,100,0,0,0,0,0.0719,13912.9304,-33.01,-95.52,-75.18
Florida,FL,Manatee,2023,FALSE,6,2667977.646,19.569,202.983,6747495.01,44886988.827,0.3954,0.000003,0.00003,0,100,0,0,0,0,0.0964,13143.8477,-0.36,41.36,5.47
Florida,FL,Manatee,2024,FALSE,6,2977753.91,15.028,366.84,6829417.86,50106349.833,0.43602,0.000002,0.000054,0,100,0,0,0,0,0.041,8117.3098,11.61,-23.21,80.72
Florida,FL,Manatee,2025,FALSE,6,3172091.841,102.744,345.091,7536045.65,53282004.802,0.42092,0.000014,0.000046,0,100,0,0,0,0,0.2977,9192.0445,6.53,583.68,-5.93
Florida,FL,Manatee,2026,TRUE,6,1615509.665,239.692,198.454,3835309.63,26931805.078,0.42122,0.000062,0.000052,0,100,0,0,0,0,1.2078,8140.4742,-49.07,133.29,-42.49
Florida,FL,Martin,2020,FALSE,8,4670052.302,23.583,595.305,11400351.36,78574021.87,0.40964,0.000002,0.000052,0,100,0,0,0,0,0.0396,7844.8061,,,
Florida,FL,Martin,2021,FALSE,8,4132026.363,20.863,495.205,10098144.95,69525233.668,0.40919,0.000002,0.000049,0,100,0,0,0,0,0.0421,8344.0724,-11.52,-11.53,-16.81
Florida,FL,Martin,2022,FALSE,8,4028702.43,20.346,508.596,9773623.3,67783587.519,0.4122,0.000002,0.000052,0,100,0,0,0,0,0.04,7921.2232,-2.5,-2.48,2.7
Florida,FL,Martin,2023,FALSE,8,3615411.096,18.256,480.486,8639569.81,60831397.905,0.41847,0.000002,0.000056,0,100,0,0,0,0,0.038,7524.4879,-10.26,-10.27,-5.53
Florida,FL,Martin,2024,FALSE,8,3260449.657,16.46,469.675,7693351.7,54862929.168,0.4238,0.000002,0.000061,0,100,0,0,0,0,0.035,6941.9272,-9.82,-9.84,-2.25
Florida,FL,Martin,2025,FALSE,8,3505411.71,17.704,485.031,8208397.76,58977174.308,0.42705,0.000002,0.000059,0,100,0,0,0,0,0.0365,7227.1911,7.51,7.56,3.27
Florida,FL,Martin,2026,TRUE,8,1690835.437,8.535,240.374,3965586.82,28451508.586,0.42638,0.000002,0.000061,0,100,0,0,0,0,0.0355,7034.186,-51.76,-51.79,-50.44
Florida,FL,Miami-Dade,2020,FALSE,4,2600014.116,13.247,162.989,6566244.67,43740623.14,0.39597,0.000002,0.000025,0,100,0,0,0,0,0.0813,15952.0834,,,
Florida,FL,Miami-Dade,2021,FALSE,4,2213459.166,11.326,142.954,5608555.64,37233612.802,0.39466,0.000002,0.000025,0,100,0,0,0,0,0.0792,15483.7162,-14.87,-14.5,-12.29
Florida,FL,Miami-Dade,2022,FALSE,4,2554497.835,13.089,159.446,6489196.63,42968935.216,0.39365,0.000002,0.000025,0,100,0,0,0,0,0.0821,16021.0845,15.41,15.57,11.54
Florida,FL,Miami-Dade,2023,FALSE,4,2695219.935,13.668,164.608,6755575.33,45346877.241,0.39896,0.000002,0.000024,0,100,0,0,0,0,0.083,16373.5659,5.51,4.42,3.24
Florida,FL,Miami-Dade,2024,FALSE,4,2919169.147,14.742,182.012,7105958.72,49115280.469,0.41081,0.000002,0.000026,0,100,0,0,0,0,0.081,16038.3334,8.31,7.86,10.57
Florida,FL,Miami-Dade,2025,FALSE,4,2718059.194,13.723,173.246,6582013.7,45735397.435,0.41295,0.000002,0.000026,0,100,0,0,0,0,0.0792,15689.0156,-6.89,-6.91,-4.82
Florida,FL,Miami-Dade,2026,TRUE,4,1400684.387,7.076,91.598,3386065.88,23564385.82,0.41366,0.000002,0.000027,0,100,0,0,0,0,0.0773,15291.6481,-48.47,-48.44,-47.13
Florida,FL,Monroe,2020,FALSE,1,1376.082,0.01,1.376,1838.54,16961.093,0.74846,0.000005,0.000748,0,0,100,0,0,0,0.0073,1000.0596,,,
Florida,FL,Monroe,2021,FALSE,1,1742.874,0.033,1.781,2050.62,21488.662,0.84993,0.000016,0.000869,0,0,100,0,0,0,0.0185,978.5929,26.65,230,29.43
Florida,FL,Monroe,2022,FALSE,1,2256.416,0.067,2.232,2898.63,27809.019,0.77844,0.000023,0.00077,0,0,100,0,0,0,0.03,1010.9391,29.47,103.03,25.32
Florida,FL,Monroe,2023,FALSE,1,564.333,0.003,0.603,718.8,6957.433,0.7851,0.000004,0.000839,0,0,100,0,0,0,0.005,935.8756,-74.99,-95.52,-72.98
Florida,FL,Monroe,2024,FALSE,1,1560.383,0.007,1.602,1852.15,19229.879,0.84247,0.000004,0.000865,0,0,100,0,0,0,0.0044,974.0218,176.5,133.33,165.67
Florida,FL,Monroe,2025,FALSE,1,2617.147,0.013,2.649,3181.87,32248.727,0.82252,0.000004,0.000833,0,0,100,0,0,0,0.0049,987.9755,67.72,85.71,65.36
Florida,FL,Monroe,2026,TRUE,1,5862.697,0.03,5.74,7609.14,72251.569,0.77048,0.000004,0.000754,0,0,100,0,0,0,0.0052,1021.3758,124.01,130.77,116.69
Florida,FL,Okeechobee,2020,FALSE,3,3442747.613,17.386,204.815,9711359.48,57924032.765,0.35451,0.000002,0.000021,0,100,0,0,0,0,0.0849,16809.0599,,,
Florida,FL,Okeechobee,2021,FALSE,3,3288019.206,16.609,192.497,9419048.32,55315438.485,0.34908,0.000002,0.00002,0,100,0,0,0,0,0.0863,17080.8854,-4.49,-4.47,-6.01
Florida,FL,Okeechobee,2022,FALSE,3,3551439.096,17.941,210.617,10160657.88,59747080.433,0.34953,0.000002,0.000021,0,100,0,0,0,0,0.0852,16862.0724,8.01,8.02,9.41
Florida,FL,Okeechobee,2023,FALSE,3,4198889.141,21.206,243.073,11652448.36,70646445.447,0.36034,0.000002,0.000021,0,100,0,0,0,0,0.0872,17274.1898,18.23,18.2,15.41
Florida,FL,Okeechobee,2024,FALSE,3,4219411.64,21.301,247.822,11330802.93,71098790.308,0.37238,0.000002,0.000022,0,100,0,0,0,0,0.086,17025.9769,0.49,0.45,1.95
Florida,FL,Okeechobee,2025,FALSE,3,4544982.11,22.944,264.96,12285745.16,76742752.12,0.36994,0.000002,0.000022,0,100,0,0,0,0,0.0866,17153.4651,7.72,7.71,6.92
Florida,FL,Okeechobee,2026,TRUE,3,1705127.084,8.609,100.135,4584568.35,28773828.397,0.37193,0.000002,0.000022,0,100,0,0,0,0,0.086,17028.2827,-62.48,-62.48,-62.21
Florida,FL,Orange,2020,FALSE,7,6292065.947,2253.169,4609.172,8833672.84,77924939.341,0.71228,0.000255,0.000522,55.45,44.55,0,0,0,0,0.4888,1365.1185,,,
Florida,FL,Orange,2021,FALSE,7,7081686.78,2719.486,5225.56,9894542.92,86221352.947,0.71572,0.000275,0.000528,56.81,43.19,0,0,0,0,0.5204,1355.2015,12.55,20.7,13.37
Florida,FL,Orange,2022,FALSE,7,6741534.36,1489.688,4582.48,10319875.81,87839370.676,0.65326,0.000144,0.000444,50.23,49.77,0,0,0,0,0.3251,1471.1541,-4.8,-45.22,-12.31
Florida,FL,Orange,2023,FALSE,7,6266461.491,1481.505,3919.069,10191308.41,83076679.693,0.61488,0.000145,0.000385,44.58,55.42,0,0,0,0,0.378,1598.9669,-7.05,-0.55,-14.48
Florida,FL,Orange,2024,FALSE,7,5211312.393,951.308,3389.039,8623607.52,69488389.403,0.60431,0.00011,0.000393,45.29,54.71,0,0,0,0,0.2807,1537.6962,-16.84,-35.79,-13.52
Florida,FL,Orange,2025,FALSE,6,6366473.403,1940.422,4154.406,9824089.28,81267861.807,0.64805,0.000198,0.000423,50.27,49.73,0,0,0,0,0.4671,1532.463,22.17,103.97,22.58
Florida,FL,Orange,2026,TRUE,6,2986123.41,1100.37,1954.701,4585644.52,37921781.253,0.65119,0.00024,0.000426,52.32,47.68,0,0,0,0,0.5629,1527.6625,-53.1,-43.29,-52.95
Florida,FL,Osceola,2020,FALSE,12,1946595.182,10.293,279.618,4330197.64,32717627.873,0.44954,0.000002,0.000065,0,99.85,0.15,0,0,0,0.0368,6961.6233,,,
Florida,FL,Osceola,2021,FALSE,12,1854705.235,10.55,268.461,4073101.91,31139890.785,0.45535,0.000003,0.000066,0,99.8,0.2,0,0,0,0.0393,6908.658,-4.72,2.5,-3.99
Florida,FL,Osceola,2022,FALSE,13,1919001.031,11.076,315.382,4209432.36,32212295.56,0.45588,0.000003,0.000075,0,99.72,0.28,0,0,0,0.0351,6084.6879,3.47,4.99,17.48
Florida,FL,Osceola,2023,FALSE,13,2019285.511,14.849,266.909,4590047.82,33943123.955,0.43993,0.000003,0.000058,0,99.81,0.19,0,0,0,0.0556,7565.4456,5.23,34.06,-15.37
Florida,FL,Osceola,2024,FALSE,14,2073216.882,10.526,319.132,4588614.7,34832332.788,0.45182,0.000002,0.00007,0,99.72,0.28,0,0,0,0.033,6496.4243,2.67,-29.11,19.57
Florida,FL,Osceola,2025,FALSE,14,1882550.685,20.593,256.443,4348761.78,31624240.954,0.43289,0.000005,0.000059,0,99.74,0.26,0,0,0,0.0803,7341.0102,-9.2,95.64,-19.64
Florida,FL,Osceola,2026,TRUE,15,1063457.887,5.826,181.592,2403274.81,17818517.526,0.4425,0.000002,0.000076,0,99.84,0.16,0,0,0,0.0321,5856.3036,-43.51,-71.71,-29.19
Florida,FL,Palm Beach,2020,FALSE,13,10220360.89,51.651,679.912,26889002.5,171917689.765,0.38009,0.000002,0.000025,0,100,0,0,0,0,0.076,15031.8878,,,
Florida,FL,Palm Beach,2021,FALSE,13,9993245.467,50.537,661.021,26622302.79,168058676.815,0.37537,0.000002,0.000025,0,100,0,0,0,0,0.0765,15117.8941,-2.22,-2.16,-2.78
Florida,FL,Palm Beach,2022,FALSE,13,10109026.457,51.104,670.639,26906281.83,170026488.304,0.37571,0.000002,0.000025,0,100,0,0,0,0,0.0762,15073.7229,1.16,1.12,1.46
Florida,FL,Palm Beach,2023,FALSE,13,10634001.657,53.782,706.393,27939833.7,178829122.475,0.3806,0.000002,0.000025,0,100,0,0,0,0,0.0761,15053.9454,5.19,5.24,5.33
Florida,FL,Palm Beach,2024,FALSE,12,11115534.247,56.145,741.774,27688409.89,187006480.84,0.40145,0.000002,0.000027,0,100,0,0,0,0,0.0757,14985.0686,4.53,4.39,5.01
Florida,FL,Palm Beach,2025,FALSE,12,10582454.085,53.465,731.535,26185349.81,178025747.866,0.40414,0.000002,0.000028,0,100,0,0,0,0,0.0731,14466.094,-4.8,-4.77,-1.38
Florida,FL,Palm Beach,2026,TRUE,12,4775518.207,24.115,317.865,11844418.73,80349491.121,0.40319,0.000002,0.000027,0,100,0,0,0,0,0.0759,15023.7309,-54.87,-54.9,-56.55
Florida,FL,Pasco,2020,FALSE,5,1658435.139,8.47,1624.622,2586063.58,27904392.847,0.6413,0.000003,0.000628,0,100,0,0,0,0,0.0052,1020.8129,,,
Florida,FL,Pasco,2021,FALSE,5,1583670.376,9.632,1497.463,2526636.63,26616795.381,0.62679,0.000004,0.000593,0,100,0,0,0,0,0.0064,1057.569,-4.51,13.72,-7.83
Florida,FL,Pasco,2022,FALSE,5,1941204.954,11.104,1569.283,3110667.55,32639485.431,0.62405,0.000004,0.000504,0,100,0,0,0,0,0.0071,1237.0012,22.58,15.28,4.8
Florida,FL,Pasco,2023,FALSE,5,1358743.917,6.86,1236.814,2087683.27,22863539.944,0.65084,0.000003,0.000592,0,100,0,0,0,0,0.0055,1098.5839,-30.01,-38.22,-21.19
Florida,FL,Pasco,2024,FALSE,5,1367797.025,7.003,1073.989,2131333.02,23014032.475,0.64176,0.000003,0.000504,0,100,0,0,0,0,0.0065,1273.5671,0.67,2.08,-13.16
Florida,FL,Pasco,2025,FALSE,5,1698748.01,9.819,1437.348,2627068.21,28560784.995,0.64663,0.000004,0.000547,0,100,0,0,0,0,0.0068,1181.8627,24.2,40.21,33.83
Florida,FL,Pasco,2026,TRUE,5,925909.786,5.251,760.639,1480539.48,15569223.178,0.62539,0.000004,0.000514,0,100,0,0,0,0,0.0069,1217.2789,-45.49,-46.52,-47.08
Florida,FL,Pinellas,2020,FALSE,4,3045188.213,15.329,817.168,7006226.3,51241127.322,0.43464,0.000002,0.000117,0,100,0,0,0,0,0.0188,3726.5143,,,
Florida,FL,Pinellas,2021,FALSE,4,2351808.776,11.838,641.673,5347258.91,39573531.224,0.43982,0.000002,0.00012,0,100,0,0,0,0,0.0184,3665.1204,-22.77,-22.77,-21.48
Florida,FL,Pinellas,2022,FALSE,4,2958247.141,14.939,809.618,6740334.3,49521707.461,0.43889,0.000002,0.00012,0,100,0,0,0,0,0.0185,3653.8802,25.79,26.2,26.17
Florida,FL,Pinellas,2023,FALSE,4,2954585.746,14.909,755.34,6702336.9,49715626.003,0.44083,0.000002,0.000113,0,100,0,0,0,0,0.0197,3911.5971,-0.12,-0.2,-6.7
Florida,FL,Pinellas,2024,FALSE,4,2754392.509,13.891,752.07,6422355.41,46346610.353,0.42888,0.000002,0.000117,0,100,0,0,0,0,0.0185,3662.4151,-6.78,-6.83,-0.43
Florida,FL,Pinellas,2025,FALSE,4,2632624.036,13.262,800.345,6100026.81,44298849.391,0.43158,0.000002,0.000131,0,100,0,0,0,0,0.0166,3289.3615,-4.42,-4.53,6.42
Florida,FL,Pinellas,2026,TRUE,4,1380134.777,6.949,415.916,3211677.43,23223408.841,0.42972,0.000002,0.00013,0,100,0,0,0,0,0.0167,3318.3017,-47.58,-47.6,-48.03
Florida,FL,Polk,2020,FALSE,23,11122836.258,645.619,2410.54,20179224,182328214.829,0.5512,0.000032,0.000119,4.17,95.83,0,0,0,0,0.2678,4614.2509,,,
Florida,FL,Polk,2021,FALSE,23,10567731.214,495.555,1931.487,19267402.9,174749313.237,0.54848,0.000026,0.0001,2.74,97.26,0,0,0,0,0.2566,5471.293,-4.99,-23.24,-19.87
Florida,FL,Polk,2022,FALSE,22,11016448.441,97.261,1976.608,20422961.37,185353676.518,0.53941,0.000005,0.000097,0,100,0,0,0,0,0.0492,5573.4108,4.25,-80.37,2.34
Florida,FL,Polk,2023,FALSE,22,9764908.163,66.799,1497.06,18105610.31,164303670.222,0.53933,0.000004,0.000083,0,100,0,0,0,0,0.0446,6522.7233,-11.36,-31.32,-24.26
Florida,FL,Polk,2024,FALSE,22,10920483.542,81.558,1839.973,20269300.9,183739657.237,0.53877,0.000004,0.000091,0,100,0,0,0,0,0.0443,5935.1325,11.83,22.09,22.91
Florida,FL,Polk,2025,FALSE,22,9900643.446,50.169,1409.953,18004228.94,166532648.943,0.54991,0.000003,0.000078,0,100,0,0,0,0,0.0356,7021.967,-9.34,-38.49,-23.37
Florida,FL,Polk,2026,TRUE,22,4103078.981,20.884,579.39,7311512.85,68927623.032,0.56118,0.000003,0.000079,0,100,0,0,0,0,0.036,7081.7221,-58.56,-58.37,-58.91
Florida,FL,Putnam,2020,FALSE,2,7009117.937,4974.328,2184.997,7092680.58,68315035.552,0.98822,0.000701,0.000308,100,0,0,0,0,0,2.2766,3207.8387,,,
Florida,FL,Putnam,2021,FALSE,2,6730200.667,5051.819,1924.59,7030516.3,65596536.064,0.95728,0.000719,0.000274,100,0,0,0,0,0,2.6249,3496.9529,-3.98,1.56,-11.92
Florida,FL,Putnam,2022,FALSE,2,6354375.84,4942.124,1924.43,6556721.03,61933564.347,0.96914,0.000754,0.000294,100,0,0,0,0,0,2.5681,3301.9522,-5.58,-2.17,-0.01
Florida,FL,Putnam,2023,FALSE,4,6452594.227,3194.442,1465.672,10398419.64,79255280.689,0.62054,0.000307,0.000141,50.93,49.07,0,0,0,0,2.1795,4402.4817,1.55,-35.36,-23.84
Florida,FL,Putnam,2024,FALSE,3,5669579.26,1818.046,1115.603,10924801.65,77785902.6,0.51896,0.000166,0.000102,31.17,68.83,0,0,0,0,1.6297,5082.076,-12.13,-43.09,-23.88
Florida,FL,Putnam,2025,FALSE,3,5759370.185,2210.216,1190.829,10657266.25,75836879.664,0.54042,0.000207,0.000112,38.26,61.74,0,0,0,0,1.856,4836.4376,1.58,21.57,6.74
Florida,FL,Putnam,2026,TRUE,3,2775638.934,1301.822,584,4506386.78,34142049.247,0.61593,0.000289,0.00013,50.65,49.35,0,0,0,0,2.2291,4752.8064,-51.81,-41.1,-50.96
Florida,FL,Santa Rosa,2020,FALSE,1,663271.781,3.348,166.214,1557506.9,11160881.175,0.42585,0.000002,0.000107,0,100,0,0,0,0,0.0201,3990.4688,,,
Florida,FL,Santa Rosa,2021,FALSE,1,306215.929,1.546,88.372,706588.37,5152671.28,0.43337,0.000002,0.000125,0,100,0,0,0,0,0.0175,3465.0786,-53.83,-53.82,-46.83
Florida,FL,Santa Rosa,2022,FALSE,1,584212.139,2.949,151.931,1365616.63,9830473.428,0.4278,0.000002,0.000111,0,100,0,0,0,0,0.0194,3845.2465,90.78,90.75,71.92
Florida,FL,Santa Rosa,2023,FALSE,1,509127.095,2.57,135.454,1171577.99,8567098.296,0.43457,0.000002,0.000116,0,100,0,0,0,0,0.019,3758.6715,-12.85,-12.85,-10.85
Florida,FL,Santa Rosa,2024,FALSE,1,646707.956,3.265,167.926,1482865.21,10882123.849,0.43612,0.000002,0.000113,0,100,0,0,0,0,0.0194,3851.1485,27.02,27.04,23.97
Florida,FL,Santa Rosa,2025,FALSE,1,529177.6,2.671,159.648,1183002.28,8904373.784,0.44732,0.000002,0.000135,0,100,0,0,0,0,0.0167,3314.6522,-18.17,-18.19,-4.93
Florida,FL,Santa Rosa,2026,TRUE,1,296796.744,1.498,83.788,677989.79,4994195.038,0.43776,0.000002,0.000124,0,100,0,0,0,0,0.0179,3542.2345,-43.91,-43.92,-47.52
Florida,FL,St. Lucie,2020,FALSE,1,823197.605,4.156,39.142,1938720.66,13851910.346,0.42461,0.000002,0.00002,0,100,0,0,0,0,0.1062,21031.0563,,,
Florida,FL,St. Lucie,2021,FALSE,1,809953.114,4.089,37.9,1899997.51,13629091.872,0.42629,0.000002,0.00002,0,100,0,0,0,0,0.1079,21370.7946,-1.61,-1.61,-3.17
Florida,FL,St. Lucie,2022,FALSE,1,877128.282,4.428,40.647,2033824.17,14759388.828,0.43127,0.000002,0.00002,0,100,0,0,0,0,0.1089,21579.1641,8.29,8.29,7.25
Florida,FL,St. Lucie,2023,FALSE,1,788645.071,3.982,37.619,1870356.18,13267036.282,0.42166,0.000002,0.00002,0,100,0,0,0,0,0.1059,20964.0094,-10.09,-10.07,-7.45
Florida,FL,St. Lucie,2024,FALSE,1,833335.773,4.206,40.144,1941858.12,14020010.829,0.42914,0.000002,0.000021,0,100,0,0,0,0,0.1048,20758.6631,5.67,5.63,6.71
Florida,FL,St. Lucie,2025,FALSE,1,773245.565,3.904,34.769,1796907.7,13010787.696,0.43032,0.000002,0.000019,0,100,0,0,0,0,0.1123,22239.5112,-7.21,-7.18,-13.39
Florida,FL,St. Lucie,2026,TRUE,1,230210.952,1.162,11.531,542673.95,3870929.623,0.42422,0.000002,0.000021,0,100,0,0,0,0,0.1008,19964.5262,-70.23,-70.24,-66.84
Florida,FL,Volusia,2020,FALSE,12,4153156.767,22.115,1048.812,10018553.03,69853829.739,0.41455,0.000002,0.000105,0,99.96,0.04,0,0,0,0.0211,3959.8677,,,
Florida,FL,Volusia,2021,FALSE,12,3855354.743,22.583,902.403,9340650.56,64790096.746,0.41275,0.000002,0.000097,0,99.89,0.11,0,0,0,0.025,4272.3204,-7.17,2.12,-13.96
Florida,FL,Volusia,2022,FALSE,12,3885661.633,20.905,899.778,9421126.89,65336353.485,0.41244,0.000002,0.000096,0,99.88,0.12,0,0,0,0.0232,4318.467,0.79,-7.43,-0.29
Florida,FL,Volusia,2023,FALSE,12,3420379.078,18.003,812.095,8152768.07,57521898.933,0.41954,0.000002,0.0001,0,99.95,0.05,0,0,0,0.0222,4211.7967,-11.97,-13.88,-9.74
Florida,FL,Volusia,2024,FALSE,12,3981453.785,20.468,946.962,9219757.98,66979296.565,0.43184,0.000002,0.000103,0,99.95,0.05,0,0,0,0.0216,4204.4494,16.4,13.69,16.61
Florida,FL,Volusia,2025,FALSE,12,3370216.183,17.732,837.652,7675202.48,56673646.711,0.4391,0.000002,0.000109,0,99.88,0.12,0,0,0,0.0212,4023.4085,-15.35,-13.37,-11.54
Florida,FL,Volusia,2026,TRUE,12,2196397.687,12.54,540.305,5055892.31,36868828.422,0.43442,0.000002,0.000107,0,99.77,0.23,0,0,0,0.0232,4065.1071,-34.83,-29.28,-35.5
Florida,FL,Wakulla,2020,FALSE,1,395280.832,2.507,93.958,663197.29,6650960.348,0.59602,0.000004,0.000142,0,100,0,0,0,0,0.0267,4206.995,,,
Florida,FL,Wakulla,2021,FALSE,1,526899.749,2.66,126.953,873608.25,8867016.353,0.60313,0.000003,0.000145,0,100,0,0,0,0,0.021,4150.3529,33.3,6.1,35.12
Florida,FL,Wakulla,2022,FALSE,1,641779.277,12.68,162.296,878049.37,10791714.359,0.73091,0.000014,0.000185,0,100,0,0,0,0,0.0781,3954.3752,21.8,376.69,27.84
Florida,FL,Wakulla,2023,FALSE,1,650099.648,3.293,150.106,912036,10939507.482,0.7128,0.000004,0.000165,0,100,0,0,0,0,0.0219,4330.9371,1.3,-74.03,-7.51
Florida,FL,Wakulla,2024,FALSE,1,560603.28,2.929,117.462,788056.47,9432119.474,0.71137,0.000004,0.000149,0,100,0,0,0,0,0.0249,4772.6352,-13.77,-11.05,-21.75
Florida,FL,Wakulla,2025,FALSE,1,647224.296,3.407,162.476,905907.74,10890533.034,0.71445,0.000004,0.000179,0,100,0,0,0,0,0.021,3983.5071,15.45,16.32,38.32
Florida,FL,Wakulla,2026,TRUE,1,319991.969,1.616,77.957,444219.63,5384631.873,0.72035,0.000004,0.000175,0,100,0,0,0,0,0.0207,4104.724,-50.56,-52.57,-52.02
Georgia,GA,Bartow,2020,FALSE,4,8677220.883,6097.855,4818.349,8761452.69,84573288.441,0.99039,0.000696,0.00055,100,0,0,0,0,0,1.2655,1800.8701,,,
Georgia,GA,Bartow,2021,FALSE,4,10376633.906,6668.752,6248.302,10341670.41,101136818.779,1.00338,0.000645,0.000604,100,0,0,0,0,0,1.0673,1660.7126,19.58,9.36,29.68
Georgia,GA,Bartow,2022,FALSE,4,9260206.08,5508.348,5276.626,9306554.71,90255474.618,0.99502,0.000592,0.000567,100,0,0,0,0,0,1.0439,1754.9483,-10.76,-17.4,-15.55
Georgia,GA,Bartow,2023,FALSE,4,11173923.435,7142.565,5684.126,11170637.5,108907641.603,1.00029,0.000639,0.000509,100,0,0,0,0,0,1.2566,1965.8121,20.67,29.67,7.72
Georgia,GA,Bartow,2024,FALSE,4,11428295.715,8156.59,5783.562,11712820.26,111386921.241,0.97571,0.000696,0.000494,100,0,0,0,0,0,1.4103,1975.9961,2.28,14.2,1.75
Georgia,GA,Bartow,2025,FALSE,4,12837005.355,9037.691,6542.267,13342840.07,125117132.378,0.96209,0.000677,0.00049,100,0,0,0,0,0,1.3814,1962.1647,12.33,10.8,13.12
Georgia,GA,Bartow,2026,TRUE,4,6582364.773,4406.943,3847.369,6842370.93,64155667.725,0.962,0.000644,0.000562,100,0,0,0,0,0,1.1454,1710.8743,-48.72,-51.24,-41.19
Georgia,GA,Burke,2020,FALSE,6,0,9.628,23.102,2385,38502.6,0,0.004037,0.009686,0,0,100,0,0,0,0.4168,0,,,
Georgia,GA,Burke,2021,FALSE,6,0,13.674,32.814,3068,54687,0,0.004457,0.010696,0,0,100,0,0,0,0.4167,0,,42.02,42.04
Georgia,GA,Burke,2022,FALSE,6,0,66.014,158.422,18401,264034.5,0,0.003588,0.008609,0,0,100,0,0,0,0.4167,0,,382.77,382.79
Georgia,GA,Burke,2023,FALSE,6,0,13.262,31.827,3643,53044.3,0,0.00364,0.008736,0,0,100,0,0,0,0.4167,0,,-79.91,-79.91
Georgia,GA,Burke,2024,FALSE,6,0,13.271,31.849,3883,53081.1,0,0.003418,0.008202,0,0,100,0,0,0,0.4167,0,,0.07,0.07
Georgia,GA,Burke,2025,FALSE,6,0,31.494,75.577,9154,125960.5,0,0.00344,0.008256,0,0,100,0,0,0,0.4167,0,,137.31,137.3
Georgia,GA,Burke,2026,TRUE,6,0,24.669,59.201,7371,98666.9,0,0.003347,0.008032,0,0,100,0,0,0,0.4167,0,,-21.67,-21.67
Georgia,GA,Cobb,2020,FALSE,10,7584444.817,38.35,489.151,18974637.46,127623709.352,0.39971,0.000002,0.000026,0,100,0,0,0,0,0.0784,15505.3242,,,
Georgia,GA,Cobb,2021,FALSE,8,7263862.915,46.336,427.673,18481515.33,122222910.464,0.39303,0.000003,0.000023,0,100,0,0,0,0,0.1083,16984.6189,-4.23,20.82,-12.57
Georgia,GA,Cobb,2022,FALSE,10,7366518.537,38.319,484.869,18681977.62,123961061.959,0.39431,0.000002,0.000026,0,100,0,0,0,0,0.079,15192.8016,1.41,-17.3,13.37
Georgia,GA,Cobb,2023,FALSE,10,7122407.867,36.365,472.817,18066522.5,119848536.431,0.39423,0.000002,0.000026,0,100,0,0,0,0,0.0769,15063.7728,-3.31,-5.1,-2.49
Georgia,GA,Cobb,2024,FALSE,10,7204038.048,36.797,493.685,18240623.11,121223186.279,0.39494,0.000002,0.000027,0,100,0,0,0,0,0.0745,14592.3778,1.15,1.19,4.41
Georgia,GA,Cobb,2025,FALSE,10,6959565.672,39.638,458.111,17710506.9,117126014.874,0.39296,0.000002,0.000026,0,99.98,0.02,0,0,0,0.0865,15191.8764,-3.39,7.72,-7.21
Georgia,GA,Cobb,2026,TRUE,10,3582606.084,20.12,249.387,9168027.54,60293007.389,0.39077,0.000002,0.000027,0,99.99,0.01,0,0,0,0.0807,14365.6489,-48.52,-49.24,-45.56
Georgia,GA,Coweta,2020,FALSE,2,1486953.61,7.506,925.469,2427674.73,25020975.687,0.6125,0.000003,0.000381,0,100,0,0,0,0,0.0081,1606.7028,,,
Georgia,GA,Coweta,2021,FALSE,2,892898.101,4.508,523.6,1430333.97,15024706.893,0.62426,0.000003,0.000366,0,100,0,0,0,0,0.0086,1705.3058,-39.95,-39.94,-43.42
Georgia,GA,Coweta,2022,FALSE,2,960924.17,4.851,600.533,1533449.93,16169347.934,0.62664,0.000003,0.000392,0,100,0,0,0,0,0.0081,1600.1188,7.62,7.61,14.69
Georgia,GA,Coweta,2023,FALSE,2,1439009.569,7.265,965.684,2380876.82,24214103.495,0.6044,0.000003,0.000406,0,100,0,0,0,0,0.0075,1490.1454,49.75,49.76,60.8
Georgia,GA,Coweta,2024,FALSE,2,1348938.352,6.81,901.743,2221187.39,22698573.354,0.60731,0.000003,0.000406,0,100,0,0,0,0,0.0076,1495.9233,-6.26,-6.26,-6.62
Georgia,GA,Coweta,2025,FALSE,2,815023.948,4.114,535.218,1299357.71,13714385.743,0.62725,0.000003,0.000412,0,100,0,0,0,0,0.0077,1522.7887,-39.58,-39.59,-40.65
Georgia,GA,Coweta,2026,TRUE,2,280673.559,1.417,203.538,447420.16,4722845.674,0.62732,0.000003,0.000455,0,100,0,0,0,0,0.007,1378.9737,-65.56,-65.56,-61.97
Georgia,GA,Decatur,2020,FALSE,4,0,0.213,0.207,84.88,2099,0,0.002509,0.002439,0,0,100,0,0,0,1.029,0,,,
Georgia,GA,Decatur,2021,FALSE,4,0,1.361,1.47,701.85,13491.2,0,0.001939,0.002094,0,0,100,0,0,0,0.9259,0,,538.97,610.14
Georgia,GA,Decatur,2022,FALSE,4,0,2.286,2.319,1251,22639.5,0,0.001827,0.001854,0,0,100,0,0,0,0.9858,0,,67.96,57.76
Georgia,GA,Decatur,2023,FALSE,4,0,0.334,0.339,147.79,3306.8,0,0.00226,0.002294,0,0,100,0,0,0,0.9853,0,,-85.39,-85.38
Georgia,GA,Decatur,2024,FALSE,4,0,0.145,0.148,63.84,1440.6,0,0.002271,0.002318,0,0,100,0,0,0,0.9797,0,,-56.59,-56.34
Georgia,GA,Decatur,2025,FALSE,0,0,0,0,0,0,,,,,,,,,,,,,-100,-100
Georgia,GA,Decatur,2026,TRUE,0,0,0,0,0,0,,,,,,,,,,,,,,
Georgia,GA,Dougherty,2020,FALSE,1,675318.461,6.335,167.63,0,6174284.414,,,,0,0,0,100,0,0,0.0378,4028.6253,,,
Georgia,GA,Dougherty,2021,FALSE,1,743818.761,10.727,167.913,0,6798684.22,,,,0,0,0,100,0,0,0.0639,4429.7866,10.14,69.33,0.17
Georgia,GA,Dougherty,2022,FALSE,1,762272.169,10.573,178.415,0,6969434.592,,,,0,0,0,100,0,0,0.0593,4272.4668,2.48,-1.44,6.25
Georgia,GA,Dougherty,2023,FALSE,1,768218.23,5.645,204.364,0,7022664.949,,,,0,0,0,100,0,0,0.0276,3759.0683,0.78,-46.61,14.54
Georgia,GA,Dougherty,2024,FALSE,1,808185.267,2.429,201.452,0,7387152.325,,,,0,0,0,100,0,0,0.0121,4011.8007,5.2,-56.97,-1.42
Georgia,GA,Dougherty,2025,FALSE,1,557870.741,2.033,136.892,0,5101210.991,,,,0,0,0,100,0,0,0.0149,4075.2618,-30.97,-16.3,-32.05
Georgia,GA,Dougherty,2026,TRUE,1,386378.574,1.267,91.651,0,3531219.463,,,,0,0,0,100,0,0,0.0138,4215.7595,-30.74,-37.68,-33.05
Georgia,GA,Effingham,2020,FALSE,14,4891059.17,28.777,538.182,10683325.21,82301218.892,0.45782,0.000003,0.00005,0,100,0,0,0,0,0.0535,9088.1136,,,
Georgia,GA,Effingham,2021,FALSE,14,4777599.794,32.828,449.121,10485016.04,80382886.666,0.45566,0.000003,0.000043,0,100,0,0,0,0,0.0731,10637.6673,-2.32,14.08,-16.55
Georgia,GA,Effingham,2022,FALSE,14,4811381.843,76.846,380.106,10491637.6,80709452.16,0.45859,0.000007,0.000036,0,100,0,0,0,0,0.2022,12658.0002,0.71,134.09,-15.37
Georgia,GA,Effingham,2023,FALSE,14,4950813.62,25.885,337.208,11841329.44,83288643.416,0.4181,0.000002,0.000028,0,100,0,0,0,0,0.0768,14681.7799,2.9,-66.32,-11.29
Georgia,GA,Effingham,2024,FALSE,14,4138504.408,23.574,271.58,9858670.6,69595707.95,0.41978,0.000002,0.000028,0,100,0,0,0,0,0.0868,15238.62,-16.41,-8.93,-19.46
Georgia,GA,Effingham,2025,FALSE,14,4722248.939,27.716,316.101,11231393.6,79399194.571,0.42045,0.000002,0.000028,0,100,0,0,0,0,0.0877,14939.0509,14.11,17.57,16.39
Georgia,GA,Effingham,2026,TRUE,14,2266096.452,17.368,176.75,5374273.19,38046870.011,0.42166,0.000003,0.000033,0,100,0,0,0,0,0.0983,12820.9134,-52.01,-37.34,-44.08
Georgia,GA,Glynn,2020,FALSE,9,0,17.679,42.418,5290,70698.8,0,0.003342,0.008019,0,0,100,0,0,0,0.4168,0,,,
Georgia,GA,Glynn,2021,FALSE,9,0,9.078,21.785,2691,36307.8,0,0.003373,0.008096,0,0,100,0,0,0,0.4167,0,,-48.65,-48.64
Georgia,GA,Glynn,2022,FALSE,9,0,79.018,189.627,23934,316044.9,0,0.003301,0.007923,0,0,100,0,0,0,0.4167,0,,770.43,770.45
Georgia,GA,Glynn,2023,FALSE,9,0,8.566,20.556,2640,34257,0,0.003245,0.007786,0,0,100,0,0,0,0.4167,0,,-89.16,-89.16
Georgia,GA,Glynn,2024,FALSE,9,0,19.908,47.775,6076,79625.8,0,0.003276,0.007863,0,0,100,0,0,0,0.4167,0,,132.41,132.41
Georgia,GA,Glynn,2025,FALSE,9,0,58.296,139.897,17779,233161.6,0,0.003279,0.007869,0,0,100,0,0,0,0.4167,0,,192.83,192.82
Georgia,GA,Glynn,2026,TRUE,9,0,64.842,155.606,19251,259342,0,0.003368,0.008083,0,0,100,0,0,0,0.4167,0,,11.23,11.23
Georgia,GA,Hart,2020,FALSE,2,134406.192,0.687,67.863,183556.49,2259725.836,0.73223,0.000004,0.00037,0,100,0,0,0,0,0.0101,1980.5519,,,
Georgia,GA,Hart,2021,FALSE,2,129425.824,0.683,64.727,173636.25,2171251.359,0.74538,0.000004,0.000373,0,100,0,0,0,0,0.0106,1999.5647,-3.71,-0.58,-4.62
Georgia,GA,Hart,2022,FALSE,2,212897.195,1.247,101.926,285268.76,3543564.975,0.7463,0.000004,0.000357,0,100,0,0,0,0,0.0122,2088.7428,64.49,82.58,57.47
Georgia,GA,Hart,2023,FALSE,2,150403.378,0.754,75.362,205293.32,2530813.219,0.73263,0.000004,0.000367,0,100,0,0,0,0,0.01,1995.7456,-29.35,-39.53,-26.06
Georgia,GA,Hart,2024,FALSE,2,131617.95,0.676,72.039,173739.01,2210023.692,0.75756,0.000004,0.000415,0,100,0,0,0,0,0.0094,1827.0374,-12.49,-10.34,-4.41
Georgia,GA,Hart,2025,FALSE,2,75775.296,0.375,40.147,96047.32,1274386.451,0.78894,0.000004,0.000418,0,100,0,0,0,0,0.0093,1887.446,-42.43,-44.53,-44.27
Georgia,GA,Hart,2026,TRUE,2,55914.138,0.362,28.537,68728.96,855694.566,0.81355,0.000005,0.000415,0,100,0,0,0,0,0.0127,1959.3559,-26.21,-3.47,-28.92
Georgia,GA,Heard,2020,FALSE,20,6906502.823,205.307,766.459,15146785.82,114459557.117,0.45597,0.000014,0.000051,2.11,97.88,0,0,0,0,0.2679,9010.9227,,,
Georgia,GA,Heard,2021,FALSE,20,7511688.013,952.262,1185.214,15101605.16,116912073.05,0.49741,0.000063,0.000078,11.13,88.87,0,0,0,0,0.8035,6337.8327,8.76,363.82,54.64
Georgia,GA,Heard,2022,FALSE,20,7897211.544,616.262,1333.5,16048021.46,124961793.525,0.4921,0.000038,0.000083,8.61,91.39,0,0,0,0,0.4621,5922.1684,5.13,-35.28,12.51
Georgia,GA,Heard,2023,FALSE,17,6969546.287,35.188,710.166,15664702.42,117273182.635,0.44492,0.000002,0.000045,0,100,0,0,0,0,0.0495,9813.9678,-11.75,-94.29,-46.74
Georgia,GA,Heard,2024,FALSE,17,6403865.202,32.362,655.135,14027716.64,107733732.484,0.45652,0.000002,0.000047,0,100,0,0,0,0,0.0494,9774.8788,-8.12,-8.03,-7.75
Georgia,GA,Heard,2025,FALSE,17,6150393.681,31.082,645.006,13839548.88,103468150.908,0.44441,0.000002,0.000047,0,100,0,0,0,0,0.0482,9535.4054,-3.96,-3.96,-1.55
Georgia,GA,Heard,2026,TRUE,17,3367965.717,17.168,364.928,7401418.29,56597443.027,0.45504,0.000002,0.000049,0,100,0,0,0,0,0.047,9229.1239,-45.24,-44.77,-43.42
Georgia,GA,Houston,2020,FALSE,4,87258.978,1.505,117.972,167723.51,1466497.019,0.52025,0.000009,0.000703,0,100,0,0,0,0,0.0128,739.6584,,,
Georgia,GA,Houston,2021,FALSE,4,90680.775,5.523,78.947,181804.58,1515896.075,0.49878,0.00003,0.000434,0,100,0,0,0,0,0.07,1148.6285,3.92,266.98,-33.08
Georgia,GA,Houston,2022,FALSE,4,239364.18,25.496,114.92,490750.15,3958821.164,0.48775,0.000052,0.000234,0,100,0,0,0,0,0.2219,2082.8766,163.96,361.63,45.57
Georgia,GA,Houston,2023,FALSE,4,72835.79,1.145,23.481,153378.87,1223051.33,0.47487,0.000007,0.000153,0,100,0,0,0,0,0.0488,3101.9032,-69.57,-95.51,-79.57
Georgia,GA,Houston,2024,FALSE,4,61526.324,5.414,25.196,122853.12,1023033.524,0.50081,0.000044,0.000205,0,100,0,0,0,0,0.2149,2441.9084,-15.53,372.84,7.3
Georgia,GA,Houston,2025,FALSE,4,97109.352,11.828,36.511,186012.82,1576253.026,0.52206,0.000064,0.000196,0,100,0,0,0,0,0.324,2659.7286,57.83,118.47,44.91
Georgia,GA,Houston,2026,TRUE,4,34469.197,10.462,24.271,52937.42,524614.945,0.65113,0.000198,0.000458,0,100,0,0,0,0,0.431,1420.1803,-64.5,-11.55,-33.52
Georgia,GA,Jackson,2020,FALSE,10,390836.725,1.946,88.555,519661.95,6470546.327,0.7521,0.000004,0.00017,0,100,0,0,0,0,0.022,4413.4913,,,
Georgia,GA,Jackson,2021,FALSE,10,142328.82,0.73,36.427,188661.1,2352573.449,0.75442,0.000004,0.000193,0,100,0,0,0,0,0.02,3907.2342,-63.58,-62.49,-58.87
Georgia,GA,Jackson,2022,FALSE,10,247078.901,1.228,74.405,319900.53,3976043.393,0.77236,0.000004,0.000233,0,100,0,0,0,0,0.0165,3320.7298,73.6,68.22,104.26
Georgia,GA,Jackson,2023,FALSE,10,187556.359,0.942,48.838,244279.14,3087742.986,0.7678,0.000004,0.0002,0,100,0,0,0,0,0.0193,3840.3776,-24.09,-23.29,-34.36
Georgia,GA,Jackson,2024,FALSE,10,176692.964,0.881,58.193,230611.23,2864585.185,0.76619,0.000004,0.000252,0,100,0,0,0,0,0.0151,3036.3268,-5.79,-6.48,19.16
Georgia,GA,Jackson,2025,FALSE,10,218638.975,1.122,69.957,288367.66,3540744.116,0.7582,0.000004,0.000243,0,100,0,0,0,0,0.016,3125.3338,23.74,27.36,20.22
Georgia,GA,Jackson,2026,TRUE,10,114700.332,0.574,48.407,147575.67,1805915.804,0.77723,0.000004,0.000328,0,100,0,0,0,0,0.0119,2369.4989,-47.54,-48.84,-30.8
Georgia,GA,Mitchell,2020,FALSE,6,130205.733,0.659,107.189,224308,2190873.317,0.58048,0.000003,0.000478,0,100,0,0,0,0,0.0061,1214.7304,,,
Georgia,GA,Mitchell,2021,FALSE,6,153779.323,0.774,123.517,265098.43,2582370.592,0.58008,0.000003,0.000466,0,100,0,0,0,0,0.0063,1245.0053,18.1,17.45,15.23
Georgia,GA,Mitchell,2022,FALSE,6,135777.258,0.686,109.536,233567.97,2284651.272,0.58132,0.000003,0.000469,0,100,0,0,0,0,0.0063,1239.5674,-11.71,-11.37,-11.32
Georgia,GA,Mitchell,2023,FALSE,3,68305.778,0.345,54.24,117432.89,1149223.185,0.58166,0.000003,0.000462,0,100,0,0,0,0,0.0064,1259.3248,-49.69,-49.71,-50.48
Georgia,GA,Mitchell,2024,FALSE,4,76922.254,0.389,64.376,133449.82,1293335.124,0.57641,0.000003,0.000482,0,100,0,0,0,0,0.006,1194.8902,12.61,12.75,18.69
Georgia,GA,Mitchell,2025,FALSE,4,65099.261,0.324,57.129,109072.94,1083739.428,0.59684,0.000003,0.000524,0,100,0,0,0,0,0.0057,1139.5134,-15.37,-16.71,-11.26
Georgia,GA,Mitchell,2026,TRUE,4,30481.097,0.209,29.01,49991.51,487592.854,0.60973,0.000004,0.00058,0,100,0,0,0,0,0.0072,1050.71,-53.18,-35.49,-49.22
Georgia,GA,Monroe,2020,FALSE,6,7713227.454,529.89,4552.993,6714896.28,75061553.584,1.14867,0.000079,0.000678,95.33,4.67,0,0,0,0,0.1164,1694.1004,,,
Georgia,GA,Monroe,2021,FALSE,6,10422237.664,795.993,5430.319,9492018.27,100240303.264,1.098,0.000084,0.000572,98,2,0,0,0,0,0.1466,1919.268,35.12,50.22,19.27
Georgia,GA,Monroe,2022,FALSE,5,9157893.658,832.947,6571.608,8507929.97,88936169.765,1.0764,0.000098,0.000772,95.8,4.2,0,0,0,0,0.1267,1393.5545,-12.13,4.64,21.02
Georgia,GA,Monroe,2023,FALSE,5,8447890.704,685.948,5735.412,7525242.18,81440100.682,1.12261,0.000091,0.000762,97.47,2.53,0,0,0,0,0.1196,1472.9353,-7.75,-17.65,-12.72
Georgia,GA,Monroe,2024,FALSE,5,9270767.209,1013.489,7273.827,8307961.91,89535814.159,1.11589,0.000122,0.000876,97.06,2.94,0,0,0,0,0.1393,1274.5378,9.74,47.75,26.82
Georgia,GA,Monroe,2025,FALSE,5,9630561.063,893.617,7240.602,8856783.82,92679462.058,1.08737,0.000101,0.000818,97.87,2.13,0,0,0,0,0.1234,1330.0774,3.88,-11.83,-0.46
Georgia,GA,Monroe,2026,TRUE,5,4747845.022,372.378,3920.857,4415688.6,45438424.941,1.07522,0.000084,0.000888,99.14,0.86,0,0,0,0,0.095,1210.9202,-50.7,-58.33,-45.85
Georgia,GA,Murray,2020,FALSE,4,3132551.997,15.814,242.148,7349207.77,52711239.017,0.42624,0.000002,0.000033,0,100,0,0,0,0,0.0653,12936.5182,,,
Georgia,GA,Murray,2021,FALSE,4,3513547.409,17.738,281.335,8267357.39,59122259.286,0.42499,0.000002,0.000034,0,100,0,0,0,0,0.063,12488.8386,12.16,12.17,16.18
Georgia,GA,Murray,2022,FALSE,4,3517983.624,17.76,282.85,7902921.45,59196762.482,0.44515,0.000002,0.000036,0,100,0,0,0,0,0.0628,12437.6299,0.13,0.12,0.54
Georgia,GA,Murray,2023,FALSE,4,3780146.637,19.084,307.442,9069142.34,63608350.392,0.41681,0.000002,0.000034,0,100,0,0,0,0,0.0621,12295.4789,7.45,7.45,8.69
Georgia,GA,Murray,2024,FALSE,4,3691374.241,18.635,294.587,8852213.37,62114407.828,0.417,0.000002,0.000033,0,100,0,0,0,0,0.0633,12530.676,-2.35,-2.35,-4.18
Georgia,GA,Murray,2025,FALSE,4,3536378.867,17.853,290.37,8542214.46,59506497.448,0.41399,0.000002,0.000034,0,100,0,0,0,0,0.0615,12178.8713,-4.2,-4.2,-1.43
Georgia,GA,Murray,2026,TRUE,4,1387353.195,7.003,112.38,3329087.22,23344899.105,0.41674,0.000002,0.000034,0,100,0,0,0,0,0.0623,12345.1966,-60.77,-60.77,-61.3
Georgia,GA,Polk,2020,FALSE,4,275741.619,1.392,144.297,404481.02,4639901.167,0.68172,0.000003,0.000357,0,100,0,0,0,0,0.0096,1910.9311,,,
Georgia,GA,Polk,2021,FALSE,4,249818.684,1.261,156.312,371817.93,4203684.101,0.67188,0.000003,0.00042,0,100,0,0,0,0,0.0081,1598.2054,-9.4,-9.41,8.33
Georgia,GA,Polk,2022,FALSE,4,316203.781,1.597,172.555,458812.75,5320765.176,0.68918,0.000003,0.000376,0,100,0,0,0,0,0.0093,1832.4811,26.57,26.65,10.39
Georgia,GA,Polk,2023,FALSE,4,289413.558,1.462,154.577,428581.4,4869966.735,0.67528,0.000003,0.000361,0,100,0,0,0,0,0.0095,1872.2938,-8.47,-8.45,-10.42
Georgia,GA,Polk,2024,FALSE,4,353812.411,1.785,194.969,527261.64,5953545.772,0.67104,0.000003,0.00037,0,100,0,0,0,0,0.0092,1814.7111,22.25,22.09,26.13
Georgia,GA,Polk,2025,FALSE,4,281695.599,1.421,165.022,419339.83,4740073.38,0.67176,0.000003,0.000394,0,100,0,0,0,0,0.0086,1707.0185,-20.38,-20.39,-15.36
Georgia,GA,Polk,2026,TRUE,4,120387.658,0.607,64.843,179098.66,2025745.416,0.67219,0.000003,0.000362,0,100,0,0,0,0,0.0094,1856.6022,-57.26,-57.28,-60.71
Georgia,GA,Talbot,2020,FALSE,6,334272.254,1.698,82.636,473624.74,5623401.582,0.70577,0.000004,0.000174,0,100,0,0,0,0,0.0205,4045.1166,,,
Georgia,GA,Talbot,2021,FALSE,6,205193.19,1.092,56.257,288663.43,3445105.223,0.71084,0.000004,0.000195,0,100,0,0,0,0,0.0194,3647.425,-38.61,-35.69,-31.92
Georgia,GA,Talbot,2022,FALSE,6,432278.374,2.208,113.652,608023.7,7270528.362,0.71096,0.000004,0.000187,0,100,0,0,0,0,0.0194,3803.5263,110.67,102.2,102.02
Georgia,GA,Talbot,2023,FALSE,6,366819.72,1.881,94.273,524114.19,6168299.248,0.69989,0.000004,0.00018,0,100,0,0,0,0,0.02,3891.0369,-15.14,-14.81,-17.05
Georgia,GA,Talbot,2024,FALSE,6,332276.689,1.679,92.37,496626.48,5591129.35,0.66907,0.000003,0.000186,0,100,0,0,0,0,0.0182,3597.236,-9.42,-10.74,-2.02
Georgia,GA,Talbot,2025,FALSE,6,283735.42,1.537,86.057,414366.2,4722332.564,0.68475,0.000004,0.000208,0,100,0,0,0,0,0.0179,3297.0638,-14.61,-8.46,-6.83
Georgia,GA,Talbot,2026,TRUE,6,110863.291,4.187,45.301,157628.28,1776482.694,0.70332,0.000027,0.000287,0,100,0,0,0,0,0.0924,2447.2592,-60.93,172.41,-47.36
Georgia,GA,Upson,2020,FALSE,4,231913.1,1.183,70.127,353237.32,3899301.86,0.65654,0.000003,0.000199,0,100,0,0,0,0,0.0169,3307.0444,,,
Georgia,GA,Upson,2021,FALSE,4,177902.272,0.947,53.254,264571.61,2979228.37,0.67242,0.000004,0.000201,0,100,0,0,0,0,0.0178,3340.6368,-23.29,-19.95,-24.06
Georgia,GA,Upson,2022,FALSE,4,251826.991,1.329,78.089,376131.62,4197357.864,0.66952,0.000004,0.000208,0,100,0,0,0,0,0.017,3224.8715,41.55,40.34,46.63
Georgia,GA,Upson,2023,FALSE,4,134538.226,0.7,47.16,203130.71,2241479.937,0.66232,0.000003,0.000232,0,100,0,0,0,0,0.0148,2852.8038,-46.58,-47.33,-39.61
Georgia,GA,Upson,2024,FALSE,4,154135.274,0.791,52.52,245474.49,2575906.649,0.62791,0.000003,0.000214,0,100,0,0,0,0,0.0151,2934.792,14.57,13,11.37
Georgia,GA,Upson,2025,FALSE,4,206641.202,1.059,73.14,317163.32,3443012.252,0.65153,0.000003,0.000231,0,100,0,0,0,0,0.0145,2825.283,34.06,33.88,39.26
Georgia,GA,Upson,2026,TRUE,4,108495.209,0.561,43.724,158272.41,1765572.782,0.6855,0.000004,0.000276,0,100,0,0,0,0,0.0128,2481.3651,-47.5,-47.03,-40.22
Georgia,GA,Walton,2020,FALSE,9,271919.667,1.373,118.683,426593.5,4573752.797,0.63742,0.000003,0.000278,0,100,0,0,0,0,0.0116,2291.1425,,,
Georgia,GA,Walton,2021,FALSE,9,320239.103,1.615,148.333,513835.15,5387168.256,0.62323,0.000003,0.000289,0,100,0,0,0,0,0.0109,2158.9202,17.77,17.63,24.98
Georgia,GA,Walton,2022,FALSE,9,665159.829,3.354,336.752,1053432.46,11177812.893,0.63142,0.000003,0.00032,0,100,0,0,0,0,0.01,1975.2216,107.71,107.68,127.02
Georgia,GA,Walton,2023,FALSE,9,225525.074,1.137,120.557,354552.22,3793482.034,0.63608,0.000003,0.00034,0,100,0,0,0,0,0.0094,1870.6925,-66.09,-66.1,-64.2
Georgia,GA,Walton,2024,FALSE,9,257960.005,1.315,140.72,412371.24,4324024.35,0.62555,0.000003,0.000341,0,100,0,0,0,0,0.0093,1833.1439,14.38,15.66,16.72
Georgia,GA,Walton,2025,FALSE,9,496668.294,2.509,275.611,794180.09,8354524.751,0.62538,0.000003,0.000347,0,100,0,0,0,0,0.0091,1802.0627,92.54,90.8,95.86
Georgia,GA,Walton,2026,TRUE,9,179478.911,0.914,136.714,280755.85,3001149.787,0.63927,0.000003,0.000487,0,100,0,0,0,0,0.0067,1312.8056,-63.86,-63.57,-50.4
Georgia,GA,Washington,2020,FALSE,12,96846.007,0.488,35.335,148356.21,1632807.53,0.65279,0.000003,0.000238,0,100,0,0,0,0,0.0138,2740.7954,,,
Georgia,GA,Washington,2021,FALSE,12,206749.229,1.041,100.213,304505.06,3491875.841,0.67897,0.000003,0.000329,0,100,0,0,0,0,0.0104,2063.0979,113.48,113.32,183.61
Georgia,GA,Washington,2022,FALSE,12,392183.522,1.976,175.483,598499.83,6613077.726,0.65528,0.000003,0.000293,0,100,0,0,0,0,0.0113,2234.8804,89.69,89.82,75.11
Georgia,GA,Washington,2023,FALSE,12,163668.678,0.84,98.617,243429.57,2763133.823,0.67235,0.000003,0.000405,0,100,0,0,0,0,0.0085,1659.6396,-58.27,-57.49,-43.8
Georgia,GA,Washington,2024,FALSE,12,371357.524,1.863,194.952,564436.34,6263472.223,0.65793,0.000003,0.000345,0,100,0,0,0,0,0.0096,1904.8664,126.9,121.79,97.69
Georgia,GA,Washington,2025,FALSE,12,562292.553,2.809,297.361,838405.5,9458055.179,0.67067,0.000003,0.000355,0,100,0,0,0,0,0.0094,1890.9425,51.42,50.78,52.53
Georgia,GA,Washington,2026,TRUE,12,245327.671,1.246,116.254,360486.41,4035033.845,0.68055,0.000003,0.000322,0,100,0,0,0,0,0.0107,2110.2729,-56.37,-55.64,-60.9
Idaho,ID,Elmore,2020,FALSE,4,379537.999,1.916,193.691,589966.83,6386497.434,0.64332,0.000003,0.000328,0,100,0,0,0,0,0.0099,1959.5025,,,
Idaho,ID,Elmore,2021,FALSE,4,547853.072,2.765,263.217,843972.66,9218647.361,0.64914,0.000003,0.000312,0,100,0,0,0,0,0.0105,2081.3742,44.35,44.31,35.9
Idaho,ID,Elmore,2022,FALSE,4,513262.156,2.592,216.343,789301.44,8636739.64,0.65027,0.000003,0.000274,0,100,0,0,0,0,0.012,2372.4463,-6.31,-6.26,-17.81
Idaho,ID,Elmore,2023,FALSE,4,812709.822,4.102,251.412,1301978.63,13675407.651,0.62421,0.000003,0.000193,0,100,0,0,0,0,0.0163,3232.5817,58.34,58.26,16.21
Idaho,ID,Elmore,2024,FALSE,4,1253228.433,6.327,343.992,2027907.28,21088003.018,0.61799,0.000003,0.00017,0,100,0,0,0,0,0.0184,3643.1906,54.2,54.24,36.82
Idaho,ID,Elmore,2025,FALSE,4,1195337.429,6.035,334.763,1933384.93,20113841.286,0.61826,0.000003,0.000173,0,100,0,0,0,0,0.018,3570.6976,-4.62,-4.62,-2.68
Idaho,ID,Elmore,2026,TRUE,4,430506.156,2.173,129.233,692612.89,7244092.8,0.62157,0.000003,0.000187,0,100,0,0,0,0,0.0168,3331.2401,-63.98,-63.99,-61.4
Idaho,ID,Kootenai,2020,FALSE,3,800827.911,4.043,102.331,1873407.83,13475438.437,0.42747,0.000002,0.000055,0,100,0,0,0,0,0.0395,7825.8584,,,
Idaho,ID,Kootenai,2021,FALSE,3,878444.64,4.434,119.558,2030379.98,14781464.367,0.43265,0.000002,0.000059,0,100,0,0,0,0,0.0371,7347.4351,9.69,9.67,16.83
Idaho,ID,Kootenai,2022,FALSE,3,817935.908,4.129,130.233,1879564.9,13763250.361,0.43517,0.000002,0.000069,0,100,0,0,0,0,0.0317,6280.558,-6.89,-6.88,8.93
Idaho,ID,Kootenai,2023,FALSE,3,1244408.594,6.283,280.904,2616868.4,20939502.78,0.47553,0.000002,0.000107,0,100,0,0,0,0,0.0224,4430.0138,52.14,52.17,115.69
Idaho,ID,Kootenai,2024,FALSE,3,1108477.249,5.596,259.386,2263592.69,18652186.398,0.4897,0.000002,0.000115,0,100,0,0,0,0,0.0216,4273.466,-10.92,-10.93,-7.66
Idaho,ID,Kootenai,2025,FALSE,3,1212677.041,6.123,245.627,2537686.89,20405535.213,0.47787,0.000002,0.000097,0,100,0,0,0,0,0.0249,4937.0673,9.4,9.42,-5.3
Idaho,ID,Kootenai,2026,TRUE,3,329212.697,1.662,53.63,740315.75,5539598.44,0.44469,0.000002,0.000072,0,100,0,0,0,0,0.031,6138.5921,-72.85,-72.86,-78.17
Idaho,ID,Payette,2020,FALSE,1,627313.996,3.167,35.196,1561630.36,10555784.794,0.4017,0.000002,0.000023,0,100,0,0,0,0,0.09,17823.4457,,,
Idaho,ID,Payette,2021,FALSE,1,795241.225,4.015,44.843,1976282.51,13381446.901,0.40239,0.000002,0.000023,0,100,0,0,0,0,0.0895,17733.8988,26.77,26.78,27.41
Idaho,ID,Payette,2022,FALSE,1,632647.584,3.194,34.051,1584070.39,10645433.522,0.39938,0.000002,0.000021,0,100,0,0,0,0,0.0938,18579.4128,-20.45,-20.45,-24.07
Idaho,ID,Payette,2023,FALSE,1,668919.1,3.377,34.939,1665315.2,11255835.988,0.40168,0.000002,0.000021,0,100,0,0,0,0,0.0967,19145.3419,5.73,5.73,2.61
Idaho,ID,Payette,2024,FALSE,1,754964.871,3.811,40.709,1868382.48,12703700.429,0.40407,0.000002,0.000022,0,100,0,0,0,0,0.0936,18545.4045,12.86,12.85,16.51
Idaho,ID,Payette,2025,FALSE,1,728628.44,3.678,38.302,1799229.31,12260489.232,0.40497,0.000002,0.000021,0,100,0,0,0,0,0.096,19023.2479,-3.49,-3.49,-5.91
Idaho,ID,Payette,2026,TRUE,1,289491.818,1.461,18.072,714351.99,4871262.129,0.40525,0.000002,0.000025,0,100,0,0,0,0,0.0808,16018.8036,-60.27,-60.28,-52.82
Illinois,IL,Christian,2020,FALSE,2,1740837.979,748.99,384.051,1624268.92,16598360.878,1.07177,0.000461,0.000236,100,0,0,0,0,0,1.9502,4532.8302,,,
Illinois,IL,Christian,2021,FALSE,2,4263605.946,1891.372,812.383,4280187.89,40652239.043,0.99613,0.000442,0.00019,100,0,0,0,0,0,2.3282,5248.2708,144.92,152.52,111.53
Illinois,IL,Christian,2022,FALSE,2,4106612.412,1783.96,721.593,3980750.25,39155351.465,1.03162,0.000448,0.000181,100,0,0,0,0,0,2.4723,5691.0369,-3.68,-5.68,-11.18
Illinois,IL,Christian,2023,FALSE,2,2598742.167,1114.284,394.403,2483029.86,24778315.316,1.0466,0.000449,0.000159,100,0,0,0,0,0,2.8252,6589.0527,-36.72,-37.54,-45.34
Illinois,IL,Christian,2024,FALSE,2,2544595.708,1083.971,416.837,2441304.37,24261976.041,1.04231,0.000444,0.000171,100,0,0,0,0,0,2.6005,6104.5342,-2.08,-2.72,5.69
Illinois,IL,Christian,2025,FALSE,2,3119602.031,1358.612,519.113,2924253.56,29744495.256,1.0668,0.000465,0.000178,100,0,0,0,0,0,2.6172,6009.4855,22.6,25.34,24.54
Illinois,IL,Christian,2026,TRUE,2,435075.453,183.203,102.965,375109.25,4148319.397,1.15986,0.000488,0.000274,100,0,0,0,0,0,1.7793,4225.4694,-86.05,-86.52,-80.17
Illinois,IL,Clay,2020,FALSE,4,3973.982,0.02,0.786,5429.3,66869.28,0.73195,0.000004,0.000145,0,100,0,0,0,0,0.0254,5055.9567,,,
Illinois,IL,Clay,2021,FALSE,4,15028.589,0.075,2.876,20937.94,252886.264,0.71777,0.000004,0.000137,0,100,0,0,0,0,0.0261,5225.5177,278.17,275,265.9
Illinois,IL,Clay,2022,FALSE,4,1837.77,0.009,0.411,2688.14,30922.307,0.68366,0.000003,0.000153,0,100,0,0,0,0,0.0219,4471.4599,-87.77,-88,-85.71
Illinois,IL,Clay,2023,FALSE,4,512.91,0.004,0.142,801.67,8631.255,0.6398,0.000005,0.000177,0,100,0,0,0,0,0.0282,3612.0423,-72.09,-55.56,-65.45
Illinois,IL,Clay,2024,FALSE,4,1391.133,0.007,0.372,2068.36,23409.546,0.67258,0.000003,0.00018,0,100,0,0,0,0,0.0188,3739.6048,171.22,75,161.97
Illinois,IL,Clay,2025,FALSE,4,1065.449,0.005,0.267,1491.23,17928.488,0.71448,0.000003,0.000179,0,100,0,0,0,0,0.0187,3990.4457,-23.41,-28.57,-28.23
Illinois,IL,Clay,2026,TRUE,0,0,0,0,0,0,,,,,,,,,,,,-100,-100,-100
Illinois,IL,Cook,2020,FALSE,17,272705.393,3.775,483.832,397374.68,13606966.556,0.68627,0.000009,0.001218,39.66,60.27,0.07,0,0,0,0.0078,563.6365,,,
Illinois,IL,Cook,2021,FALSE,17,367238.385,7.455,433.096,536706.07,15828059.744,0.68424,0.000014,0.000807,27.58,72.28,0.14,0,0,0,0.0172,847.9376,34.66,97.48,-10.49
Illinois,IL,Cook,2022,FALSE,17,99348.677,11.678,269.678,137882.06,10737891.012,0.72053,0.000085,0.001956,0,99.58,0.42,0,0,0,0.0433,368.3974,-72.95,56.65,-37.73
Illinois,IL,Cook,2023,FALSE,17,153466.14,4.432,385.607,218513.23,12627602.289,0.70232,0.00002,0.001765,0,99.73,0.27,0,0,0,0.0115,397.9859,54.47,-62.05,42.99
Illinois,IL,Cook,2024,FALSE,17,48921.416,2.433,230.723,67081.16,9802568.831,0.72929,0.000036,0.003439,0,99.8,0.2,0,0,0,0.0105,212.0353,-68.12,-45.1,-40.17
Illinois,IL,Cook,2025,FALSE,17,152786.276,0.793,294.124,204809.48,11138559.991,0.74599,0.000004,0.001436,0,99.42,0.58,0,0,0,0.0027,519.4621,212.31,-67.41,27.48
Illinois,IL,Cook,2026,TRUE,17,124415.802,0.635,164.489,174719.77,6300261.115,0.71209,0.000004,0.000941,0,99.62,0.38,0,0,0,0.0039,756.3776,-18.57,-19.92,-44.07
Illinois,IL,Crawford,2020,FALSE,2,0,0,100.819,0,0,,,,,,,,,,0,0,,,
Illinois,IL,Crawford,2021,FALSE,2,0,0,93.994,0,0,,,,,,,,,,0,0,,,-6.77
Illinois,IL,Crawford,2022,FALSE,2,0,0,90.068,0,0,,,,,,,,,,0,0,,,-4.18
Illinois,IL,Crawford,2023,FALSE,2,0,0,100.45,0,0,,,,,,,,,,0,0,,,11.53
Illinois,IL,Crawford,2024,FALSE,2,0,0,102.095,0,0,,,,,,,,,,0,0,,,1.64
Illinois,IL,Crawford,2025,FALSE,2,0,0,82.451,0,0,,,,,,,,,,0,0,,,-19.24
Illinois,IL,Crawford,2026,TRUE,2,0,0,50.782,0,0,,,,,,,,,,0,0,,,-38.41
Illinois,IL,DuPage,2020,FALSE,10,461804.32,2.332,239.499,785339.12,7770818.632,0.58803,0.000003,0.000305,0,100,0,0,0,0,0.0097,1928.2098,,,
Illinois,IL,DuPage,2021,FALSE,10,464463.328,2.345,220.772,792523.84,7815525.35,0.58606,0.000003,0.000279,0,100,0,0,0,0,0.0106,2103.8145,0.58,0.56,-7.82
Illinois,IL,DuPage,2022,FALSE,10,209760.977,1.059,89.727,357840.7,3529728.304,0.58619,0.000003,0.000251,0,100,0,0,0,0,0.0118,2337.7688,-54.84,-54.84,-59.36
Illinois,IL,DuPage,2023,FALSE,10,239800.225,1.21,104.376,422211.89,4035100.882,0.56796,0.000003,0.000247,0,100,0,0,0,0,0.0116,2297.4652,14.32,14.26,16.33
Illinois,IL,DuPage,2024,FALSE,10,207070.398,1.045,88.544,363090.13,3484355.876,0.5703,0.000003,0.000244,0,100,0,0,0,0,0.0118,2338.6158,-13.65,-13.64,-15.17
Illinois,IL,DuPage,2025,FALSE,10,300917.194,1.518,147.634,509027.88,5063553.348,0.59116,0.000003,0.00029,0,100,0,0,0,0,0.0103,2038.2649,45.32,45.26,66.74
Illinois,IL,DuPage,2026,TRUE,10,54631.958,0.275,25.072,88190,919329.864,0.61948,0.000003,0.000284,0,100,0,0,0,0,0.011,2179.0028,-81.84,-81.88,-83.02
Illinois,IL,Fayette,2020,FALSE,1,548.616,0.003,0.419,924.4,9231.402,0.59348,0.000003,0.000453,0,100,0,0,0,0,0.0072,1309.3461,,,
Illinois,IL,Fayette,2021,FALSE,1,1046.924,0.005,0.835,1680.89,17614.517,0.62284,0.000003,0.000497,0,100,0,0,0,0,0.006,1253.8012,90.83,66.67,99.28
Illinois,IL,Fayette,2022,FALSE,1,1117.258,0.006,0.916,1829.35,18796.207,0.61074,0.000003,0.000501,0,100,0,0,0,0,0.0066,1219.714,6.72,20,9.7
Illinois,IL,Fayette,2023,FALSE,1,625.227,0.003,0.508,1084.49,10521.7,0.57652,0.000003,0.000468,0,100,0,0,0,0,0.0059,1230.7618,-44.04,-50,-44.54
Illinois,IL,Fayette,2024,FALSE,0,0,0,0,0,0,,,,,,,,,,,,-100,-100,-100
Illinois,IL,Ford,2020,FALSE,2,147633.886,0.746,89.808,204214.75,2484262.467,0.72293,0.000004,0.00044,0,100,0,0,0,0,0.0083,1643.8835,,,
Illinois,IL,Ford,2021,FALSE,2,116063.387,0.586,67.717,165119.28,1953047.886,0.70291,0.000004,0.00041,0,100,0,0,0,0,0.0087,1713.9476,-21.38,-21.45,-24.6
Illinois,IL,Ford,2022,FALSE,2,17677.919,0.089,10.779,24511.66,297453.839,0.7212,0.000004,0.00044,0,100,0,0,0,0,0.0083,1640.0333,-84.77,-84.81,-84.08
Illinois,IL,Ford,2023,FALSE,2,53123.761,0.268,31.354,75558.74,893896.271,0.70308,0.000004,0.000415,0,100,0,0,0,0,0.0085,1694.3216,200.51,201.12,190.88
Illinois,IL,Ford,2024,FALSE,2,76319.079,0.385,47.038,107784.44,1284217.66,0.70807,0.000004,0.000436,0,100,0,0,0,0,0.0082,1622.4984,43.66,43.66,50.02
Illinois,IL,Ford,2025,FALSE,2,54537.56,0.276,34.967,76204.22,917693.161,0.71568,0.000004,0.000459,0,100,0,0,0,0,0.0079,1559.6866,-28.54,-28.31,-25.66
Illinois,IL,Ford,2026,TRUE,2,14398.489,0.073,10.383,20476.71,242277.311,0.70316,0.000004,0.000507,0,100,0,0,0,0,0.007,1386.7369,-73.6,-73.55,-70.31
Illinois,IL,Grundy,2020,FALSE,5,0,2.32,180.403,625099.89,7844389.308,0,0.000004,0.000289,0,100,0,0,0,0,0.0129,0,,,
Illinois,IL,Grundy,2021,FALSE,5,0,2.338,154.759,631101.91,7929817.38,0,0.000004,0.000245,0,100,0,0,0,0,0.0151,0,,0.78,-14.21
Illinois,IL,Grundy,2022,FALSE,5,0,2.249,141.379,606422.06,7683432.048,0,0.000004,0.000233,0,100,0,0,0,0,0.0159,0,,-3.81,-8.65
Illinois,IL,Grundy,2023,FALSE,7,1482557.049,9.525,188.333,4033843.45,31886471.997,0.36753,0.000002,0.000047,0,100,0,0,0,0,0.0506,7871.9983,,323.52,33.21
Illinois,IL,Grundy,2024,FALSE,7,2452573.187,14.635,236.724,7124437.05,48942307.411,0.34425,0.000002,0.000033,0,100,0,0,0,0,0.0618,10360.4754,65.43,53.65,25.69
Illinois,IL,Grundy,2025,FALSE,7,2533626.526,15.021,229.191,7204039.87,50233389.855,0.3517,0.000002,0.000032,0,100,0,0,0,0,0.0655,11054.651,3.3,2.64,-3.18
Illinois,IL,Grundy,2026,TRUE,7,1101845.074,6.664,113.05,3176908.18,22287897.097,0.34683,0.000002,0.000036,0,100,0,0,0,0,0.0589,9746.5287,-56.51,-55.64,-50.67
Illinois,IL,Jackson,2020,FALSE,2,676329.532,3.414,426.261,1169568.42,11380872.664,0.57827,0.000003,0.000364,0,100,0,0,0,0,0.008,1586.6559,,,
Illinois,IL,Jackson,2021,FALSE,0,0,0,0,0,0,,,,,,,,,,,,-100,-100,-100
Illinois,IL,Jackson,2022,FALSE,0,0,0,0,0,0,,,,,,,,,,,,,,
Illinois,IL,Jackson,2023,FALSE,0,0,0,0,0,0,,,,,,,,,,,,,,
Illinois,IL,Jackson,2024,FALSE,0,0,0,0,0,0,,,,,,,,,,,,,,
Illinois,IL,Jasper,2020,FALSE,1,3019906.626,4632.306,1879.548,2859819.79,28793934.068,1.05598,0.00162,0.000657,100,0,0,0,0,0,2.4646,1606.7196,,,
Illinois,IL,Jasper,2021,FALSE,1,4038278.597,6452.978,2454.86,3864185.28,38503853.245,1.04505,0.00167,0.000635,100,0,0,0,0,0,2.6287,1645.0138,33.72,39.3,30.61
Illinois,IL,Jasper,2022,FALSE,1,3849583.64,6815.879,2345.639,3807375.49,36704677.288,1.01109,0.00179,0.000616,100,0,0,0,0,0,2.9058,1641.1663,-4.67,5.62,-4.45
Illinois,IL,Jasper,2023,FALSE,1,3794291.578,7421.618,2090.753,3375064.06,36177452.825,1.12421,0.002199,0.000619,100,0,0,0,0,0,3.5497,1814.7967,-1.44,8.89,-10.87
Illinois,IL,Jasper,2024,FALSE,1,3452575.701,6650.485,2013.183,3095723.56,32919285.806,1.11527,0.002148,0.00065,100,0,0,0,0,0,3.3035,1714.9835,-9.01,-10.39,-3.71
Illinois,IL,Jasper,2025,FALSE,1,4244876.236,7865.294,2587.202,4019687.24,40473607.606,1.05602,0.001957,0.000644,100,0,0,0,0,0,3.0401,1640.7208,22.95,18.27,28.51
Illinois,IL,Jasper,2026,TRUE,1,1996060.357,3941.782,1283.846,1775252.82,19031854.253,1.12438,0.00222,0.000723,100,0,0,0,0,0,3.0703,1554.7506,-52.98,-49.88,-50.38
Illinois,IL,Kane,2020,FALSE,4,55471.303,0.278,40.571,78366.03,928948.267,0.70785,0.000004,0.000518,0,100,0,0,0,0,0.0069,1367.2649,,,
Illinois,IL,Kane,2021,FALSE,4,99351.066,0.501,78.026,142827.83,1669700.68,0.6956,0.000004,0.000546,0,100,0,0,0,0,0.0064,1273.3072,79.1,80.22,92.32
Illinois,IL,Kane,2022,FALSE,4,12917.101,0.066,9.982,18174.06,217348.991,0.71074,0.000004,0.000549,0,100,0,0,0,0,0.0066,1294.0394,-87,-86.83,-87.21
Illinois,IL,Kane,2023,FALSE,4,13144.639,0.066,9.423,18609.07,221184.094,0.70636,0.000004,0.000506,0,100,0,0,0,0,0.007,1394.9527,1.76,0,-5.6
Illinois,IL,Kane,2024,FALSE,3,9220.526,0.047,6.985,12562.95,155152.321,0.73395,0.000004,0.000556,0,100,0,0,0,0,0.0067,1320.0467,-29.85,-28.79,-25.87
Illinois,IL,Kane,2025,FALSE,4,26263.114,0.133,22.304,34011.79,441952.733,0.77218,0.000004,0.000656,0,100,0,0,0,0,0.006,1177.5069,184.83,182.98,219.31
Illinois,IL,Kane,2026,TRUE,3,19918.098,0.1,15.29,26658.87,335179.732,0.74715,0.000004,0.000574,0,100,0,0,0,0,0.0065,1302.6879,-24.16,-24.81,-31.45
Illinois,IL,Kendall,2020,FALSE,4,3354898.638,16.937,406.119,7757217.2,56452603.929,0.43249,0.000002,0.000052,0,100,0,0,0,0,0.0417,8260.8758,,,
Illinois,IL,Kendall,2021,FALSE,4,2721899.654,13.741,342.318,6255471.13,45801221.362,0.43512,0.000002,0.000055,0,100,0,0,0,0,0.0401,7951.3775,-18.87,-18.87,-15.71
Illinois,IL,Kendall,2022,FALSE,4,2314819.441,11.685,284.141,5307113.72,38951150.596,0.43617,0.000002,0.000054,0,100,0,0,0,0,0.0411,8146.728,-14.96,-14.96,-17
Illinois,IL,Kendall,2023,FALSE,4,2637608.069,13.315,288.342,6031041.67,44382845.169,0.43734,0.000002,0.000048,0,100,0,0,0,0,0.0462,9147.4987,13.94,13.95,1.48
Illinois,IL,Kendall,2024,FALSE,4,2131391.639,10.76,241.201,4753450.92,35864755.669,0.44839,0.000002,0.000051,0,100,0,0,0,0,0.0446,8836.5788,-19.19,-19.19,-16.35
Illinois,IL,Kendall,2025,FALSE,4,2608789.682,13.17,166.607,5683629.98,43898036.49,0.459,0.000002,0.000029,0,100,0,0,0,0,0.079,15658.3438,22.4,22.4,-30.93
Illinois,IL,Kendall,2026,TRUE,4,938588.832,4.739,86.642,1992799.05,15793557.028,0.47099,0.000002,0.000043,0,100,0,0,0,0,0.0547,10832.9544,-64.02,-64.02,-48
Illinois,IL,Lake,2020,FALSE,9,1190861.066,418.41,581.349,1302939.4,13893002.455,0.91398,0.000321,0.000446,56.63,43.3,0.07,0,0,0,0.7197,2048.4443,,,
Illinois,IL,Lake,2021,FALSE,9,3016039.778,1266.889,1558.978,2949790.07,31568742.615,1.02246,0.000429,0.000529,77.62,22.37,0.01,0,0,0,0.8126,1934.6263,153.27,202.79,168.17
Illinois,IL,Lake,2022,FALSE,9,1749313.057,814.471,901.059,1687581.06,18168679.38,1.03658,0.000483,0.000534,79.21,20.49,0.3,0,0,0,0.9039,1941.3968,-42,-35.71,-42.2
Illinois,IL,Lake,2023,FALSE,7,209570.472,3.063,72.032,315083.82,3513372.989,0.66513,0.00001,0.000229,0,99.38,0.62,0,0,0,0.0425,2909.4079,-88.02,-99.62,-92.01
Illinois,IL,Lake,2024,FALSE,7,250092.789,1.266,80.648,369127.97,4197374.644,0.67752,0.000003,0.000218,0,99.63,0.37,0,0,0,0.0157,3101.0414,19.34,-58.67,11.96
Illinois,IL,Lake,2025,FALSE,7,315298.814,1.601,119.738,475300.64,5268752.574,0.66337,0.000003,0.000252,0,99.03,0.97,0,0,0,0.0134,2633.2394,26.07,26.46,48.47
Illinois,IL,Lake,2026,TRUE,7,145016.586,0.736,44.985,228110.72,2435626.697,0.63573,0.000003,0.000197,0,99.47,0.53,0,0,0,0.0164,3223.6654,-54.01,-54.03,-62.43
Illinois,IL,Lee,2020,FALSE,10,1795881.048,9.066,275.497,4222402.41,30219102.979,0.42532,0.000002,0.000065,0,100,0,0,0,0,0.0329,6518.6955,,,
Illinois,IL,Lee,2021,FALSE,10,1208149.867,6.098,224.527,2642881.76,20329442.544,0.45713,0.000002,0.000085,0,100,0,0,0,0,0.0272,5380.8667,-32.73,-32.74,-18.5
Illinois,IL,Lee,2022,FALSE,10,1195932.824,6.035,184.925,2851896.95,20123842.637,0.41935,0.000002,0.000065,0,100,0,0,0,0,0.0326,6467.1236,-1.01,-1.03,-17.64
Illinois,IL,Lee,2023,FALSE,12,1452196.434,7.354,222.975,3307098.79,24413017.533,0.43911,0.000002,0.000067,0,100,0,0,0,0,0.033,6512.8218,21.43,21.86,20.58
Illinois,IL,Lee,2024,FALSE,12,1892793.169,9.556,287.954,4140268.65,31840791.158,0.45717,0.000002,0.00007,0,100,0,0,0,0,0.0332,6573.2484,30.34,29.94,29.14
Illinois,IL,Lee,2025,FALSE,12,1911334.999,9.649,299.022,4100615.97,32161286.125,0.46611,0.000002,0.000073,0,100,0,0,0,0,0.0323,6391.9544,0.98,0.97,3.84
Illinois,IL,Lee,2026,TRUE,12,661345.412,3.339,104.559,1477384.9,11127699.948,0.44765,0.000002,0.000071,0,100,0,0,0,0,0.0319,6325.0931,-65.4,-65.4,-65.03
Illinois,IL,Macon,2020,FALSE,13,0,0,2102.984,0,16417814.066,,,,92.66,7.34,0,0,0,0,0,0,,,
Illinois,IL,Macon,2021,FALSE,13,0,0,1932.363,0,13184752.554,,,,92.68,7.32,0,0,0,0,0,0,,,-8.11
Illinois,IL,Macon,2022,FALSE,11,0,0,1734.289,0,10602524.578,,,,94.09,5.91,0,0,0,0,0,0,,,-10.25
Illinois,IL,Macon,2023,FALSE,11,0,0,1596.599,0,10455890.84,,,,81.35,18.65,0,0,0,0,0,0,,,-7.94
Illinois,IL,Macon,2024,FALSE,11,0,0,1323.914,0,9786727.462,,,,89.23,10.77,0,0,0,0,0,0,,,-17.08
Illinois,IL,Macon,2025,FALSE,10,0,0,1428.649,0,9481654.37,,,,81.69,18.31,0,0,0,0,0,0,,,7.91
Illinois,IL,Macon,2026,TRUE,11,0,0,701.682,0,5191521.004,,,,86.28,13.72,0,0,0,0,0,0,,,-50.88
Illinois,IL,Madison,2020,FALSE,9,38989.655,0.197,370.487,64855.64,8715775.916,0.60118,0.000003,0.005712,0,100,0,0,0,0,0.0005,105.2389,,,
Illinois,IL,Madison,2021,FALSE,9,63588.291,0.321,395.839,108178.74,8994431.379,0.58781,0.000003,0.003659,0,100,0,0,0,0,0.0008,160.6418,63.09,62.94,6.84
Illinois,IL,Madison,2022,FALSE,9,14102.818,0.072,340.119,22497.82,8533267.153,0.62685,0.000003,0.015118,0,100,0,0,0,0,0.0002,41.4644,-77.82,-77.57,-14.08
Illinois,IL,Madison,2023,FALSE,9,8782.41,0.045,369.72,14372.54,8709398.628,0.61105,0.000003,0.025724,0,100,0,0,0,0,0.0001,23.7542,-37.73,-37.5,8.7
Illinois,IL,Madison,2024,FALSE,9,16238.712,0.082,402.549,26568.45,9356291.575,0.6112,0.000003,0.015151,0,100,0,0,0,0,0.0002,40.3397,84.9,82.22,8.88
Illinois,IL,Madison,2025,FALSE,9,11392.917,0.058,473.466,18137.23,9920673.153,0.62815,0.000003,0.026105,0,100,0,0,0,0,0.0001,24.0628,-29.84,-29.27,17.62
Illinois,IL,Madison,2026,TRUE,8,3295.814,0.016,212.462,5370.94,4304314.398,0.61364,0.000003,0.039558,0,100,0,0,0,0,0.0001,15.5125,-71.07,-72.41,-55.13
Illinois,IL,Marion,2020,FALSE,2,12370.72,0.062,7.503,17809.7,208157.654,0.69461,0.000003,0.000421,0,100,0,0,0,0,0.0083,1648.7698,,,
Illinois,IL,Marion,2021,FALSE,2,13773.601,0.072,8.173,19389.84,231762.078,0.71035,0.000004,0.000422,0,100,0,0,0,0,0.0088,1685.2565,11.34,16.13,8.93
Illinois,IL,Marion,2022,FALSE,2,1818.643,0.01,1.276,2361.67,30602.029,0.77007,0.000004,0.00054,0,100,0,0,0,0,0.0078,1425.2688,-86.8,-86.11,-84.39
Illinois,IL,Marion,2023,FALSE,2,3610.613,0.019,2.117,5142.36,60746.976,0.70213,0.000004,0.000412,0,100,0,0,0,0,0.009,1705.5328,98.53,90,65.91
Illinois,IL,Marion,2024,FALSE,2,1311.132,0.008,1,1596.12,18525.669,0.82145,0.000005,0.000627,0,100,0,0,0,0,0.008,1311.132,-63.69,-57.89,-52.76
Illinois,IL,Marion,2025,FALSE,2,3359.405,0.017,1.674,4723.62,56310.095,0.71119,0.000004,0.000354,0,100,0,0,0,0,0.0102,2006.813,156.22,112.5,67.4
Illinois,IL,Marion,2026,TRUE,2,1386.774,0.008,0.968,1847.28,22904.25,0.75071,0.000004,0.000524,0,100,0,0,0,0,0.0083,1432.6178,-58.72,-52.94,-42.17
Illinois,IL,Massac,2020,FALSE,11,4467376.379,8242.985,2533.909,4510398.63,45044950.437,0.99046,0.001828,0.000562,99.23,0.77,0,0,0,0,3.2531,1763.0374,,,
Illinois,IL,Massac,2021,FALSE,11,5950014.524,13231.111,3393.993,5603232.76,57164106.139,1.06189,0.002361,0.000606,98.31,1.69,0,0,0,0,3.8984,1753.1016,33.19,60.51,33.94
Illinois,IL,Massac,2022,FALSE,6,4254759.286,10982.309,2341.531,3948986.91,40576455.102,1.07743,0.002781,0.000593,100,0,0,0,0,0,4.6902,1817.0843,-28.49,-17,-31.01
Illinois,IL,Peoria,2020,FALSE,4,3432477.373,6532.126,2487.187,3337685.28,34445281.717,1.0284,0.001957,0.000745,95.01,4.99,0,0,0,0,2.6263,1380.0641,,,
Illinois,IL,Peoria,2021,FALSE,4,2925878.756,5982.476,2389.817,2928160.39,29196535.372,0.99922,0.002043,0.000816,95.55,4.45,0,0,0,0,2.5033,1224.3108,-14.76,-8.41,-3.91
Illinois,IL,Peoria,2022,FALSE,4,2885598.824,6698.223,2122.428,2915682.04,28579774.776,0.98968,0.002297,0.000728,96.27,3.73,0,0,0,0,3.1559,1359.5744,-1.38,11.96,-11.19
Illinois,IL,Peoria,2023,FALSE,2,0,0,20.86,0,1305911.235,,,,0,100,0,0,0,0,0,0,-100,-100,-99.02
Illinois,IL,Peoria,2024,FALSE,2,0,0,22.21,0,1549236.256,,,,0,100,0,0,0,0,0,0,,,6.47
Illinois,IL,Peoria,2025,FALSE,2,0,0,25.619,0,1244542.784,,,,0,100,0,0,0,0,0,0,,,15.35
Illinois,IL,Peoria,2026,TRUE,2,0,0,10.791,0,672609.4,,,,0,100,0,0,0,0,0,0,,,-57.88
Illinois,IL,Perry,2020,FALSE,8,45879.129,0.232,35.209,80424.87,771991.516,0.57046,0.000003,0.000438,0,100,0,0,0,0,0.0066,1303.0512,,,
Illinois,IL,Perry,2021,FALSE,8,70047.091,0.354,52.111,123102.39,1178666.616,0.56901,0.000003,0.000423,0,100,0,0,0,0,0.0068,1344.1901,52.68,52.59,48
Illinois,IL,Perry,2022,FALSE,8,19887.529,0.101,15.559,35021.82,334609.753,0.56786,0.000003,0.000444,0,100,0,0,0,0,0.0065,1278.201,-71.61,-71.47,-70.14
Illinois,IL,Perry,2023,FALSE,8,26471.211,0.132,20.74,47348.33,445437.459,0.55907,0.000003,0.000438,0,100,0,0,0,0,0.0064,1276.3361,33.1,30.69,33.3
Illinois,IL,Perry,2024,FALSE,8,49922.727,0.252,39.131,89701.09,840069.238,0.55655,0.000003,0.000436,0,100,0,0,0,0,0.0064,1275.7846,88.59,90.91,88.67
Illinois,IL,Perry,2025,FALSE,8,42915.665,0.217,33.522,76101.55,722121.557,0.56393,0.000003,0.00044,0,100,0,0,0,0,0.0065,1280.2239,-14.04,-13.89,-14.33
Illinois,IL,Perry,2026,TRUE,8,10801.926,0.054,8.479,19218.3,181752.06,0.56206,0.000003,0.000441,0,100,0,0,0,0,0.0064,1273.9623,-74.83,-75.12,-74.71
Illinois,IL,Piatt,2020,FALSE,6,14422.425,0.074,2.607,20648.75,242686.922,0.69846,0.000004,0.000126,0,100,0,0,0,0,0.0284,5532.1922,,,
Illinois,IL,Piatt,2021,FALSE,6,35784.757,0.181,6.359,48800.26,602143.456,0.73329,0.000004,0.00013,0,100,0,0,0,0,0.0285,5627.4189,148.12,144.59,143.92
Illinois,IL,Piatt,2022,FALSE,6,3755.019,0.02,0.695,5290.82,63185.941,0.70972,0.000004,0.000131,0,100,0,0,0,0,0.0288,5402.905,-89.51,-88.95,-89.07
Illinois,IL,Piatt,2023,FALSE,6,4343.459,0.022,0.855,6040.74,73086.148,0.71903,0.000004,0.000142,0,100,0,0,0,0,0.0257,5080.069,15.67,10,23.02
Illinois,IL,Piatt,2024,FALSE,6,4568.09,0.023,0.95,6287.92,76869.605,0.72649,0.000004,0.000151,0,100,0,0,0,0,0.0242,4808.5158,5.17,4.55,11.11
Illinois,IL,Piatt,2025,FALSE,6,3511.536,0.018,0.698,4718.95,59090.242,0.74414,0.000004,0.000148,0,100,0,0,0,0,0.0258,5030.8539,-23.13,-21.74,-26.53
Illinois,IL,Piatt,2026,TRUE,4,740.766,0.004,0.14,999.27,12467.554,0.74131,0.000004,0.00014,0,100,0,0,0,0,0.0286,5291.1857,-78.9,-77.78,-79.94
Illinois,IL,Randolph,2020,FALSE,2,4466151.61,1474.885,1784.789,4472537.21,42583477.514,0.99857,0.00033,0.000399,100,0,0,0,0,0,0.8264,2502.3415,,,
Illinois,IL,Randolph,2021,FALSE,2,7449409.807,2226.628,2557.256,7566352.9,71027892.709,0.98454,0.000294,0.000338,100,0,0,0,0,0,0.8707,2913.0481,66.8,50.97,43.28
Illinois,IL,Randolph,2022,FALSE,2,6583248.854,2385.534,2312.034,6541375.57,62769430.711,1.0064,0.000365,0.000353,100,0,0,0,0,0,1.0318,2847.3841,-11.63,7.14,-9.59
Illinois,IL,Randolph,2023,FALSE,2,6644539.025,2413.561,2079.141,6492060.92,63353731.803,1.02349,0.000372,0.00032,100,0,0,0,0,0,1.1608,3195.8097,0.93,1.17,-10.07
Illinois,IL,Randolph,2024,FALSE,2,6971519.386,2441.317,2344.951,7160404.24,66471367.124,0.97362,0.000341,0.000327,100,0,0,0,0,0,1.0411,2972.9915,4.92,1.15,12.78
Illinois,IL,Randolph,2025,FALSE,2,6806341.193,2263.562,2436.167,7123715.57,64896473.984,0.95545,0.000318,0.000342,100,0,0,0,0,0,0.9291,2793.873,-2.37,-7.28,3.89
Illinois,IL,Randolph,2026,TRUE,2,2643280.038,806.02,967.429,2740950.79,25202863.661,0.96437,0.000294,0.000353,100,0,0,0,0,0,0.8332,2732.2729,-61.16,-64.39,-60.29
Illinois,IL,Rock Island,2020,FALSE,2,804562.545,4.062,88.404,2037961.77,13538132.796,0.39479,0.000002,0.000043,0,100,0,0,0,0,0.0459,9100.9744,,,
Illinois,IL,Rock Island,2021,FALSE,2,906090.393,4.574,96.541,2287889.8,15246182.24,0.39604,0.000002,0.000042,0,100,0,0,0,0,0.0474,9385.5501,12.62,12.6,9.2
Illinois,IL,Rock Island,2022,FALSE,2,152097.01,0.768,17.652,367799.85,2559258.895,0.41353,0.000002,0.000048,0,100,0,0,0,0,0.0435,8616.418,-83.21,-83.21,-81.72
Illinois,IL,Rock Island,2023,FALSE,2,321209.282,1.622,37.422,789986.83,5404750.709,0.4066,0.000002,0.000047,0,100,0,0,0,0,0.0433,8583.4344,111.19,111.2,112
Illinois,IL,Rock Island,2024,FALSE,2,476178.518,2.404,59.48,1160568.74,8012272.925,0.4103,0.000002,0.000051,0,100,0,0,0,0,0.0404,8005.6913,48.25,48.21,58.94
Illinois,IL,Rock Island,2025,FALSE,2,463228.763,2.338,49.307,1125955.99,7794507.769,0.41141,0.000002,0.000044,0,100,0,0,0,0,0.0474,9394.787,-2.72,-2.75,-17.1
Illinois,IL,Rock Island,2026,TRUE,2,129294.184,0.653,14.044,300469.41,2175595.638,0.43031,0.000002,0.000047,0,100,0,0,0,0,0.0465,9206.3646,-72.09,-72.07,-71.52
Illinois,IL,Sangamon,2020,FALSE,6,968053.176,401.474,412.98,943391.44,9614520.316,1.02614,0.000426,0.000438,96.23,3.72,0.05,0,0,0,0.9721,2344.0679,,,
Illinois,IL,Sangamon,2021,FALSE,4,1423798.601,718.498,450.125,1444507.08,13916103.459,0.98566,0.000497,0.000312,99.9,0.09,0.02,0,0,0,1.5962,3163.1182,47.08,78.97,8.99
Illinois,IL,Sangamon,2022,FALSE,3,1370585.28,426.08,421.156,1427615.3,13407073.003,0.96005,0.000298,0.000295,99.86,0.1,0.04,0,0,0,1.0117,3254.3411,-3.74,-40.7,-6.44
Illinois,IL,Sangamon,2023,FALSE,3,850895.098,264.956,325.928,806563.35,8537341.581,1.05496,0.000328,0.000404,93.99,5.99,0.01,0,0,0,0.8129,2610.6843,-37.92,-37.82,-22.61
Illinois,IL,Sangamon,2024,FALSE,3,757822.934,262.316,324.772,731089.98,7730805.226,1.03657,0.000359,0.000444,90.14,9.84,0.01,0,0,0,0.8077,2333.3998,-10.94,-1,-0.35
Illinois,IL,Sangamon,2025,FALSE,3,1156667.469,326.224,466.481,1119855.93,11565788.63,1.03287,0.000291,0.000417,94.34,5.64,0.02,0,0,0,0.6993,2479.5597,52.63,24.36,43.63
Illinois,IL,Sangamon,2026,TRUE,3,437291.783,130.665,177.157,419399.27,4382116.855,1.04266,0.000312,0.000422,94.05,5.94,0.01,0,0,0,0.7376,2468.3856,-62.19,-59.95,-62.02
Illinois,IL,Scott,2020,FALSE,4,6981.494,0.074,21.128,19536.53,248594.199,0.35736,0.000004,0.001081,0,100,0,0,0,0,0.0035,330.438,,,
Illinois,IL,Scott,2021,FALSE,4,22104.45,0.251,29.76,45758.2,469164.386,0.48307,0.000005,0.00065,0,100,0,0,0,0,0.0084,742.7571,216.61,239.19,40.86
Illinois,IL,Scott,2022,FALSE,4,30352.492,0.188,37.707,62156.79,629068.215,0.48832,0.000003,0.000607,0,100,0,0,0,0,0.005,804.9564,37.31,-25.1,26.7
Illinois,IL,Scott,2023,FALSE,4,8156.076,0.052,10.815,17222.33,173249.399,0.47358,0.000003,0.000628,0,100,0,0,0,0,0.0048,754.1448,-73.13,-72.34,-71.32
Illinois,IL,Scott,2024,FALSE,4,15150.796,0.095,17.924,30724,315013.714,0.49313,0.000003,0.000583,0,100,0,0,0,0,0.0053,845.2798,85.76,82.69,65.73
Illinois,IL,Scott,2025,FALSE,4,14274.477,0.091,15.159,29049.5,301534.648,0.49138,0.000003,0.000522,0,100,0,0,0,0,0.006,941.6503,-5.78,-4.21,-15.43
Illinois,IL,Scott,2026,TRUE,4,5567.761,0.044,10.188,13577.86,149637.522,0.41006,0.000003,0.00075,0,100,0,0,0,0,0.0043,546.5019,-60.99,-51.65,-32.79
Illinois,IL,Shelby,2020,FALSE,10,1183256.215,6.078,285.325,2698549.69,19932510.26,0.43848,0.000002,0.000106,0,100,0,0,0,0,0.0213,4147.0471,,,
Illinois,IL,Shelby,2021,FALSE,10,948550.318,4.887,284.713,2102592.02,15985087.681,0.45113,0.000002,0.000135,0,100,0,0,0,0,0.0172,3331.6017,-19.84,-19.6,-0.21
Illinois,IL,Shelby,2022,FALSE,10,964738.007,4.909,188.611,2233656.09,16243860.833,0.43191,0.000002,0.000084,0,100,0,0,0,0,0.026,5114.9615,1.71,0.45,-33.75
Illinois,IL,Shelby,2023,FALSE,10,1196680.026,6.076,224.024,2757139.2,20148253.87,0.43403,0.000002,0.000081,0,100,0,0,0,0,0.0271,5341.7492,24.04,23.77,18.78
Illinois,IL,Shelby,2024,FALSE,10,1277134.194,6.49,240.273,2935638.27,21503330.321,0.43504,0.000002,0.000082,0,100,0,0,0,0,0.027,5315.3463,6.72,6.81,7.25
Illinois,IL,Shelby,2025,FALSE,10,831587.496,4.219,183.612,1883518.89,14006315.562,0.44151,0.000002,0.000097,0,100,0,0,0,0,0.023,4529.0476,-34.89,-34.99,-23.58
Illinois,IL,Shelby,2026,TRUE,10,731435.553,3.693,102.408,1683827.28,12307801.806,0.43439,0.000002,0.000061,0,100,0,0,0,0,0.0361,7142.3673,-12.04,-12.47,-44.23
Illinois,IL,Tazewell,2020,FALSE,6,1286625.38,638.84,761.384,1042259,14361874.975,1.23446,0.000613,0.000731,84.23,15.77,0,0,0,0,0.8391,1689.8508,,,
Illinois,IL,Tazewell,2021,FALSE,6,3548135.045,1831.577,1842.165,3016745.75,35464224.1,1.17615,0.000607,0.000611,94.06,5.94,0,0,0,0,0.9943,1926.068,175.77,186.7,141.95
Illinois,IL,Tazewell,2022,FALSE,6,6314958.238,3065.46,3244.072,5579731.54,61610268.883,1.13177,0.000549,0.000581,96.37,3.63,0,0,0,0,0.9449,1946.6147,77.98,67.37,76.1
Illinois,IL,Tazewell,2023,FALSE,6,1859395.038,902.766,858.669,1570316.28,20022020.087,1.18409,0.000575,0.000547,88.55,11.45,0,0,0,0,1.0514,2165.4386,-70.56,-70.55,-73.53
Illinois,IL,Tazewell,2024,FALSE,7,2906792.412,1392.798,1422.267,2527913.97,30674285.324,1.14988,0.000551,0.000563,90.35,9.65,0,0,0,0,0.9793,2043.7741,56.33,54.28,65.64
Illinois,IL,Tazewell,2025,FALSE,7,4661743.13,2114.872,2524.106,3828714.34,47944688.503,1.21757,0.000552,0.000659,92.71,7.29,0,0,0,0,0.8379,1846.8888,60.37,51.84,77.47
Illinois,IL,Tazewell,2026,TRUE,7,1576504.545,686.753,870.008,1312560.79,16400171.043,1.20109,0.000523,0.000663,91.65,8.35,0,0,0,0,0.7894,1812.0575,-66.18,-67.53,-65.53
Illinois,IL,Vermilion,2020,FALSE,4,70570.855,0.356,65.104,116684.33,1187466.184,0.6048,0.000003,0.000558,0,100,0,0,0,0,0.0055,1083.9711,,,
Illinois,IL,Vermilion,2021,FALSE,4,93578.895,0.473,86.079,154386.64,1574652.727,0.60613,0.000003,0.000558,0,100,0,0,0,0,0.0055,1087.128,32.6,32.87,32.22
Illinois,IL,Vermilion,2022,FALSE,4,25684.044,0.129,25.132,39430.22,432187.442,0.65138,0.000003,0.000637,0,100,0,0,0,0,0.0051,1021.9658,-72.55,-72.73,-70.8
Illinois,IL,Vermilion,2023,FALSE,4,47485.151,0.239,44.688,75089.89,799035.586,0.63238,0.000003,0.000595,0,100,0,0,0,0,0.0053,1062.5929,84.88,85.27,77.81
Illinois,IL,Vermilion,2024,FALSE,4,48264.764,0.244,46.953,73021.1,812145.768,0.66097,0.000003,0.000643,0,100,0,0,0,0,0.0052,1027.9378,1.64,2.09,5.07
Illinois,IL,Vermilion,2025,FALSE,4,39338.408,0.198,39.482,57261.27,661940.577,0.687,0.000003,0.00069,0,100,0,0,0,0,0.005,996.3631,-18.49,-18.85,-15.91
Illinois,IL,Vermilion,2026,TRUE,4,17183.456,0.087,16.939,25780.96,289160.583,0.66652,0.000003,0.000657,0,100,0,0,0,0,0.0051,1014.4315,-56.32,-56.06,-57.1
Illinois,IL,Washington,2020,FALSE,2,12988380.74,9771.934,3894.472,12145749.17,126592426.127,1.06938,0.000805,0.000321,100,0,0,0,0,0,2.5092,3335.0813,,,
Illinois,IL,Washington,2021,FALSE,2,13591665.045,10537.318,4121.607,13604788.16,132472363.391,0.99904,0.000775,0.000303,100,0,0,0,0,0,2.5566,3297.6616,4.64,7.83,5.83
Illinois,IL,Washington,2022,FALSE,2,11945331.658,9186.477,3701.635,12450973.74,116426241.404,0.95939,0.000738,0.000297,100,0,0,0,0,0,2.4817,3227.042,-12.11,-12.82,-10.19
Illinois,IL,Washington,2023,FALSE,2,12434139.875,9280.418,3923.825,13399780.68,121190405.396,0.92794,0.000693,0.000293,100,0,0,0,0,0,2.3651,3168.8824,4.09,1.02,6
Illinois,IL,Washington,2024,FALSE,2,11045429.436,8651.992,3494.94,12307861.17,107655249.439,0.89743,0.000703,0.000284,100,0,0,0,0,0,2.4756,3160.406,-11.17,-6.77,-10.93
Illinois,IL,Washington,2025,FALSE,2,11915719.132,9212.061,3784.088,13102314.12,116137607.199,0.90944,0.000703,0.000289,100,0,0,0,0,0,2.4344,3148.9012,7.88,6.47,8.27
Illinois,IL,Washington,2026,TRUE,2,6042902.679,4590.767,1926.719,6740449.98,58897712.394,0.89651,0.000681,0.000286,100,0,0,0,0,0,2.3827,3136.3695,-49.29,-50.17,-49.08
Illinois,IL,Will,2020,FALSE,57,2154557.786,239.602,1380.6,3217066.85,35878187.753,0.66973,0.000074,0.000429,11.39,88.61,0,0,0,0,0.1735,1560.5952,,,
Illinois,IL,Will,2021,FALSE,57,2597583.923,490.59,1372.835,3545202.82,39113919.365,0.7327,0.000138,0.000387,21.37,78.63,0,0,0,0,0.3574,1892.1312,20.56,104.75,-0.56
Illinois,IL,Will,2022,FALSE,59,3122145.211,288.112,822.344,6826367.09,52302925.198,0.45737,0.000042,0.00012,7.1,92.9,0,0,0,0,0.3504,3796.6413,20.19,-41.27,-40.1
Illinois,IL,Will,2023,FALSE,58,4091764.089,20.695,874.531,9345409.46,71309890.755,0.43784,0.000002,0.000094,0,100,0,0,0,0,0.0237,4678.8097,31.06,-92.82,6.35
Illinois,IL,Will,2024,FALSE,52,3163746.473,15.989,363.384,7878544.43,55384606.898,0.40156,0.000002,0.000046,0,100,0,0,0,0,0.044,8706.345,-22.68,-22.74,-58.45
Illinois,IL,Will,2025,FALSE,53,3409671.015,17.175,486.09,8437029.42,59739056.05,0.40413,0.000002,0.000058,0,100,0,0,0,0,0.0353,7014.485,7.77,7.42,33.77
Illinois,IL,Will,2026,TRUE,50,1333714.874,6.701,195.082,3169563.81,23269540.753,0.42079,0.000002,0.000062,0,100,0,0,0,0,0.0343,6836.6885,-60.88,-60.98,-59.87
Illinois,IL,Williamson,2020,FALSE,4,1356548.317,2927.186,1079.887,999231.45,12859348.206,1.35759,0.002929,0.001081,99.53,0.47,0,0,0,0,2.7106,1256.1947,,,
Illinois,IL,Williamson,2021,FALSE,3,1092490.454,1657.833,501.668,724165.94,10605170.991,1.50862,0.002289,0.000693,94.14,5.86,0,0,0,0,3.3046,2177.716,-19.47,-43.36,-53.54
Illinois,IL,Williamson,2022,FALSE,3,1237480.489,2810.088,472.272,842815.66,12341071.241,1.46827,0.003334,0.00056,88.2,11.8,0,0,0,0,5.9501,2620.2707,13.27,69.5,-5.86
Illinois,IL,Williamson,2023,FALSE,3,1145738.565,2346.465,425.976,767181.57,11294541.923,1.49344,0.003059,0.000555,90.83,9.17,0,0,0,0,5.5084,2689.6787,-7.41,-16.5,-9.8
Illinois,IL,Williamson,2024,FALSE,3,1164827.435,2325.016,426.837,807479.81,11720742.845,1.44255,0.002879,0.000529,86.26,13.74,0,0,0,0,5.4471,2728.9748,1.67,-0.91,0.2
Illinois,IL,Williamson,2025,FALSE,3,1103695.937,2284.945,375.669,833805.73,11043153.28,1.32368,0.00274,0.000451,87.52,12.48,0,0,0,0,6.0823,2937.9479,-5.25,-1.72,-11.99
Illinois,IL,Williamson,2026,TRUE,3,550929.24,968.751,209.918,412830.04,5527016.887,1.33452,0.002347,0.000508,86.89,13.11,0,0,0,0,4.6149,2624.4974,-50.08,-57.6,-44.12
Illinois,IL,Winnebago,2020,FALSE,3,131952.996,0.666,58.287,212800.33,2220392.828,0.62008,0.000003,0.000274,0,100,0,0,0,0,0.0114,2263.8495,,,
Illinois,IL,Winnebago,2021,FALSE,3,272085.883,1.373,111.615,435599.89,4578347.155,0.62462,0.000003,0.000256,0,100,0,0,0,0,0.0123,2437.7179,106.2,106.16,91.49
Illinois,IL,Winnebago,2022,FALSE,3,85140.551,0.43,33.476,142222.61,1432672.396,0.59864,0.000003,0.000235,0,100,0,0,0,0,0.0128,2543.3311,-68.71,-68.68,-70.01
Illinois,IL,Winnebago,2023,FALSE,3,93463.171,0.473,33.805,154877.07,1572678.736,0.60347,0.000003,0.000218,0,100,0,0,0,0,0.014,2764.7736,9.78,10,0.98
Illinois,IL,Winnebago,2024,FALSE,3,86272.78,0.435,33.858,146192.88,1451707.712,0.59013,0.000003,0.000232,0,100,0,0,0,0,0.0128,2548.0767,-7.69,-8.03,0.16
Illinois,IL,Winnebago,2025,FALSE,3,96073.832,0.485,36.068,164151.12,1616626.637,0.58528,0.000003,0.00022,0,100,0,0,0,0,0.0134,2663.6861,11.36,11.49,6.53
Illinois,IL,Winnebago,2026,TRUE,3,28868.602,0.145,12.121,50179.59,485769.425,0.57531,0.000003,0.000242,0,100,0,0,0,0,0.012,2381.7013,-69.95,-70.1,-66.39
Indiana,IN,Daviess,2020,FALSE,2,0,0,28.571,0,1269931.6,,,,0,100,0,0,0,0,0,0,,,
Indiana,IN,Daviess,2021,FALSE,2,0,0,27.607,0,1226894.5,,,,0,100,0,0,0,0,0,0,,,-3.37
Indiana,IN,Daviess,2022,FALSE,2,0,0,27.858,0,1238008.6,,,,0,100,0,0,0,0,0,0,,,0.91
Indiana,IN,Daviess,2023,FALSE,2,0,0,25.942,0,1152798,,,,0,100,0,0,0,0,0,0,,,-6.88
Indiana,IN,Daviess,2024,FALSE,2,0,0,26.594,0,1182180,,,,0,100,0,0,0,0,0,0,,,2.51
Indiana,IN,Daviess,2025,FALSE,2,0,0,26.343,0,1170876,,,,0,100,0,0,0,0,0,0,,,-0.94
Indiana,IN,Daviess,2026,TRUE,2,0,0,11.636,0,517037.4,,,,0,100,0,0,0,0,0,0,,,-55.83
Indiana,IN,Dearborn,2020,FALSE,4,3735983.92,18.861,285.084,8778351.65,62865153.946,0.42559,0.000002,0.000032,0,100,0,0,0,0,0.0662,13104.853,,,
Indiana,IN,Dearborn,2021,FALSE,4,3503256.723,17.686,280.837,8174743.37,58949126.363,0.42855,0.000002,0.000034,0,100,0,0,0,0,0.063,12474.3418,-6.23,-6.23,-1.49
Indiana,IN,Dearborn,2022,FALSE,4,3740898.519,18.886,302.028,8743818.79,62947829.066,0.42783,0.000002,0.000035,0,100,0,0,0,0,0.0625,12385.9328,6.78,6.79,7.55
Indiana,IN,Dearborn,2023,FALSE,4,3766926.975,19.016,291.151,8805201.04,63385881.276,0.42781,0.000002,0.000033,0,100,0,0,0,0,0.0653,12938.0527,0.7,0.69,-3.6
Indiana,IN,Dearborn,2024,FALSE,4,3728524.268,18.822,274.633,8755324.11,62739651.288,0.42586,0.000002,0.000031,0,100,0,0,0,0,0.0685,13576.3884,-1.02,-1.02,-5.67
Indiana,IN,Dearborn,2025,FALSE,4,3608137.393,18.215,279.605,8451051.51,60713782.832,0.42695,0.000002,0.000033,0,100,0,0,0,0,0.0651,12904.4094,-3.23,-3.22,1.81
Indiana,IN,Dearborn,2026,TRUE,4,1372208.069,6.928,110.862,3201167.41,23090057.923,0.42866,0.000002,0.000035,0,100,0,0,0,0,0.0625,12377.6233,-61.97,-61.97,-60.35
Indiana,IN,Floyd,2020,FALSE,2,68064.195,246.061,115.444,66469.8,663392.384,1.02399,0.003702,0.001737,100,0,0,0,0,0,2.1314,589.5862,,,
Indiana,IN,Floyd,2021,FALSE,2,35369.472,117.228,68.73,39559.61,344719.966,0.89408,0.002963,0.001737,100,0,0,0,0,0,1.7056,514.6148,-48.04,-52.36,-40.46
Indiana,IN,Gibson,2020,FALSE,5,12455766.038,13393.33,9545.001,12881660.64,121401225.622,0.96694,0.00104,0.000741,100,0,0,0,0,0,1.4032,1304.9518,,,
Indiana,IN,Gibson,2021,FALSE,5,9824728.277,9110.168,4770.071,10194101.96,95757582.504,0.96377,0.000894,0.000468,100,0,0,0,0,0,1.9099,2059.6608,-21.12,-31.98,-50.03
Indiana,IN,Gibson,2022,FALSE,5,9947607.786,7156.272,5073.017,10229153.25,96955291.168,0.97248,0.0007,0.000496,100,0,0,0,0,0,1.4107,1960.886,1.25,-21.45,6.35
Indiana,IN,Gibson,2023,FALSE,5,9041528.531,4513.634,3571.198,8930746.66,88124178.088,1.0124,0.000505,0.0004,100,0,0,0,0,0,1.2639,2531.7914,-9.11,-36.93,-29.6
Indiana,IN,Gibson,2024,FALSE,5,10774108.951,6335.757,4975.858,11021871.05,105010828.336,0.97752,0.000575,0.000451,100,0,0,0,0,0,1.2733,2165.2766,19.16,40.37,39.33
Indiana,IN,Gibson,2025,FALSE,5,11295825.066,7741.522,6479.291,11780740.06,110095772.587,0.95884,0.000657,0.00055,100,0,0,0,0,0,1.1948,1743.3736,4.84,22.19,30.21
Indiana,IN,Gibson,2026,TRUE,5,5115568.072,3208.457,2774.849,5443282.19,49859362.924,0.93979,0.000589,0.00051,100,0,0,0,0,0,1.1563,1843.5483,-54.71,-58.56,-57.17
Indiana,IN,Greene,2020,FALSE,4,55684.343,0.281,40.369,89197.77,936982.016,0.62428,0.000003,0.000453,0,100,0,0,0,0,0.007,1379.3838,,,
Indiana,IN,Greene,2021,FALSE,4,119354.8,0.603,90.384,194706.68,2008300.066,0.613,0.000003,0.000464,0,100,0,0,0,0,0.0067,1320.5302,114.34,114.59,123.89
Indiana,IN,Greene,2022,FALSE,4,48082.723,0.243,35.1,78355.65,809088.539,0.61365,0.000003,0.000448,0,100,0,0,0,0,0.0069,1369.8781,-59.71,-59.7,-61.17
Indiana,IN,Greene,2023,FALSE,4,39326.013,0.199,27.529,60374.73,661759.628,0.65137,0.000003,0.000456,0,100,0,0,0,0,0.0072,1428.5304,-18.21,-18.11,-21.57
Indiana,IN,Greene,2024,FALSE,4,107972.333,0.545,78.917,174320.9,1816811.933,0.61939,0.000003,0.000453,0,100,0,0,0,0,0.0069,1368.1758,174.56,173.87,186.67
Indiana,IN,Greene,2025,FALSE,4,131349.648,0.663,93.145,207250.85,2210193.298,0.63377,0.000003,0.000449,0,100,0,0,0,0,0.0071,1410.1632,21.65,21.65,18.03
Indiana,IN,Greene,2026,TRUE,4,71435.859,0.361,50.741,112421.82,1201981.698,0.63543,0.000003,0.000451,0,100,0,0,0,0,0.0071,1407.8528,-45.61,-45.55,-45.52
Indiana,IN,Hamilton,2020,FALSE,3,748959.963,3.781,70.735,1198661.27,12602113.486,0.62483,0.000003,0.000059,0,100,0,0,0,0,0.0535,10588.2514,,,
Indiana,IN,Hamilton,2021,FALSE,3,570835.246,2.882,83.05,907334.08,9605570.234,0.62913,0.000003,0.000092,0,100,0,0,0,0,0.0347,6873.3925,-23.78,-23.78,17.41
Indiana,IN,Hamilton,2022,FALSE,3,687879.003,3.472,150.089,1104991.41,11574676.098,0.62252,0.000003,0.000136,0,100,0,0,0,0,0.0231,4583.1407,20.5,20.47,80.72
Indiana,IN,Hamilton,2023,FALSE,3,565360.65,2.854,88.199,920844.42,9514353.737,0.61396,0.000003,0.000096,0,100,0,0,0,0,0.0324,6410.0574,-17.81,-17.8,-41.24
Indiana,IN,Hamilton,2024,FALSE,3,789526.674,3.987,84.314,1282888.79,13285892.938,0.61543,0.000003,0.000066,0,100,0,0,0,0,0.0473,9364.1231,39.65,39.7,-4.4
Indiana,IN,Hamilton,2025,FALSE,3,747933.563,3.776,123.683,1203868.58,12585106.075,0.62128,0.000003,0.000103,0,100,0,0,0,0,0.0305,6047.1816,-5.27,-5.29,46.69
Indiana,IN,Hamilton,2026,TRUE,3,394541.291,1.992,99.761,637120.56,6638869.963,0.61926,0.000003,0.000157,0,100,0,0,0,0,0.02,3954.865,-47.25,-47.25,-19.34
Indiana,IN,Henry,2020,FALSE,3,173667.662,0.877,125.016,283586.37,2922303.334,0.6124,0.000003,0.000441,0,100,0,0,0,0,0.007,1389.1635,,,
Indiana,IN,Henry,2021,FALSE,3,106697.299,0.538,78.961,170031.34,1795429.498,0.62752,0.000003,0.000464,0,100,0,0,0,0,0.0068,1351.2658,-38.56,-38.65,-36.84
Indiana,IN,Henry,2022,FALSE,3,122146.818,0.617,91.953,197483.74,2055387.256,0.61852,0.000003,0.000466,0,100,0,0,0,0,0.0067,1328.3614,14.48,14.68,16.45
Indiana,IN,Henry,2023,FALSE,3,155917.859,0.787,110.177,253972.89,2623687.4,0.61392,0.000003,0.000434,0,100,0,0,0,0,0.0071,1415.158,27.65,27.55,19.82
Indiana,IN,Henry,2024,FALSE,3,219072.23,1.107,160.474,356528.68,3686333.608,0.61446,0.000003,0.00045,0,100,0,0,0,0,0.0069,1365.1572,40.5,40.66,45.65
Indiana,IN,Henry,2025,FALSE,3,177884.508,0.899,201.326,286189.49,2993280.56,0.62156,0.000003,0.000703,0,100,0,0,0,0,0.0045,883.5645,-18.8,-18.79,25.46
Indiana,IN,Henry,2026,TRUE,3,74356.534,0.376,83.401,118615.29,1251258.843,0.62687,0.000003,0.000703,0,100,0,0,0,0,0.0045,891.5545,-58.2,-58.18,-58.57
Indiana,IN,Jasper,2020,FALSE,6,3810973.865,759.861,2794.557,3158399.59,36912136.116,1.20662,0.000241,0.000885,99.84,0.16,0,0,0,0,0.2719,1363.7131,,,
Indiana,IN,Jasper,2021,FALSE,5,5034408.617,1018.249,3841.553,4231756.67,48858666.967,1.18967,0.000241,0.000908,99.63,0.37,0,0,0,0,0.2651,1310.5139,32.1,34,37.47
Indiana,IN,Jasper,2022,FALSE,4,2811186.749,555.748,2297.513,2496841.65,27753419.66,1.1259,0.000223,0.00092,98.72,1.28,0,0,0,0,0.2419,1223.5782,-44.16,-45.42,-40.19
Indiana,IN,Jasper,2023,FALSE,4,1947620.717,464.298,1357.279,1911025.58,19146755.797,1.01915,0.000243,0.00071,99.14,0.86,0,0,0,0,0.3421,1434.945,-30.72,-16.46,-40.92
Indiana,IN,Jasper,2024,FALSE,4,1991422.092,395.256,1421.984,2085891.37,20121080.496,0.95471,0.000189,0.000682,96.46,3.54,0,0,0,0,0.278,1400.4532,2.25,-14.87,4.77
Indiana,IN,Jasper,2025,FALSE,4,1753728.276,318.789,1311.202,1802190,18332187.509,0.97311,0.000177,0.000728,93.24,6.76,0,0,0,0,0.2431,1337.4966,-11.94,-19.35,-7.79
Indiana,IN,Jasper,2026,TRUE,1,385158.044,89.531,299.351,381294.32,3753982.432,1.01013,0.000235,0.000785,100,0,0,0,0,0,0.2991,1286.6436,-78.04,-71.92,-77.17
Indiana,IN,Jefferson,2020,FALSE,6,5021194.772,2537.005,5300.913,4878619.51,48939578.429,1.02922,0.00052,0.001087,100,0,0,0,0,0,0.4786,947.2321,,,
Indiana,IN,Jefferson,2021,FALSE,6,5685636.061,2906.509,4299.064,5595898.51,55415615.087,1.01604,0.000519,0.000768,100,0,0,0,0,0,0.6761,1322.5288,13.23,14.56,-18.9
Indiana,IN,Jefferson,2022,FALSE,6,6494364.826,3506.609,4548.161,6448557.93,63297933.357,1.0071,0.000544,0.000705,100,0,0,0,0,0,0.771,1427.9101,14.22,20.65,5.79
Indiana,IN,Jefferson,2023,FALSE,6,5797298.065,2692.619,5430.74,5556354.97,56503929.271,1.04336,0.000485,0.000977,100,0,0,0,0,0,0.4958,1067.4969,-10.73,-23.21,19.41
Indiana,IN,Jefferson,2024,FALSE,6,5858488.021,2399.621,5655.606,5738789.4,57100414.887,1.02086,0.000418,0.000986,100,0,0,0,0,0,0.4243,1035.8727,1.06,-10.88,4.14
Indiana,IN,Jefferson,2025,FALSE,6,6562751.174,2734.285,4934.802,6406257.38,63964440.802,1.02443,0.000427,0.00077,100,0,0,0,0,0,0.5541,1329.8915,12.02,13.95,-12.74
Indiana,IN,Jefferson,2026,TRUE,6,3497515.856,2140.289,4222.653,3389443.39,34088947.219,1.03189,0.000631,0.001246,100,0,0,0,0,0,0.5069,828.2745,-46.71,-21.72,-14.43
Indiana,IN,Knox,2020,FALSE,6,3115325.91,59.508,701.606,3051960.81,25595350.174,1.02076,0.000019,0.00023,92.06,7.94,0,0,0,0,0.0848,4440.2783,,,
Indiana,IN,Knox,2021,FALSE,6,3706013.52,67.61,979.847,3696463.26,31634037.16,1.00258,0.000018,0.000265,92.09,7.91,0,0,0,0,0.069,3782.2369,18.96,13.61,39.66
Indiana,IN,Knox,2022,FALSE,6,3530042.558,56.681,901.961,3642067.1,29963326.833,0.96924,0.000016,0.000248,97.23,2.77,0,0,0,0,0.0628,3913.7419,-4.75,-16.16,-7.95
Indiana,IN,Knox,2023,FALSE,6,3060852.816,71.933,807.233,3177740.93,28405852.32,0.96322,0.000023,0.000254,95.81,4.19,0,0,0,0,0.0891,3791.7836,-13.29,26.91,-10.5
Indiana,IN,Knox,2024,FALSE,6,2204132.463,78.787,653.525,2558767.35,23278523.677,0.8614,0.000031,0.000255,92.15,7.85,0,0,0,0,0.1206,3372.6827,-27.99,9.53,-19.04
Indiana,IN,Knox,2025,FALSE,6,2760493.789,55.899,1178.919,3349982,28934262.858,0.82403,0.000017,0.000352,92.59,7.41,0,0,0,0,0.0474,2341.5466,25.24,-29.05,80.39
Indiana,IN,Knox,2026,TRUE,6,1243955.55,12.416,511.447,1569423.5,12830554.896,0.79262,0.000008,0.000326,94.7,5.3,0,0,0,0,0.0243,2432.2277,-54.94,-77.79,-56.62
Indiana,IN,Lake,2020,FALSE,15,1548203.317,7.816,547.33,2259216.69,46016954.564,0.68528,0.000003,0.000242,0,100,0,0,0,0,0.0143,2828.6469,,,
Indiana,IN,Lake,2021,FALSE,15,1466094.916,7.401,1042.275,2138893.77,46158875.391,0.68545,0.000003,0.000487,0,100,0,0,0,0,0.0071,1406.6296,-5.3,-5.31,90.43
Indiana,IN,Lake,2022,FALSE,15,1414289.82,7.14,1053.152,2038125.47,42142038.263,0.69392,0.000004,0.000517,0,100,0,0,0,0,0.0068,1342.9114,-3.53,-3.53,1.04
Indiana,IN,Lake,2023,FALSE,15,1577062.671,7.962,532.523,2267428.2,45581359.66,0.69553,0.000004,0.000235,0,100,0,0,0,0,0.015,2961.4921,11.51,11.51,-49.44
Indiana,IN,Lake,2024,FALSE,15,1598973.315,8.072,519.945,2359276.83,43644110.342,0.67774,0.000003,0.00022,0,100,0,0,0,0,0.0155,3075.274,1.39,1.38,-2.36
Indiana,IN,Lake,2025,FALSE,15,1483264.944,7.488,452.208,2147366.04,40894477.515,0.69074,0.000003,0.000211,0,100,0,0,0,0,0.0166,3280.0502,-7.24,-7.23,-13.03
Indiana,IN,Lake,2026,TRUE,10,676677.032,3.416,115.61,1000517.65,13915052.958,0.67633,0.000003,0.000116,0,100,0,0,0,0,0.0295,5853.1012,-54.38,-54.38,-74.43
Indiana,IN,LaPorte,2020,FALSE,1,1705426.85,694.721,721.093,1656613.24,16260738.308,1.02947,0.000419,0.000435,100,0,0,0,0,0,0.9634,2365.0581,,,
Indiana,IN,LaPorte,2021,FALSE,1,1628726.318,658.887,739.523,1631133.77,15529440.326,0.99852,0.000404,0.000453,100,0,0,0,0,0,0.891,2202.4012,-4.5,-5.16,2.56
Indiana,IN,LaPorte,2022,FALSE,1,1635741.067,685.219,716.103,1577096.61,15596291.601,1.03719,0.000434,0.000454,100,0,0,0,0,0,0.9569,2284.226,0.43,4,-3.17
Indiana,IN,LaPorte,2023,FALSE,1,1608225.203,639.607,683.838,1581702.44,15333963.006,1.01677,0.000404,0.000432,100,0,0,0,0,0,0.9353,2351.7634,-1.68,-6.66,-4.51
Indiana,IN,LaPorte,2024,FALSE,1,1111069.315,439.612,492.012,1062864.5,10593718.279,1.04535,0.000414,0.000463,100,0,0,0,0,0,0.8935,2258.2159,-30.91,-31.27,-28.05
Indiana,IN,LaPorte,2025,FALSE,1,2121746.417,837.762,929.29,2133949.74,20230199.155,0.99428,0.000393,0.000435,100,0,0,0,0,0,0.9015,2283.1908,90.96,90.57,88.88
Indiana,IN,LaPorte,2026,TRUE,1,706921.154,190.923,340.221,699904.22,6740264.821,1.01003,0.000273,0.000486,100,0,0,0,0,0,0.5612,2077.8293,-66.68,-77.21,-63.39
Indiana,IN,Lawrence,2020,FALSE,6,35021.061,0.177,25.436,54789.19,589337.313,0.6392,0.000003,0.000464,0,100,0,0,0,0,0.007,1376.8305,,,
Indiana,IN,Lawrence,2021,FALSE,6,74168.403,0.375,54.33,117778.28,1247944.558,0.62973,0.000003,0.000461,0,100,0,0,0,0,0.0069,1365.1464,111.78,111.86,113.59
Indiana,IN,Lawrence,2022,FALSE,6,38143.66,0.193,27.972,61510.63,641840.119,0.62011,0.000003,0.000455,0,100,0,0,0,0,0.0069,1363.6372,-48.57,-48.53,-48.51
Indiana,IN,Lawrence,2023,FALSE,6,28446.003,0.143,20.542,43344.04,478654.047,0.65628,0.000003,0.000474,0,100,0,0,0,0,0.007,1384.7728,-25.42,-25.91,-26.56
Indiana,IN,Lawrence,2024,FALSE,6,71701.456,0.362,52.287,112963.89,1206589.917,0.63473,0.000003,0.000463,0,100,0,0,0,0,0.0069,1371.3056,152.06,153.15,154.54
Indiana,IN,Lawrence,2025,FALSE,6,105555.686,0.534,77.044,167377.7,1776142.74,0.63064,0.000003,0.00046,0,100,0,0,0,0,0.0069,1370.0702,47.22,47.51,47.35
Indiana,IN,Lawrence,2026,TRUE,6,28926.5,0.145,21.05,45428.63,486773.668,0.63675,0.000003,0.000463,0,100,0,0,0,0,0.0069,1374.1805,-72.6,-72.85,-72.68
Indiana,IN,Madison,2020,FALSE,3,7556.836,0.051,4.846,9245.51,126798.711,0.81735,0.000006,0.000524,0,100,0,0,0,0,0.0105,1559.3966,,,
Indiana,IN,Madison,2021,FALSE,3,14852.092,0.102,9.098,18682.16,245393.139,0.79499,0.000005,0.000487,0,100,0,0,0,0,0.0112,1632.4568,96.54,100,87.74
Indiana,IN,Madison,2022,FALSE,3,31462.846,0.218,18.393,41701.65,519368.372,0.75447,0.000005,0.000441,0,100,0,0,0,0,0.0119,1710.588,111.84,113.73,102.17
Indiana,IN,Madison,2023,FALSE,3,36498.978,0.185,21.016,49858.42,614040.15,0.73205,0.000004,0.000422,0,100,0,0,0,0,0.0088,1736.7234,16.01,-15.14,14.26
Indiana,IN,Madison,2024,FALSE,3,116076.411,0.647,75.545,156792.09,1942847.524,0.74032,0.000004,0.000482,0,100,0,0,0,0,0.0086,1536.5201,218.03,249.73,259.46
Indiana,IN,Madison,2025,FALSE,3,164955.921,0.854,128.269,220341.9,2772186.331,0.74864,0.000004,0.000582,0,100,0,0,0,0,0.0067,1286.0155,42.11,31.99,69.79
Indiana,IN,Madison,2026,TRUE,3,34108.456,0.237,38.326,44611.93,562945.044,0.76456,0.000005,0.000859,0,100,0,0,0,0,0.0062,889.9561,-79.32,-72.25,-70.12
Indiana,IN,Marion,2020,FALSE,15,1293001.75,6.323,921.012,1963479.93,24196569.3,0.65853,0.000003,0.000469,0,100,0,0,0,0,0.0069,1403.8924,,,
Indiana,IN,Marion,2021,FALSE,15,1390837.775,6.738,981.132,2074172.9,26017869.367,0.67055,0.000003,0.000473,0,100,0,0,0,0,0.0069,1417.5848,7.57,6.56,6.53
Indiana,IN,Marion,2022,FALSE,15,1169248.726,5.804,934.476,1712994.33,22227651.004,0.68258,0.000003,0.000546,0,100,0,0,0,0,0.0062,1251.2346,-15.93,-13.86,-4.76
Indiana,IN,Marion,2023,FALSE,15,2162372.266,10.745,1253.322,3411573.1,38235284.687,0.63383,0.000003,0.000367,0,100,0,0,0,0,0.0086,1725.3126,84.94,85.13,34.12
Indiana,IN,Marion,2024,FALSE,15,2894549.8,14.633,1538.647,4549029.9,50608066.903,0.6363,0.000003,0.000338,0,100,0,0,0,0,0.0095,1881.2306,33.86,36.18,22.77
Indiana,IN,Marion,2025,FALSE,15,2685983.272,13.175,1447.101,4153762.02,46828225.005,0.64664,0.000003,0.000348,0,100,0,0,0,0,0.0091,1856.1132,-7.21,-9.96,-5.95
Indiana,IN,Marion,2026,TRUE,15,1584447.169,7.828,1000.811,2469529.51,27782973.497,0.6416,0.000003,0.000405,0,100,0,0,0,0,0.0078,1583.1632,-41.01,-40.58,-30.84
Indiana,IN,Morgan,2020,FALSE,2,1975885.608,9.975,109.732,5207893.06,33248107.499,0.3794,0.000002,0.000021,0,100,0,0,0,0,0.0909,18006.4667,,,
Indiana,IN,Morgan,2021,FALSE,2,567429.627,2.864,39.924,1475890.65,9548106.89,0.38447,0.000002,0.000027,0,100,0,0,0,0,0.0717,14212.7449,-71.28,-71.29,-63.62
Indiana,IN,Morgan,2022,FALSE,2,1675443.892,8.458,73.032,4410612.17,28192587.585,0.37987,0.000002,0.000017,0,100,0,0,0,0,0.1158,22941.2298,195.27,195.32,82.93
Indiana,IN,Morgan,2023,FALSE,2,2043489.274,10.316,86.178,5418778.17,34385652.365,0.37711,0.000002,0.000016,0,100,0,0,0,0,0.1197,23712.424,21.97,21.97,18
Indiana,IN,Morgan,2024,FALSE,2,2078380.112,10.492,86.931,5517749.76,34972750.414,0.37667,0.000002,0.000016,0,100,0,0,0,0,0.1207,23908.3884,1.71,1.71,0.87
Indiana,IN,Morgan,2025,FALSE,2,2146275.522,10.835,92.011,5713401.87,36115262.313,0.37566,0.000002,0.000016,0,100,0,0,0,0,0.1178,23326.2927,3.27,3.27,5.84
Indiana,IN,Morgan,2026,TRUE,2,985081.264,4.973,44.526,2615065.79,16575975.464,0.37669,0.000002,0.000017,0,100,0,0,0,0,0.1117,22123.7314,-54.1,-54.1,-51.61
Indiana,IN,Pike,2020,FALSE,4,7196134.229,4348.282,4631,6924504.44,70137795.295,1.03923,0.000628,0.000669,100,0,0,0,0,0,0.939,1553.905,,,
Indiana,IN,Pike,2021,FALSE,4,9176390.675,6005.477,5771.842,9217677.66,89438498.296,0.99552,0.000652,0.000626,100,0,0,0,0,0,1.0405,1589.8548,27.52,38.11,24.63
Indiana,IN,Pike,2022,FALSE,3,8783213.8,5398.339,5072.999,8885399.15,85606365.688,0.9885,0.000608,0.000571,100,0,0,0,0,0,1.0641,1731.3652,-4.28,-10.11,-12.11
Indiana,IN,Pike,2023,FALSE,3,5335171.345,3656.779,3561.434,5288495.1,51999732.641,1.00883,0.000691,0.000673,100,0,0,0,0,0,1.0268,1498.0402,-39.26,-32.26,-29.8
Indiana,IN,Pike,2024,FALSE,2,3645375.711,2958.637,2579.567,3485389.95,35530018.043,1.0459,0.000849,0.00074,100,0,0,0,0,0,1.147,1413.1735,-31.67,-19.09,-27.57
Indiana,IN,Pike,2025,FALSE,2,5834676.797,3905.818,4153.682,5932203.52,56868214.006,0.98356,0.000658,0.0007,100,0,0,0,0,0,0.9403,1404.6999,60.06,32.01,61.02
Indiana,IN,Pike,2026,TRUE,2,1815289.539,1083.412,1794.999,1804464.98,17700032.509,1.006,0.0006,0.000995,100,0,0,0,0,0,0.6036,1011.3039,-68.89,-72.26,-56.79
Indiana,IN,Porter,2020,FALSE,3,0,0,28.664,78705.25,1465975,0,0,0.000364,0,100,0,0,0,0,0,0,,,
Indiana,IN,Porter,2021,FALSE,3,0,0,29.385,97798,1554958,0,0,0.0003,0,100,0,0,0,0,0,0,,,2.52
Indiana,IN,Porter,2022,FALSE,3,0,0,27.281,93847.75,1450915.1,0,0,0.000291,0,100,0,0,0,0,0,0,,,-7.16
Indiana,IN,Porter,2023,FALSE,3,0,0,23.934,70245,1296008.1,0,0,0.000341,0,100,0,0,0,0,0,0,,,-12.27
Indiana,IN,Porter,2024,FALSE,3,0,0,19.002,62977.5,1054837,0,0,0.000302,0,100,0,0,0,0,0,0,,,-20.61
Indiana,IN,Porter,2025,FALSE,3,0,0,26.152,90917,1469571.6,0,0,0.000288,0,100,0,0,0,0,0,0,,,37.63
Indiana,IN,Porter,2026,TRUE,3,0,0,12.753,35894.75,596314.4,0,0,0.000355,0,100,0,0,0,0,0,0,,,-51.24
Indiana,IN,Posey,2020,FALSE,4,2609644.344,3447.076,2058.345,2367299.55,25549087.069,1.10237,0.001456,0.000869,98.94,1.06,0,0,0,0,1.6747,1267.8362,,,
Indiana,IN,Posey,2021,FALSE,4,3365062.297,3903.587,2024.57,3082436.98,33035247.744,1.09169,0.001266,0.000657,98.29,1.71,0,0,0,0,1.9281,1662.1121,28.95,13.24,-1.64
Indiana,IN,Posey,2022,FALSE,4,3602013.004,4184.046,1861.9,3348401.83,35517170.782,1.07574,0.00125,0.000556,97.26,2.74,0,0,0,0,2.2472,1934.5899,7.04,7.18,-8.03
Indiana,IN,Posey,2023,FALSE,4,2167645.051,2718.306,1116.968,2033134.76,21300273.375,1.06616,0.001337,0.000549,98.06,1.94,0,0,0,0,2.4336,1940.651,-39.82,-35.03,-40.01
Indiana,IN,Posey,2024,FALSE,2,37042.605,0.211,23.664,49328.3,623221.242,0.75094,0.000004,0.00048,0,100,0,0,0,0,0.0089,1565.3569,-98.29,-99.99,-97.88
Indiana,IN,Posey,2025,FALSE,4,160117.056,0.965,66.263,228211.43,2693541.984,0.70162,0.000004,0.00029,0,100,0,0,0,0,0.0146,2416.3871,332.25,357.35,180.02
Indiana,IN,Posey,2026,TRUE,4,228533.352,1.154,86.084,356350.94,3845525.884,0.64132,0.000003,0.000242,0,100,0,0,0,0,0.0134,2654.7715,42.73,19.59,29.91
Indiana,IN,Spencer,2020,FALSE,4,4383521.255,6813.233,1768.928,4357448.8,41905763.266,1.00598,0.001564,0.000406,99.74,0,0.26,0,0,0,3.8516,2478.0665,,,
Indiana,IN,Spencer,2021,FALSE,3,5601080.399,2812.009,1861.271,5179136.43,53416879.962,1.08147,0.000543,0.000359,99.98,0,0.02,0,0,0,1.5108,3009.2772,27.78,-58.73,5.22
Indiana,IN,Spencer,2022,FALSE,4,7024802.879,3725.883,2424.734,6362202.01,67017871.571,1.10415,0.000586,0.000381,99.94,0,0.06,0,0,0,1.5366,2897.1437,25.42,32.5,30.27
Indiana,IN,Spencer,2023,FALSE,4,3388565.661,2008.286,1149.434,2990043.37,32521323.882,1.13328,0.000672,0.000384,99.35,0,0.65,0,0,0,1.7472,2948.0298,-51.76,-46.1,-52.6
Indiana,IN,Spencer,2024,FALSE,4,5644108.24,3239.516,1867.598,5420789.81,54009891.864,1.0412,0.000598,0.000345,99.64,0,0.36,0,0,0,1.7346,3022.1216,66.56,61.31,62.48
Indiana,IN,Spencer,2025,FALSE,4,10903742.318,5942.271,3806.071,10244586.57,104039780.622,1.06434,0.00058,0.000372,99.93,0,0.07,0,0,0,1.5613,2864.8289,93.19,83.43,103.79
Indiana,IN,Spencer,2026,TRUE,2,5769774.208,3195.119,2047.039,5483615.22,55013131.685,1.05218,0.000583,0.000373,100,0,0,0,0,0,1.5608,2818.5952,-47.08,-46.23,-46.22
Indiana,IN,St. Joseph,2020,FALSE,2,1898816.536,9.586,105.894,4835023.43,31951260.599,0.39272,0.000002,0.000022,0,100,0,0,0,0,0.0905,17931.2948,,,
Indiana,IN,St. Joseph,2021,FALSE,2,1797632.63,9.075,102.28,4549450.86,30248571.661,0.39513,0.000002,0.000022,0,100,0,0,0,0,0.0887,17575.6026,-5.33,-5.33,-3.41
Indiana,IN,St. Joseph,2022,FALSE,2,2039774.734,10.298,110.213,5098263.71,34323168.817,0.40009,0.000002,0.000022,0,100,0,0,0,0,0.0934,18507.5693,13.47,13.48,7.76
Indiana,IN,St. Joseph,2023,FALSE,2,1997907.71,10.086,117.7,5005880.51,33618624.051,0.39911,0.000002,0.000024,0,100,0,0,0,0,0.0857,16974.577,-2.05,-2.06,6.79
Indiana,IN,St. Joseph,2024,FALSE,2,2224095.368,11.228,114.622,5602480.42,37424724.029,0.39698,0.000002,0.00002,0,100,0,0,0,0,0.098,19403.739,11.32,11.32,-2.62
Indiana,IN,St. Joseph,2025,FALSE,2,2108779.221,10.646,106.9,5309911.36,35484301.842,0.39714,0.000002,0.00002,0,100,0,0,0,0,0.0996,19726.6531,-5.18,-5.18,-6.74
Indiana,IN,St. Joseph,2026,TRUE,2,1072698.533,5.415,58.098,2719027.86,18050269.507,0.39452,0.000002,0.000021,0,100,0,0,0,0,0.0932,18463.6052,-49.13,-49.14,-45.65
Indiana,IN,Sullivan,2020,FALSE,2,3007001.638,1587.88,884.584,2808564.29,29308006.55,1.07065,0.000565,0.000315,100,0,0,0,0,0,1.7951,3399.3398,,,
Indiana,IN,Sullivan,2021,FALSE,2,5948531.124,3866.817,1736.622,5660301.7,57977897.183,1.05092,0.000683,0.000307,100,0,0,0,0,0,2.2266,3425.3459,97.82,143.52,96.32
Indiana,IN,Sullivan,2022,FALSE,2,5934203.353,4004.915,1717.841,5525300.72,57838228.038,1.07401,0.000725,0.000311,100,0,0,0,0,0,2.3314,3454.4544,-0.24,3.57,-1.08
Indiana,IN,Sullivan,2023,FALSE,2,5075282.144,2838.252,1368.422,4618988.53,49466690.645,1.09879,0.000614,0.000296,100,0,0,0,0,0,2.0741,3708.8575,-14.47,-29.13,-20.34
Indiana,IN,Sullivan,2024,FALSE,2,4550093.229,2463.761,1274.95,4208665.81,44347846.419,1.08112,0.000585,0.000303,100,0,0,0,0,0,1.9324,3568.8405,-10.35,-13.19,-6.83
Indiana,IN,Sullivan,2025,FALSE,2,5638800.49,2712.784,1649.841,5139574.39,54959108.483,1.09713,0.000528,0.000321,100,0,0,0,0,0,1.6443,3417.7842,23.93,10.11,29.4
Indiana,IN,Sullivan,2026,TRUE,2,2300222.065,772.666,644.897,1925051.9,22419330.601,1.19489,0.000401,0.000335,100,0,0,0,0,0,1.1981,3566.8053,-59.21,-71.52,-60.91
Indiana,IN,Tippecanoe,2020,FALSE,4,0,0,243.41,0,4976647.233,,,,14.03,85.97,0,0,0,0,0,0,,,
Indiana,IN,Tippecanoe,2021,FALSE,6,0,0,280.39,0,6009053.777,,,,18.39,81.61,0,0,0,0,0,0,,,15.19
Indiana,IN,Tippecanoe,2022,FALSE,6,0,0,375.855,605376.25,8640065.461,0,0,0.000621,14.89,85.11,0,0,0,0,0,0,,,34.05
Indiana,IN,Tippecanoe,2023,FALSE,6,0,0,287.461,674077.75,8119160.69,0,0,0.000426,6.49,93.51,0,0,0,0,0,0,,,-23.52
Indiana,IN,Tippecanoe,2024,FALSE,6,0,0,239.742,697655,7816819.339,0,0,0.000344,3.82,96.18,0,0,0,0,0,0,,,-16.6
Indiana,IN,Tippecanoe,2025,FALSE,6,0,0,246.416,697331.75,8003398.401,0,0,0.000353,2.75,97.25,0,0,0,0,0,0,,,2.78
Indiana,IN,Tippecanoe,2026,TRUE,6,0,0,147.155,307707.25,3860102.914,0,0,0.000478,4.91,95.09,0,0,0,0,0,0,,,-40.28
Indiana,IN,Vermillion,2020,FALSE,11,4653120.602,1901.414,4684.002,4931233.81,46323202.997,0.9436,0.000386,0.00095,95.02,4.98,0,0,0,0,0.4059,993.407,,,
Indiana,IN,Vermillion,2021,FALSE,11,5095151.187,2233.088,4165.585,5224511.54,51158151.243,0.97524,0.000427,0.000797,93.02,6.98,0,0,0,0,0.5361,1223.1538,9.5,17.44,-11.07
Indiana,IN,Vermillion,2022,FALSE,11,5024872.713,1667.789,4378.289,5335690.91,51599272.841,0.94175,0.000313,0.000821,87.91,12.09,0,0,0,0,0.3809,1147.6795,-1.38,-25.31,5.11
Indiana,IN,Vermillion,2023,FALSE,11,5014403.305,2426.389,4705.01,5294835.67,52054100.864,0.94704,0.000458,0.000889,85.47,14.53,0,0,0,0,0.5157,1065.7583,-0.21,45.49,7.46
Indiana,IN,Vermillion,2024,FALSE,11,5098969.25,2314.201,5055.569,5404496.44,53718776.306,0.94347,0.000428,0.000935,82.21,17.79,0,0,0,0,0.4578,1008.5846,1.69,-4.62,7.45
Indiana,IN,Vermillion,2025,FALSE,11,4598408.996,2766.36,6418.58,4821206.7,47199610.062,0.95379,0.000574,0.001331,88.01,11.99,0,0,0,0,0.431,716.4215,-9.82,19.54,26.96
Indiana,IN,Vermillion,2026,TRUE,11,2373008.636,1183.306,3131.288,2506864.81,24318437.779,0.9466,0.000472,0.001249,88.36,11.64,0,0,0,0,0.3779,757.8379,-48.4,-57.23,-51.22
Indiana,IN,Vigo,2020,FALSE,3,1482844.618,7.487,127.34,3529085.49,24951653.488,0.42018,0.000002,0.000036,0,100,0,0,0,0,0.0588,11644.7669,,,
Indiana,IN,Vigo,2021,FALSE,3,1265609.878,6.388,121.942,2988065.04,21295959.092,0.42355,0.000002,0.000041,0,100,0,0,0,0,0.0524,10378.7856,-14.65,-14.68,-4.24
Indiana,IN,Vigo,2022,FALSE,3,1538405.657,7.767,143.23,3537787.3,25886526.662,0.43485,0.000002,0.00004,0,100,0,0,0,0,0.0542,10740.8061,21.55,21.59,17.46
Indiana,IN,Vigo,2023,FALSE,3,1565964.163,7.906,185.258,3426922.95,26350265.407,0.45696,0.000002,0.000054,0,100,0,0,0,0,0.0427,8452.8828,1.79,1.79,29.34
Indiana,IN,Vigo,2024,FALSE,3,2027552.07,10.236,233.573,4591422.44,34117302.748,0.4416,0.000002,0.000051,0,100,0,0,0,0,0.0438,8680.5927,29.48,29.47,26.08
Indiana,IN,Vigo,2025,FALSE,3,1949833.688,9.844,194.97,4186016.73,32809359.014,0.4658,0.000002,0.000047,0,100,0,0,0,0,0.0505,10000.6857,-3.83,-3.83,-16.53
Indiana,IN,Vigo,2026,TRUE,3,1169688.639,5.905,125.5,2520800.89,19682332.699,0.46401,0.000002,0.00005,0,100,0,0,0,0,0.0471,9320.2282,-40.01,-40.01,-35.63
Indiana,IN,Warrick,2020,FALSE,6,7166897.354,1087.032,10056.594,6257675.8,69904016.745,1.1453,0.000174,0.001607,100,0,0,0,0,0,0.1081,712.6565,,,
Indiana,IN,Warrick,2021,FALSE,6,8341991.136,2054.618,9914.595,7512379.98,81316465.738,1.11043,0.000273,0.00132,100,0,0,0,0,0,0.2072,841.385,16.4,89.01,-1.41
Indiana,IN,Warrick,2022,FALSE,6,6693520.634,1414.064,8645.253,5965669.81,65271681.089,1.12201,0.000237,0.001449,100,0,0,0,0,0,0.1636,774.2423,-19.76,-31.18,-12.8
Indiana,IN,Warrick,2023,FALSE,6,6978555.534,1993.401,8109.749,6266986.26,68055704.997,1.11354,0.000318,0.001294,100,0,0,0,0,0,0.2458,860.5144,4.26,40.97,-6.19
Indiana,IN,Warrick,2024,FALSE,6,6501537.121,2672.635,7003.984,5763612.48,63391642.439,1.12803,0.000464,0.001215,100,0,0,0,0,0,0.3816,928.2627,-6.84,34.07,-13.64
Indiana,IN,Warrick,2025,FALSE,5,4799829.749,1472.658,5924.407,4418861.08,46813982.54,1.08621,0.000333,0.001341,100,0,0,0,0,0,0.2486,810.1789,-26.17,-44.9,-15.41
Indiana,IN,Warrick,2026,TRUE,5,2979203.682,1348.856,3294.811,2743640.27,29041234.517,1.08586,0.000492,0.001201,100,0,0,0,0,0,0.4094,904.2108,-37.93,-8.41,-44.39
Indiana,IN,Wayne,2020,FALSE,4,51771.835,440.254,90.179,46259.98,532438.161,1.11915,0.009517,0.001949,86.62,13.38,0,0,0,0,4.882,574.1008,,,
Indiana,IN,Wayne,2021,FALSE,4,48819.094,510.374,77.783,45523.3,530615.6,1.0724,0.011211,0.001709,75,25,0,0,0,0,6.5615,627.6319,-5.7,15.93,-13.75
Indiana,IN,Wayne,2022,FALSE,4,83628.467,877.163,144.928,74323.2,885143.274,1.1252,0.011802,0.00195,80.12,19.88,0,0,0,0,6.0524,577.0346,71.3,71.87,86.32
Indiana,IN,Wayne,2023,FALSE,4,37468.444,515.668,59.502,37612.28,437542.804,0.99618,0.01371,0.001582,60.56,39.44,0,0,0,0,8.6664,629.7006,-55.2,-41.21,-58.94
Indiana,IN,Wayne,2024,FALSE,4,99281.368,1020.927,148.141,110573.96,1324345.413,0.89787,0.009233,0.00134,35.98,64.02,0,0,0,0,6.8916,670.1816,164.97,97.98,148.97
Indiana,IN,Wayne,2025,FALSE,4,104899.528,1401.497,165.127,108528.11,1263545.766,0.96657,0.012914,0.001522,54.19,45.81,0,0,0,0,8.4874,635.2658,5.66,37.28,11.47
Indiana,IN,Wayne,2026,TRUE,4,43728.482,524.289,62.874,49606.89,582010.365,0.8815,0.010569,0.001267,35.54,64.46,0,0,0,0,8.3387,695.4939,-58.31,-62.59,-61.92
Indiana,IN,Wells,2020,FALSE,8,90326.7,0.62,166.918,144512.28,1530873.8,0.62505,0.000004,0.001155,0,100,0,0,0,0,0.0037,541.1442,,,
Indiana,IN,Wells,2021,FALSE,8,231062,10.798,372.629,366480.91,3902423.5,0.63049,0.000029,0.001017,0,100,0,0,0,0,0.029,620.0859,155.81,1641.61,123.24
Indiana,IN,Wells,2022,FALSE,8,224353.4,7.108,330.327,382381.14,3793460,0.58673,0.000019,0.000864,0,100,0,0,0,0,0.0215,679.1858,-2.9,-34.17,-11.35
Indiana,IN,Wells,2023,FALSE,8,100945.4,5.028,143.189,158554.5,1704388.6,0.63666,0.000032,0.000903,0,100,0,0,0,0,0.0351,704.9801,-55.01,-29.26,-56.65
Indiana,IN,Wells,2024,FALSE,8,56895.6,1.481,91.953,88309.08,962421.3,0.64428,0.000017,0.001041,0,100,0,0,0,0,0.0161,618.7465,-43.64,-70.54,-35.78
Indiana,IN,Wells,2025,FALSE,8,98268.2,2.638,142.373,157972.02,1662325.2,0.62206,0.000017,0.000901,0,100,0,0,0,0,0.0185,690.2165,72.72,78.12,54.83
Indiana,IN,Wells,2026,TRUE,8,74899.5,7.609,87.643,112972.41,1258759.5,0.66299,0.000067,0.000776,0,100,0,0,0,0,0.0868,854.5976,-23.78,188.44,-38.44
Iowa,IA,Allamakee,2020,FALSE,1,453574.457,111.59,91.83,405399.43,4329877.575,1.11883,0.000275,0.000227,100,0,0,0,0,0,1.2152,4939.2841,,,
Iowa,IA,Allamakee,2021,FALSE,1,767631.441,192.503,154.072,693498.46,7326894.854,1.1069,0.000278,0.000222,100,0,0,0,0,0,1.2494,4982.2904,69.24,72.51,67.78
Iowa,IA,Allamakee,2022,FALSE,1,1197334.34,302.715,242.571,1098989.73,11421565.041,1.08949,0.000275,0.000221,100,0,0,0,0,0,1.2479,4936.016,55.98,57.25,57.44
Iowa,IA,Allamakee,2023,FALSE,0,0,0,0,0,0,,,,,,,,,,,,-100,-100,-100
Iowa,IA,Audubon,2020,FALSE,3,51533.881,0.399,41.656,82469.42,865127.563,0.62488,0.000005,0.000505,0,100,0,0,0,0,0.0096,1237.1298,,,
Iowa,IA,Audubon,2021,FALSE,3,81401.576,4.372,67.951,126507.88,1310979.058,0.64345,0.000035,0.000537,0,100,0,0,0,0,0.0643,1197.9452,57.96,995.74,63.12
Iowa,IA,Audubon,2022,FALSE,3,99841.367,2.075,81.698,161305.02,1656813.323,0.61896,0.000013,0.000506,0,100,0,0,0,0,0.0254,1222.0785,22.65,-52.54,20.23
Iowa,IA,Audubon,2023,FALSE,3,144942.129,1.354,113.434,234466.4,2429827.246,0.61818,0.000006,0.000484,0,100,0,0,0,0,0.0119,1277.7662,45.17,-34.75,38.85
Iowa,IA,Audubon,2024,FALSE,3,195961.711,1.37,152.999,320680.37,3291938.616,0.61108,0.000004,0.000477,0,100,0,0,0,0,0.009,1280.8039,35.2,1.18,34.88
Iowa,IA,Audubon,2025,FALSE,3,155033.576,1.408,121.086,249608.84,2599639.414,0.62111,0.000006,0.000485,0,100,0,0,0,0,0.0116,1280.3592,-20.89,2.77,-20.86
Iowa,IA,Audubon,2026,TRUE,3,56724.887,2.09,44.908,88469.06,927979.125,0.64118,0.000024,0.000508,0,100,0,0,0,0,0.0465,1263.1355,-63.41,48.44,-62.91
Iowa,IA,Black Hawk,2020,FALSE,4,3659.517,0.272,19.283,6513.3,114419.021,0.56185,0.000042,0.002961,0,100,0,0,0,0,0.0141,189.7794,,,
Iowa,IA,Black Hawk,2021,FALSE,4,14364.845,26.079,60.207,25106.92,377661.089,0.57215,0.001039,0.002398,0,100,0,0,0,0,0.4332,238.5909,292.53,9487.87,212.23
Iowa,IA,Black Hawk,2022,FALSE,4,7859.79,7.004,44.882,19753.1,299934.501,0.3979,0.000355,0.002272,0,100,0,0,0,0,0.1561,175.1212,-45.28,-73.14,-25.45
Iowa,IA,Black Hawk,2023,FALSE,4,7798.358,11.608,43.087,19391.01,289552.792,0.40216,0.000599,0.002222,0,100,0,0,0,0,0.2694,180.991,-0.78,65.73,-4
Iowa,IA,Black Hawk,2024,FALSE,4,7609.802,5.313,42.709,18449.45,283579.331,0.41247,0.000288,0.002315,0,100,0,0,0,0,0.1244,178.1779,-2.42,-54.23,-0.88
Iowa,IA,Black Hawk,2025,FALSE,4,12083.771,10.442,74.481,29451.01,458161.994,0.4103,0.000355,0.002529,0,100,0,0,0,0,0.1402,162.2396,58.79,96.54,74.39
Iowa,IA,Black Hawk,2026,TRUE,4,1566.518,0.308,24.468,9155.85,167372.31,0.17109,0.000034,0.002672,0,100,0,0,0,0,0.0126,64.0231,-87.04,-97.05,-67.15
Iowa,IA,Cerro Gordo,2020,FALSE,4,1173952.881,5.932,85.289,2638478.23,19750924.837,0.44494,0.000002,0.000032,0,99.96,0.04,0,0,0,0.0696,13764.4114,,,
Iowa,IA,Cerro Gordo,2021,FALSE,4,899937.123,4.564,86.689,2023389.96,15130858.869,0.44477,0.000002,0.000043,0,99.78,0.22,0,0,0,0.0526,10381.2147,-23.34,-23.06,1.64
Iowa,IA,Cerro Gordo,2022,FALSE,4,818459.016,4.166,78.001,1835082.13,13760938.882,0.44601,0.000002,0.000043,0,99.76,0.24,0,0,0,0.0534,10492.9298,-9.05,-8.72,-10.02
Iowa,IA,Cerro Gordo,2023,FALSE,4,1316698.152,6.659,91.275,2968592.23,22153451.893,0.44354,0.000002,0.000031,0,99.97,0.03,0,0,0,0.073,14425.6166,60.88,59.84,17.02
Iowa,IA,Cerro Gordo,2024,FALSE,4,1083421.162,5.473,77.003,2417668.14,18229923.388,0.44813,0.000002,0.000032,0,99.99,0.01,0,0,0,0.0711,14069.8565,-17.72,-17.81,-15.64
Iowa,IA,Cerro Gordo,2025,FALSE,4,1118069.288,5.665,79.136,2518020.32,18807319.507,0.44403,0.000002,0.000031,0,99.91,0.09,0,0,0,0.0716,14128.4534,3.2,3.51,2.77
Iowa,IA,Cerro Gordo,2026,TRUE,4,463430.192,2.39,39.621,1037507.17,7792459.812,0.44668,0.000002,0.000038,0,99.75,0.25,0,0,0,0.0603,11696.5799,-58.55,-57.81,-49.93
Iowa,IA,Clay,2020,FALSE,2,20167.172,0.111,7.363,24210.76,338633.074,0.83298,0.000005,0.000304,0,100,0,0,0,0,0.0151,2738.9885,,,
Iowa,IA,Clay,2021,FALSE,2,12778.619,0.678,10.796,12177.34,167463.413,1.04938,0.000056,0.000887,0,100,0,0,0,0,0.0628,1183.6438,-36.64,510.81,46.63
Iowa,IA,Clay,2022,FALSE,2,3676.444,0.032,2.119,4366.92,60861.877,0.84188,0.000007,0.000485,0,100,0,0,0,0,0.0151,1734.9901,-71.23,-95.28,-80.37
Iowa,IA,Clay,2023,FALSE,2,6602.177,0.037,3.766,8041.47,110847.362,0.82102,0.000005,0.000468,0,100,0,0,0,0,0.0098,1753.1006,79.58,15.63,77.73
Iowa,IA,Clay,2024,FALSE,2,8179.518,0.052,6.61,10114,136712.867,0.80873,0.000005,0.000654,0,100,0,0,0,0,0.0079,1237.446,23.89,40.54,75.52
Iowa,IA,Clay,2025,FALSE,2,5912.577,0.044,4.746,7089.27,98426.759,0.83402,0.000006,0.000669,0,100,0,0,0,0,0.0093,1245.8021,-27.71,-15.38,-28.2
Iowa,IA,Clay,2026,TRUE,2,1830.98,0.009,1.459,2242.22,30807.349,0.81659,0.000004,0.000651,0,100,0,0,0,0,0.0062,1254.9554,-69.03,-79.55,-69.26
Iowa,IA,Des Moines,2020,FALSE,1,1305468.737,2722.015,866.822,1224304.46,12458284.273,1.06629,0.002223,0.000708,100,0,0,0,0,0,3.1402,1506.0402,,,
Iowa,IA,Des Moines,2021,FALSE,1,1247742.65,2821.421,827.666,1148500.13,11904710.534,1.08641,0.002457,0.000721,100,0,0,0,0,0,3.4089,1507.5437,-4.42,3.65,-4.52
Iowa,IA,Des Moines,2022,FALSE,1,19137.029,0.096,12.2,30224.33,322828.018,0.63317,0.000003,0.000404,0,100,0,0,0,0,0.0079,1568.6089,-98.47,-100,-98.53
Iowa,IA,Des Moines,2023,FALSE,1,12479.215,0.063,7.002,16650.15,209978.133,0.7495,0.000004,0.000421,0,100,0,0,0,0,0.009,1782.2358,-34.79,-34.37,-42.61
Iowa,IA,Des Moines,2024,FALSE,1,4266.981,0.022,2.842,7088.55,71787.793,0.60195,0.000003,0.000401,0,100,0,0,0,0,0.0077,1501.4008,-65.81,-65.08,-59.41
Iowa,IA,Des Moines,2025,FALSE,1,19598.711,0.099,13.098,25337.8,329791.394,0.7735,0.000004,0.000517,0,100,0,0,0,0,0.0076,1496.3133,359.31,350,360.87
Iowa,IA,Des Moines,2026,TRUE,1,9855.693,0.05,7.304,12956.3,165830.86,0.76069,0.000004,0.000564,0,100,0,0,0,0,0.0068,1349.3556,-49.71,-49.49,-44.24
Iowa,IA,Linn,2020,FALSE,2,283891.838,635.854,422.469,0,2860638.212,,,,88.39,11.61,0,0,0,0,1.5051,671.9826,,,
Iowa,IA,Linn,2021,FALSE,2,356190.196,860.202,499.685,0,3670289.18,,,,82.92,17.08,0,0,0,0,1.7215,712.8295,25.47,35.28,18.28
Iowa,IA,Linn,2022,FALSE,2,350740.027,845.61,537.5,0,3575151.646,,,,85.62,14.38,0,0,0,0,1.5732,652.5396,-1.53,-1.7,7.57
Iowa,IA,Linn,2023,FALSE,2,313905.143,728.645,469.844,0,3227022.067,,,,83.48,16.52,0,0,0,0,1.5508,668.105,-10.5,-13.83,-12.59
Iowa,IA,Linn,2024,FALSE,2,304940.031,735.543,467.304,0,3122480.384,,,,84.74,15.26,0,0,0,0,1.574,652.5517,-2.86,0.95,-0.54
Iowa,IA,Linn,2025,FALSE,2,327123.2,937.778,505.437,0,3426257.03,,,,80.17,19.83,0,0,0,0,1.8554,647.2087,7.27,27.49,8.16
Iowa,IA,Linn,2026,TRUE,2,8496.637,3.797,11.531,0,143172.075,,,,0,100,0,0,0,0,0.3293,736.8517,-97.4,-99.6,-97.72
Iowa,IA,Louisa,2020,FALSE,1,2043380.589,2870.207,1686.787,2046130.97,19483009.331,0.99866,0.001403,0.000824,100,0,0,0,0,0,1.7016,1211.404,,,
Iowa,IA,Louisa,2021,FALSE,1,4497682.816,6722.409,3699.849,4676106.67,42884099.83,0.96184,0.001438,0.000791,100,0,0,0,0,0,1.8169,1215.6396,120.11,134.21,119.34
Iowa,IA,Louisa,2022,FALSE,1,3469131.564,4892.656,2900.102,3402754.47,33077155.612,1.01951,0.001438,0.000852,100,0,0,0,0,0,1.6871,1196.2102,-22.87,-27.22,-21.62
Iowa,IA,Louisa,2023,FALSE,1,4029216.466,6002.281,3399.991,3904539.56,38417375.655,1.03193,0.001537,0.000871,100,0,0,0,0,0,1.7654,1185.0668,16.14,22.68,17.24
Iowa,IA,Louisa,2024,FALSE,1,3107490.671,1179.249,2582.772,2977715.53,29629019.1,1.04358,0.000396,0.000867,100,0,0,0,0,0,0.4566,1203.161,-22.88,-80.35,-24.04
Iowa,IA,Louisa,2025,FALSE,1,5140973.018,1786.079,4251.973,4884508.65,49017644.029,1.05251,0.000366,0.000871,100,0,0,0,0,0,0.4201,1209.0794,65.44,51.46,64.63
Iowa,IA,Louisa,2026,TRUE,1,1942490.898,676.231,1645.957,1881586.53,18521068.65,1.03237,0.000359,0.000875,100,0,0,0,0,0,0.4108,1180.159,-62.22,-62.14,-61.29
Iowa,IA,Marshall,2020,FALSE,8,1166207.249,6.068,154.684,2761303.1,20226574.197,0.42234,0.000002,0.000056,0,100,0,0,0,0,0.0392,7539.2882,,,
Iowa,IA,Marshall,2021,FALSE,8,849329.255,4.63,196.182,2062412.04,15427451.122,0.41181,0.000002,0.000095,0,100,0,0,0,0,0.0236,4329.2925,-27.17,-23.7,26.83
Iowa,IA,Marshall,2022,FALSE,8,1209063.456,6.392,202.454,2865600.75,21307918.386,0.42192,0.000002,0.000071,0,100,0,0,0,0,0.0316,5972.0403,42.36,38.06,3.2
Iowa,IA,Marshall,2023,FALSE,8,1579185.876,8.441,304.363,3779719.33,28134671.954,0.41781,0.000002,0.000081,0,100,0,0,0,0,0.0277,5188.4949,30.61,32.06,50.34
Iowa,IA,Marshall,2024,FALSE,8,1571608.596,8.251,222.239,3649547.36,27508678.106,0.43063,0.000002,0.000061,0,100,0,0,0,0,0.0371,7071.7048,-0.48,-2.25,-26.98
Iowa,IA,Marshall,2025,FALSE,8,1394860.217,7.128,120.533,3258322.98,23761008.607,0.42809,0.000002,0.000037,0,100,0,0,0,0,0.0591,11572.4342,-11.25,-13.61,-45.76
Iowa,IA,Marshall,2026,TRUE,8,515606.523,2.64,48.905,1175766.94,8796450.245,0.43853,0.000002,0.000042,0,100,0,0,0,0,0.054,10543.0227,-63.04,-62.96,-59.43
Iowa,IA,Muscatine,2020,FALSE,2,1003529.785,1484.294,2228.656,811843.51,9568391.947,1.23611,0.001828,0.002745,100,0,0,0,0,0,0.666,450.2847,,,
Iowa,IA,Muscatine,2021,FALSE,2,1523940.428,1577.668,2604.749,1258019.52,14530350.18,1.21138,0.001254,0.002071,100,0,0,0,0,0,0.6057,585.0623,51.86,6.29,16.88
Iowa,IA,Muscatine,2022,FALSE,2,1372093.731,1387.032,2508.47,1124679.6,13082541.58,1.21999,0.001233,0.00223,100,0,0,0,0,0,0.5529,546.9843,-9.96,-12.08,-3.7
Iowa,IA,Muscatine,2023,FALSE,2,736839.689,181.946,819.957,615627.36,7025516.593,1.19689,0.000296,0.001332,100,0,0,0,0,0,0.2219,898.6321,-46.3,-86.88,-67.31
Iowa,IA,Muscatine,2024,FALSE,2,730141.048,197.863,670.373,619708.07,6961652.643,1.1782,0.000319,0.001082,100,0,0,0,0,0,0.2952,1089.1564,-0.91,8.75,-18.24
Iowa,IA,Muscatine,2025,FALSE,2,975198.39,232.972,821.352,826563.14,9298244.19,1.17982,0.000282,0.000994,100,0,0,0,0,0,0.2836,1187.3087,33.56,17.74,22.52
Iowa,IA,Muscatine,2026,TRUE,2,431491.577,74.97,326.576,366768.11,4114156.358,1.17647,0.000204,0.00089,100,0,0,0,0,0,0.2296,1321.2593,-55.75,-67.82,-60.24
Iowa,IA,Polk,2020,FALSE,7,299611.691,1.544,38.471,459434.5,5139545.621,0.65213,0.000003,0.000084,0,100,0,0,0,0,0.0401,7787.9881,,,
Iowa,IA,Polk,2021,FALSE,7,604213.241,5.596,98.206,924123.77,10434328.331,0.65382,0.000006,0.000106,0,100,0,0,0,0,0.057,6152.5084,101.67,262.44,155.27
Iowa,IA,Polk,2022,FALSE,7,647702.367,4.59,87.194,987484.86,11069833.169,0.65591,0.000005,0.000088,0,100,0,0,0,0,0.0526,7428.2906,7.2,-17.98,-11.21
Iowa,IA,Polk,2023,FALSE,7,930669.187,5.115,130.806,1440138.35,15956307.614,0.64624,0.000004,0.000091,0,100,0,0,0,0,0.0391,7114.8815,43.69,11.44,50.02
Iowa,IA,Polk,2024,FALSE,7,941214.658,4.887,130.711,1467438.7,16139709.187,0.6414,0.000003,0.000089,0,100,0,0,0,0,0.0374,7200.7303,1.13,-4.46,-0.07
Iowa,IA,Polk,2025,FALSE,7,785325.981,4.298,236.529,1301420.6,14222791.428,0.60344,0.000003,0.000182,0,100,0,0,0,0,0.0182,3320.2101,-16.56,-12.05,80.96
Iowa,IA,Polk,2026,TRUE,7,302031.096,2.747,43.635,498526.7,5190112.216,0.60585,0.000006,0.000088,0,100,0,0,0,0,0.063,6921.7623,-61.54,-36.09,-81.55
Iowa,IA,Pottawattamie,2020,FALSE,2,5478142.3,5960.387,3423.5,5449699,52232489.325,1.00522,0.001094,0.000628,100,0,0,0,0,0,1.741,1600.1584,,,
Iowa,IA,Pottawattamie,2021,FALSE,2,7041597.206,8360.901,5527.505,6917945.04,67139590.325,1.01787,0.001209,0.000799,100,0,0,0,0,0,1.5126,1273.9196,28.54,40.27,61.46
Iowa,IA,Pottawattamie,2022,FALSE,2,7212628.082,9028.408,5333.128,7170564.2,68770271.886,1.00587,0.001259,0.000744,100,0,0,0,0,0,1.6929,1352.4198,2.43,7.98,-3.52
Iowa,IA,Pottawattamie,2023,FALSE,2,6284883.527,6056.905,3932.493,6252607.69,59924585.631,1.00516,0.000969,0.000629,100,0,0,0,0,0,1.5402,1598.1932,-12.86,-32.91,-26.26
Iowa,IA,Pottawattamie,2024,FALSE,2,6991121.884,3005.982,4429.99,7001674.87,66658309.05,0.99849,0.000429,0.000633,100,0,0,0,0,0,0.6786,1578.1349,11.24,-50.37,12.65
Iowa,IA,Pottawattamie,2025,FALSE,2,6504620.328,2774.845,4577.608,6525241.88,62019652.738,0.99684,0.000425,0.000702,100,0,0,0,0,0,0.6062,1420.9649,-6.96,-7.69,3.33
Iowa,IA,Pottawattamie,2026,TRUE,2,3981256.337,1879.857,2572.635,4006977.85,37960123.83,0.99358,0.000469,0.000642,100,0,0,0,0,0,0.7307,1547.5403,-38.79,-32.25,-43.8
Iowa,IA,Scott,2020,FALSE,0,0,0,0,0,0,,,,,,,,,,,,,,
Iowa,IA,Story,2020,FALSE,2,211226.905,32.23,235.295,264082.4,3560790.189,0.79985,0.000122,0.000891,0,99.82,0.18,0,0,0,0.137,897.711,,,
Iowa,IA,Story,2021,FALSE,3,228287.23,29.49,258.23,277641.14,3849329.852,0.82224,0.000106,0.00093,0,99.88,0.12,0,0,0,0.1142,884.0461,8.08,-8.5,9.75
Iowa,IA,Story,2022,FALSE,3,271314.002,26.357,269.957,349686,4576537.724,0.77588,0.000075,0.000772,0,99.98,0.02,0,0,0,0.0976,1005.0267,18.85,-10.62,4.54
Iowa,IA,Story,2023,FALSE,3,279810.712,27.498,316.136,357314,4711629.522,0.78309,0.000077,0.000885,0,99.5,0.5,0,0,0,0.087,885.096,3.13,4.33,17.11
Iowa,IA,Story,2024,FALSE,3,259670.09,23.352,303.46,335717.51,4378460.094,0.77348,0.00007,0.000904,0,99.88,0.12,0,0,0,0.077,855.6979,-7.2,-15.08,-4.01
Iowa,IA,Story,2025,FALSE,3,235705.996,25.314,269.712,306665.66,3975220.333,0.76861,0.000083,0.000879,0,99.94,0.06,0,0,0,0.0939,873.9173,-9.23,8.4,-11.12
Iowa,IA,Story,2026,TRUE,3,69185.691,8.639,65.278,81502.32,1167023.883,0.84888,0.000106,0.000801,0,99.98,0.02,0,0,0,0.1323,1059.8623,-70.65,-65.87,-75.8
Iowa,IA,Union,2020,FALSE,2,0,0.079,53.693,10112.66,170455.241,0,0.000008,0.005309,0,100,0,0,0,0,0.0015,0,,,
Iowa,IA,Union,2021,FALSE,2,311.7,0.002,1.849,97.36,5282.2,3.20152,0.000021,0.018991,0,100,0,0,0,0,0.0011,168.5776,,-97.47,-96.56
Iowa,IA,Union,2022,FALSE,2,4834.7,0.046,29.233,4517.75,80230.3,1.07016,0.00001,0.006471,0,100,0,0,0,0,0.0016,165.385,1451.07,2200,1481.02
Iowa,IA,Union,2023,FALSE,2,6511.8,0.034,38.6,6927.98,110289.2,0.93993,0.000005,0.005572,0,100,0,0,0,0,0.0009,168.6995,34.69,-26.09,32.04
Iowa,IA,Union,2024,FALSE,2,4173.1,0.022,24.822,3838.76,70490.2,1.0871,0.000006,0.006466,0,100,0,0,0,0,0.0009,168.121,-35.91,-35.29,-35.69
Iowa,IA,Union,2025,FALSE,2,5115.3,0.065,31.369,4685.87,83494.1,1.09164,0.000014,0.006694,0,100,0,0,0,0,0.0021,163.0686,22.58,195.45,26.38
Iowa,IA,Union,2026,TRUE,2,5460.5,0.312,39.549,3584.31,70301.4,1.52345,0.000087,0.011034,0,100,0,0,0,0,0.0079,138.0692,6.75,380,26.08
Iowa,IA,Wapello,2020,FALSE,1,3005151.013,919.509,872.74,2751422.25,28662182.975,1.09222,0.000334,0.000317,100,0,0,0,0,0,1.0536,3443.352,,,
Iowa,IA,Wapello,2021,FALSE,1,4898880.155,1506.655,1458.663,4497139.03,46719712.205,1.08933,0.000335,0.000324,100,0,0,0,0,0,1.0329,3358.4729,63.02,63.85,67.14
Iowa,IA,Wapello,2022,FALSE,1,4087424.85,1275.437,1147.899,3715689.98,38978769.849,1.10004,0.000343,0.000309,100,0,0,0,0,0,1.1111,3560.7879,-16.56,-15.35,-21.3
Iowa,IA,Wapello,2023,FALSE,1,3756421.45,1015.917,1003.454,3433325.23,35825535.131,1.09411,0.000296,0.000292,100,0,0,0,0,0,1.0124,3743.4914,-8.1,-20.35,-12.58
Iowa,IA,Wapello,2024,FALSE,1,2328134.491,593.292,549.542,2088197.41,22206851.986,1.1149,0.000284,0.000263,100,0,0,0,0,0,1.0796,4236.4997,-38.02,-41.6,-45.23
Iowa,IA,Wapello,2025,FALSE,1,3388056.409,854.623,845.438,3078470.26,32315930.908,1.10056,0.000278,0.000275,100,0,0,0,0,0,1.0109,4007.457,45.53,44.05,53.84
Iowa,IA,Wapello,2026,TRUE,1,1629365.971,413.98,387.047,1478620.38,15543049.762,1.10195,0.00028,0.000262,100,0,0,0,0,0,1.0696,4209.7367,-51.91,-51.56,-54.22
Iowa,IA,Woodbury,2020,FALSE,2,1767743.1,2863.676,1676.201,1700691.5,16854886.275,1.03943,0.001684,0.000986,100,0,0,0,0,0,1.7084,1054.6128,,,
Iowa,IA,Woodbury,2021,FALSE,2,3560614.532,5947.485,3391.128,3485849.01,33949411.683,1.02145,0.001706,0.000973,100,0,0,0,0,0,1.7538,1049.9794,101.42,107.69,102.31
Iowa,IA,Woodbury,2022,FALSE,2,1917651.751,3290.757,2000.922,1929350.51,18284245.215,0.99394,0.001706,0.001037,100,0,0,0,0,0,1.6446,958.3841,-46.14,-44.67,-41
Iowa,IA,Woodbury,2023,FALSE,2,2498442.464,4280.153,2673.787,2493341.92,23821964.562,1.00205,0.001717,0.001072,100,0,0,0,0,0,1.6008,934.4209,30.29,30.07,33.63
Iowa,IA,Woodbury,2024,FALSE,2,1705304.128,3199.341,1723.306,1705174.64,16259581.352,1.00008,0.001876,0.001011,100,0,0,0,0,0,1.8565,989.5539,-31.75,-25.25,-35.55
Iowa,IA,Woodbury,2025,FALSE,2,3882820.776,6891.856,4248.6,4017063.76,37021589.021,0.96658,0.001716,0.001058,100,0,0,0,0,0,1.6221,913.9059,127.69,115.41,146.54
Iowa,IA,Woodbury,2026,TRUE,2,922522.447,1681.217,1106.415,943261.6,8795979.051,0.97801,0.001782,0.001173,100,0,0,0,0,0,1.5195,833.7942,-76.24,-75.61,-73.96
Kansas,KS,Barton,2020,FALSE,1,1047.064,0.005,1.12,1517.8,17623.414,0.68986,0.000003,0.000738,0,100,0,0,0,0,0.0045,934.8786,,,
Kansas,KS,Barton,2021,FALSE,1,623.185,0.003,0.851,849.53,10496.845,0.73356,0.000004,0.001002,0,100,0,0,0,0,0.0035,732.2973,-40.48,-40,-24.02
Kansas,KS,Barton,2022,FALSE,1,12505.911,0.063,17.995,19268.34,210439.875,0.64904,0.000003,0.000934,0,100,0,0,0,0,0.0035,694.9659,1906.77,2000,2014.57
Kansas,KS,Barton,2023,FALSE,1,24362.913,0.123,31.387,37086.57,409898.902,0.65692,0.000003,0.000846,0,100,0,0,0,0,0.0039,776.2103,94.81,95.24,74.42
Kansas,KS,Barton,2024,FALSE,1,39660.645,0.2,44.783,57551.62,667347.587,0.68913,0.000003,0.000778,0,100,0,0,0,0,0.0045,885.6183,62.79,62.6,42.68
Kansas,KS,Barton,2025,FALSE,1,17233.947,0.087,18.795,23515.71,289972.531,0.73287,0.000004,0.000799,0,100,0,0,0,0,0.0046,916.9432,-56.55,-56.5,-58.03
Kansas,KS,Barton,2026,TRUE,1,14227.361,0.072,14.536,19609.81,239449.212,0.72552,0.000004,0.000741,0,100,0,0,0,0,0.005,978.7673,-17.45,-17.24,-22.66
Kansas,KS,Cherokee,2020,FALSE,1,644324.479,3.253,136.832,1518458.86,10841966.64,0.42433,0.000002,0.00009,0,100,0,0,0,0,0.0238,4708.8728,,,
Kansas,KS,Cherokee,2021,FALSE,1,572192.921,2.889,124.414,1378953.65,9628162.739,0.41495,0.000002,0.00009,0,100,0,0,0,0,0.0232,4599.104,-11.19,-11.19,-9.08
Kansas,KS,Cherokee,2022,FALSE,1,656989.299,3.317,138.195,1516507.55,11055131.24,0.43323,0.000002,0.000091,0,100,0,0,0,0,0.024,4754.0743,14.82,14.81,11.08
Kansas,KS,Cherokee,2023,FALSE,1,515238.882,2.601,112.455,1188051.98,8669782.436,0.43368,0.000002,0.000095,0,100,0,0,0,0,0.0231,4581.7339,-21.58,-21.59,-18.63
Kansas,KS,Cherokee,2024,FALSE,1,551850.995,2.786,122.444,1290086.83,9285984.316,0.42776,0.000002,0.000095,0,100,0,0,0,0,0.0228,4506.9664,7.11,7.11,8.88
Kansas,KS,Cherokee,2025,FALSE,1,595038.77,3.004,235.334,1380462.95,10012683.614,0.43104,0.000002,0.00017,0,100,0,0,0,0,0.0128,2528.4862,7.83,7.82,92.2
Kansas,KS,Cherokee,2026,TRUE,1,252337.765,1.274,105.163,579221.28,4246023.655,0.43565,0.000002,0.000182,0,100,0,0,0,0,0.0121,2399.4919,-57.59,-57.59,-55.31
Kansas,KS,Cowley,2020,FALSE,1,5637,0.026,13.387,7772,95608.5,0.7253,0.000003,0.001722,0,100,0,0,0,0,0.0019,421.0802,,,
Kansas,KS,Cowley,2021,FALSE,1,1165.1,0.007,2.767,2180,19751.8,0.53445,0.000003,0.001269,0,100,0,0,0,0,0.0025,421.0698,-79.33,-73.08,-79.33
Kansas,KS,Cowley,2022,FALSE,1,2365.3,0.011,5.613,1674,40084.6,1.41296,0.000007,0.003353,0,100,0,0,0,0,0.002,421.3968,103.01,57.14,102.86
Kansas,KS,Cowley,2023,FALSE,1,2869.6,0.013,6.822,3981,48756.3,0.72082,0.000003,0.001714,0,100,0,0,0,0,0.0019,420.6391,21.32,18.18,21.54
Kansas,KS,Cowley,2024,FALSE,1,5567.2,0.024,15.931,7177,94409.9,0.7757,0.000003,0.00222,0,100,0,0,0,0,0.0015,349.457,94.01,84.62,133.52
Kansas,KS,Cowley,2025,FALSE,1,8248.9,0.036,18.251,11179,139862.9,0.73789,0.000003,0.001633,0,100,0,0,0,0,0.002,451.9698,48.17,50,14.56
Kansas,KS,Cowley,2026,TRUE,1,1053.9,0.005,2.33,1478,17845.2,0.71306,0.000003,0.001576,0,100,0,0,0,0,0.0021,452.3176,-87.22,-86.11,-87.23
Kansas,KS,Douglas,2020,FALSE,2,2181852.158,225.516,1388.969,2135532.68,21159756.632,1.02169,0.000106,0.00065,100,0,0,0,0,0,0.1624,1570.8429,,,
Kansas,KS,Douglas,2021,FALSE,2,2084920.68,273.37,1277.258,2068732.34,19890412.462,1.00783,0.000132,0.000617,100,0,0,0,0,0,0.214,1632.3411,-4.44,21.22,-8.04
Kansas,KS,Douglas,2022,FALSE,2,2399064.888,222.865,1425.628,2181340.37,22923602.381,1.09981,0.000102,0.000654,100,0,0,0,0,0,0.1563,1682.8127,15.07,-18.47,11.62
Kansas,KS,Douglas,2023,FALSE,2,2001379.374,272.415,1233.348,1904879.16,19099703.916,1.05066,0.000143,0.000647,100,0,0,0,0,0,0.2209,1622.7207,-16.58,22.23,-13.49
Kansas,KS,Douglas,2024,FALSE,2,1157882.376,117.272,735.366,1342804.29,11382740.743,0.86229,0.000087,0.000548,100,0,0,0,0,0,0.1595,1574.5661,-42.15,-56.95,-40.38
Kansas,KS,Douglas,2025,FALSE,2,1384197.446,220.938,927.565,1354097.83,13213571.911,1.02223,0.000163,0.000685,100,0,0,0,0,0,0.2382,1492.2916,19.55,88.4,26.14
Kansas,KS,Douglas,2026,TRUE,2,798695.72,119.345,482.921,785445.9,7619975.913,1.01687,0.000152,0.000615,100,0,0,0,0,0,0.2471,1653.8848,-42.3,-45.98,-47.94
Kansas,KS,Finney,2020,FALSE,4,1601325.173,1054.257,1443.612,1602028.1,15415804.499,0.99956,0.000658,0.000901,98.92,1.08,0,0,0,0,0.7303,1109.249,,,
Kansas,KS,Finney,2021,FALSE,4,1774127.14,1176.199,1591.983,1768014.01,17123027.45,1.00346,0.000665,0.0009,98.68,1.32,0,0,0,0,0.7388,1114.4134,10.79,11.57,10.28
Kansas,KS,Finney,2022,FALSE,4,1829641.459,1254.143,1745.537,1855204.15,17858416.664,0.98622,0.000676,0.000941,97.41,2.59,0,0,0,0,0.7185,1048.1826,3.13,6.63,9.65
Kansas,KS,Finney,2023,FALSE,4,1807936.54,1166.81,1726.723,1834668.86,17973490.659,0.98543,0.000636,0.000941,94.06,5.94,0,0,0,0,0.6757,1047.0333,-1.19,-6.96,-1.08
Kansas,KS,Finney,2024,FALSE,4,1355644.251,693.349,1226.448,1369711.63,13510690.362,0.98973,0.000506,0.000895,93.05,6.95,0,0,0,0,0.5653,1105.3418,-25.02,-40.58,-28.97
Kansas,KS,Finney,2025,FALSE,4,2054802.732,1327.384,1895.393,2060605.46,19942126.195,0.99718,0.000644,0.00092,97.13,2.87,0,0,0,0,0.7003,1084.1038,51.57,91.45,54.54
Kansas,KS,Finney,2026,TRUE,4,515654.595,372.266,482.134,509258.03,5085357.58,1.01256,0.000731,0.000947,93.63,6.37,0,0,0,0,0.7721,1069.5255,-74.9,-71.95,-74.56
Kansas,KS,Ford,2020,FALSE,1,2039.589,0.01,2.431,3162.8,34321.45,0.64487,0.000003,0.000769,0,100,0,0,0,0,0.0041,838.9918,,,
Kansas,KS,Ford,2021,FALSE,1,2453.762,0.012,2.639,3236.32,41287.325,0.7582,0.000004,0.000815,0,100,0,0,0,0,0.0045,929.8075,20.31,20,8.56
Kansas,KS,Ford,2022,FALSE,1,6458.949,0.033,7.27,9286.07,108688.319,0.69555,0.000004,0.000783,0,100,0,0,0,0,0.0045,888.4387,163.23,175,175.48
Kansas,KS,Ford,2023,FALSE,1,76190.323,0.385,95.241,118567.95,1282034.399,0.64259,0.000003,0.000803,0,100,0,0,0,0,0.004,799.974,1079.61,1066.67,1210.06
Kansas,KS,Ford,2024,FALSE,1,77188.134,0.39,80.917,116670.26,1298871.687,0.66159,0.000003,0.000694,0,100,0,0,0,0,0.0048,953.9174,1.31,1.3,-15.04
Kansas,KS,Ford,2025,FALSE,1,35843.397,0.181,32.046,51723.97,603131.332,0.69297,0.000003,0.00062,0,100,0,0,0,0,0.0056,1118.4983,-53.56,-53.59,-60.4
Kansas,KS,Ford,2026,TRUE,1,18446.774,0.093,15.458,25531,310414.472,0.72252,0.000004,0.000605,0,100,0,0,0,0,0.006,1193.348,-48.54,-48.62,-51.76
Kansas,KS,Johnson,2020,FALSE,4,60066.28,0.303,14.599,82897.58,1010724.897,0.72458,0.000004,0.000176,0,100,0,0,0,0,0.0208,4114.4106,,,
Kansas,KS,Johnson,2021,FALSE,4,41489.253,0.209,10.634,57191.34,698137.676,0.72545,0.000004,0.000186,0,100,0,0,0,0,0.0197,3901.566,-30.93,-31.02,-27.16
Kansas,KS,Johnson,2022,FALSE,4,129823.977,0.655,32.828,181554.11,2184489.889,0.71507,0.000004,0.000181,0,100,0,0,0,0,0.02,3954.6721,212.91,213.4,208.71
Kansas,KS,Johnson,2023,FALSE,4,185225.909,0.936,47.595,261893.9,3116765.222,0.70726,0.000004,0.000182,0,100,0,0,0,0,0.0197,3891.7094,42.67,42.9,44.98
Kansas,KS,Johnson,2024,FALSE,4,342525.039,1.73,89.287,499371.38,5763650.923,0.68591,0.000003,0.000179,0,100,0,0,0,0,0.0194,3836.2252,84.92,84.83,87.6
Kansas,KS,Johnson,2025,FALSE,4,168473.554,0.85,43.661,238791.87,2834914.593,0.70552,0.000004,0.000183,0,100,0,0,0,0,0.0195,3858.6737,-50.81,-50.87,-51.1
Kansas,KS,Johnson,2026,TRUE,4,57926.711,0.293,14.536,82929.55,974698.597,0.69851,0.000004,0.000175,0,100,0,0,0,0,0.0202,3985.0517,-65.62,-65.53,-66.71
Kansas,KS,Linn,2020,FALSE,2,6912975.648,725.076,2748.075,6645950.96,65925746.963,1.04018,0.000109,0.000413,100,0,0,0,0,0,0.2638,2515.5702,,,
Kansas,KS,Linn,2021,FALSE,2,7017655.034,743.758,2907.731,7054458.9,66919629.097,0.99478,0.000105,0.000412,100,0,0,0,0,0,0.2558,2413.4471,1.51,2.58,5.81
Kansas,KS,Linn,2022,FALSE,2,7339497.925,812.18,3102.945,7190891.93,69988832.044,1.02067,0.000113,0.000432,100,0,0,0,0,0,0.2617,2365.3329,4.59,9.2,6.71
Kansas,KS,Linn,2023,FALSE,2,7337574.854,925.038,2699.985,7279504.22,69969769.458,1.00798,0.000127,0.000371,100,0,0,0,0,0,0.3426,2717.6354,-0.03,13.9,-12.99
Kansas,KS,Linn,2024,FALSE,2,5927632.64,920.625,2373.98,5771070.79,56536858.178,1.02713,0.00016,0.000411,100,0,0,0,0,0,0.3878,2496.9177,-19.22,-0.48,-12.07
Kansas,KS,Linn,2025,FALSE,2,7637363.44,987.235,2745.07,7382139.25,72831699.198,1.03457,0.000134,0.000372,100,0,0,0,0,0,0.3596,2782.2108,28.84,7.24,15.63
Kansas,KS,Linn,2026,TRUE,2,2924863.017,669.518,1220.852,2796326.85,27895461.062,1.04597,0.000239,0.000437,100,0,0,0,0,0,0.5484,2395.7556,-61.7,-32.18,-55.53
Kansas,KS,Lyon,2020,FALSE,7,293090.158,1.479,136.735,410463.07,4931796.397,0.71405,0.000004,0.000333,0,100,0,0,0,0,0.0108,2143.4904,,,
Kansas,KS,Lyon,2021,FALSE,7,236270.216,1.193,115.393,321705.48,3975697.924,0.73443,0.000004,0.000359,0,100,0,0,0,0,0.0103,2047.5264,-19.39,-19.34,-15.61
Kansas,KS,Lyon,2022,FALSE,7,277103.85,1.4,126.027,371169.35,4662745.9,0.74657,0.000004,0.00034,0,100,0,0,0,0,0.0111,2198.7657,17.28,17.35,9.22
Kansas,KS,Lyon,2023,FALSE,7,875291.922,4.37,393.803,1239721.93,14767934.745,0.70604,0.000004,0.000318,0,100,0,0,0,0,0.0111,2222.6644,215.87,212.14,212.48
Kansas,KS,Lyon,2024,FALSE,7,1062111.667,5.363,421.587,1562060.94,17907187.989,0.67994,0.000003,0.00027,0,100,0,0,0,0,0.0127,2519.3179,21.34,22.72,7.06
Kansas,KS,Lyon,2025,FALSE,7,412856.175,2.083,132.877,607954.87,6953297.803,0.67909,0.000003,0.000219,0,100,0,0,0,0,0.0157,3107.0552,-61.13,-61.16,-68.48
Kansas,KS,Lyon,2026,TRUE,7,212537.121,1.071,74.599,321872.13,3579780.755,0.66032,0.000003,0.000232,0,100,0,0,0,0,0.0144,2849.0613,-48.52,-48.58,-43.86
Kansas,KS,McPherson,2020,FALSE,4,7571.567,0.109,103.143,22915.7,353008.392,0.33041,0.000005,0.004501,0,85.57,14.43,0,0,0,0.0011,73.4084,,,
Kansas,KS,McPherson,2021,FALSE,4,20083.672,0.315,295.471,62011.62,889017.041,0.32387,0.000005,0.004765,0,82.25,17.75,0,0,0,0.0011,67.9717,165.25,188.99,186.47
Kansas,KS,McPherson,2022,FALSE,4,22361.199,0.397,129.918,57553.16,953895.801,0.38853,0.000007,0.002257,0,89.59,10.41,0,0,0,0.0031,172.1178,11.34,26.03,-56.03
Kansas,KS,McPherson,2023,FALSE,4,12298.194,0.359,123.175,49324.15,861526.461,0.24933,0.000007,0.002497,0,83.68,16.32,0,0,0,0.0029,99.8433,-45,-9.57,-5.19
Kansas,KS,McPherson,2024,FALSE,4,13800.514,0.376,124.366,49926.47,839784.048,0.27642,0.000008,0.002491,0,83.57,16.43,0,0,0,0.003,110.9669,12.22,4.74,0.97
Kansas,KS,McPherson,2025,FALSE,4,7375.901,0.193,66.301,26602.47,455283.626,0.27726,0.000007,0.002492,0,86.84,13.16,0,0,0,0.0029,111.2487,-46.55,-48.67,-46.69
Kansas,KS,McPherson,2026,TRUE,4,2612.805,0.07,20.895,9595.26,107277.398,0.2723,0.000007,0.002178,0,73.57,26.43,0,0,0,0.0034,125.0445,-64.58,-63.73,-68.48
Kansas,KS,Miami,2020,FALSE,1,13900.224,0.07,3.135,21420.21,233907.614,0.64893,0.000003,0.000146,0,100,0,0,0,0,0.0223,4433.8833,,,
Kansas,KS,Miami,2021,FALSE,1,25873.952,0.131,5.553,38429.41,435378.704,0.67329,0.000003,0.000144,0,100,0,0,0,0,0.0236,4659.4547,86.14,87.14,77.13
Kansas,KS,Miami,2022,FALSE,1,31244.014,0.158,6.081,47509.57,525735.858,0.65764,0.000003,0.000128,0,100,0,0,0,0,0.026,5137.973,20.75,20.61,9.51
Kansas,KS,Miami,2023,FALSE,1,28986.955,0.146,6.057,44044.71,487771.158,0.65813,0.000003,0.000138,0,100,0,0,0,0,0.0241,4785.6951,-7.22,-7.59,-0.39
Kansas,KS,Miami,2024,FALSE,1,38644.999,0.195,8.137,58099.47,650280.564,0.66515,0.000003,0.00014,0,100,0,0,0,0,0.024,4749.2932,33.32,33.56,34.34
Kansas,KS,Miami,2025,FALSE,1,34805.203,0.176,7.438,52271.76,585652.696,0.66585,0.000003,0.000142,0,100,0,0,0,0,0.0237,4679.3766,-9.94,-9.74,-8.59
Kansas,KS,Miami,2026,TRUE,1,15173.466,0.077,3.204,22236.53,255311.348,0.68237,0.000003,0.000144,0,100,0,0,0,0,0.024,4735.7884,-56.4,-56.25,-56.92
Kansas,KS,Montgomery,2020,FALSE,1,168.146,0.001,0.217,258.72,2835.279,0.64991,0.000004,0.000839,0,100,0,0,0,0,0.0046,774.8664,,,
Kansas,KS,Montgomery,2021,FALSE,1,208.609,0.001,0.265,240.29,3504.434,0.86816,0.000004,0.001103,0,100,0,0,0,0,0.0038,787.2038,24.06,0,22.12
Kansas,KS,Montgomery,2022,FALSE,1,1379.608,0.007,1.611,1863.79,23219.857,0.74022,0.000004,0.000864,0,100,0,0,0,0,0.0043,856.3675,561.34,600,507.92
Kansas,KS,Montgomery,2023,FALSE,1,8248.34,0.042,9.744,11711.92,138796.403,0.70427,0.000004,0.000832,0,100,0,0,0,0,0.0043,846.5045,497.88,500,504.84
Kansas,KS,Montgomery,2024,FALSE,1,12883.468,0.065,15.448,18456.11,216794.697,0.69806,0.000004,0.000837,0,100,0,0,0,0,0.0042,833.9894,56.19,54.76,58.54
Kansas,KS,Montgomery,2025,FALSE,1,12233.537,0.062,14.267,17459.46,205845.055,0.70068,0.000004,0.000817,0,100,0,0,0,0,0.0043,857.4709,-5.04,-4.62,-7.65
Kansas,KS,Montgomery,2026,TRUE,1,779.85,0.004,0.765,1126.62,13118.882,0.6922,0.000004,0.000679,0,100,0,0,0,0,0.0052,1019.4118,-93.63,-93.55,-94.64
Kansas,KS,Neosho,2020,FALSE,1,193589.122,1.046,148.712,241640.35,3269468.305,0.80115,0.000004,0.000615,0,100,0,0,0,0,0.007,1301.772,,,
Kansas,KS,Neosho,2021,FALSE,1,147499.876,0.745,105.89,194661.37,2481944.089,0.75773,0.000004,0.000544,0,100,0,0,0,0,0.007,1392.9538,-23.81,-28.78,-28.8
Kansas,KS,Neosho,2022,FALSE,1,198541.03,1.002,131.52,260481.66,3340827.503,0.76221,0.000004,0.000505,0,100,0,0,0,0,0.0076,1509.5881,34.6,34.5,24.2
Kansas,KS,Neosho,2023,FALSE,1,61723.541,0.312,44.547,81122.89,1038667.007,0.76086,0.000004,0.000549,0,100,0,0,0,0,0.007,1385.5824,-68.91,-68.86,-66.13
Kansas,KS,Neosho,2024,FALSE,1,20156.018,0.102,14.306,25192.31,339158.176,0.80009,0.000004,0.000568,0,100,0,0,0,0,0.0071,1408.9206,-67.34,-67.31,-67.89
Kansas,KS,Neosho,2025,FALSE,1,47418.134,0.239,31.686,89225.31,797907.155,0.53144,0.000003,0.000355,0,100,0,0,0,0,0.0075,1496.5011,135.26,134.31,121.49
Kansas,KS,Neosho,2026,TRUE,1,34694.444,0.175,19.333,42487.07,583761.417,0.81659,0.000004,0.000455,0,100,0,0,0,0,0.0091,1794.5711,-26.83,-26.78,-38.99
Kansas,KS,Pottawatomie,2020,FALSE,3,8145164.31,902.569,3659.429,7730140.06,77712558.28,1.05369,0.000117,0.000473,100,0,0,0,0,0,0.2466,2225.802,,,
Kansas,KS,Pottawatomie,2021,FALSE,3,9604512.635,664.444,4248.252,9385280.35,91605157.075,1.02336,0.000071,0.000453,100,0,0,0,0,0,0.1564,2260.8152,17.92,-26.38,16.09
Kansas,KS,Pottawatomie,2022,FALSE,3,10361113.737,640.056,4212.314,10067869.47,98820887.619,1.02913,0.000064,0.000418,100,0,0,0,0,0,0.1519,2459.7202,7.88,-3.67,-0.85
Kansas,KS,Pottawatomie,2023,FALSE,3,6706627.096,304.413,2610.033,6640049.91,63965780.364,1.01003,0.000046,0.000393,100,0,0,0,0,0,0.1166,2569.5564,-35.27,-52.44,-38.04
Kansas,KS,Pottawatomie,2024,FALSE,3,6219061.206,397.808,3233.042,6131820.65,59341253.194,1.01423,0.000065,0.000527,100,0,0,0,0,0,0.123,1923.5943,-7.27,30.68,23.87
Kansas,KS,Pottawatomie,2025,FALSE,3,9924748.501,490.354,4283.631,9368533.02,94661057.922,1.05937,0.000052,0.000457,100,0,0,0,0,0,0.1145,2316.9009,59.59,23.26,32.5
Kansas,KS,Pottawatomie,2026,TRUE,3,4056031.444,162.21,1523.707,3687664.85,38692516.68,1.09989,0.000044,0.000413,100,0,0,0,0,0,0.1065,2661.9497,-59.13,-66.92,-64.43
Kansas,KS,Reno,2020,FALSE,4,0,1.074,71.48,4873.55,201327.3,0,0.00022,0.014667,0,98.9,1.1,0,0,0,0.015,0,,,
Kansas,KS,Reno,2021,FALSE,4,0,122.026,363.605,32735.56,690387.6,0,0.003728,0.011107,0,89.42,10.58,0,0,0,0.3356,0,,11261.82,408.68
Kansas,KS,Reno,2022,FALSE,4,0,75.385,405.509,34625.24,943712.2,0,0.002177,0.011711,0,85.47,14.53,0,0,0,0.1859,0,,-38.22,11.52
Kansas,KS,Reno,2023,FALSE,4,0,53.663,171.346,24823.81,662539.952,0,0.002162,0.006902,0,67.69,32.31,0,0,0,0.3132,0,,-28.81,-57.75
Kansas,KS,Reno,2024,FALSE,4,0,0.207,76.355,28979.83,589927.323,0,0.000007,0.002635,0,88.74,11.26,0,0,0,0.0027,0,,-99.61,-55.44
Kansas,KS,Reno,2025,FALSE,4,0,0.116,38.241,16230.13,339812.193,0,0.000007,0.002356,0,91.87,8.13,0,0,0,0.003,0,,-43.96,-49.92
Kansas,KS,Reno,2026,TRUE,4,0,0.059,21.938,7750.42,139996.345,0,0.000008,0.002831,0,85.42,14.58,0,0,0,0.0027,0,,-49.14,-42.63
Kansas,KS,Sedgwick,2020,FALSE,3,87637.59,0.487,31.512,125669.1,1473745.773,0.69737,0.000004,0.000251,0,100,0,0,0,0,0.0155,2781.0863,,,
Kansas,KS,Sedgwick,2021,FALSE,3,104235.472,1.946,33.203,146090.63,1725027.445,0.7135,0.000013,0.000227,0,100,0,0,0,0,0.0586,3139.339,18.94,299.59,5.37
Kansas,KS,Sedgwick,2022,FALSE,3,135911.392,2.352,43.207,193400.59,2253050.698,0.70275,0.000012,0.000223,0,100,0,0,0,0,0.0544,3145.5873,30.39,20.86,30.13
Kansas,KS,Sedgwick,2023,FALSE,3,307878.236,2.136,90.276,443298.5,5168784.695,0.69452,0.000005,0.000204,0,100,0,0,0,0,0.0237,3410.4107,126.53,-9.18,108.94
Kansas,KS,Sedgwick,2024,FALSE,3,252995.829,3.281,88.161,355308.48,4216244.067,0.71205,0.000009,0.000248,0,100,0,0,0,0,0.0372,2869.7024,-17.83,53.6,-2.34
Kansas,KS,Sedgwick,2025,FALSE,3,204409.377,1.731,79.965,309950.65,3425386.873,0.65949,0.000006,0.000258,0,100,0,0,0,0,0.0216,2556.2356,-19.2,-47.24,-9.3
Kansas,KS,Sedgwick,2026,TRUE,3,76810.824,0.978,32.826,105736.15,1246196.517,0.72644,0.000009,0.00031,0,100,0,0,0,0,0.0298,2339.9386,-62.42,-43.5,-58.95
Kansas,KS,Seward,2020,FALSE,1,390.832,0.002,0.724,474.72,6582.435,0.82329,0.000004,0.001525,0,100,0,0,0,0,0.0028,539.8232,,,
Kansas,KS,Seward,2021,FALSE,1,424.777,0.002,0.901,578.24,7145.573,0.7346,0.000003,0.001558,0,100,0,0,0,0,0.0022,471.4506,8.69,0,24.45
Kansas,KS,Seward,2022,FALSE,1,3475.945,0.018,6.877,4771.72,58475.968,0.72845,0.000004,0.001441,0,100,0,0,0,0,0.0026,505.445,718.3,800,663.26
Kansas,KS,Seward,2023,FALSE,1,19179.726,0.097,38.239,26163.28,322721.21,0.73308,0.000004,0.001462,0,100,0,0,0,0,0.0025,501.575,451.78,438.89,456.04
Kansas,KS,Seward,2024,FALSE,1,45027.727,0.227,79.639,60436.66,757709.247,0.74504,0.000004,0.001318,0,100,0,0,0,0,0.0029,565.3979,134.77,134.02,108.27
Kansas,KS,Seward,2025,FALSE,1,24167.375,0.122,38.25,31745.23,406709.781,0.76129,0.000004,0.001205,0,100,0,0,0,0,0.0032,631.8268,-46.33,-46.26,-51.97
Kansas,KS,Seward,2026,TRUE,1,24618.48,0.124,34.515,32637.13,414281.942,0.75431,0.000004,0.001058,0,100,0,0,0,0,0.0036,713.269,1.87,1.64,-9.76
Kansas,KS,Washington,2020,FALSE,1,0,0.018,6.66,2561.69,59531.563,0,0.000007,0.0026,0,100,0,0,0,0,0.0027,0,,,
Kansas,KS,Washington,2021,FALSE,1,0,0.088,30.821,11448.66,291923.13,0,0.000008,0.002692,0,100,0,0,0,0,0.0029,0,,388.89,362.78
Kansas,KS,Washington,2022,FALSE,1,0,0.089,35,14708.7,296875.904,0,0.000006,0.00238,0,100,0,0,0,0,0.0025,0,,1.14,13.56
Kansas,KS,Washington,2023,FALSE,1,0,0.068,25.343,10644.46,226206.042,0,0.000006,0.002381,0,100,0,0,0,0,0.0027,0,,-23.6,-27.59
Kansas,KS,Washington,2024,FALSE,1,0,0.044,17.895,6686.88,146948.333,0,0.000007,0.002676,0,100,0,0,0,0,0.0025,0,,-35.29,-29.39
Kansas,KS,Washington,2025,FALSE,1,0,0.009,4.045,1392.16,28643.509,0,0.000006,0.002906,0,100,0,0,0,0,0.0022,0,,-79.55,-77.4
Kansas,KS,Washington,2026,TRUE,1,0,0.006,2.491,881.72,18737.709,0,0.000007,0.002825,0,100,0,0,0,0,0.0024,0,,-33.33,-38.42
Kansas,KS,Wyandotte,2020,FALSE,4,1423278.426,1210.932,1462.86,1210233.84,13702300.982,1.17604,0.001001,0.001209,98.74,0.6,0.66,0,0,0,0.8278,972.9423,,,
Kansas,KS,Wyandotte,2021,FALSE,4,1718399.021,1327.99,1844.695,1486671.73,16907713.793,1.15587,0.000893,0.001241,94.39,4.27,1.34,0,0,0,0.7199,931.5356,20.74,9.67,26.1
Kansas,KS,Wyandotte,2022,FALSE,4,1607758.79,1389.741,1688.146,1393232.63,15769779.311,1.15398,0.000997,0.001212,95.46,3.09,1.45,0,0,0,0.8232,952.3814,-6.44,4.65,-8.49
Kansas,KS,Wyandotte,2023,FALSE,4,985322.115,528.296,943.053,876563.22,10057044.652,1.12407,0.000603,0.001076,87.11,11.19,1.7,0,0,0,0.5602,1044.8216,-38.71,-61.99,-44.14
Kansas,KS,Wyandotte,2024,FALSE,4,1021664.492,575.654,1042.73,880403.51,10626159.959,1.16045,0.000654,0.001184,84.15,13.52,2.33,0,0,0,0.5521,979.7977,3.69,8.96,10.57
Kansas,KS,Wyandotte,2025,FALSE,4,1897485.999,1441.798,1562.609,1582644.09,18846360.002,1.19893,0.000911,0.000987,91.89,7.17,0.94,0,0,0,0.9227,1214.3063,85.72,150.46,49.86
Kansas,KS,Wyandotte,2026,TRUE,4,589972.896,427.947,560.063,509082.38,6083068.585,1.15889,0.000841,0.0011,84.75,13.21,2.04,0,0,0,0.7641,1053.4045,-68.91,-70.32,-64.16
Kentucky,KY,Ballard,2020,FALSE,0,0,0,0,0,0,,,,,,,,,,,,,,
Kentucky,KY,Ballard,2021,FALSE,0,0,0,0,0,0,,,,,,,,,,,,,,
Kentucky,KY,Ballard,2022,FALSE,0,0,0,0,0,0,,,,,,,,,,,,,,
Kentucky,KY,Ballard,2023,FALSE,0,0,0,0,0,0,,,,,,,,,,,,,,
Kentucky,KY,Ballard,2024,FALSE,0,0,0,0,0,0,,,,,,,,,,,,,,
Kentucky,KY,Ballard,2025,FALSE,0,0,0,0,0,0,,,,,,,,,,,,,,
Kentucky,KY,Boone,2020,FALSE,1,2730062.755,1932.151,1319.594,2492241.74,26608833.796,1.09542,0.000775,0.000529,100,0,0,0,0,0,1.4642,2068.8657,,,
Kentucky,KY,Boone,2021,FALSE,1,2961445.988,1755.676,1465.833,2796939.11,28863964.894,1.05882,0.000628,0.000524,100,0,0,0,0,0,1.1977,2020.3161,8.48,-9.13,11.08
Kentucky,KY,Boone,2022,FALSE,1,3405481.204,1823.707,2178.176,3072547.77,33191840.206,1.10836,0.000594,0.000709,100,0,0,0,0,0,0.8373,1563.4555,14.99,3.87,48.6
Kentucky,KY,Boone,2023,FALSE,1,2727244.902,1562.314,1410.015,2456362.62,26581377.568,1.11028,0.000636,0.000574,100,0,0,0,0,0,1.108,1934.1957,-19.92,-14.33,-35.27
Kentucky,KY,Boone,2024,FALSE,1,2778102.711,1813.622,2094.271,2519814.06,27077035.594,1.1025,0.00072,0.000831,100,0,0,0,0,0,0.866,1326.5249,1.86,16.09,48.53
Kentucky,KY,Boone,2025,FALSE,1,3042899.776,1901.776,2957.649,2875023.05,29657908.662,1.05839,0.000661,0.001029,100,0,0,0,0,0,0.643,1028.8238,9.53,4.86,41.23
Kentucky,KY,Boone,2026,TRUE,1,1895842.86,1035.018,2045.734,1815577.99,18477981.536,1.04421,0.00057,0.001127,100,0,0,0,0,0,0.5059,926.7299,-37.7,-45.58,-30.83
Kentucky,KY,Boyd,2020,FALSE,1,0,0,14.479,0,671409.186,,,,0,100,0,0,0,0,0,0,,,
Kentucky,KY,Boyd,2021,FALSE,1,0,0,25.457,0,975503.56,,,,0,100,0,0,0,0,0,0,,,75.82
Kentucky,KY,Boyd,2022,FALSE,1,0,0,14.428,0,658612.146,,,,0,100,0,0,0,0,0,0,,,-43.32
Kentucky,KY,Boyd,2023,FALSE,1,0,0,11.81,0,522467.002,,,,0,100,0,0,0,0,0,0,,,-18.15
Kentucky,KY,Boyd,2024,FALSE,1,0,0,15.048,0,810226.98,,,,0,100,0,0,0,0,0,0,,,27.42
Kentucky,KY,Boyd,2025,FALSE,1,0,0,13.684,0,760904.7,,,,0,100,0,0,0,0,0,0,,,-9.06
Kentucky,KY,Boyd,2026,TRUE,1,0,0,5.575,0,280711.416,,,,0,100,0,0,0,0,0,0,,,-59.26
Kentucky,KY,Carroll,2020,FALSE,4,10547018.842,8600.657,5336.925,10909912.48,102797458.607,0.96674,0.000788,0.000489,100,0,0,0,0,0,1.6115,1976.2352,,,
Kentucky,KY,Carroll,2021,FALSE,4,11356336.942,11059.988,6584.219,11630153.94,110685569.196,0.97646,0.000951,0.000566,100,0,0,0,0,0,1.6798,1724.7812,7.67,28.59,23.37
Kentucky,KY,Carroll,2022,FALSE,4,10811976.731,10675.048,6130.567,11053193.03,105379877.345,0.97818,0.000966,0.000555,100,0,0,0,0,0,1.7413,1763.6177,-4.79,-3.48,-6.89
Kentucky,KY,Carroll,2023,FALSE,4,10582444.154,7747.474,6656.708,10757516.82,103142781.921,0.98373,0.00072,0.000619,100,0,0,0,0,0,1.1639,1589.7414,-2.12,-27.42,8.58
Kentucky,KY,Carroll,2024,FALSE,4,11399877.916,9157.169,6987.671,11580029.2,111109967.776,0.98444,0.000791,0.000603,100,0,0,0,0,0,1.3105,1631.4274,7.72,18.2,4.97
Kentucky,KY,Carroll,2025,FALSE,4,11489510.36,12441.477,8027.32,11830917.19,111983496.344,0.97114,0.001052,0.000679,100,0,0,0,0,0,1.5499,1431.3009,0.79,35.87,14.88
Kentucky,KY,Carroll,2026,TRUE,4,5594390.135,5890.356,3520.929,5799372.84,54526222.007,0.96465,0.001016,0.000607,100,0,0,0,0,0,1.673,1588.896,-51.31,-52.66,-56.14
Kentucky,KY,Clark,2020,FALSE,9,229094.517,1.268,57.775,319361.45,3852807.891,0.71735,0.000004,0.000181,0,100,0,0,0,0,0.0219,3965.288,,,
Kentucky,KY,Clark,2021,FALSE,9,416951.996,2.724,127.447,589061.78,7003137.019,0.70782,0.000005,0.000216,0,100,0,0,0,0,0.0214,3271.5717,82,114.83,120.59
Kentucky,KY,Clark,2022,FALSE,9,533966.872,4.371,187.881,711639.44,8926540.671,0.75033,0.000006,0.000264,0,100,0,0,0,0,0.0233,2842.0483,28.06,60.46,47.42
Kentucky,KY,Clark,2023,FALSE,9,306604.2,1.58,88.769,416889.2,5157543.199,0.73546,0.000004,0.000213,0,100,0,0,0,0,0.0178,3453.9558,-42.58,-63.85,-52.75
Kentucky,KY,Clark,2024,FALSE,9,459754.082,2.401,161.852,628956.03,7731475.383,0.73098,0.000004,0.000257,0,100,0,0,0,0,0.0148,2840.5833,49.95,51.96,82.33
Kentucky,KY,Clark,2025,FALSE,9,689194.142,3.579,216.844,956085.99,11590740.109,0.72085,0.000004,0.000227,0,100,0,0,0,0,0.0165,3178.2947,49.9,49.06,33.98
Kentucky,KY,Clark,2026,TRUE,9,387847.384,2.142,134.466,550259.55,6516153.925,0.70484,0.000004,0.000244,0,100,0,0,0,0,0.0159,2884.3528,-43.72,-40.15,-37.99
Kentucky,KY,Daviess,2020,FALSE,1,504216.512,586.941,709.689,501701.9,4914382.851,1.00501,0.00117,0.001415,100,0,0,0,0,0,0.827,710.4753,,,
Kentucky,KY,Hancock,2020,FALSE,0,0,0,0,0,0,,,,,,,,,,,,,,
Kentucky,KY,Henderson,2020,FALSE,0,0,0,0,0,0,,,,,,,,,,,,,,
Kentucky,KY,Jefferson,2020,FALSE,8,8896700.337,2898.796,5684.367,12048746.31,100277745.986,0.73839,0.000241,0.000472,68.1,31.9,0,0,0,0,0.51,1565.1172,,,
Kentucky,KY,Jefferson,2021,FALSE,8,9841420.643,3215.446,5379.255,13004435.84,110031955.756,0.75677,0.000247,0.000414,69.79,30.21,0,0,0,0,0.5977,1829.5137,10.62,10.92,-5.37
Kentucky,KY,Jefferson,2022,FALSE,8,9612548.61,3179.026,5841.198,12621777.04,107155808.434,0.76158,0.000252,0.000463,70.37,29.63,0,0,0,0,0.5442,1645.6468,-2.33,-1.13,8.59
Kentucky,KY,Jefferson,2023,FALSE,8,9894361.345,3269.269,6133.536,13265828.15,110734396.274,0.74585,0.000246,0.000462,69.51,30.49,0,0,0,0,0.533,1613.1578,2.93,2.84,5
Kentucky,KY,Jefferson,2024,FALSE,8,9166319.77,4884.917,5932.612,12348584.06,101988351.072,0.7423,0.000396,0.00048,70.84,29.16,0,0,0,0,0.8234,1545.0732,-7.36,49.42,-3.28
Kentucky,KY,Jefferson,2025,FALSE,7,9710749.108,3604.587,6020.487,13305250.61,109641814.84,0.72984,0.000271,0.000452,67.72,32.28,0,0,0,0,0.5987,1612.9508,5.94,-26.21,1.48
Kentucky,KY,Jefferson,2026,TRUE,7,4651154.744,1287.999,3461.813,6179712.04,52136167.908,0.75265,0.000208,0.00056,69.39,30.61,0,0,0,0,0.3721,1343.5604,-52.1,-64.27,-42.5
Kentucky,KY,Lawrence,2020,FALSE,6,866161.272,25.014,911.389,1428951.18,14574846.882,0.60615,0.000018,0.000638,0,100,0,0,0,0,0.0274,950.3749,,,
Kentucky,KY,Lawrence,2021,FALSE,6,723418.712,16.581,601.322,1146313.88,12172894.364,0.63108,0.000014,0.000525,0,100,0,0,0,0,0.0276,1203.0471,-16.48,-33.71,-34.02
Kentucky,KY,Lawrence,2022,FALSE,6,745697.427,15.76,630.012,1194749.42,12547758.345,0.62415,0.000013,0.000527,0,100,0,0,0,0,0.025,1183.6242,3.08,-4.95,4.77
Kentucky,KY,Lawrence,2023,FALSE,6,1010037.302,31.797,1128.444,1688924.56,16995836.032,0.59804,0.000019,0.000668,0,100,0,0,0,0,0.0282,895.0708,35.45,101.76,79.11
Kentucky,KY,Lawrence,2024,FALSE,6,1024404.818,30.33,1065.8,1696537.53,17237595.028,0.60382,0.000018,0.000628,0,100,0,0,0,0,0.0285,961.1605,1.42,-4.61,-5.55
Kentucky,KY,Lawrence,2025,FALSE,6,1254864.945,34.336,1255.138,2043519.24,21115626.628,0.61407,0.000017,0.000614,0,100,0,0,0,0,0.0274,999.7825,22.5,13.21,17.76
Kentucky,KY,Lawrence,2026,TRUE,6,589394.938,17.521,645.669,967432.06,9917699.798,0.60924,0.000018,0.000667,0,100,0,0,0,0,0.0271,912.8438,-53.03,-48.97,-48.56
Kentucky,KY,Marshall,2020,FALSE,11,19768.555,0.591,60.11,102838.18,1584383.292,0.19223,0.000006,0.000585,0,100,0,0,0,0,0.0098,328.873,,,
Kentucky,KY,Marshall,2021,FALSE,11,36315.272,0.633,77.502,130959.92,2115558.685,0.2773,0.000005,0.000592,0,100,0,0,0,0,0.0082,468.5721,83.7,7.11,28.93
Kentucky,KY,Marshall,2022,FALSE,11,318925.428,1.686,166.683,541713.68,7575829.189,0.58873,0.000003,0.000308,0,100,0,0,0,0,0.0101,1913.3651,778.21,166.35,115.07
Kentucky,KY,Marshall,2023,FALSE,11,102156.997,0.697,67.132,215453.65,3111972.155,0.47415,0.000003,0.000312,0,100,0,0,0,0,0.0104,1521.7333,-67.97,-58.66,-59.72
Kentucky,KY,Marshall,2024,FALSE,11,50320.613,0.481,76.952,150509.09,2301088.345,0.33434,0.000003,0.000511,0,100,0,0,0,0,0.0063,653.9221,-50.74,-30.99,14.63
Kentucky,KY,Marshall,2025,FALSE,11,92032.504,0.603,94.1,226348.67,2984299.288,0.4066,0.000003,0.000416,0,100,0,0,0,0,0.0064,978.0287,82.89,25.36,22.28
Kentucky,KY,Marshall,2026,TRUE,11,32576.337,0.176,32.196,82277.06,1125886.06,0.39593,0.000002,0.000391,0,100,0,0,0,0,0.0055,1011.8132,-64.6,-70.81,-65.79
Kentucky,KY,Mason,2020,FALSE,4,7577184.401,3831.409,2884.329,8104200.2,73851755.807,0.93497,0.000473,0.000356,100,0,0,0,0,0,1.3284,2627.0181,,,
Kentucky,KY,Mason,2021,FALSE,4,8723950.591,3968.016,3239.835,9341016.17,85028757.073,0.93394,0.000425,0.000347,100,0,0,0,0,0,1.2248,2692.7145,15.13,3.57,12.33
Kentucky,KY,Mason,2022,FALSE,4,9003446.125,3855.841,3221.554,9356364.98,87752851.73,0.96228,0.000412,0.000344,100,0,0,0,0,0,1.1969,2794.7525,3.2,-2.83,-0.56
Kentucky,KY,Mason,2023,FALSE,4,8108282.716,4084.035,3027.756,8375444.57,79028123.801,0.9681,0.000488,0.000362,100,0,0,0,0,0,1.3489,2677.9842,-9.94,5.92,-6.02
Kentucky,KY,Mason,2024,FALSE,4,8289039.017,3903.335,3138.781,8509597.14,80789919.142,0.97408,0.000459,0.000369,100,0,0,0,0,0,1.2436,2640.8466,2.23,-4.42,3.67
Kentucky,KY,Mason,2025,FALSE,4,9545833.11,4593.545,3555.107,9762264.34,93039338.654,0.97783,0.000471,0.000364,100,0,0,0,0,0,1.2921,2685.1043,15.16,17.68,13.26
Kentucky,KY,Mason,2026,TRUE,4,4390004.496,1717.753,1644.858,4547372.69,42787582.743,0.96539,0.000378,0.000362,100,0,0,0,0,0,1.0443,2668.9261,-54.01,-62.61,-53.73
Kentucky,KY,McCracken,2020,FALSE,13,4717262.344,9024.495,4609.467,4105459.25,45063249.567,1.14902,0.002198,0.001123,99.56,0.44,0,0,0,0,1.9578,1023.3856,,,
Kentucky,KY,McCracken,2021,FALSE,13,7528098.418,14696.589,7010.382,6642147.58,71994302.682,1.13338,0.002213,0.001055,99.31,0.69,0,0,0,0,2.0964,1073.85,59.59,62.85,52.09
Kentucky,KY,McCracken,2022,FALSE,13,7596712.424,14326.064,7295.932,6708747.75,73088597.504,1.13236,0.002135,0.001088,97.93,2.07,0,0,0,0,1.9636,1041.2258,0.91,-2.52,4.07
Kentucky,KY,McCracken,2023,FALSE,13,6442139.867,11660.569,6229.549,5487461.02,61915523.646,1.17397,0.002125,0.001135,98.17,1.83,0,0,0,0,1.8718,1034.1262,-15.2,-18.61,-14.62
Kentucky,KY,McCracken,2024,FALSE,13,7450103.392,12551.163,6563.328,6481151.75,71555280.553,1.1495,0.001937,0.001013,98.32,1.68,0,0,0,0,1.9123,1135.1106,15.65,7.64,5.36
Kentucky,KY,McCracken,2025,FALSE,13,9263641.743,15605.787,5539.574,8313142,88989088.37,1.11434,0.001877,0.000666,98.28,1.72,0,0,0,0,2.8171,1672.2661,24.34,24.34,-15.6
Kentucky,KY,McCracken,2026,TRUE,13,3975106.824,6635.753,2394.912,3635240.84,38481014.263,1.09349,0.001825,0.000659,96.52,3.48,0,0,0,0,2.7708,1659.8133,-57.09,-57.48,-56.77
Kentucky,KY,Mercer,2020,FALSE,8,1516834.619,232.621,372.728,1453487.14,15795745.82,1.04358,0.00016,0.000256,84.66,15.34,0,0,0,0,0.6241,4069.5484,,,
Kentucky,KY,Mercer,2021,FALSE,8,1321281.11,331.468,331.797,1265184.33,13761991.485,1.04434,0.000262,0.000262,84.72,15.28,0,0,0,0,0.999,3982.1973,-12.89,42.49,-10.98
Kentucky,KY,Mercer,2022,FALSE,8,1509389.804,373.227,463.643,1527344.78,16633511.254,0.98824,0.000244,0.000304,72.27,27.73,0,0,0,0,0.805,3255.5,14.24,12.6,39.74
Kentucky,KY,Mercer,2023,FALSE,8,1162678.054,361.624,265.635,1107367.81,11692271.733,1.04995,0.000327,0.00024,92.67,7.33,0,0,0,0,1.3614,4376.9761,-22.97,-3.11,-42.71
Kentucky,KY,Mercer,2024,FALSE,8,1846228.93,659.409,399.097,1734687.58,18971890.855,1.0643,0.00038,0.00023,87.75,12.25,0,0,0,0,1.6523,4626.0156,58.79,82.35,50.24
Kentucky,KY,Mercer,2025,FALSE,8,1909331.519,983.894,542.393,1827764.9,20180267.206,1.04463,0.000538,0.000297,81.49,18.51,0,0,0,0,1.814,3520.1994,3.42,49.21,35.91
Kentucky,KY,Mercer,2026,TRUE,8,1016698.379,352.681,312.978,1062748.96,11289499.31,0.95667,0.000332,0.000294,70.93,29.07,0,0,0,0,1.1269,3248.466,-46.75,-64.15,-42.3
Kentucky,KY,Muhlenberg,2020,FALSE,6,3316502.109,394.613,1526.259,7583902.84,52114080.138,0.43731,0.000052,0.000201,9.75,90.25,0,0,0,0,0.2585,2172.9615,,,
Kentucky,KY,Muhlenberg,2021,FALSE,3,2725922.416,13.762,543.797,6720755.4,45868929.124,0.4056,0.000002,0.000081,0,100,0,0,0,0,0.0253,5012.7574,-17.81,-96.51,-64.37
Kentucky,KY,Muhlenberg,2022,FALSE,3,2816230.836,14.217,460.487,7034446.94,47388680.846,0.40035,0.000002,0.000065,0,100,0,0,0,0,0.0309,6115.7662,3.31,3.31,-15.32
Kentucky,KY,Muhlenberg,2023,FALSE,3,2788315.348,14.077,434.022,6992352.34,46918813.029,0.39877,0.000002,0.000062,0,100,0,0,0,0,0.0324,6424.3641,-0.99,-0.98,-5.75
Kentucky,KY,Muhlenberg,2024,FALSE,6,3602905.89,18.188,642.249,7837368.64,60625799.922,0.45971,0.000002,0.000082,0,100,0,0,0,0,0.0283,5609.8272,29.21,29.2,47.98
Kentucky,KY,Muhlenberg,2025,FALSE,6,3618379.544,18.266,645.592,8371897.41,60886020.754,0.43221,0.000002,0.000077,0,100,0,0,0,0,0.0283,5604.7466,0.43,0.43,0.52
Kentucky,KY,Muhlenberg,2026,TRUE,6,1637184.941,8.266,330.241,3804880.4,27548742.701,0.43029,0.000002,0.000087,0,100,0,0,0,0,0.025,4957.546,-54.75,-54.75,-48.85
Kentucky,KY,Ohio,2020,FALSE,1,2657884.525,4481.117,1161.799,2510036.11,25905336.594,1.0589,0.001785,0.000463,100,0,0,0,0,0,3.8571,2287.7318,,,
Kentucky,KY,Ohio,2021,FALSE,1,3553883.869,7157.087,1761.908,3296345.02,34638231.523,1.07813,0.002171,0.000535,100,0,0,0,0,0,4.0621,2017.0655,33.71,59.72,51.65
Kentucky,KY,Ohio,2022,FALSE,1,2923594.029,6403.831,2006.848,2606338.22,28495077.837,1.12172,0.002457,0.00077,100,0,0,0,0,0,3.191,1456.8089,-17.74,-10.52,13.9
Kentucky,KY,Ohio,2023,FALSE,1,3523880.676,3108.553,2328.918,3150842.05,34345825.504,1.11839,0.000987,0.000739,100,0,0,0,0,0,1.3348,1513.0978,20.53,-51.46,16.05
Kentucky,KY,Ohio,2024,FALSE,1,2952000.564,3017.389,1985.637,2732023.93,28771911.054,1.08052,0.001104,0.000727,100,0,0,0,0,0,1.5196,1486.6769,-16.23,-2.93,-14.74
Kentucky,KY,Ohio,2025,FALSE,1,2887362.167,4478.516,2233.745,2578370.7,28141974.92,1.11984,0.001737,0.000866,100,0,0,0,0,0,2.0049,1292.6105,-2.19,48.42,12.5
Kentucky,KY,Ohio,2026,TRUE,1,837569.731,682.887,1022.946,690412.8,8163438.746,1.21314,0.000989,0.001482,100,0,0,0,0,0,0.6676,818.782,-70.99,-84.75,-54.2
Kentucky,KY,Oldham,2020,FALSE,3,59083.715,0.298,33.75,82882.94,941294.503,0.71286,0.000004,0.000407,0,100,0,0,0,0,0.0088,1750.6286,,,
Kentucky,KY,Oldham,2021,FALSE,3,123182.015,0.621,75.31,181307.24,2071375.912,0.67941,0.000003,0.000415,0,100,0,0,0,0,0.0082,1635.6661,108.49,108.39,123.14
Kentucky,KY,Oldham,2022,FALSE,3,140476.026,0.712,63.568,207266.01,2313466.264,0.67776,0.000003,0.000307,0,100,0,0,0,0,0.0112,2209.8544,14.04,14.65,-15.59
Kentucky,KY,Oldham,2023,FALSE,3,25706.3,0.131,14.635,36844.35,430084.306,0.6977,0.000004,0.000397,0,100,0,0,0,0,0.009,1756.4947,-81.7,-81.6,-76.98
Kentucky,KY,Oldham,2024,FALSE,3,79719.042,0.399,48.294,113970.87,1339775.048,0.69947,0.000004,0.000424,0,100,0,0,0,0,0.0083,1650.7028,210.11,204.58,229.99
Kentucky,KY,Oldham,2025,FALSE,3,144610.078,0.727,88.387,209548.87,2426812.239,0.6901,0.000003,0.000422,0,100,0,0,0,0,0.0082,1636.1012,81.4,82.21,83.02
Kentucky,KY,Oldham,2026,TRUE,3,64130.345,0.323,43.83,96407.09,1070451.222,0.6652,0.000003,0.000455,0,100,0,0,0,0,0.0074,1463.161,-55.65,-55.57,-50.41
Kentucky,KY,Pulaski,2020,FALSE,2,176678.565,46.87,119.964,175911.6,1722022.663,1.00436,0.000266,0.000682,100,0,0,0,0,0,0.3907,1472.7632,,,
Kentucky,KY,Pulaski,2021,FALSE,2,527588.208,164.5,349.209,539595.83,5142216.955,0.97775,0.000305,0.000647,100,0,0,0,0,0,0.4711,1510.8093,198.61,250.97,191.09
Kentucky,KY,Pulaski,2022,FALSE,2,611761.573,154.835,380.939,615855.12,5962589.458,0.99335,0.000251,0.000619,100,0,0,0,0,0,0.4065,1605.9305,15.95,-5.88,9.09
Kentucky,KY,Pulaski,2023,FALSE,2,530830.088,149.085,240.801,539135.56,5173769.816,0.98459,0.000277,0.000447,100,0,0,0,0,0,0.6191,2204.4347,-13.23,-3.71,-36.79
Kentucky,KY,Pulaski,2024,FALSE,2,513546.378,134.227,332.773,504099.45,5005357.852,1.01874,0.000266,0.00066,100,0,0,0,0,0,0.4034,1543.2333,-3.26,-9.97,38.19
Kentucky,KY,Pulaski,2025,FALSE,2,586891.855,140.131,409.831,585864.3,5720196.036,1.00175,0.000239,0.0007,100,0,0,0,0,0,0.3419,1432.0338,14.28,4.4,23.16
Kentucky,KY,Pulaski,2026,TRUE,2,362978.057,144.753,216.291,376403.18,3537807.477,0.96433,0.000385,0.000575,100,0,0,0,0,0,0.6693,1678.1931,-38.15,3.3,-47.22
Kentucky,KY,Trimble,2020,FALSE,8,8478734.484,3747.985,2334.892,9702331.42,84222695.172,0.87389,0.000386,0.000241,92.72,7.28,0,0,0,0,1.6052,3631.3176,,,
Kentucky,KY,Trimble,2021,FALSE,8,8456468.644,2900.786,2035.903,9788549.39,85413476.077,0.86391,0.000296,0.000208,88.76,11.24,0,0,0,0,1.4248,4153.6697,-0.26,-22.6,-12.81
Kentucky,KY,Trimble,2022,FALSE,8,9529903.873,3511.545,2285.798,11087998.22,101390083.223,0.85948,0.000317,0.000206,77.73,22.27,0,0,0,0,1.5362,4169.1802,12.69,21.05,12.27
Kentucky,KY,Trimble,2023,FALSE,8,7648555.397,2832.426,1890.784,8631219.9,75615072.784,0.88615,0.000328,0.000219,93.91,6.09,0,0,0,0,1.498,4045.1767,-19.74,-19.34,-17.28
Kentucky,KY,Trimble,2024,FALSE,8,8365125.415,3558.673,2362.576,9721045.85,87758643.516,0.86052,0.000366,0.000243,80.92,19.08,0,0,0,0,1.5063,3540.6799,9.37,25.64,24.95
Kentucky,KY,Trimble,2025,FALSE,8,8392019.738,4117.475,2170.87,9617255.6,86134810.298,0.8726,0.000428,0.000226,85.54,14.46,0,0,0,0,1.8967,3865.7403,0.32,15.7,-8.11
Kentucky,KY,Trimble,2026,TRUE,8,3494317.644,1109.058,848.764,4191645.34,38191477.188,0.83364,0.000265,0.000202,71.35,28.65,0,0,0,0,1.3067,4116.9485,-58.36,-73.06,-60.9
Kentucky,KY,Webster,2020,FALSE,3,1407376.869,2174.029,1556.138,1304864.45,13767223.373,1.07856,0.001666,0.001193,99.64,0.36,0,0,0,0,1.3971,904.4036,,,
Kentucky,KY,Webster,2021,FALSE,3,2820234.773,2734.259,2585.984,2662841.39,27566131.706,1.05911,0.001027,0.000971,99.72,0.28,0,0,0,0,1.0573,1090.5848,100.39,25.77,66.18
Kentucky,KY,Webster,2022,FALSE,3,792531.862,980.562,733.79,897361.29,9830895.872,0.88318,0.001093,0.000818,99.79,0.21,0,0,0,0,1.3363,1080.0527,-71.9,-64.14,-71.62
Kentucky,KY,Webster,2023,FALSE,3,117995.361,4.786,128.354,204562.12,2125198.834,0.57682,0.000023,0.000627,0,100,0,0,0,0,0.0373,919.2963,-85.11,-99.51,-82.51
Kentucky,KY,Webster,2024,FALSE,3,506595.706,14.677,507.424,818391.56,8928400.829,0.61901,0.000018,0.00062,0,100,0,0,0,0,0.0289,998.3676,329.34,206.67,295.33
Kentucky,KY,Webster,2025,FALSE,2,544346.618,2.748,389.459,834242.1,9159868.298,0.6525,0.000003,0.000467,0,100,0,0,0,0,0.0071,1397.6994,7.45,-81.28,-23.25
Kentucky,KY,Webster,2026,TRUE,2,116903.708,0.59,85.523,161248.77,1967086.398,0.72499,0.000004,0.00053,0,100,0,0,0,0,0.0069,1366.9271,-78.52,-78.53,-78.04
Louisiana,LA,Acadia Parish,2020,FALSE,8,2440633.165,12.32,212.725,6176125.86,41068346.443,0.39517,0.000002,0.000034,0,100,0,0,0,0,0.0579,11473.1845,,,
Louisiana,LA,Acadia Parish,2021,FALSE,8,2251269.484,11.366,210.81,5496645.05,37881977.319,0.40957,0.000002,0.000038,0,100,0,0,0,0,0.0539,10679.1399,-7.76,-7.74,-0.9
Louisiana,LA,Acadia Parish,2022,FALSE,8,2351047.032,11.87,218.715,5674562.5,39560933.828,0.41431,0.000002,0.000039,0,100,0,0,0,0,0.0543,10749.3635,4.43,4.43,3.75
Louisiana,LA,Acadia Parish,2023,FALSE,8,2680944.205,13.533,227.805,5994423.48,45112214.498,0.44724,0.000002,0.000038,0,100,0,0,0,0,0.0594,11768.5925,14.03,14.01,4.16
Louisiana,LA,Acadia Parish,2024,FALSE,8,2961805.198,14.953,259.747,6734174.09,49838087.896,0.43982,0.000002,0.000039,0,100,0,0,0,0,0.0576,11402.6541,10.48,10.49,14.02
Louisiana,LA,Acadia Parish,2025,FALSE,8,2750798.795,13.888,245.121,6207853.76,46287416.314,0.44312,0.000002,0.000039,0,100,0,0,0,0,0.0567,11222.2078,-7.12,-7.12,-5.63
Louisiana,LA,Acadia Parish,2026,TRUE,8,1204750.322,6.081,93.11,2730619.99,20272201.303,0.4412,0.000002,0.000034,0,100,0,0,0,0,0.0653,12939.0003,-56.2,-56.21,-62.01
Louisiana,LA,Caddo Parish,2020,FALSE,5,1454657.578,9.279,165.767,2291374.71,24477376.976,0.63484,0.000004,0.000072,0,100,0,0,0,0,0.056,8775.3146,,,
Louisiana,LA,Caddo Parish,2021,FALSE,5,1278256.605,6.453,201.601,1978057.69,21509097.131,0.64622,0.000003,0.000102,0,100,0,0,0,0,0.032,6340.5271,-12.13,-30.46,21.62
Louisiana,LA,Caddo Parish,2022,FALSE,5,1448556.155,7.313,314.238,2239056.22,24374712.031,0.64695,0.000003,0.00014,0,100,0,0,0,0,0.0233,4609.7422,13.32,13.33,55.87
Louisiana,LA,Caddo Parish,2023,FALSE,5,1683079.321,8.497,434.991,2609506.27,28320937.905,0.64498,0.000003,0.000167,0,100,0,0,0,0,0.0195,3869.2279,16.19,16.19,38.43
Louisiana,LA,Caddo Parish,2024,FALSE,5,1618616.658,8.172,487.783,2503008.46,27236238.336,0.64667,0.000003,0.000195,0,100,0,0,0,0,0.0168,3318.313,-3.83,-3.82,12.14
Louisiana,LA,Caddo Parish,2025,FALSE,5,1687934.516,8.52,491.952,2600996.73,28402654.584,0.64896,0.000003,0.000189,0,100,0,0,0,0,0.0173,3431.096,4.28,4.26,0.85
Louisiana,LA,Caddo Parish,2026,TRUE,5,714736.054,3.608,164.425,1103233.95,12026798.277,0.64786,0.000003,0.000149,0,100,0,0,0,0,0.0219,4346.8819,-57.66,-57.65,-66.58
Louisiana,LA,Calcasieu Parish,2020,FALSE,9,4077650.522,3739.006,2665.431,7203583.56,74426523.902,0.56606,0.000519,0.00037,15.16,65.45,0,0,19.4,0,1.4028,1529.8278,,,
Louisiana,LA,Calcasieu Parish,2021,FALSE,9,5516311.224,4852.256,3300.518,9632440.68,96980477.076,0.57268,0.000504,0.000343,18.56,62.96,0,0,18.48,0,1.4701,1671.3471,35.28,29.77,23.83
Louisiana,LA,Calcasieu Parish,2022,FALSE,9,6933108.987,6230.57,4342.974,11438505.79,113361140.853,0.60612,0.000545,0.00038,22.29,63.57,0,0,14.14,0,1.4346,1596.3966,25.68,28.41,31.58
Louisiana,LA,Calcasieu Parish,2023,FALSE,9,5586044.404,4610.632,2403.256,9914732.73,82639061.954,0.56341,0.000465,0.000242,22.13,74.69,0,0,3.18,0,1.9185,2324.3651,-19.43,-26,-44.66
Louisiana,LA,Calcasieu Parish,2024,FALSE,7,5783988.841,4294.97,2339.343,9892328,83114717.15,0.58469,0.000434,0.000236,22.36,77.64,0,0,0,0,1.836,2472.4843,3.54,-6.85,-2.66
Louisiana,LA,Calcasieu Parish,2025,FALSE,7,6871417.694,5654.539,2306.356,11899955.76,97457938.86,0.57743,0.000475,0.000194,24.37,75.63,0,0,0,0,2.4517,2979.3396,18.8,31.65,-1.41
Louisiana,LA,Calcasieu Parish,2026,TRUE,7,3907640.22,3808.81,1407.085,6384541.63,53897927.59,0.61205,0.000597,0.00022,28.76,71.24,0,0,0,0,2.7069,2777.1174,-43.13,-32.64,-38.99
Louisiana,LA,De Soto Parish,2020,FALSE,1,830981.316,3107.023,1009.057,792668.73,7632777.63,1.04833,0.00392,0.001273,100,0,0,0,0,0,3.0791,823.5227,,,
Louisiana,LA,De Soto Parish,2021,FALSE,1,1408050.192,5102.658,1969.6,1201780.5,12933398.726,1.17164,0.004246,0.001639,100,0,0,0,0,0,2.5907,714.8914,69.44,64.23,95.19
Louisiana,LA,East Baton Rouge Parish,2020,FALSE,5,2271277.068,19.158,1608.3,3223665.23,38218653.182,0.70456,0.000006,0.000499,0,100,0,0,0,0,0.0119,1412.2223,,,
Louisiana,LA,East Baton Rouge Parish,2021,FALSE,5,2266762.504,24.536,1632.525,3894760.61,38142525.933,0.582,0.000006,0.000419,0,100,0,0,0,0,0.015,1388.5009,-0.2,28.07,1.51
Louisiana,LA,East Baton Rouge Parish,2022,FALSE,5,2309285.407,21.104,1240.565,3601625.4,38858121.957,0.64118,0.000006,0.000344,0,100,0,0,0,0,0.017,1861.4788,1.88,-13.99,-24.01
Louisiana,LA,East Baton Rouge Parish,2023,FALSE,5,2290241.582,20.166,1230.616,3333297.56,38537841.56,0.68708,0.000006,0.000369,0,100,0,0,0,0,0.0164,1861.053,-0.82,-4.44,-0.8
Louisiana,LA,East Baton Rouge Parish,2024,FALSE,5,2359947.716,29.266,1329.162,3734583.14,39710569.209,0.63192,0.000008,0.000356,0,100,0,0,0,0,0.022,1775.5155,3.04,45.13,8.01
Louisiana,LA,East Baton Rouge Parish,2025,FALSE,5,2333425.133,17.007,1265.676,3390600.46,39264116.351,0.6882,0.000005,0.000373,0,100,0,0,0,0,0.0134,1843.6196,-1.12,-41.89,-4.78
Louisiana,LA,East Baton Rouge Parish,2026,TRUE,5,1101426.204,8.105,580.126,1882835.76,18533503.433,0.58498,0.000004,0.000308,0,100,0,0,0,0,0.014,1898.5982,-52.8,-52.34,-54.16
Louisiana,LA,Evangeline Parish,2020,FALSE,3,1632662.042,8.243,508.222,3835737.57,27472642.949,0.42564,0.000002,0.000132,0,100,0,0,0,0,0.0162,3212.4978,,,
Louisiana,LA,Evangeline Parish,2021,FALSE,3,1176226.597,5.937,376.95,2670305.74,19792279.394,0.44048,0.000002,0.000141,0,100,0,0,0,0,0.0158,3120.3783,-27.96,-27.98,-25.83
Louisiana,LA,Evangeline Parish,2022,FALSE,3,1728779.926,8.728,500.731,3937499.88,29090058.363,0.43906,0.000002,0.000127,0,100,0,0,0,0,0.0174,3452.5123,46.98,47.01,32.84
Louisiana,LA,Evangeline Parish,2023,FALSE,3,1790179.255,9.038,488.587,4046054.3,30123096.7,0.44245,0.000002,0.000121,0,100,0,0,0,0,0.0185,3663.9928,3.55,3.55,-2.43
Louisiana,LA,Evangeline Parish,2024,FALSE,3,1945416.108,9.822,552.113,4432825.47,32735507.926,0.43887,0.000002,0.000125,0,100,0,0,0,0,0.0178,3523.5832,8.67,8.67,13
Louisiana,LA,Evangeline Parish,2025,FALSE,3,1480946.299,7.476,403.727,3365187.92,24919830.234,0.44008,0.000002,0.00012,0,100,0,0,0,0,0.0185,3668.1874,-23.88,-23.89,-26.88
Louisiana,LA,Evangeline Parish,2026,TRUE,3,816316.338,4.121,173.449,1841647.3,13736061.789,0.44325,0.000002,0.000094,0,100,0,0,0,0,0.0238,4706.3767,-44.88,-44.88,-57.04
Louisiana,LA,Iberville Parish,2020,FALSE,6,4431522.74,15.31,810.899,13029469.33,77131249.134,0.34012,0.000001,0.000062,0,100,0,0,0,0,0.0189,5464.9503,,,
Louisiana,LA,Iberville Parish,2021,FALSE,6,4708085.916,20.821,840.479,13284870.37,80040980.722,0.35439,0.000002,0.000063,0,100,0,0,0,0,0.0248,5601.6699,6.24,36,3.65
Louisiana,LA,Iberville Parish,2022,FALSE,6,4460608.362,16.532,794.408,12829297.8,77681133.639,0.34769,0.000001,0.000062,0,100,0,0,0,0,0.0208,5615.0094,-5.26,-20.6,-5.48
Louisiana,LA,Iberville Parish,2023,FALSE,6,4558016.028,17.306,860.692,13240426.19,79651103.738,0.34425,0.000001,0.000065,0,100,0,0,0,0,0.0201,5295.7574,2.18,4.68,8.34
Louisiana,LA,Iberville Parish,2024,FALSE,6,4539588.405,18.094,840.032,13188723.99,78561857.974,0.3442,0.000001,0.000064,0,100,0,0,0,0,0.0215,5404.066,-0.4,4.55,-2.4
Louisiana,LA,Iberville Parish,2025,FALSE,6,5007485.131,25.361,874.313,13619384.36,87873739.773,0.36767,0.000002,0.000064,0,100,0,0,0,0,0.029,5727.3369,10.31,40.16,4.08
Louisiana,LA,Iberville Parish,2026,TRUE,7,2892014.927,12.852,508.902,7994764.22,50483155.73,0.36174,0.000002,0.000064,0,100,0,0,0,0,0.0253,5682.8524,-42.25,-49.32,-41.79
Louisiana,LA,Jefferson Parish,2020,FALSE,4,4846137.255,24.472,9078.929,9732153.79,81544367.131,0.49795,0.000003,0.000933,0,100,0,0,0,0,0.0027,533.7785,,,
Louisiana,LA,Jefferson Parish,2021,FALSE,4,4324456.964,21.834,5860.566,8620342.27,72755644.259,0.50166,0.000003,0.00068,0,100,0,0,0,0,0.0037,737.8907,-10.76,-10.78,-35.45
Louisiana,LA,Jefferson Parish,2022,FALSE,4,4439437.486,22.416,6114.896,8694714.25,74683581.553,0.51059,0.000003,0.000703,0,100,0,0,0,0,0.0037,726.0038,2.66,2.67,4.34
Louisiana,LA,Jefferson Parish,2023,FALSE,4,4084083.447,20.619,4614.718,8260547.84,68717791.878,0.49441,0.000002,0.000559,0,100,0,0,0,0,0.0045,885.0126,-8,-8.02,-24.53
Louisiana,LA,Jefferson Parish,2024,FALSE,4,4640195.49,23.426,9185.177,9155445.41,78072737.949,0.50682,0.000003,0.001003,0,100,0,0,0,0,0.0026,505.183,13.62,13.61,99.04
Louisiana,LA,Jefferson Parish,2025,FALSE,4,4339196.576,21.907,5394.817,8619445.67,73005420.134,0.50342,0.000003,0.000626,0,100,0,0,0,0,0.0041,804.3269,-6.49,-6.48,-41.27
Louisiana,LA,Jefferson Parish,2026,TRUE,4,2016141.021,10.214,2318.919,3915995.39,33782275.394,0.51485,0.000003,0.000592,0,100,0,0,0,0,0.0044,869.4314,-53.54,-53.38,-57.02
Louisiana,LA,Lafayette Parish,2020,FALSE,4,28598.43,0.145,21.653,42135.37,481194.475,0.67873,0.000003,0.000514,0,100,0,0,0,0,0.0067,1320.7606,,,
Louisiana,LA,Lafayette Parish,2021,FALSE,4,38470.451,0.194,29.487,59328.35,647357.671,0.64843,0.000003,0.000497,0,100,0,0,0,0,0.0066,1304.658,34.52,33.79,36.18
Louisiana,LA,Lafayette Parish,2022,FALSE,4,117057.805,0.591,81.091,197848.51,1969763.189,0.59165,0.000003,0.00041,0,100,0,0,0,0,0.0073,1443.5363,204.28,204.64,175.01
Louisiana,LA,Lafayette Parish,2023,FALSE,4,61442.989,0.31,43.384,104933.46,1033902.61,0.58554,0.000003,0.000413,0,100,0,0,0,0,0.0071,1416.2592,-47.51,-47.55,-46.5
Louisiana,LA,Lafayette Parish,2024,FALSE,4,53496.309,0.27,36.853,89510.89,900193.956,0.59765,0.000003,0.000412,0,100,0,0,0,0,0.0073,1451.6134,-12.93,-12.9,-15.05
Louisiana,LA,Lafayette Parish,2025,FALSE,4,82945.549,0.418,57.393,135782.14,1395645.135,0.61087,0.000003,0.000423,0,100,0,0,0,0,0.0073,1445.2207,55.05,54.81,55.73
Louisiana,LA,Lafayette Parish,2026,TRUE,4,23152.889,0.117,15.869,36574.84,389538.597,0.63303,0.000003,0.000434,0,100,0,0,0,0,0.0074,1459.0011,-72.09,-72.01,-72.35
Louisiana,LA,Ouachita Parish,2020,FALSE,7,2936981.338,14.828,359.078,6747576.1,49420283.614,0.43526,0.000002,0.000053,0,100,0,0,0,0,0.0413,8179.2294,,,
Louisiana,LA,Ouachita Parish,2021,FALSE,7,2196367.271,11.089,306.591,5078785.1,36957961.931,0.43246,0.000002,0.00006,0,100,0,0,0,0,0.0362,7163.8348,-25.22,-25.22,-14.62
Louisiana,LA,Ouachita Parish,2022,FALSE,7,3100266.515,15.65,407.614,7032705.8,52167857.046,0.44084,0.000002,0.000058,0,100,0,0,0,0,0.0384,7605.8882,41.15,41.13,32.95
Louisiana,LA,Ouachita Parish,2023,FALSE,6,3400173.321,17.165,441.39,8028846.72,57214151.039,0.42349,0.000002,0.000055,0,100,0,0,0,0,0.0389,7703.3311,9.67,9.68,8.29
Louisiana,LA,Ouachita Parish,2024,FALSE,6,3987508.125,20.129,521.973,9288072.5,67097342.41,0.42931,0.000002,0.000056,0,100,0,0,0,0,0.0386,7639.2996,17.27,17.27,18.26
Louisiana,LA,Ouachita Parish,2025,FALSE,6,3376244.768,17.044,456.175,7836340.68,56811736.074,0.43084,0.000002,0.000058,0,100,0,0,0,0,0.0374,7401.2052,-15.33,-15.33,-12.61
Louisiana,LA,Ouachita Parish,2026,TRUE,6,1663845.355,8.399,226.878,3975527.81,27997472.259,0.41852,0.000002,0.000057,0,100,0,0,0,0,0.037,7333.6567,-50.72,-50.72,-50.27
Louisiana,LA,Pointe Coupee Parish,2020,FALSE,7,1116866.543,992.963,752.372,1429592.05,15918418.387,0.78125,0.000695,0.000526,24.44,75.56,0,0,0,0,1.3198,1484.4605,,,
Louisiana,LA,Pointe Coupee Parish,2021,FALSE,7,3284075.906,7946.278,1946.85,2952993.51,32664786.126,1.11212,0.002691,0.000659,90.87,9.13,0,0,0,0,4.0816,1686.8664,194.04,700.26,158.76
Louisiana,LA,Pointe Coupee Parish,2022,FALSE,7,4329735.184,9565.275,2646.508,4201392.99,44376950.03,1.03055,0.002277,0.00063,84.48,15.52,0,0,0,0,3.6143,1636.0182,31.84,20.37,35.94
Louisiana,LA,Pointe Coupee Parish,2023,FALSE,7,2515593.126,3687.204,1519.982,2743670.59,30035955.255,0.91687,0.001344,0.000554,52.87,47.13,0,0,0,0,2.4258,1655.0151,-41.9,-61.45,-42.57
Louisiana,LA,Pointe Coupee Parish,2024,FALSE,7,1724921.087,2399.216,1019.654,1919275.94,21587230.102,0.89874,0.00125,0.000531,44.17,55.83,0,0,0,0,2.353,1691.6729,-31.43,-34.93,-32.92
Louisiana,LA,Pointe Coupee Parish,2025,FALSE,7,2917075.583,6094.71,1730.991,2932678.07,31668337.777,0.99468,0.002078,0.00059,71.38,28.62,0,0,0,0,3.5209,1685.2055,69.11,154.03,69.76
Louisiana,LA,Pointe Coupee Parish,2026,TRUE,6,395667.284,861.637,227.927,372624.02,4265344.307,1.06184,0.002312,0.000612,73.37,26.63,0,0,0,0,3.7803,1735.9386,-86.44,-85.86,-86.83
Louisiana,LA,Rapides Parish,2020,FALSE,4,5593480.331,3724.314,2687.653,5366111.81,56392476.86,1.04237,0.000694,0.000501,23.99,12.76,0,0,63.26,0,1.3857,2081.1765,,,
Louisiana,LA,Rapides Parish,2021,FALSE,4,6794974.948,5570.494,3866.872,6625753.75,66738478.882,1.02554,0.000841,0.000584,38.32,7.24,0,0,54.43,0,1.4406,1757.2278,21.48,49.57,43.88
Louisiana,LA,Rapides Parish,2022,FALSE,4,6245322.47,5357.282,4159.07,6020588.31,62201844.74,1.03733,0.00089,0.000691,45.08,10.1,0,0,44.82,0,1.2881,1501.6151,-8.09,-3.83,7.56
Louisiana,LA,Rapides Parish,2023,FALSE,4,4380531.858,3166.109,3784.608,4535779.65,48048689.686,0.96577,0.000698,0.000834,41.06,30.41,0,0,28.53,0,0.8366,1157.4599,-29.86,-40.9,-9
Louisiana,LA,Rapides Parish,2024,FALSE,4,2653132.214,2026.29,3047.224,2907818.28,30816454.449,0.91241,0.000697,0.001048,56.79,40.99,0,0,2.22,0,0.665,870.6719,-39.43,-36,-19.48
Louisiana,LA,Rapides Parish,2025,FALSE,4,3198506.934,2636.554,2769.817,3286825.89,34863153.405,0.97313,0.000802,0.000843,48.93,28.7,0,0,22.37,0,0.9519,1154.7719,20.56,30.12,-9.1
Louisiana,LA,Rapides Parish,2026,TRUE,4,1884865.054,1602.237,1892.458,2034908.1,21049698.484,0.92627,0.000787,0.00093,56.44,32.2,0,0,11.36,0,0.8466,995.9878,-41.07,-39.23,-31.68
Louisiana,LA,St. Charles Parish,2020,FALSE,10,6199893.972,31.616,2995.664,11491259.77,104320825.135,0.53953,0.000003,0.000261,0,99.99,0.01,0,0,0,0.0106,2069.6226,,,
Louisiana,LA,St. Charles Parish,2021,FALSE,10,4612162.599,24.701,1571.317,8706319.95,77587773.03,0.52975,0.000003,0.00018,0,99.93,0.07,0,0,0,0.0157,2935.221,-25.61,-21.87,-47.55
Louisiana,LA,St. Charles Parish,2022,FALSE,9,5799973.791,32.19,2103.591,10620191.5,97552752.031,0.54613,0.000003,0.000198,0,99.88,0.12,0,0,0,0.0153,2757.1775,25.75,30.32,33.87
Louisiana,LA,St. Charles Parish,2023,FALSE,9,5498653.062,28.829,2017.582,9880036.69,92509546.315,0.55654,0.000003,0.000204,0,99.95,0.05,0,0,0,0.0143,2725.3678,-5.2,-10.44,-4.09
Louisiana,LA,St. Charles Parish,2024,FALSE,9,5629861.498,28.976,2450.616,10277736.02,94725174.34,0.54777,0.000003,0.000238,0,99.98,0.02,0,0,0,0.0118,2297.325,2.39,0.51,21.46
Louisiana,LA,St. Charles Parish,2025,FALSE,9,5848860.72,30.876,1880.508,10693946.86,98398660.883,0.54693,0.000003,0.000176,0,99.94,0.06,0,0,0,0.0164,3110.2557,3.89,6.56,-23.26
Louisiana,LA,St. Charles Parish,2026,TRUE,9,2511739.701,12.722,976.586,4296581.75,42263882.618,0.58459,0.000003,0.000227,0,100,0,0,0,0,0.013,2571.9596,-57.06,-58.8,-48.07
Louisiana,LA,St. Mary Parish,2020,FALSE,3,401290.216,2.027,637.755,713179.57,6752637.673,0.56268,0.000003,0.000894,0,100,0,0,0,0,0.0032,629.2232,,,
Louisiana,LA,St. Mary Parish,2021,FALSE,3,343532.465,1.736,328.206,643988.15,5781307.566,0.53345,0.000003,0.00051,0,100,0,0,0,0,0.0053,1046.6977,-14.39,-14.36,-48.54
Louisiana,LA,St. Mary Parish,2022,FALSE,3,337382.478,1.703,417.716,619248.67,5677670.336,0.54483,0.000003,0.000675,0,100,0,0,0,0,0.0041,807.6839,-1.79,-1.9,27.27
Louisiana,LA,St. Mary Parish,2023,FALSE,3,207122.444,1.046,229.692,372988.48,3485340.192,0.55531,0.000003,0.000616,0,100,0,0,0,0,0.0046,901.7399,-38.61,-38.58,-45.01
Louisiana,LA,St. Mary Parish,2024,FALSE,3,86708.324,0.438,42.052,174185.12,1459230.444,0.49779,0.000003,0.000241,0,100,0,0,0,0,0.0104,2061.931,-58.14,-58.13,-81.69
Louisiana,LA,St. Mary Parish,2025,FALSE,1,4264.1,0.022,0.615,5893.5,72295.2,0.72353,0.000004,0.000104,0,100,0,0,0,0,0.0358,6933.4959,-95.08,-94.98,-98.54
Louisiana,LA,St. Mary Parish,2026,TRUE,2,63386.039,0.321,10.04,131739.51,1067877.564,0.48115,0.000002,0.000076,0,100,0,0,0,0,0.032,6313.3505,1386.5,1359.09,1532.52
Louisiana,LA,Terrebonne Parish,2020,FALSE,2,20176.954,0.102,28.786,28606.4,339518.653,0.70533,0.000004,0.001006,0,100,0,0,0,0,0.0035,700.9294,,,
Louisiana,LA,Terrebonne Parish,2021,FALSE,2,16179.844,0.081,29.883,23484.15,272300.7,0.68897,0.000003,0.001272,0,100,0,0,0,0,0.0027,541.4397,-19.81,-20.59,3.81
Louisiana,LA,Terrebonne Parish,2022,FALSE,0,0,0,0,0,0,,,,,,,,,,,,-100,-100,-100
Louisiana,LA,Terrebonne Parish,2023,FALSE,0,0,0,0,0,0,,,,,,,,,,,,,,
Louisiana,LA,Terrebonne Parish,2024,FALSE,0,0,0,0,0,0,,,,,,,,,,,,,,
Louisiana,LA,Terrebonne Parish,2025,FALSE,0,0,0,0,0,0,,,,,,,,,,,,,,
Louisiana,LA,Terrebonne Parish,2026,TRUE,0,0,0,0,0,0,,,,,,,,,,,,,,
Louisiana,LA,Washington Parish,2020,FALSE,2,3956.169,0.02,1.047,7595.37,66571.89,0.52087,0.000003,0.000138,0,100,0,0,0,0,0.0191,3778.5759,,,
Louisiana,LA,Washington Parish,2021,FALSE,2,101493.715,0.512,21.979,187412.31,1707826.541,0.54155,0.000003,0.000117,0,100,0,0,0,0,0.0233,4617.7585,2465.45,2460,1999.24
Louisiana,LA,Washington Parish,2022,FALSE,2,207218.454,1.046,44.555,383615.34,3486843.294,0.54017,0.000003,0.000116,0,100,0,0,0,0,0.0235,4650.8462,104.17,104.3,102.72
Louisiana,LA,Washington Parish,2023,FALSE,2,186652.554,0.942,41.895,349302.3,3140803.97,0.53436,0.000003,0.00012,0,100,0,0,0,0,0.0225,4455.2465,-9.92,-9.94,-5.97
Louisiana,LA,Washington Parish,2024,FALSE,2,158258.071,0.799,36.406,295840.62,2663021.609,0.53494,0.000003,0.000123,0,100,0,0,0,0,0.0219,4347.0327,-15.21,-15.18,-13.1
Louisiana,LA,Washington Parish,2025,FALSE,2,227486.185,1.149,52.402,415456.17,3827890.475,0.54756,0.000003,0.000126,0,100,0,0,0,0,0.0219,4341.1737,43.74,43.8,43.94
Louisiana,LA,Washington Parish,2026,TRUE,2,48145.232,0.243,10.932,89238.58,810156.935,0.53951,0.000003,0.000123,0,100,0,0,0,0,0.0222,4404.0644,-78.84,-78.85,-79.14
Maine,ME,Cumberland,2020,FALSE,4,430147.398,50.467,79.064,1121819.19,7154910.941,0.38344,0.000045,0.00007,0,97.29,2.71,0,0,0,0.6383,5440.4963,,,
Maine,ME,Cumberland,2021,FALSE,4,780308.484,30.41,110.443,2016356.09,13081833.859,0.38699,0.000015,0.000055,0,99.17,0.83,0,0,0,0.2753,7065.2598,81.4,-39.74,39.69
Maine,ME,Cumberland,2022,FALSE,4,1230573.694,650.86,322.41,2887296.85,19594578.122,0.4262,0.000225,0.000112,0,86.92,13.08,0,0,0,2.0187,3816.7975,57.7,2040.28,191.92
Maine,ME,Cumberland,2023,FALSE,4,1001006.93,140.847,159.088,2567579.92,16618723.405,0.38986,0.000055,0.000062,0,96.88,3.12,0,0,0,0.8853,6292.1586,-18.66,-78.36,-50.66
Maine,ME,Cumberland,2024,FALSE,4,1243497.791,113.987,149.933,3239305.86,20759571.474,0.38388,0.000035,0.000046,0,97.94,2.06,0,0,0,0.7603,8293.6898,24.22,-19.07,-5.75
Maine,ME,Cumberland,2025,FALSE,4,1480481.619,405.397,247.018,3733824.01,24357752.583,0.39651,0.000109,0.000066,0,93.77,6.23,0,0,0,1.6412,5993.4159,19.06,255.65,64.75
Maine,ME,Cumberland,2026,TRUE,4,846533.376,456.87,345.306,1937018.11,13360496.365,0.43703,0.000236,0.000178,0,81.89,18.11,0,0,0,1.3231,2451.5455,-42.82,12.7,39.79
Maine,ME,Franklin,2020,FALSE,3,277735.255,1.73,34.401,373593.6,4668678.569,0.74342,0.000005,0.000092,0,100,0,0,0,0,0.0503,8073.4646,,,
Maine,ME,Franklin,2021,FALSE,3,300773.754,1.756,37.049,390589.34,5057597.854,0.77005,0.000004,0.000095,0,100,0,0,0,0,0.0474,8118.2692,8.3,1.5,7.7
Maine,ME,Franklin,2022,FALSE,3,314284.169,4.271,45.578,407126.6,5249153.408,0.77196,0.00001,0.000112,0,100,0,0,0,0,0.0937,6895.5235,4.49,143.22,23.02
Maine,ME,Franklin,2023,FALSE,3,62395.511,1.34,10.284,83586.33,1034880.025,0.74648,0.000016,0.000123,0,100,0,0,0,0,0.1303,6067.2414,-80.15,-68.63,-77.44
Maine,ME,Hancock,2020,FALSE,1,2987.202,0.127,3.009,3932.29,49396.884,0.75966,0.000032,0.000765,0,100,0,0,0,0,0.0422,992.7557,,,
Maine,ME,Hancock,2021,FALSE,1,4364.103,0.189,4.513,5816,72829.75,0.75036,0.000032,0.000776,0,100,0,0,0,0,0.0419,967.0071,46.09,48.82,49.98
Maine,ME,Hancock,2022,FALSE,1,7243.093,0.248,6.559,9673.25,114025.55,0.74878,0.000026,0.000678,0,100,0,0,0,0,0.0378,1104.2984,65.97,31.22,45.34
Maine,ME,Hancock,2023,FALSE,1,10048.495,0.446,6.03,13756.25,169445.25,0.73047,0.000032,0.000438,0,100,0,0,0,0,0.074,1666.4171,38.73,79.84,-8.07
Maine,ME,Hancock,2024,FALSE,1,9965.584,0.456,4.923,14202.66,169809.872,0.70167,0.000032,0.000347,0,100,0,0,0,0,0.0926,2024.2909,-0.83,2.24,-18.36
Maine,ME,Hancock,2025,FALSE,1,8233.099,0.366,4.572,12162.15,137169.142,0.67694,0.00003,0.000376,0,100,0,0,0,0,0.0801,1800.7653,-17.38,-19.74,-7.13
Maine,ME,Hancock,2026,TRUE,1,16299.95,0.298,12.005,20511.02,226226.861,0.79469,0.000015,0.000585,0,100,0,0,0,0,0.0248,1357.7634,97.98,-18.58,162.58
Maine,ME,Oxford,2020,FALSE,1,74514.703,0.376,13.212,166510.07,1253848.768,0.44751,0.000002,0.000079,0,100,0,0,0,0,0.0285,5639.9261,,,
Maine,ME,Oxford,2021,FALSE,1,145037.74,0.732,21.803,333471.73,2440563.036,0.43493,0.000002,0.000065,0,100,0,0,0,0,0.0336,6652.1919,94.64,94.68,65.02
Maine,ME,Oxford,2022,FALSE,1,189862.314,0.958,31.016,438778.16,3194788.199,0.43271,0.000002,0.000071,0,100,0,0,0,0,0.0309,6121.4313,30.91,30.87,42.26
Maine,ME,Oxford,2023,FALSE,1,175962.497,0.888,24.175,413879.53,2960892.075,0.42515,0.000002,0.000058,0,100,0,0,0,0,0.0367,7278.6969,-7.32,-7.31,-22.06
Maine,ME,Oxford,2024,FALSE,1,273965.75,1.383,32.572,654282.05,4610004.193,0.41873,0.000002,0.00005,0,100,0,0,0,0,0.0425,8411.0816,55.7,55.74,34.73
Maine,ME,Oxford,2025,FALSE,1,343079.726,1.75,39.858,811668.03,5831635.499,0.42268,0.000002,0.000049,0,100,0,0,0,0,0.0439,8607.55,25.23,26.54,22.37
Maine,ME,Oxford,2026,TRUE,1,191571.065,0.982,22.435,455193.63,3273950.487,0.42086,0.000002,0.000049,0,100,0,0,0,0,0.0438,8538.9376,-44.16,-43.89,-43.71
Maine,ME,Penobscot,2020,FALSE,2,81954.866,0.413,14.503,112698.23,1379044.941,0.72721,0.000004,0.000129,0,100,0,0,0,0,0.0285,5650.8906,,,
Maine,ME,Penobscot,2021,FALSE,2,235978.108,1.191,34.432,339349.59,3970818.165,0.69538,0.000004,0.000101,0,100,0,0,0,0,0.0346,6853.4534,187.94,188.38,137.41
Maine,ME,Penobscot,2022,FALSE,2,293753.722,1.483,40.305,428546.36,4942938.041,0.68547,0.000003,0.000094,0,100,0,0,0,0,0.0368,7288.27,24.48,24.52,17.06
Maine,ME,Penobscot,2023,FALSE,2,415087.511,2.096,55.389,593806.99,6984643.839,0.69903,0.000004,0.000093,0,100,0,0,0,0,0.0378,7494.0423,41.3,41.34,37.42
Maine,ME,Penobscot,2024,FALSE,2,1088904.608,5.497,106.473,1601942.17,18322756.75,0.67974,0.000003,0.000066,0,100,0,0,0,0,0.0516,10227.0492,162.33,162.26,92.23
Maine,ME,Penobscot,2025,FALSE,2,616183.958,3.135,66.353,916568.28,10450045.417,0.67227,0.000003,0.000072,0,100,0,0,0,0,0.0472,9286.4521,-43.41,-42.97,-37.68
Maine,ME,Penobscot,2026,TRUE,2,209556.902,1.074,23.819,319513.91,3581431.046,0.65586,0.000003,0.000075,0,100,0,0,0,0,0.0451,8797.8883,-65.99,-65.74,-64.1
Maryland,MD,Allegany,2020,FALSE,1,1221680.864,921.572,359.787,949400.27,11908738.447,1.28679,0.000971,0.000379,100,0,0,0,0,0,2.5614,3395.567,,,
Maryland,MD,Allegany,2021,FALSE,1,1543642.92,1173.199,562.912,1249160.18,15047253.321,1.23574,0.000939,0.000451,100,0,0,0,0,0,2.0842,2742.2455,26.35,27.3,56.46
Maryland,MD,Allegany,2022,FALSE,1,1537259.246,1194.35,554.655,1259382.73,14986552.28,1.22065,0.000948,0.00044,100,0,0,0,0,0,2.1533,2771.5593,-0.41,1.8,-1.47
Maryland,MD,Allegany,2023,FALSE,1,857150.516,646.734,256.872,658186.54,8357782.607,1.30229,0.000983,0.00039,100,0,0,0,0,0,2.5177,3336.878,-44.24,-45.85,-53.69
Maryland,MD,Allegany,2024,FALSE,1,415155.97,314.197,134.786,329283.09,4047525.243,1.26079,0.000954,0.000409,100,0,0,0,0,0,2.3311,3080.112,-51.57,-51.42,-47.53
Maryland,MD,Anne Arundel,2020,FALSE,6,1373718.035,1302.43,553.833,1253647.12,13528549.576,1.09578,0.001039,0.000442,97.22,0,2.78,0,0,0,2.3517,2480.3831,,,
Maryland,MD,Anne Arundel,2021,FALSE,6,3031150.515,2142.012,1183.299,3026129.08,29643001.317,1.00166,0.000708,0.000391,98.82,0.61,0.57,0,0,0,1.8102,2561.61,120.65,64.46,113.66
Maryland,MD,Anne Arundel,2022,FALSE,6,2616757.037,1548.843,1160.322,2559889.48,25646556.379,1.02221,0.000605,0.000453,97.92,1.11,0.97,0,0,0,1.3348,2255.199,-13.67,-27.69,-1.94
Maryland,MD,Anne Arundel,2023,FALSE,6,1471114.058,865.834,709.993,1358887.25,14508715.22,1.08259,0.000637,0.000522,95.64,1.87,2.49,0,0,0,1.2195,2072.0121,-43.78,-44.1,-38.81
Maryland,MD,Anne Arundel,2024,FALSE,6,2880557.416,1544.083,1448.446,2640085.13,28617757.406,1.09109,0.000585,0.000549,96.01,1.35,2.64,0,0,0,1.066,1988.7227,95.81,78.33,104.01
Maryland,MD,Anne Arundel,2025,FALSE,6,2987632.284,1550.14,1701.404,2830757.71,29791051.376,1.05542,0.000548,0.000601,90.78,6.2,3.02,0,0,0,0.9111,1755.9805,3.72,0.39,17.46
Maryland,MD,Anne Arundel,2026,TRUE,6,2384439.158,2491.425,1761.745,2347993.85,24026330.532,1.01552,0.001061,0.00075,85.69,9.01,5.3,0,0,0,1.4142,1353.4531,-20.19,60.72,3.55
Maryland,MD,Baltimore city,2020,FALSE,2,3190.805,0.016,24.955,3373.72,998104.04,0.94578,0.000005,0.007397,0,100,0,0,0,0,0.0006,127.8624,,,
Maryland,MD,Baltimore city,2021,FALSE,1,0,0,11.856,0,866205.822,,,,0,100,0,0,0,0,0,0,-100,-100,-52.49
Maryland,MD,Baltimore city,2022,FALSE,1,0,0,10.804,0,578873.985,,,,0,100,0,0,0,0,0,0,,,-8.87
Maryland,MD,Baltimore city,2023,FALSE,1,0,0,28.189,0,1378075.452,,,,0,100,0,0,0,0,0,0,,,160.91
Maryland,MD,Baltimore city,2024,FALSE,1,0,0,32.32,0,1316538.975,,,,0,100,0,0,0,0,0,0,,,14.65
Maryland,MD,Baltimore city,2025,FALSE,1,0,0,23.271,0,897538.325,,,,0,100,0,0,0,0,0,0,,,-28
Maryland,MD,Baltimore city,2026,TRUE,1,0,0,18.87,0,653931.567,,,,0,100,0,0,0,0,0,0,,,-18.91
Maryland,MD,Calvert,2020,FALSE,6,1012755.91,0,94.612,1457789.95,18978570.575,0.69472,0,0.000065,0,100,0,0,0,0,0,10704.3072,,,
Maryland,MD,Calvert,2021,FALSE,6,1009266.45,0,87.888,1494274,19014677.883,0.67542,0,0.000059,0,100,0,0,0,0,0,11483.5524,-0.34,,-7.11
Maryland,MD,Calvert,2022,FALSE,6,1017527.363,0,90.337,1522572.72,19164862.27,0.66829,0,0.000059,0,100,0,0,0,0,0,11263.6834,0.82,,2.79
Maryland,MD,Calvert,2023,FALSE,6,1032999.513,0,89.677,1510954.56,18833181.438,0.68367,0,0.000059,0,100,0,0,0,0,0,11519.1132,1.52,,-0.73
Maryland,MD,Calvert,2024,FALSE,6,1019453.181,0,93.086,1519129.85,19221640.025,0.67108,0,0.000061,0,100,0,0,0,0,0,10951.7348,-1.31,,3.8
Maryland,MD,Calvert,2025,FALSE,6,1040337.888,0,101.319,1546554.52,19558368.656,0.67268,0,0.000066,0,100,0,0,0,0,0,10267.9447,2.05,,8.84
Maryland,MD,Calvert,2026,TRUE,6,544692.26,0,48.384,811120.69,10158282.5,0.67153,0,0.00006,0,100,0,0,0,0,0,11257.6939,-47.64,,-52.25
Maryland,MD,Cecil,2020,FALSE,6,1400872.531,7.072,117.377,3355418.69,23572402.697,0.4175,0.000002,0.000035,0,100,0,0,0,0,0.0603,11934.8129,,,
Maryland,MD,Cecil,2021,FALSE,6,1571670.062,7.934,126.985,3788555.59,26446224.184,0.41485,0.000002,0.000034,0,100,0,0,0,0,0.0625,12376.8166,12.19,12.19,8.19
Maryland,MD,Cecil,2022,FALSE,6,1783373.941,9.004,145.456,4250972.63,30008163.109,0.41952,0.000002,0.000034,0,100,0,0,0,0,0.0619,12260.5732,13.47,13.49,14.55
Maryland,MD,Cecil,2023,FALSE,6,1950831.17,9.848,153.6,4743633.4,32826491.744,0.41125,0.000002,0.000032,0,100,0,0,0,0,0.0641,12700.7238,9.39,9.37,5.6
Maryland,MD,Cecil,2024,FALSE,6,1358206.501,6.858,125.219,3232242.34,22857638.035,0.42021,0.000002,0.000039,0,100,0,0,0,0,0.0548,10846.6487,-30.38,-30.36,-18.48
Maryland,MD,Cecil,2025,FALSE,6,1641425.283,8.317,175.906,3834080.49,27719464.69,0.42811,0.000002,0.000046,0,100,0,0,0,0,0.0473,9331.2638,20.85,21.27,40.48
Maryland,MD,Cecil,2026,TRUE,6,624659.711,3.166,69.581,1438964.1,10550129.68,0.4341,0.000002,0.000048,0,100,0,0,0,0,0.0455,8977.4466,-61.94,-61.93,-60.44
Maryland,MD,Charles,2020,FALSE,8,2873024.326,674.753,376.93,4456919.81,39258846.148,0.64462,0.000151,0.000085,31.79,68.08,0.13,0,0,0,1.7901,7622.1694,,,
Maryland,MD,Charles,2021,FALSE,8,3213983.209,872.124,436.308,4829091.32,42632346.811,0.66555,0.000181,0.00009,36.95,63.01,0.04,0,0,0,1.9989,7366.3174,11.87,29.25,15.75
Maryland,MD,Charles,2022,FALSE,8,2988241.474,746.61,403.93,4562023.25,40459915.301,0.65503,0.000164,0.000089,33.31,66.47,0.22,0,0,0,1.8484,7397.9191,-7.02,-14.39,-7.42
Maryland,MD,Charles,2023,FALSE,4,1766879.151,9.885,54.103,3488783.64,29728551.507,0.50645,0.000003,0.000016,0,99.98,0.02,0,0,0,0.1827,32657.6928,-40.87,-98.68,-86.61
Maryland,MD,Charles,2024,FALSE,4,1550614.003,12.527,61.417,3709206.24,26080622.72,0.41804,0.000003,0.000017,0,99.88,0.12,0,0,0,0.204,25247.3094,-12.24,26.73,13.52
Maryland,MD,Charles,2025,FALSE,6,1996604.788,35.543,130.151,4837777.2,33535403.346,0.41271,0.000007,0.000027,0,99.5,0.5,0,0,0,0.2731,15340.6796,28.76,183.73,111.91
Maryland,MD,Charles,2026,TRUE,6,559876.969,39.706,88.849,1304392.78,9332386.193,0.42922,0.00003,0.000068,0,97.38,2.62,0,0,0,0.4469,6301.4437,-71.96,11.71,-31.73
Maryland,MD,Dorchester,2020,FALSE,1,1953.048,4.987,3.263,1439.1,24066.25,1.35713,0.003465,0.002267,0,0,100,0,0,0,1.5283,598.5437,,,
Maryland,MD,Dorchester,2021,FALSE,1,4434.747,31.232,7.719,2575.41,54646.219,1.72196,0.012127,0.002997,0,0,100,0,0,0,4.0461,574.5235,127.07,526.27,136.56
Maryland,MD,Dorchester,2022,FALSE,1,13752.524,95.682,26.736,10101.12,169488.35,1.36149,0.009472,0.002647,0,0,100,0,0,0,3.5788,514.3823,210.11,206.36,246.37
Maryland,MD,Dorchester,2023,FALSE,1,12159.089,101.596,20.159,6611.05,149853.059,1.83921,0.015368,0.003049,0,0,100,0,0,0,5.0397,603.1593,-11.59,6.18,-24.6
Maryland,MD,Dorchester,2024,FALSE,1,13389.988,156.449,23.324,7789.67,165032.496,1.71894,0.020084,0.002994,0,0,100,0,0,0,6.7076,574.0863,10.12,53.99,15.7
Maryland,MD,Dorchester,2025,FALSE,1,25015.948,238.437,44.232,16064.38,308324.311,1.55723,0.014843,0.002753,0,0,100,0,0,0,5.3906,565.5622,86.83,52.41,89.64
Maryland,MD,Dorchester,2026,TRUE,1,33995.139,310.956,61.246,23831.11,418944.254,1.4265,0.013048,0.00257,0,0,100,0,0,0,5.0772,555.0589,35.89,30.41,38.47
Maryland,MD,Harford,2020,FALSE,6,140663.258,0.829,103.913,207626.55,2265402.118,0.67748,0.000004,0.0005,0,91.45,8.55,0,0,0,0.008,1353.6637,,,
Maryland,MD,Harford,2021,FALSE,6,159035.133,0.823,66,249144.5,2620906.411,0.63832,0.000003,0.000265,0,96.09,3.91,0,0,0,0.0125,2409.6232,13.06,-0.72,-36.49
Maryland,MD,Harford,2022,FALSE,6,220784.781,1.184,95.503,339865.56,3609230.796,0.64962,0.000003,0.000281,0,96.75,3.25,0,0,0,0.0124,2311.8099,38.83,43.86,44.7
Maryland,MD,Harford,2023,FALSE,6,168177.949,0.875,65.041,256047.38,2794113.668,0.65682,0.000003,0.000254,0,97.19,2.81,0,0,0,0.0135,2585.7221,-23.83,-26.1,-31.9
Maryland,MD,Harford,2024,FALSE,5,105872.663,0.604,55.937,157169.01,1731609.419,0.67362,0.000004,0.000356,0,96.12,3.88,0,0,0,0.0108,1892.7126,-37.05,-30.97,-14
Maryland,MD,Harford,2025,FALSE,6,178570.245,1.456,138.128,258961.71,2840739.504,0.68956,0.000006,0.000533,0,91.21,8.79,0,0,0,0.0105,1292.7882,68.67,141.06,146.93
Maryland,MD,Harford,2026,TRUE,6,163154.492,3.711,165.431,215910.34,2377137.299,0.75566,0.000017,0.000766,0,87.45,12.55,0,0,0,0.0224,986.2389,-8.63,154.88,19.77
Maryland,MD,Montgomery,2020,FALSE,6,267877.677,128.965,316.783,439500.79,4754593.372,0.6095,0.000293,0.000721,47.64,52.36,0,0,0,0,0.4071,845.6189,,,
Maryland,MD,Montgomery,2021,FALSE,3,139310.051,1.433,139.778,317004.04,3794002.718,0.43946,0.000005,0.000441,0,100,0,0,0,0,0.0103,996.6522,-47.99,-98.89,-55.88
Maryland,MD,Montgomery,2022,FALSE,3,84544.659,3.164,98.8,259433.29,3054700.279,0.32588,0.000012,0.000381,0,100,0,0,0,0,0.032,855.7152,-39.31,120.8,-29.32
Maryland,MD,Montgomery,2023,FALSE,3,218294.28,1.219,210.699,482679.86,5810054.054,0.45225,0.000003,0.000437,0,100,0,0,0,0,0.0058,1036.048,158.2,-61.47,113.26
Maryland,MD,Montgomery,2024,FALSE,3,110444.829,1.043,120.445,309296.69,3710292.031,0.35708,0.000003,0.000389,0,100,0,0,0,0,0.0087,916.9731,-49.41,-14.44,-42.84
Maryland,MD,Montgomery,2025,FALSE,3,179127.042,2.082,179.717,401887.88,4781914.53,0.44571,0.000005,0.000447,0,100,0,0,0,0,0.0116,996.7173,62.19,99.62,49.21
Maryland,MD,Montgomery,2026,TRUE,3,90957.353,1.718,92.337,179022.59,2118220.987,0.50808,0.00001,0.000516,0,100,0,0,0,0,0.0186,985.0586,-49.22,-17.48,-48.62
Maryland,MD,Prince George's,2020,FALSE,14,2878283.301,237.957,456.364,6099706.49,46583691.513,0.47187,0.000039,0.000075,5.83,94.16,0.01,0,0,0,0.5214,6306.9903,,,
Maryland,MD,Prince George's,2021,FALSE,14,3460467.583,617.974,890.711,6645169.34,52323598.04,0.52075,0.000093,0.000134,16.13,83.86,0.01,0,0,0,0.6938,3885.0621,20.23,159.7,95.18
Maryland,MD,Prince George's,2022,FALSE,12,2421773.697,38.895,340.062,5390012.44,40675195.606,0.44931,0.000007,0.000063,0,99.99,0.01,0,0,0,0.1144,7121.5652,-30.02,-93.71,-61.82
Maryland,MD,Prince George's,2023,FALSE,12,2666310.551,30.428,630.376,5697735.24,44869879.148,0.46796,0.000005,0.000111,0,99.99,0.01,0,0,0,0.0483,4229.7146,10.1,-21.77,85.37
Maryland,MD,Prince George's,2024,FALSE,12,3051686.212,44.391,835.155,6573435.18,51333313.536,0.46425,0.000007,0.000127,0,100,0,0,0,0,0.0532,3654.0357,14.45,45.89,32.49
Maryland,MD,Prince George's,2025,FALSE,12,3428819.972,125.947,1425.275,6988418.27,57441662.019,0.49064,0.000018,0.000204,0,100,0,0,0,0,0.0884,2405.7252,12.36,183.72,70.66
Maryland,MD,Prince George's,2026,TRUE,12,2330561.816,116.748,1554.878,4441990.87,38986681.869,0.52467,0.000026,0.00035,0,99.99,0.01,0,0,0,0.0751,1498.8712,-32.03,-7.3,9.09
Massachusetts,MA,Barnstable,2020,FALSE,3,192024.631,17.616,24.07,317735.42,3172012.484,0.60435,0.000055,0.000076,0,98.68,1.32,0,0,0,0.7319,7977.7578,,,
Massachusetts,MA,Barnstable,2021,FALSE,3,156409.942,63.972,32.071,253353.24,2503224.478,0.61736,0.000253,0.000127,0,91.35,8.65,0,0,0,1.9947,4876.9899,-18.55,263.15,33.24
Massachusetts,MA,Barnstable,2022,FALSE,3,409544.201,540.26,184.845,572446.09,5515288.711,0.71543,0.000944,0.000323,0,67.48,32.52,0,0,0,2.9228,2215.6088,161.84,744.53,476.36
Massachusetts,MA,Barnstable,2023,FALSE,3,63193.072,76.817,57.071,88867.9,878246.273,0.71109,0.000864,0.000642,0,68.75,31.25,0,0,0,1.346,1107.2712,-84.57,-85.78,-69.12
Massachusetts,MA,Barnstable,2024,FALSE,3,219145.218,126.195,55.852,333510.15,3380459.375,0.65709,0.000378,0.000167,0,80.18,19.82,0,0,0,2.2595,3923.6772,246.79,64.28,-2.14
Massachusetts,MA,Barnstable,2025,FALSE,3,287317.638,311.639,126.41,392770.79,4070422.934,0.73151,0.000793,0.000322,0,59.94,40.06,0,0,0,2.4653,2272.9028,31.11,146.95,126.33
Massachusetts,MA,Barnstable,2026,TRUE,3,204934.818,303.859,145.953,262955.99,2638661.09,0.77935,0.001156,0.000555,0,55.33,44.67,0,0,0,2.0819,1404.1151,-28.67,-2.5,15.46
Massachusetts,MA,Berkshire,2020,FALSE,5,19151.953,0,4.851,25997.5,324142.134,0.73668,0,0.000187,0,99.17,0.83,0,0,0,0,3948.0423,,,
Massachusetts,MA,Berkshire,2021,FALSE,5,34921.433,0,6.878,46738.31,588802.368,0.74717,0,0.000147,0,99.66,0.34,0,0,0,0,5077.2656,82.34,,41.79
Massachusetts,MA,Berkshire,2022,FALSE,3,31297.43,0,5.161,41066.73,526068.107,0.76211,0,0.000126,0,100,0,0,0,0,0,6064.2182,-10.38,,-24.96
Massachusetts,MA,Berkshire,2023,FALSE,3,11258.045,0,1.794,14402.21,186981.283,0.78169,0,0.000125,0,100,0,0,0,0,0,6275.3874,-64.03,,-65.24
Massachusetts,MA,Berkshire,2024,FALSE,3,15947.776,0,3.575,20295.96,267532.132,0.78576,0,0.000176,0,100,0,0,0,0,0,4460.9164,41.66,,99.28
Massachusetts,MA,Berkshire,2025,FALSE,3,76216.355,0,11.485,97446.31,1271148.181,0.78214,0,0.000118,0,100,0,0,0,0,0,6636.165,377.91,,221.26
Massachusetts,MA,Berkshire,2026,TRUE,3,5151.189,0,1.204,5984.75,72721.682,0.86072,0,0.000201,0,100,0,0,0,0,0,4278.3962,-93.24,,-89.52
Massachusetts,MA,Bristol,2020,FALSE,4,158656.48,0.811,65.487,314767.68,2668160.638,0.50404,0.000003,0.000208,0,100,0,0,0,0,0.0124,2422.7172,,,
Massachusetts,MA,Bristol,2021,FALSE,4,148892.557,0.776,29.457,310316.88,2503634.984,0.47981,0.000003,0.000095,0,100,0,0,0,0,0.0263,5054.573,-6.15,-4.32,-55.02
Massachusetts,MA,Bristol,2022,FALSE,4,169374.596,0.977,40.393,348440.56,2837308.953,0.48609,0.000003,0.000116,0,100,0,0,0,0,0.0242,4193.167,13.76,25.9,37.13
Massachusetts,MA,Bristol,2023,FALSE,4,220057.324,1.287,66.561,444071.54,3692473.67,0.49554,0.000003,0.00015,0,100,0,0,0,0,0.0193,3306.1,29.92,31.73,64.78
Massachusetts,MA,Bristol,2024,FALSE,4,361635.526,1.803,154.777,733780.84,6083632.53,0.49284,0.000002,0.000211,0,100,0,0,0,0,0.0116,2336.494,64.34,40.09,132.53
Massachusetts,MA,Bristol,2025,FALSE,4,209571.94,1.187,76.819,420726.51,3551405.607,0.49812,0.000003,0.000183,0,100,0,0,0,0,0.0155,2728.1264,-42.05,-34.17,-50.37
Massachusetts,MA,Bristol,2026,TRUE,4,57951.878,0.851,19.992,105294.01,878007.291,0.55038,0.000008,0.00019,0,100,0,0,0,0,0.0426,2898.7534,-72.35,-28.31,-73.98
Massachusetts,MA,Essex,2020,FALSE,5,370027.391,1.858,51.477,866440.23,6552806.142,0.42707,0.000002,0.000059,0,100,0,0,0,0,0.0361,7188.2082,,,
Massachusetts,MA,Essex,2021,FALSE,4,323838.828,1.626,26.805,760631.43,5460666.806,0.42575,0.000002,0.000035,0,100,0,0,0,0,0.0607,12081.2844,-12.48,-12.49,-47.93
Massachusetts,MA,Essex,2022,FALSE,4,248686.905,1.235,26.059,573021.26,4192050.55,0.43399,0.000002,0.000045,0,100,0,0,0,0,0.0474,9543.2252,-23.21,-24.05,-2.78
Massachusetts,MA,Essex,2023,FALSE,4,307720.867,1.544,30.973,728956.15,5200381.432,0.42214,0.000002,0.000042,0,100,0,0,0,0,0.0498,9935.1328,23.74,25.02,18.86
Massachusetts,MA,Essex,2024,FALSE,5,510597.604,2.59,113.821,1212221.31,8579047.004,0.42121,0.000002,0.000094,0,100,0,0,0,0,0.0228,4485.9701,65.93,67.75,267.48
Massachusetts,MA,Essex,2025,FALSE,5,754964.456,3.904,88.931,1866793.89,12990889.377,0.40442,0.000002,0.000048,0,100,0,0,0,0,0.0439,8489.3283,47.86,50.73,-21.87
Massachusetts,MA,Essex,2026,TRUE,5,140397.759,0.724,33.463,340906.55,2417707.025,0.41184,0.000002,0.000098,0,100,0,0,0,0,0.0216,4195.6118,-81.4,-81.45,-62.37
Massachusetts,MA,Hampden,2020,FALSE,12,503806.014,2.368,156.958,963113.6,8466263.265,0.5231,0.000002,0.000163,0,99.47,0.53,0,0,0,0.0151,3209.8142,,,
Massachusetts,MA,Hampden,2021,FALSE,12,507909.906,15.031,135.576,1032726.68,8512965.586,0.49181,0.000015,0.000131,0,99.04,0.96,0,0,0,0.1109,3746.3113,0.81,534.76,-13.62
Massachusetts,MA,Hampden,2022,FALSE,10,423079.291,1.821,185.675,823154.2,7050784.858,0.51397,0.000002,0.000226,0,98.83,1.17,0,0,0,0.0098,2278.6013,-16.7,-87.89,36.95
Massachusetts,MA,Hampden,2023,FALSE,8,360551.48,1.743,162.526,535022.67,6009240.963,0.6739,0.000003,0.000304,0,98.67,1.33,0,0,0,0.0107,2218.4234,-14.78,-4.28,-12.47
Massachusetts,MA,Hampden,2024,FALSE,8,517724.13,2.468,189.381,965704.73,8697243.7,0.53611,0.000003,0.000196,0,98.87,1.13,0,0,0,0.013,2733.7702,43.59,41.59,16.52
Massachusetts,MA,Hampden,2025,FALSE,8,635875.588,2.946,275.37,1231005.07,10804229.168,0.51655,0.000002,0.000224,0,99.16,0.84,0,0,0,0.0107,2309.168,22.82,19.37,45.41
Massachusetts,MA,Hampden,2026,TRUE,8,166448.873,0.491,177.359,281386.05,2526168.327,0.59153,0.000002,0.00063,0,95.3,4.7,0,0,0,0.0028,938.4856,-73.82,-83.33,-35.59
Massachusetts,MA,Middlesex,2020,FALSE,17,1644683.499,18.45,185.063,4130751.06,29052341.815,0.39816,0.000004,0.000045,0,99.87,0.13,0,0,0,0.0997,8887.1546,,,
Massachusetts,MA,Middlesex,2021,FALSE,16,1279050.172,35.859,146.513,3059419.21,21928123.29,0.41807,0.000012,0.000048,0,99.91,0.09,0,0,0,0.2447,8729.9432,-22.23,94.36,-20.83
Massachusetts,MA,Middlesex,2022,FALSE,14,1468449.351,7.435,141.327,3522165.15,24926413.977,0.41692,0.000002,0.00004,0,99.93,0.07,0,0,0,0.0526,10390.4374,14.81,-79.27,-3.54
Massachusetts,MA,Middlesex,2023,FALSE,13,1443624.568,7.292,111.441,3584479.08,24493635.304,0.40274,0.000002,0.000031,0,99.92,0.08,0,0,0,0.0654,12954.1602,-1.69,-1.92,-21.15
Massachusetts,MA,Middlesex,2024,FALSE,13,1438995.615,7.261,101.364,3616188.61,24380158.781,0.39793,0.000002,0.000028,0,99.93,0.07,0,0,0,0.0716,14196.3184,-0.32,-0.43,-9.04
Massachusetts,MA,Middlesex,2025,FALSE,9,879267.708,4.433,75.43,2262424.99,14928778.312,0.38864,0.000002,0.000033,0,99.77,0.23,0,0,0,0.0588,11656.7375,-38.9,-38.95,-25.59
Massachusetts,MA,Middlesex,2026,TRUE,9,378733.254,1.93,42.403,932155.59,6368259.649,0.4063,0.000002,0.000045,0,99.87,0.13,0,0,0,0.0455,8931.7561,-56.93,-56.46,-43.78
Massachusetts,MA,Norfolk,2020,FALSE,17,2284873.576,14.448,176.115,4631767.19,38398942.87,0.4933,0.000003,0.000038,0,99.91,0.09,0,0,0,0.082,12973.7591,,,
Massachusetts,MA,Norfolk,2021,FALSE,16,2800509.743,16.567,233.752,5472424.48,47052675.968,0.51175,0.000003,0.000043,0,99.9,0.1,0,0,0,0.0709,11980.6878,22.57,14.67,32.73
Massachusetts,MA,Norfolk,2022,FALSE,16,2868374.083,16.899,303.465,5455189.34,47360238.981,0.52581,0.000003,0.000056,0,99.84,0.16,0,0,0,0.0557,9452.0755,2.42,2,29.82
Massachusetts,MA,Norfolk,2023,FALSE,16,2493978.443,12.54,211.448,4534537.79,41865187.655,0.55,0.000003,0.000047,0,99.71,0.29,0,0,0,0.0593,11794.7601,-13.05,-25.79,-30.32
Massachusetts,MA,Norfolk,2024,FALSE,16,2883139.737,14.535,320.837,5527407.71,48347387.71,0.52161,0.000003,0.000058,0,99.87,0.13,0,0,0,0.0453,8986.3069,15.6,15.91,51.73
Massachusetts,MA,Norfolk,2025,FALSE,16,3147514.983,18.736,341.095,5893782.88,52947778.184,0.53404,0.000003,0.000058,0,99.74,0.26,0,0,0,0.0549,9227.6785,9.17,28.9,6.31
Massachusetts,MA,Norfolk,2026,TRUE,16,1043470.392,5.652,240.032,1854030.42,16968471.925,0.56281,0.000003,0.000129,0,99.69,0.31,0,0,0,0.0235,4347.2137,-66.85,-69.83,-29.63
Massachusetts,MA,Suffolk,2020,FALSE,8,3047.553,0,77.961,2844.71,1310471.514,1.07131,0,0.027406,0,97.13,2.87,0,0,0,0,39.0907,,,
Massachusetts,MA,Suffolk,2021,FALSE,8,2374.982,0,86.979,2329.27,1448796.266,1.01963,0,0.037342,0,97.98,2.02,0,0,0,0,27.3052,-22.07,,11.57
Massachusetts,MA,Suffolk,2022,FALSE,8,1510.88,0,142.155,1306.13,1980956.136,1.15676,0,0.108837,0,99.06,0.94,0,0,0,0,10.6284,-36.38,,63.44
Massachusetts,MA,Suffolk,2023,FALSE,8,2610.923,0,90.992,2489.25,1375498.071,1.04888,0,0.036554,0,97.66,2.34,0,0,0,0,28.694,72.81,,-35.99
Massachusetts,MA,Suffolk,2024,FALSE,8,4009.455,0,102.086,3956.12,1813584.825,1.01348,0,0.025805,0,97.27,2.73,0,0,0,0,39.2753,53.56,,12.19
Massachusetts,MA,Suffolk,2025,FALSE,8,1495.114,0,129.89,1390.22,1687169.166,1.07545,0,0.093431,0,98.91,1.09,0,0,0,0,11.5106,-62.71,,27.24
Massachusetts,MA,Suffolk,2026,TRUE,8,1280.66,0,105.836,1224.15,1343545.095,1.04616,0,0.086457,0,98.82,1.18,0,0,0,0,12.1004,-14.34,,-18.52
Massachusetts,MA,Worcester,2020,FALSE,4,1178700.509,5.95,121.943,1836153.56,19833868.706,0.64194,0.000003,0.000066,0,100,0,0,0,0,0.0488,9665.9957,,,
Massachusetts,MA,Worcester,2021,FALSE,4,1446960.152,7.304,128.22,2287024.59,24347925.323,0.63268,0.000003,0.000056,0,100,0,0,0,0,0.057,11284.9801,22.76,22.76,5.15
Massachusetts,MA,Worcester,2022,FALSE,4,1719268.856,8.68,152.383,2702627.78,28929863.012,0.63615,0.000003,0.000056,0,100,0,0,0,0,0.057,11282.5503,18.82,18.84,18.84
Massachusetts,MA,Worcester,2023,FALSE,4,1565409.911,7.902,123.897,2478966.07,26341251.716,0.63148,0.000003,0.00005,0,100,0,0,0,0,0.0638,12634.7685,-8.95,-8.96,-18.69
Massachusetts,MA,Worcester,2024,FALSE,4,1240941.132,6.265,119.139,1981815.93,20881094.355,0.62616,0.000003,0.00006,0,100,0,0,0,0,0.0526,10415.9103,-20.73,-20.72,-3.84
Massachusetts,MA,Worcester,2025,FALSE,4,1906516.228,9.75,153.023,3088349.95,32502499.359,0.61733,0.000003,0.00005,0,100,0,0,0,0,0.0637,12459.0175,53.63,55.63,28.44
Massachusetts,MA,Worcester,2026,TRUE,4,588755.475,3.047,106.229,940471.1,10152843.655,0.62602,0.000003,0.000113,0,100,0,0,0,0,0.0287,5542.3234,-69.12,-68.75,-30.58
Michigan,MI,Allegan,2020,FALSE,5,54022.776,0.272,35.465,142386.93,1692914.116,0.37941,0.000002,0.000249,0,100,0,0,0,0,0.0077,1523.2702,,,
Michigan,MI,Allegan,2021,FALSE,5,42033.032,0.246,33.702,131017.88,1917136.344,0.32082,0.000002,0.000257,0,100,0,0,0,0,0.0073,1247.197,-22.19,-9.56,-4.97
Michigan,MI,Allegan,2022,FALSE,5,60553.629,0.325,39.927,157919.39,1837314.64,0.38345,0.000002,0.000253,0,100,0,0,0,0,0.0081,1516.6085,44.06,32.11,18.47
Michigan,MI,Allegan,2023,FALSE,5,43124.784,0.218,43.248,132112.17,1511960.733,0.32643,0.000002,0.000327,0,100,0,0,0,0,0.005,997.1509,-28.78,-32.92,8.32
Michigan,MI,Allegan,2024,FALSE,5,68459.596,0.355,46.87,177809.7,2014849.981,0.38502,0.000002,0.000264,0,100,0,0,0,0,0.0076,1460.6272,58.75,62.84,8.37
Michigan,MI,Allegan,2025,FALSE,5,73560.661,0.381,73.301,210493.86,2066491.248,0.34947,0.000002,0.000348,0,100,0,0,0,0,0.0052,1003.5424,7.45,7.32,56.39
Michigan,MI,Allegan,2026,TRUE,5,17748.044,0.176,56.365,58718.61,674560.573,0.30226,0.000003,0.00096,0,100,0,0,0,0,0.0031,314.877,-75.87,-53.81,-23.1
Michigan,MI,Bay,2020,FALSE,6,2109575.665,629.536,662.229,1828725.45,20504908.273,1.15358,0.000344,0.000362,95.31,4.69,0,0,0,0,0.9506,3185.5682,,,
Michigan,MI,Bay,2021,FALSE,6,3738256.786,1077.401,1205.456,3255853.07,36881676.685,1.14817,0.000331,0.00037,92.1,7.9,0,0,0,0,0.8938,3101.1143,77.2,71.14,82.03
Michigan,MI,Bay,2022,FALSE,6,3646483.108,992.09,1209.109,3190948.98,36251211.461,1.14276,0.000311,0.000379,90.47,9.53,0,0,0,0,0.8205,3015.8432,-2.45,-7.92,0.3
Michigan,MI,Bay,2023,FALSE,6,789074.466,240.824,260.532,676331.09,7872226.534,1.1667,0.000356,0.000385,89.38,10.62,0,0,0,0,0.9244,3028.7046,-78.36,-75.73,-78.45
Michigan,MI,Bay,2024,FALSE,4,113789.477,48.154,113.678,0,1878744.252,,,,0,100,0,0,0,0,0.4236,1000.9806,-85.58,-80,-56.37
Michigan,MI,Bay,2025,FALSE,4,140030.192,51.857,123.742,0,2306224.906,,,,0,100,0,0,0,0,0.4191,1131.6303,23.06,7.69,8.85
Michigan,MI,Bay,2026,TRUE,4,41071.267,13.911,35.226,0,678330.362,,,,0,100,0,0,0,0,0.3949,1165.9362,-70.67,-73.17,-71.53
Michigan,MI,Cass,2022,FALSE,2,1265293.589,6.387,62.747,3366162.39,21291016.757,0.37589,0.000002,0.000019,0,100,0,0,0,0,0.1018,20165.0053,,,
Michigan,MI,Cass,2023,FALSE,2,2890081.607,14.589,113.835,7468308.66,48631226.27,0.38698,0.000002,0.000015,0,100,0,0,0,0,0.1282,25388.3393,128.41,128.42,81.42
Michigan,MI,Cass,2024,FALSE,2,2377136.522,12,84.339,6325968.34,40000325.954,0.37577,0.000002,0.000013,0,100,0,0,0,0,0.1423,28185.4957,-17.75,-17.75,-25.91
Michigan,MI,Cass,2025,FALSE,2,2304345.291,11.633,83.906,6180387.94,38774747.664,0.37285,0.000002,0.000014,0,100,0,0,0,0,0.1386,27463.4149,-3.06,-3.06,-0.51
Michigan,MI,Cass,2026,TRUE,2,1411875.068,7.127,49.351,3791130.24,23757611.13,0.37242,0.000002,0.000013,0,100,0,0,0,0,0.1444,28608.8442,-38.73,-38.73,-41.18
Michigan,MI,Crawford,2020,FALSE,1,0,4.379,64.389,0,1104623.775,,,,0,0,0,100,0,0,0.068,0,,,
Michigan,MI,Crawford,2021,FALSE,1,0,28.916,247.806,0,3781582.308,,,,0,0,0,100,0,0,0.1167,0,,560.33,284.86
Michigan,MI,Crawford,2022,FALSE,1,0,22.897,230.549,0,3414455.887,,,,0,0,0,100,0,0,0.0993,0,,-20.82,-6.96
Michigan,MI,Crawford,2023,FALSE,1,0,11.796,134.052,0,2086835.133,,,,0,0,0,100,0,0,0.088,0,,-48.48,-41.86
Michigan,MI,Crawford,2024,FALSE,1,0,7.689,157.08,0,2785303.708,,,,0,0,0,100,0,0,0.0489,0,,-34.82,17.18
Michigan,MI,Crawford,2025,FALSE,1,0,7.844,169.304,0,2983817.548,,,,0,0,0,100,0,0,0.0463,0,,2.02,7.78
Michigan,MI,Crawford,2026,TRUE,1,0,3.943,90.698,0,1449941.847,,,,0,0,0,100,0,0,0.0435,0,,-49.73,-46.43
Michigan,MI,Eaton,2020,FALSE,1,782601.455,1804.246,577.64,616261.46,7461886.34,1.26992,0.002928,0.000937,100,0,0,0,0,0,3.1235,1354.8256,,,
Michigan,MI,Eaton,2021,FALSE,4,978865.579,2486.477,735.179,768263.42,9370934.346,1.27413,0.003236,0.000957,99.07,0.93,0,0,0,0,3.3821,1331.4656,25.08,37.81,27.27
Michigan,MI,Eaton,2022,FALSE,4,1407208.676,2757.007,1028.808,1500852.69,15610765.549,0.93761,0.001837,0.000685,67.62,32.38,0,0,0,0,2.6798,1367.805,43.76,10.88,39.94
Michigan,MI,Eaton,2023,FALSE,3,433836.174,2.19,81.383,978192.89,7304048.579,0.44351,0.000002,0.000083,0,100,0,0,0,0,0.0269,5330.796,-69.17,-99.92,-92.09
Michigan,MI,Eaton,2024,FALSE,3,439335.932,2.218,97.412,968841.54,7392736.278,0.45347,0.000002,0.000101,0,100,0,0,0,0,0.0228,4510.0802,1.27,1.28,19.7
Michigan,MI,Eaton,2025,FALSE,3,671931.937,3.392,84.335,1536725.91,11306401.252,0.43725,0.000002,0.000055,0,100,0,0,0,0,0.0402,7967.4149,52.94,52.93,-13.42
Michigan,MI,Eaton,2026,TRUE,3,296277.936,1.496,32.002,700530.75,4985443.219,0.42293,0.000002,0.000046,0,100,0,0,0,0,0.0467,9258.1069,-55.91,-55.9,-62.05
Michigan,MI,Genesee,2020,FALSE,1,0,66.051,147.35,107644.45,1692388.921,0,0.000614,0.001369,0,0,0,100,0,0,0.4483,0,,,
Michigan,MI,Genesee,2021,FALSE,1,0,58.666,167.379,142196.31,1938674.608,0,0.000413,0.001177,0,0,0,100,0,0,0.3505,0,,-11.18,13.59
Michigan,MI,Genesee,2022,FALSE,1,0,57.841,210.465,192693.52,2630201.53,0,0.0003,0.001092,0,0,0,100,0,0,0.2748,0,,-1.41,25.74
Michigan,MI,Genesee,2023,FALSE,1,0,78.162,178.632,137029.01,2100408.017,0,0.00057,0.001304,0,0,0,100,0,0,0.4376,0,,35.13,-15.13
Michigan,MI,Genesee,2024,FALSE,1,0,5.964,161.758,113489.8,1897251.839,0,0.000053,0.001425,0,0,0,100,0,0,0.0369,0,,-92.37,-9.45
Michigan,MI,Genesee,2025,FALSE,1,0,2.052,175.932,139798.53,2086043.189,0,0.000015,0.001258,0,0,0,100,0,0,0.0117,0,,-65.59,8.76
Michigan,MI,Genesee,2026,TRUE,1,0,1.617,93.277,73880.1,1127352.566,0,0.000022,0.001263,0,0,0,100,0,0,0.0173,0,,-21.2,-46.98
Michigan,MI,Ingham,2020,FALSE,7,311584.536,26.971,316.005,586946.13,7659670.881,0.53086,0.000046,0.000538,1.17,98.83,0,0,0,0,0.0853,986.0114,,,
Michigan,MI,Ingham,2021,FALSE,6,298167.594,1.505,279.745,569520.71,7688742.658,0.52354,0.000003,0.000491,0,100,0,0,0,0,0.0054,1065.855,-4.31,-94.42,-11.47
Michigan,MI,Ingham,2022,FALSE,6,306260.063,1.546,256.325,582413.5,6835686.936,0.52585,0.000003,0.00044,0,100,0,0,0,0,0.006,1194.8115,2.71,2.72,-8.37
Michigan,MI,Ingham,2023,FALSE,5,255132.165,1.288,266.762,491721.26,6196857.689,0.51886,0.000003,0.000543,0,100,0,0,0,0,0.0048,956.4037,-16.69,-16.69,4.07
Michigan,MI,Ingham,2024,FALSE,5,201835.296,1.019,207.766,395949.14,5377485.896,0.50975,0.000003,0.000525,0,100,0,0,0,0,0.0049,971.4549,-20.89,-20.89,-22.12
Michigan,MI,Ingham,2025,FALSE,5,248464.411,1.254,205.698,491958.8,5918629.737,0.50505,0.000003,0.000418,0,100,0,0,0,0,0.0061,1207.9087,23.1,23.06,-1
Michigan,MI,Ingham,2026,TRUE,4,84869.609,0.429,76.323,165675.31,2086285.191,0.51226,0.000003,0.000461,0,100,0,0,0,0,0.0056,1111.9795,-65.84,-65.79,-62.9
Michigan,MI,Jackson,2020,FALSE,7,879593.463,4.441,453.597,1848112.1,14800731.18,0.47594,0.000002,0.000245,0,100,0,0,0,0,0.0098,1939.1519,,,
Michigan,MI,Jackson,2021,FALSE,7,1059038.979,5.347,554.011,2215220.16,17820392.286,0.47807,0.000002,0.00025,0,100,0,0,0,0,0.0097,1911.5848,20.4,20.4,22.14
Michigan,MI,Jackson,2022,FALSE,7,1115996.241,5.634,559.219,2297579.85,18778822.242,0.48573,0.000002,0.000243,0,100,0,0,0,0,0.0101,1995.6336,5.38,5.37,0.94
Michigan,MI,Jackson,2023,FALSE,7,982131.855,4.96,535.165,2019805.37,16526081.625,0.48625,0.000002,0.000265,0,100,0,0,0,0,0.0093,1835.1945,-12,-11.96,-4.3
Michigan,MI,Jackson,2024,FALSE,7,1016467.385,5.132,537.099,2087838.14,17104016.79,0.48685,0.000002,0.000257,0,100,0,0,0,0,0.0096,1892.514,3.5,3.47,0.36
Michigan,MI,Jackson,2025,FALSE,7,999572.947,5.047,541.941,2065162.68,16819729.626,0.48402,0.000002,0.000262,0,100,0,0,0,0,0.0093,1844.4313,-1.66,-1.66,0.9
Michigan,MI,Jackson,2026,TRUE,7,371338.656,1.876,198.695,753045.52,6248561.269,0.49312,0.000002,0.000264,0,100,0,0,0,0,0.0094,1868.8878,-62.85,-62.83,-63.34
Michigan,MI,Kalamazoo,2020,FALSE,2,57002.899,0.288,55.105,77351.8,1470435.899,0.73693,0.000004,0.000712,0,100,0,0,0,0,0.0052,1034.4415,,,
Michigan,MI,Kalamazoo,2021,FALSE,2,29427.194,0.149,36.142,39620.95,941421.737,0.74272,0.000004,0.000912,0,100,0,0,0,0,0.0041,814.2104,-48.38,-48.26,-34.41
Michigan,MI,Kalamazoo,2022,FALSE,2,79020.243,0.399,44.142,106326.74,1398579.814,0.74318,0.000004,0.000415,0,100,0,0,0,0,0.009,1790.1374,168.53,167.79,22.13
Michigan,MI,Kalamazoo,2023,FALSE,1,137561.454,0.694,51.978,188487.02,2314728.394,0.72982,0.000004,0.000276,0,100,0,0,0,0,0.0134,2646.5323,74.08,73.93,17.75
Michigan,MI,Kalamazoo,2024,FALSE,1,177810.007,0.898,41.356,242075.59,2991896.704,0.73452,0.000004,0.000171,0,100,0,0,0,0,0.0217,4299.4972,29.26,29.39,-20.44
Michigan,MI,Kalamazoo,2025,FALSE,1,99949.4,0.506,36.15,136008.1,1694216,0.73488,0.000004,0.000266,0,100,0,0,0,0,0.014,2764.852,-43.79,-43.65,-12.59
Michigan,MI,Kalamazoo,2026,TRUE,1,38642.8,0.205,16.142,52961.65,654872.2,0.72964,0.000004,0.000305,0,100,0,0,0,0,0.0127,2393.9289,-61.34,-59.49,-55.35
Michigan,MI,Kalkaska,2020,FALSE,2,14004.725,0.071,10.364,22256.3,235626.072,0.62925,0.000003,0.000466,0,100,0,0,0,0,0.0069,1351.2857,,,
Michigan,MI,Kalkaska,2021,FALSE,2,33756.547,0.17,24.987,54198.65,567998.655,0.62283,0.000003,0.000461,0,100,0,0,0,0,0.0068,1350.9644,141.04,139.44,141.09
Michigan,MI,Kalkaska,2022,FALSE,2,27566.117,0.139,20.563,44667.75,463817.165,0.61714,0.000003,0.00046,0,100,0,0,0,0,0.0068,1340.5688,-18.34,-18.24,-17.71
Michigan,MI,Kalkaska,2023,FALSE,2,35305.05,0.179,25.576,55890.32,594079.6,0.63168,0.000003,0.000458,0,100,0,0,0,0,0.007,1380.3976,28.07,28.78,24.38
Michigan,MI,Kalkaska,2024,FALSE,2,28759.273,0.145,20.568,44681.23,483970.511,0.64365,0.000003,0.00046,0,100,0,0,0,0,0.007,1398.2533,-18.54,-18.99,-19.58
Michigan,MI,Kalkaska,2025,FALSE,2,36551.503,0.185,26.168,58722.77,615054.691,0.62244,0.000003,0.000446,0,100,0,0,0,0,0.0071,1396.8016,27.09,27.59,27.23
Michigan,MI,Kalkaska,2026,TRUE,2,31332.946,0.158,22.411,51767.59,527294.256,0.60526,0.000003,0.000433,0,100,0,0,0,0,0.0071,1398.1057,-14.28,-14.59,-14.36
Michigan,MI,Manistee,2020,FALSE,2,0,107.639,1341.736,0,6719955.202,,,,100,0,0,0,0,0,0.0802,0,,,
Michigan,MI,Manistee,2021,FALSE,2,0,195.745,1175.647,0,6141318.668,,,,100,0,0,0,0,0,0.1665,0,,81.85,-12.38
Michigan,MI,Manistee,2022,FALSE,2,0,258.553,1206.309,0,6317444.159,,,,100,0,0,0,0,0,0.2143,0,,32.09,2.61
Michigan,MI,Manistee,2023,FALSE,2,0,142.632,841.548,0,4387640.899,,,,100,0,0,0,0,0,0.1695,0,,-44.83,-30.24
Michigan,MI,Manistee,2024,FALSE,2,0,106.359,703.731,0,3410325.782,,,,100,0,0,0,0,0,0.1511,0,,-25.43,-16.38
Michigan,MI,Manistee,2025,FALSE,2,0,134.883,869.254,0,4880748.653,,,,100,0,0,0,0,0,0.1552,0,,26.82,23.52
Michigan,MI,Manistee,2026,TRUE,2,0,48.625,316.329,0,1785594.564,,,,100,0,0,0,0,0,0.1537,0,,-63.95,-63.61
Michigan,MI,Mason,2020,FALSE,1,561589.46,2.835,132.224,1084416.02,9449816.174,0.51787,0.000003,0.000122,0,100,0,0,0,0,0.0214,4247.2581,,,
Michigan,MI,Mason,2021,FALSE,1,494041.709,2.494,117.627,893988.56,8313165.535,0.55263,0.000003,0.000132,0,100,0,0,0,0,0.0212,4200.0706,-12.03,-12.03,-11.04
Michigan,MI,Mason,2022,FALSE,1,593388.889,2.996,145.746,1070711.15,9984895.59,0.5542,0.000003,0.000136,0,100,0,0,0,0,0.0206,4071.3906,20.11,20.13,23.91
Michigan,MI,Mason,2023,FALSE,1,585369.56,2.955,135.279,1042639.9,9849952.01,0.56143,0.000003,0.00013,0,100,0,0,0,0,0.0218,4327.1281,-1.35,-1.37,-7.18
Michigan,MI,Mason,2024,FALSE,1,590652.922,2.982,146.01,1055784.75,9938818.05,0.55944,0.000003,0.000138,0,100,0,0,0,0,0.0204,4045.2909,0.9,0.91,7.93
Michigan,MI,Mason,2025,FALSE,1,576836.178,2.912,150.97,1065554.2,9706432.317,0.54135,0.000003,0.000142,0,100,0,0,0,0,0.0193,3820.8663,-2.34,-2.35,3.4
Michigan,MI,Mason,2026,TRUE,1,286924.601,1.448,83.811,529090.86,4827990.418,0.5423,0.000003,0.000158,0,100,0,0,0,0,0.0173,3423.4719,-50.26,-50.27,-44.48
Michigan,MI,Midland,2020,FALSE,18,0,25.263,3882.27,7698015.03,84200700.726,0,0.000003,0.000504,0,100,0,0,0,0,0.0065,0,,,
Michigan,MI,Midland,2021,FALSE,19,0,18.458,2786.496,5555609.21,61525238.624,0,0.000003,0.000502,0,100,0,0,0,0,0.0066,0,,-26.94,-28.23
Michigan,MI,Midland,2022,FALSE,20,0,20.138,3036.407,6063240.58,67124235.268,0,0.000003,0.000501,0,100,0,0,0,0,0.0066,0,,9.1,8.97
Michigan,MI,Midland,2023,FALSE,20,0,25.831,3571.217,7863105.9,86089013.103,0,0.000003,0.000454,0,100,0,0,0,0,0.0072,0,,28.27,17.61
Michigan,MI,Midland,2024,FALSE,20,0,28.415,3916.327,8564607.6,94720871.883,0,0.000003,0.000457,0,100,0,0,0,0,0.0073,0,,10,9.66
Michigan,MI,Midland,2025,FALSE,19,0,25.634,3087.73,7843666.79,85437675.871,0,0.000003,0.000394,0,100,0,0,0,0,0.0083,0,,-9.79,-21.16
Michigan,MI,Midland,2026,TRUE,18,0,12.502,1519.479,3809307.24,41667332.328,0,0.000003,0.000399,0,100,0,0,0,0,0.0082,0,,-51.23,-50.79
Michigan,MI,Monroe,2020,FALSE,4,14276708.615,3782.556,4215.382,14293855.81,136084002.376,0.9988,0.000265,0.000295,100,0,0,0,0,0,0.8973,3386.8125,,,
Michigan,MI,Monroe,2021,FALSE,4,15721905.735,3693.151,4543.661,15915798.52,149865102.153,0.98782,0.000232,0.000285,100,0,0,0,0,0,0.8128,3460.1846,10.12,-2.36,7.79
Michigan,MI,Monroe,2022,FALSE,4,16290016.05,3582.748,4899.627,16587484.86,155278233.327,0.98207,0.000216,0.000295,100,0,0,0,0,0,0.7312,3324.7462,3.61,-2.99,7.83
Michigan,MI,Monroe,2023,FALSE,4,12476220.915,2835.868,3824.884,12527090.83,118927292.214,0.99594,0.000226,0.000305,100,0,0,0,0,0,0.7414,3261.856,-23.41,-20.85,-21.94
Michigan,MI,Monroe,2024,FALSE,4,13942864.156,3597.831,4383.329,14254529.55,132907847.812,0.97814,0.000252,0.000308,100,0,0,0,0,0,0.8208,3180.8847,11.76,26.87,14.6
Michigan,MI,Monroe,2025,FALSE,4,17235312.188,3697.548,5186.139,17659013.07,164291147.953,0.97601,0.000209,0.000294,100,0,0,0,0,0,0.713,3323.3417,23.61,2.77,18.32
Michigan,MI,Monroe,2026,TRUE,4,7392521.205,1395.502,2271.734,7472940.87,70463860.652,0.98924,0.000187,0.000304,100,0,0,0,0,0,0.6143,3254.1315,-57.11,-62.26,-56.2
Michigan,MI,Montcalm,2020,FALSE,4,756474.183,3.819,316.928,1177783.42,12729140.542,0.64229,0.000003,0.000269,0,100,0,0,0,0,0.0121,2386.896,,,
Michigan,MI,Montcalm,2021,FALSE,4,494765.111,2.498,209.366,761867.95,8325346.146,0.64941,0.000003,0.000275,0,100,0,0,0,0,0.0119,2363.1588,-34.6,-34.59,-33.94
Michigan,MI,Montcalm,2022,FALSE,4,229262.755,1.157,100.557,356531.32,3857797.536,0.64304,0.000003,0.000282,0,100,0,0,0,0,0.0115,2279.9283,-53.66,-53.68,-51.97
Michigan,MI,Montcalm,2023,FALSE,4,990334.775,4.999,410.314,1523848.92,16664303.914,0.64989,0.000003,0.000269,0,100,0,0,0,0,0.0122,2413.6022,331.96,332.07,308.04
Michigan,MI,Montcalm,2024,FALSE,4,710371.358,3.586,285.646,1099011.83,11953326.888,0.64637,0.000003,0.00026,0,100,0,0,0,0,0.0126,2486.8941,-28.27,-28.27,-30.38
Michigan,MI,Montcalm,2025,FALSE,4,821684.385,4.148,346.852,1262773.94,13826338.853,0.6507,0.000003,0.000275,0,100,0,0,0,0,0.012,2368.9769,15.67,15.67,21.43
Michigan,MI,Montcalm,2026,TRUE,3,278854.421,1.408,120.167,430998.07,4692312.346,0.647,0.000003,0.000279,0,100,0,0,0,0,0.0117,2320.5574,-66.06,-66.06,-65.35
Michigan,MI,Oakland,2020,FALSE,2,3958.8,0.02,23.49,4769.69,67111.9,0.82999,0.000004,0.004925,0,100,0,0,0,0,0.0009,168.5313,,,
Michigan,MI,Oakland,2021,FALSE,2,9177.3,0.048,54.436,10927.66,155529,0.83982,0.000004,0.004981,0,100,0,0,0,0,0.0009,168.5888,131.82,140,131.74
Michigan,MI,Oakland,2022,FALSE,2,14885.8,0.076,88.289,16619.58,252257.5,0.89568,0.000005,0.005312,0,100,0,0,0,0,0.0009,168.6031,62.2,58.33,62.19
Michigan,MI,Oakland,2023,FALSE,2,2065.6,0.01,12.255,2451.09,35010.9,0.84273,0.000004,0.005,0,100,0,0,0,0,0.0008,168.5516,-86.12,-86.84,-86.12
Michigan,MI,Oakland,2024,FALSE,2,5495.6,0.03,32.597,6467.45,93129.7,0.84973,0.000005,0.00504,0,100,0,0,0,0,0.0009,168.5922,166.05,200,165.99
Michigan,MI,Oakland,2025,FALSE,2,11030.2,0.058,65.44,12629.25,186966.2,0.87339,0.000005,0.005182,0,100,0,0,0,0,0.0009,168.5544,100.71,93.33,100.75
Michigan,MI,Oakland,2026,TRUE,2,17502.6,0.082,103.867,20499.84,296771,0.85379,0.000004,0.005067,0,100,0,0,0,0,0.0008,168.5097,58.68,41.38,58.72
Michigan,MI,Otsego,2020,FALSE,6,496703.483,2.514,170.38,808789.43,8417926.998,0.61413,0.000003,0.000211,0,100,0,0,0,0,0.0148,2915.2687,,,
Michigan,MI,Otsego,2021,FALSE,6,568897.179,2.884,218.139,869321.78,9641194.807,0.65441,0.000003,0.000251,0,100,0,0,0,0,0.0132,2607.9572,14.53,14.72,28.03
Michigan,MI,Otsego,2022,FALSE,6,588404.586,2.97,220.001,946912.19,9901066.746,0.62139,0.000003,0.000232,0,100,0,0,0,0,0.0135,2674.5541,3.43,2.98,0.85
Michigan,MI,Otsego,2023,FALSE,6,539335.051,2.723,139.549,848547.59,9075429.548,0.6356,0.000003,0.000164,0,100,0,0,0,0,0.0195,3864.8435,-8.34,-8.32,-36.57
Michigan,MI,Otsego,2024,FALSE,6,334251.902,1.688,119.925,527687.97,5624473.548,0.63343,0.000003,0.000227,0,100,0,0,0,0,0.0141,2787.1745,-38.03,-38.01,-14.06
Michigan,MI,Otsego,2025,FALSE,6,501010.138,2.529,168.507,803876.89,8430491.021,0.62324,0.000003,0.00021,0,100,0,0,0,0,0.015,2973.2304,49.89,49.82,40.51
Michigan,MI,Otsego,2026,TRUE,6,343654.396,1.736,105.552,560515.6,5782687.084,0.6131,0.000003,0.000188,0,100,0,0,0,0,0.0164,3255.7829,-31.41,-31.36,-37.36
Michigan,MI,Ottawa,2020,FALSE,10,9778614.473,4001.419,2713.091,12300723.25,110133830.799,0.79496,0.000325,0.000221,64.61,35.39,0,0,0,0,1.4749,3604.2339,,,
Michigan,MI,Ottawa,2021,FALSE,9,11123389.373,6378.846,3978.689,13132007.3,120417351.605,0.84704,0.000486,0.000303,72.48,27.52,0,0,0,0,1.6033,2795.7424,13.75,59.41,46.65
Michigan,MI,Ottawa,2022,FALSE,9,11007182.093,5532.86,3355.588,13497632.69,123014361.994,0.81549,0.00041,0.000249,66.11,33.89,0,0,0,0,1.6488,3280.2543,-1.04,-13.26,-15.66
Michigan,MI,Ottawa,2023,FALSE,9,10130890.653,4234.763,2938.415,12913829.7,117135050.894,0.7845,0.000328,0.000228,59.54,40.46,0,0,0,0,1.4412,3447.7399,-7.96,-23.46,-12.43
Michigan,MI,Ottawa,2024,FALSE,9,12233423.363,5440.726,3735.395,15599261.01,140697667.376,0.78423,0.000349,0.000239,60.55,39.45,0,0,0,0,1.4565,3275.0013,20.75,28.48,27.12
Michigan,MI,Ottawa,2025,FALSE,9,12008457.95,5490.029,3614.716,14632916.56,137002102.619,0.82065,0.000375,0.000247,62.1,37.9,0,0,0,0,1.5188,3322.1027,-1.84,0.91,-3.23
Michigan,MI,Ottawa,2026,TRUE,8,3932296.381,1181.88,1028.739,5511635.49,50514664.566,0.71345,0.000214,0.000187,40.52,59.48,0,0,0,0,1.1489,3822.4432,-67.25,-78.47,-71.54
Michigan,MI,St. Clair,2020,FALSE,17,8259382.954,21760.926,8157.346,8581400.71,89086398.006,0.96247,0.002536,0.000951,73.26,26.74,0,0,0,0,2.6676,1012.5086,,,
Michigan,MI,St. Clair,2021,FALSE,17,12666037.97,35497.715,12700.366,12488483.58,127259748.816,1.01422,0.002842,0.001017,88.24,11.76,0,0,0,0,2.795,997.2971,53.35,63.13,55.69
Michigan,MI,St. Clair,2022,FALSE,19,11733283.493,26874.54,9447.851,14820613.18,130034674.793,0.79169,0.001813,0.000637,67.78,32.22,0,0,0,0,2.8445,1241.8997,-7.36,-24.29,-25.61
Michigan,MI,St. Clair,2023,FALSE,15,10514760.137,16814.555,7561.374,16553530.11,131391333.719,0.6352,0.001016,0.000457,45.34,54.66,0,0,0,0,2.2237,1390.5886,-10.39,-37.43,-19.97
Michigan,MI,St. Clair,2024,FALSE,15,10873076.794,15959.217,6900.249,17370043.08,139850426.642,0.62597,0.000919,0.000397,40.33,59.67,0,0,0,0,2.3128,1575.7514,3.41,-5.09,-8.74
Michigan,MI,St. Clair,2025,FALSE,15,11664335.727,18240.239,8201.481,17922918.86,147530687.027,0.65081,0.001018,0.000458,44.46,55.54,0,0,0,0,2.224,1422.2231,7.28,14.29,18.86
Michigan,MI,St. Clair,2026,TRUE,15,3680050.779,3302.028,2501.367,6152471.5,53475955.183,0.59814,0.000537,0.000407,20.76,79.24,0,0,0,0,1.3201,1471.2159,-68.45,-81.9,-69.5
Michigan,MI,Van Buren,2020,FALSE,3,3076430.652,15.531,197.453,7408941.17,51766839.03,0.41523,0.000002,0.000027,0,100,0,0,0,0,0.0787,15580.5718,,,
Michigan,MI,Van Buren,2021,FALSE,3,3044576.903,15.37,180.112,7246676.14,51230925.62,0.42013,0.000002,0.000025,0,100,0,0,0,0,0.0853,16903.7982,-1.04,-1.04,-8.78
Michigan,MI,Van Buren,2022,FALSE,3,3118851.371,15.745,177.361,6551355.26,52480554.166,0.47606,0.000002,0.000027,0,100,0,0,0,0,0.0888,17584.7642,2.44,2.44,-1.53
Michigan,MI,Van Buren,2023,FALSE,3,3249010.66,16.402,187.824,6553330.13,54670764.181,0.49578,0.000003,0.000029,0,100,0,0,0,0,0.0873,17298.1656,4.17,4.17,5.9
Michigan,MI,Van Buren,2024,FALSE,3,3049479.892,15.395,177.298,7305626.92,51313476.343,0.41742,0.000002,0.000024,0,100,0,0,0,0,0.0868,17199.7422,-6.14,-6.14,-5.6
Michigan,MI,Van Buren,2025,FALSE,3,3134467.413,15.824,180.087,7523082.29,52743298.986,0.41665,0.000002,0.000024,0,100,0,0,0,0,0.0879,17405.2953,2.79,2.79,1.57
Michigan,MI,Van Buren,2026,TRUE,3,1238851.094,6.254,71.815,2974948.62,20846026.889,0.41643,0.000002,0.000024,0,100,0,0,0,0,0.0871,17250.5896,-60.48,-60.48,-60.12
Michigan,MI,Washtenaw,2020,FALSE,3,0,0,20.881,0,447730.35,,,,0,100,0,0,0,0,0,0,,,
Michigan,MI,Washtenaw,2021,FALSE,3,0,0,22.076,0,501425.166,,,,0,100,0,0,0,0,0,0,,,5.72
Michigan,MI,Washtenaw,2022,FALSE,3,0,0,6.228,0,87828.602,,,,0,100,0,0,0,0,0,0,,,-71.79
Michigan,MI,Washtenaw,2023,FALSE,3,0,0,4.69,0,86602.47,,,,0,100,0,0,0,0,0,0,,,-24.69
Michigan,MI,Washtenaw,2024,FALSE,3,0,0,24.651,0,328649.02,,,,0,100,0,0,0,0,0,0,,,425.61
Michigan,MI,Washtenaw,2025,FALSE,3,0,0,14.236,0,202635.071,,,,0,100,0,0,0,0,0,0,,,-42.25
Michigan,MI,Washtenaw,2026,TRUE,3,0,0,9.54,0,144081.527,,,,0,100,0,0,0,0,0,0,,,-32.99
Michigan,MI,Wayne,2020,FALSE,17,3047825.496,2205.091,1381.707,4203074.07,55992279.693,0.72514,0.000525,0.000329,11.53,88.47,0,0,0,0,1.5959,2205.8407,,,
Michigan,MI,Wayne,2021,FALSE,17,3218260.606,4360.943,1660.305,3046215.17,52316800.589,1.05648,0.001432,0.000545,24.04,75.96,0,0,0,0,2.6266,1938.3551,5.59,97.77,20.16
Michigan,MI,Wayne,2022,FALSE,16,2835611.188,3196.83,1121.591,3523546.53,50312543.623,0.80476,0.000907,0.000318,12.93,87.07,0,0,0,0,2.8503,2528.2043,-11.89,-26.69,-32.45
Michigan,MI,Wayne,2023,FALSE,13,3730234.685,1230.053,650.719,3763738.57,46283400.022,0.9911,0.000327,0.000173,0,100,0,0,0,0,1.8903,5732.4816,31.55,-61.52,-41.98
Michigan,MI,Wayne,2024,FALSE,13,3817591.462,598.216,810.843,4301856,51022452.858,0.88743,0.000139,0.000188,0,100,0,0,0,0,0.7378,4708.1759,2.34,-51.37,24.61
Michigan,MI,Wayne,2025,FALSE,13,2733213.025,205.14,608.36,3232117.66,39606106.495,0.84564,0.000063,0.000188,0,100,0,0,0,0,0.3372,4492.756,-28.4,-65.71,-24.97
Michigan,MI,Wayne,2026,TRUE,13,1569597.225,7.924,526.214,2322458.43,26648518.31,0.67583,0.000003,0.000227,0,100,0,0,0,0,0.0151,2982.8116,-42.57,-96.14,-13.5
Michigan,MI,Wexford,2020,FALSE,1,0,22.814,70.735,50988,983377.653,0,0.000447,0.001387,0,0,0,100,0,0,0.3225,0,,,
Michigan,MI,Wexford,2021,FALSE,1,0,61.614,191.641,147737.85,2655767.827,0,0.000417,0.001297,0,0,0,100,0,0,0.3215,0,,170.07,170.93
Michigan,MI,Wexford,2022,FALSE,1,0,62.535,189.827,142630.81,2695431.995,0,0.000438,0.001331,0,0,0,100,0,0,0.3294,0,,1.49,-0.95
Michigan,MI,Wexford,2023,FALSE,1,0,63.03,196.316,130998.72,2716695.564,0,0.000481,0.001499,0,0,0,100,0,0,0.3211,0,,0.79,3.42
Michigan,MI,Wexford,2024,FALSE,1,0,56.638,182.713,134971,2441302.544,0,0.00042,0.001354,0,0,0,100,0,0,0.31,0,,-10.14,-6.93
Michigan,MI,Wexford,2025,FALSE,1,0,73.211,229.12,168510.61,3155620.813,0,0.000434,0.00136,0,0,0,100,0,0,0.3195,0,,29.26,25.4
Michigan,MI,Wexford,2026,TRUE,1,0,30.344,98.275,81413,1307970.059,0,0.000373,0.001207,0,0,0,100,0,0,0.3088,0,,-58.55,-57.11
Minnesota,MN,Beltrami,2020,FALSE,1,31105.411,0.157,35.235,52476.44,523406.292,0.59275,0.000003,0.000671,0,100,0,0,0,0,0.0045,882.7987,,,
Minnesota,MN,Beltrami,2021,FALSE,1,67555.525,0.341,85.191,112346.6,1136356.396,0.60131,0.000003,0.000758,0,100,0,0,0,0,0.004,792.989,117.18,117.2,141.78
Minnesota,MN,Beltrami,2022,FALSE,1,52950.543,0.268,61.96,86438.16,889959.741,0.61258,0.000003,0.000717,0,100,0,0,0,0,0.0043,854.5924,-21.62,-21.41,-27.27
Minnesota,MN,Beltrami,2023,FALSE,1,97134.138,0.491,125.428,166462.41,1634282.606,0.58352,0.000003,0.000753,0,100,0,0,0,0,0.0039,774.4215,83.44,83.21,102.43
Minnesota,MN,Beltrami,2024,FALSE,1,74020.534,0.375,95.838,126610.11,1245482.003,0.58463,0.000003,0.000757,0,100,0,0,0,0,0.0039,772.3506,-23.8,-23.63,-23.59
Minnesota,MN,Beltrami,2025,FALSE,1,84183.14,0.458,164.148,145303.36,1413975.864,0.57936,0.000003,0.00113,0,100,0,0,0,0,0.0028,512.849,13.73,22.13,71.28
Minnesota,MN,Beltrami,2026,TRUE,1,31780.685,0.196,42.751,52874.77,532023.489,0.60106,0.000004,0.000809,0,100,0,0,0,0,0.0046,743.3904,-62.25,-57.21,-73.96
Minnesota,MN,Blue Earth,2020,FALSE,2,1242560.548,6.272,85.995,2892702.91,20908426.906,0.42955,0.000002,0.00003,0,100,0,0,0,0,0.0729,14449.2185,,,
Minnesota,MN,Blue Earth,2021,FALSE,2,1292131.642,6.525,85.275,2953145.27,21729285.662,0.43754,0.000002,0.000029,0,100,0,0,0,0,0.0765,15152.5259,3.99,4.03,-0.84
Minnesota,MN,Blue Earth,2022,FALSE,2,798320.249,4.033,64.226,1802213.22,13427629.242,0.44297,0.000002,0.000036,0,100,0,0,0,0,0.0628,12429.8609,-38.22,-38.19,-24.68
Minnesota,MN,Blue Earth,2023,FALSE,2,1180407.349,5.962,84.177,2708461.14,19862137.45,0.43582,0.000002,0.000031,0,100,0,0,0,0,0.0708,14022.9201,47.86,47.83,31.06
Minnesota,MN,Blue Earth,2024,FALSE,2,1224340.626,6.182,82.602,2782761.08,20601913.702,0.43997,0.000002,0.00003,0,100,0,0,0,0,0.0748,14822.1668,3.72,3.69,-1.87
Minnesota,MN,Blue Earth,2025,FALSE,2,1142242.707,5.766,77.173,2572075.25,19219004.877,0.44409,0.000002,0.00003,0,100,0,0,0,0,0.0747,14801.0665,-6.71,-6.73,-6.57
Minnesota,MN,Blue Earth,2026,TRUE,2,612474.92,3.094,42.06,1401771.06,10306069.069,0.43693,0.000002,0.00003,0,100,0,0,0,0,0.0736,14561.9334,-46.38,-46.34,-45.5
Minnesota,MN,Brown,2020,FALSE,1,0,0.905,3.194,395.46,5323.5,0,0.002288,0.008077,0,0,100,0,0,0,0.2833,0,,,
Minnesota,MN,Brown,2021,FALSE,1,0,0.695,2.453,303.68,4088,0,0.002289,0.008078,0,0,100,0,0,0,0.2833,0,,-23.2,-23.2
Minnesota,MN,Brown,2022,FALSE,1,0,1.751,6.18,739.92,10300.5,0,0.002366,0.008352,0,0,100,0,0,0,0.2833,0,,151.94,151.94
Minnesota,MN,Brown,2023,FALSE,1,0,0.417,1.472,177.25,2453.5,0,0.002353,0.008305,0,0,100,0,0,0,0.2833,0,,-76.19,-76.18
Minnesota,MN,Brown,2024,FALSE,1,0,0.359,1.266,151.75,2110.5,0,0.002366,0.008343,0,0,100,0,0,0,0.2836,0,,-13.91,-13.99
Minnesota,MN,Brown,2025,FALSE,1,0,2.618,9.24,1121,15400,0,0.002335,0.008243,0,0,100,0,0,0,0.2833,0,,629.25,629.86
Minnesota,MN,Brown,2026,TRUE,1,0,0.525,1.854,182,3090.5,0,0.002885,0.010187,0,0,100,0,0,0,0.2832,0,,-79.95,-79.94
Minnesota,MN,Carver,2020,FALSE,3,251.873,0.787,13.808,988.54,35700.691,0.25479,0.000796,0.013968,0,11.87,88.13,0,0,0,0.057,18.2411,,,
Minnesota,MN,Carver,2021,FALSE,3,952.924,2.109,40.921,3630.2,105060.468,0.2625,0.000581,0.011272,0,15.25,84.75,0,0,0,0.0515,23.2869,278.34,167.98,196.36
Minnesota,MN,Carver,2022,FALSE,3,564.703,0.021,17.947,1525.3,38189.546,0.37022,0.000014,0.011766,0,24.88,75.12,0,0,0,0.0012,31.465,-40.74,-99,-56.14
Minnesota,MN,Carver,2023,FALSE,3,4348.528,0.038,20.148,7793.45,97603.727,0.55797,0.000005,0.002585,0,74.98,25.02,0,0,0,0.0019,215.8293,670.06,80.95,12.26
Minnesota,MN,Carver,2024,FALSE,3,3459.159,0.049,25.492,6799.4,91233.608,0.50874,0.000007,0.003749,0,63.43,36.57,0,0,0,0.0019,135.6959,-20.45,28.95,26.52
Minnesota,MN,Carver,2025,FALSE,3,1230.363,0.037,29.18,3559.03,66604.986,0.3457,0.00001,0.008199,0,31.09,68.91,0,0,0,0.0013,42.1646,-64.43,-24.49,14.47
Minnesota,MN,Carver,2026,TRUE,1,977.707,0.005,1.258,1602.3,16443.291,0.61019,0.000003,0.000785,0,100,0,0,0,0,0.004,777.1916,-20.54,-86.49,-95.69
Minnesota,MN,Cook,2020,FALSE,0,0,0,0,0,0,,,,,,,,,,,,,,
Minnesota,MN,Cook,2021,FALSE,0,0,0,0,0,0,,,,,,,,,,,,,,
Minnesota,MN,Cook,2022,FALSE,0,0,0,0,0,0,,,,,,,,,,,,,,
Minnesota,MN,Cook,2023,FALSE,0,0,0,0,0,0,,,,,,,,,,,,,,
Minnesota,MN,Dakota,2020,FALSE,8,789309.695,4.394,198.849,1616214.78,13473254.384,0.48837,0.000003,0.000123,0,100,0,0,0,0,0.0221,3969.3923,,,
Minnesota,MN,Dakota,2021,FALSE,8,923406.453,86.07,682.337,1985092.84,16852898.267,0.46517,0.000043,0.000344,0,100,0,0,0,0,0.1261,1353.2997,16.99,1858.81,243.14
Minnesota,MN,Dakota,2022,FALSE,8,396142.717,6.745,203.485,789937.67,7003892.918,0.50149,0.000009,0.000258,0,100,0,0,0,0,0.0331,1946.7908,-57.1,-92.16,-70.18
Minnesota,MN,Dakota,2023,FALSE,8,906180.375,6.952,409.436,1907923.23,16403092.53,0.47496,0.000004,0.000215,0,100,0,0,0,0,0.017,2213.2406,128.75,3.07,101.21
Minnesota,MN,Dakota,2024,FALSE,8,1145894.39,7.272,348.537,2414875.47,20300414.325,0.47451,0.000003,0.000144,0,100,0,0,0,0,0.0209,3287.7267,26.45,4.6,-14.87
Minnesota,MN,Dakota,2025,FALSE,8,477143.815,4.137,441.084,1012699.73,10049712.842,0.47116,0.000004,0.000436,0,100,0,0,0,0,0.0094,1081.7527,-58.36,-43.11,26.55
Minnesota,MN,Dakota,2026,TRUE,7,435712.579,20.713,144.112,912929.98,7683483.894,0.47727,0.000023,0.000158,0,100,0,0,0,0,0.1437,3023.4302,-8.68,400.68,-67.33
Minnesota,MN,Goodhue,2020,FALSE,2,153397.7,0.779,46.701,222572.87,2599902.5,0.6892,0.000003,0.00021,0,100,0,0,0,0,0.0167,3284.677,,,
Minnesota,MN,Goodhue,2021,FALSE,2,261011.1,2.294,105.854,382659.21,4409503,0.6821,0.000006,0.000277,0,100,0,0,0,0,0.0217,2465.7651,70.15,194.48,126.66
Minnesota,MN,Goodhue,2022,FALSE,2,119262.3,2.129,74.645,171482.42,1998558.3,0.69548,0.000012,0.000435,0,100,0,0,0,0,0.0285,1597.7266,-54.31,-7.19,-29.48
Minnesota,MN,Goodhue,2023,FALSE,2,470195.4,2.405,135.919,700260.11,7969164.9,0.67146,0.000003,0.000194,0,100,0,0,0,0,0.0177,3459.3795,294.25,12.96,82.09
Minnesota,MN,Goodhue,2024,FALSE,2,546116.2,2.875,152.62,808362.14,9254839.8,0.67558,0.000004,0.000189,0,100,0,0,0,0,0.0188,3578.2741,16.15,19.54,12.29
Minnesota,MN,Goodhue,2025,FALSE,2,564116.3,2.975,154.545,821954.26,9559571,0.68631,0.000004,0.000188,0,100,0,0,0,0,0.0193,3650.175,3.3,3.48,1.26
Minnesota,MN,Goodhue,2026,TRUE,2,199532.2,3.286,109.065,285384.8,3347825.8,0.69917,0.000012,0.000382,0,100,0,0,0,0,0.0301,1829.4797,-64.63,10.45,-29.43
Minnesota,MN,Hennepin,2020,FALSE,2,931222.803,4.701,147.064,2219373.3,15669622.189,0.41959,0.000002,0.000066,0,100,0,0,0,0,0.032,6332.0922,,,
Minnesota,MN,Hennepin,2021,FALSE,2,585478.342,2.956,91.13,1393088.42,9851763.113,0.42027,0.000002,0.000065,0,100,0,0,0,0,0.0324,6424.6499,-37.13,-37.12,-38.03
Minnesota,MN,Hennepin,2022,FALSE,2,632933.673,3.195,119.839,1505863.04,10650256.979,0.42031,0.000002,0.00008,0,100,0,0,0,0,0.0267,5281.5333,8.11,8.09,31.5
Minnesota,MN,Hennepin,2023,FALSE,2,1045141.675,5.276,156.951,2518530.72,17586494.944,0.41498,0.000002,0.000062,0,100,0,0,0,0,0.0336,6659.0316,65.13,65.13,30.97
Minnesota,MN,Hennepin,2024,FALSE,2,1147130.165,5.791,162.644,2816740.4,19302648.525,0.40725,0.000002,0.000058,0,100,0,0,0,0,0.0356,7053.0125,9.76,9.76,3.63
Minnesota,MN,Hennepin,2025,FALSE,2,145357.752,0.733,25.364,348716.76,2445964.18,0.41684,0.000002,0.000073,0,100,0,0,0,0,0.0289,5730.8686,-87.33,-87.34,-84.41
Minnesota,MN,Hennepin,2026,TRUE,0,0,0,0,0,0,,,,,,,,,,,,-100,-100,-100
Minnesota,MN,Isanti,2020,FALSE,2,14531.883,0.08,13.777,20387.16,253991.032,0.7128,0.000004,0.000676,0,96.27,3.73,0,0,0,0.0058,1054.793,,,
Minnesota,MN,Isanti,2021,FALSE,2,66921.322,0.355,42.734,96432.04,1149382.821,0.69397,0.000004,0.000443,0,97.97,2.03,0,0,0,0.0083,1565.9971,360.51,343.75,210.18
Minnesota,MN,Isanti,2022,FALSE,2,21644.933,0.119,15.872,31831.72,378128.768,0.67998,0.000004,0.000499,0,96.32,3.68,0,0,0,0.0075,1363.7181,-67.66,-66.48,-62.86
Minnesota,MN,Isanti,2023,FALSE,2,34318.547,0.175,15.384,49912.17,580870.777,0.68758,0.000004,0.000308,0,99.42,0.58,0,0,0,0.0114,2230.7948,58.55,47.06,-3.07
Minnesota,MN,Isanti,2024,FALSE,2,24706.833,0.128,12.756,36064.59,420111.856,0.68507,0.000004,0.000354,0,98.96,1.04,0,0,0,0.01,1936.8794,-28.01,-26.86,-17.08
Minnesota,MN,Isanti,2025,FALSE,2,69898.41,0.334,50.12,101580.79,1147201.126,0.68811,0.000003,0.000493,0,99.14,0.86,0,0,0,0.0067,1394.6211,182.91,160.94,292.91
Minnesota,MN,Isanti,2026,TRUE,2,7078.954,0.044,14.194,9527.85,112376.478,0.74297,0.000005,0.00149,0,95.62,4.38,0,0,0,0.0031,498.7286,-89.87,-86.83,-71.68
Minnesota,MN,Itasca,2020,FALSE,2,5023355.594,490.858,2038.651,4629083.33,47968429.253,1.08517,0.000106,0.00044,100,0,0,0,0,0,0.2408,2464.0586,,,
Minnesota,MN,Itasca,2021,FALSE,2,5839025.893,551.392,2429.612,5514264.63,55856728.269,1.05889,0.0001,0.000441,100,0,0,0,0,0,0.2269,2403.275,16.24,12.33,19.18
Minnesota,MN,Itasca,2022,FALSE,2,5877963.544,604.92,2478.537,5597906,56408179.668,1.05003,0.000108,0.000443,100,0,0,0,0,0,0.2441,2371.5456,0.67,9.71,2.01
Minnesota,MN,Itasca,2023,FALSE,2,5682618.346,578.625,2335.304,5502945.38,54229380.094,1.03265,0.000105,0.000424,100,0,0,0,0,0,0.2478,2433.3527,-3.32,-4.35,-5.78
Minnesota,MN,Itasca,2024,FALSE,2,4978176.242,504.19,2064.511,4834470.52,47519293.051,1.02973,0.000104,0.000427,100,0,0,0,0,0,0.2442,2411.3101,-12.4,-12.86,-11.6
Minnesota,MN,Itasca,2025,FALSE,2,6396128.308,587.668,2695.564,6322844.51,61046014.534,1.01159,0.000093,0.000426,100,0,0,0,0,0,0.218,2372.8349,28.48,16.56,30.57
Minnesota,MN,Itasca,2026,TRUE,2,3212830.829,352.716,1310.378,2898744.91,30660228.574,1.10835,0.000122,0.000452,100,0,0,0,0,0,0.2692,2451.8351,-49.77,-39.98,-51.39
Minnesota,MN,Lake,2020,FALSE,0,0,0,0,0,0,,,,,,,,,,,,,,
Minnesota,MN,Lake,2021,FALSE,0,0,0,0,0,0,,,,,,,,,,,,,,
Minnesota,MN,Lake,2022,FALSE,0,0,0,0,0,0,,,,,,,,,,,,,,
Minnesota,MN,Lake,2023,FALSE,0,0,0,0,0,0,,,,,,,,,,,,,,
Minnesota,MN,Lake,2024,FALSE,0,0,0,0,0,0,,,,,,,,,,,,,,
Minnesota,MN,Lake,2025,FALSE,0,0,0,0,0,0,,,,,,,,,,,,,,
Minnesota,MN,Martin,2020,FALSE,6,32961.788,0.164,9.695,40673.34,552603.137,0.8104,0.000004,0.000238,0,100,0,0,0,0,0.0169,3399.875,,,
Minnesota,MN,Martin,2021,FALSE,6,101251.101,0.513,28.243,119255.73,1700860.846,0.84903,0.000004,0.000237,0,100,0,0,0,0,0.0182,3584.9981,207.18,212.8,191.32
Minnesota,MN,Martin,2022,FALSE,6,56969.856,0.289,16.685,66308.72,956278.715,0.85916,0.000004,0.000252,0,100,0,0,0,0,0.0173,3414.4355,-43.73,-43.66,-40.92
Minnesota,MN,Martin,2023,FALSE,6,68279.013,0.344,17.304,78033.53,1148275.161,0.875,0.000004,0.000222,0,100,0,0,0,0,0.0199,3945.8514,19.85,19.03,3.71
Minnesota,MN,Martin,2024,FALSE,6,56585.091,0.285,13.692,63261.12,952168.368,0.89447,0.000005,0.000216,0,100,0,0,0,0,0.0208,4132.7119,-17.13,-17.15,-20.87
Minnesota,MN,Martin,2025,FALSE,6,83824.529,0.423,19.096,93642.26,1410161.447,0.89516,0.000005,0.000204,0,100,0,0,0,0,0.0222,4389.6381,48.14,48.42,39.47
Minnesota,MN,Martin,2026,TRUE,6,30105.821,0.153,13.147,32264.11,465847.676,0.93311,0.000005,0.000407,0,100,0,0,0,0,0.0116,2289.9385,-64.08,-63.83,-31.15
Minnesota,MN,McLeod,2020,FALSE,1,6094.738,0.031,5.392,10154.29,102559.543,0.60021,0.000003,0.000531,0,100,0,0,0,0,0.0057,1130.3297,,,
Minnesota,MN,McLeod,2021,FALSE,1,7567.045,0.038,7.069,14040.62,127324.117,0.53894,0.000003,0.000503,0,100,0,0,0,0,0.0054,1070.4548,24.16,22.58,31.1
Minnesota,MN,McLeod,2022,FALSE,1,10425.291,0.055,8.804,15160.77,175431.453,0.68765,0.000004,0.000581,0,100,0,0,0,0,0.0062,1184.1539,37.77,44.74,24.54
Minnesota,MN,McLeod,2023,FALSE,1,16653.913,0.089,13.926,25383.27,280249.154,0.6561,0.000004,0.000549,0,100,0,0,0,0,0.0064,1195.8863,59.75,61.82,58.18
Minnesota,MN,McLeod,2024,FALSE,1,959.975,0.005,0.959,1397.6,16152.45,0.68687,0.000004,0.000686,0,100,0,0,0,0,0.0052,1001.0167,-94.24,-94.38,-93.11
Minnesota,MN,McLeod,2025,FALSE,1,19013.301,0.103,16.052,28528.62,319949.707,0.66646,0.000004,0.000563,0,100,0,0,0,0,0.0064,1184.4817,1880.6,1960,1573.83
Minnesota,MN,McLeod,2026,TRUE,0,0,0,0,0,0,,,,,,,,,,,,-100,-100,-100
Minnesota,MN,Mower,2020,FALSE,3,21964.841,0.11,16.854,29690.8,369594.822,0.73979,0.000004,0.000568,0,100,0,0,0,0,0.0065,1303.242,,,
Minnesota,MN,Mower,2021,FALSE,3,94375.114,0.461,80.729,125842.16,1551132.132,0.74995,0.000004,0.000642,0,100,0,0,0,0,0.0057,1169.0361,329.66,319.09,378.99
Minnesota,MN,Mower,2022,FALSE,3,86995.354,0.429,68.461,118430.04,1433081.89,0.73457,0.000004,0.000578,0,100,0,0,0,0,0.0063,1270.7286,-7.82,-6.94,-15.2
Minnesota,MN,Mower,2023,FALSE,3,75938.632,0.383,59.672,103601.36,1276418.109,0.73299,0.000004,0.000576,0,100,0,0,0,0,0.0064,1272.6008,-12.71,-10.72,-12.84
Minnesota,MN,Mower,2024,FALSE,3,62403.163,0.314,46.22,85680.03,1047965.917,0.72833,0.000004,0.000539,0,100,0,0,0,0,0.0068,1350.1333,-17.82,-18.02,-22.54
Minnesota,MN,Mower,2025,FALSE,3,113141.125,0.571,72.19,156404.46,1902234.072,0.72339,0.000004,0.000462,0,100,0,0,0,0,0.0079,1567.2687,81.31,81.85,56.19
Minnesota,MN,Mower,2026,TRUE,3,36534.773,0.176,34.449,48090.24,551875.053,0.75971,0.000004,0.000716,0,100,0,0,0,0,0.0051,1060.5467,-67.71,-69.18,-52.28
Minnesota,MN,Olmsted,2020,FALSE,3,6756.715,0.393,30.039,10298.03,177946.086,0.65612,0.000038,0.002917,0,100,0,0,0,0,0.0131,224.9314,,,
Minnesota,MN,Olmsted,2021,FALSE,3,20419.004,1.309,38.007,30902.95,386138.862,0.66075,0.000042,0.00123,0,100,0,0,0,0,0.0344,537.2432,202.2,233.08,26.53
Minnesota,MN,Olmsted,2022,FALSE,3,8257.956,0.308,11.229,10023.6,145790.882,0.82385,0.000031,0.00112,0,100,0,0,0,0,0.0274,735.4133,-59.56,-76.47,-70.46
Minnesota,MN,Olmsted,2023,FALSE,3,22308.155,1.136,40.63,32474.58,444129.557,0.68694,0.000035,0.001251,0,100,0,0,0,0,0.028,549.0562,170.14,268.83,261.83
Minnesota,MN,Olmsted,2024,FALSE,3,16250.635,1.015,35.056,24804.11,337761.892,0.65516,0.000041,0.001413,0,100,0,0,0,0,0.029,463.5622,-27.15,-10.65,-13.72
Minnesota,MN,Olmsted,2025,FALSE,2,766.472,0.138,0.693,621.98,10492.33,1.23231,0.000222,0.001114,0,100,0,0,0,0,0.1991,1106.0202,-95.28,-86.4,-98.02
Minnesota,MN,Otter Tail,2020,FALSE,2,262407.725,749.465,316.154,213124.5,2501980.075,1.23124,0.003517,0.001483,100,0,0,0,0,0,2.3706,829.9997,,,
Minnesota,MN,Otter Tail,2021,FALSE,2,161846.475,495.214,228.604,133610.25,1543154.45,1.21133,0.003706,0.001711,100,0,0,0,0,0,2.1663,707.9774,-38.32,-33.92,-27.69
Minnesota,MN,Pine,2020,FALSE,1,0,0.007,5.557,326.48,9260.9,0,0.000021,0.017021,0,0,100,0,0,0,0.0013,0,,,
Minnesota,MN,Pine,2021,FALSE,1,0,0.018,14.383,1199.18,23970.5,0,0.000015,0.011994,0,0,100,0,0,0,0.0013,0,,157.14,158.83
Minnesota,MN,Pine,2022,FALSE,1,0,0.009,6.95,720.18,11583.4,0,0.000012,0.00965,0,0,100,0,0,0,0.0013,0,,-50,-51.68
Minnesota,MN,Pine,2023,FALSE,1,0,0.003,2.227,224.48,3712.1,0,0.000013,0.009921,0,0,100,0,0,0,0.0013,0,,-66.67,-67.96
Minnesota,MN,Pine,2024,FALSE,1,0,0.003,2.655,248.89,4425,0,0.000012,0.010667,0,0,100,0,0,0,0.0011,0,,0,19.22
Minnesota,MN,Pine,2025,FALSE,1,0,0.006,4.229,430.79,7047.9,0,0.000014,0.009817,0,0,100,0,0,0,0.0014,0,,100,59.28
Minnesota,MN,Pine,2026,TRUE,1,0,0.009,7.395,836.6,12325,0,0.000011,0.008839,0,0,100,0,0,0,0.0012,0,,50,74.86
Minnesota,MN,Ramsey,2020,FALSE,2,1206982.576,6.093,139.264,2745019.6,20309789.155,0.4397,0.000002,0.000051,0,100,0,0,0,0,0.0438,8666.8671,,,
Minnesota,MN,Ramsey,2021,FALSE,2,1401497.564,7.075,158.062,3195664.8,23582931.769,0.43856,0.000002,0.000049,0,100,0,0,0,0,0.0448,8866.7584,16.12,16.12,13.5
Minnesota,MN,Ramsey,2022,FALSE,2,832710.045,4.204,98.86,1867252.35,14011861.474,0.44595,0.000002,0.000053,0,100,0,0,0,0,0.0425,8423.1241,-40.58,-40.58,-37.45
Minnesota,MN,Ramsey,2023,FALSE,2,1090360.779,5.504,122.175,2506403.22,18347374.685,0.43503,0.000002,0.000049,0,100,0,0,0,0,0.0451,8924.5818,30.94,30.92,23.58
Minnesota,MN,Ramsey,2024,FALSE,2,1310958.48,6.618,146.827,3092956.25,22059440.743,0.42385,0.000002,0.000047,0,100,0,0,0,0,0.0451,8928.5927,20.23,20.24,20.18
Minnesota,MN,Ramsey,2025,FALSE,2,1280172.985,6.463,150.65,3028601.55,21541235.134,0.42269,0.000002,0.00005,0,100,0,0,0,0,0.0429,8497.6634,-2.35,-2.34,2.6
Minnesota,MN,Ramsey,2026,TRUE,2,656702.295,3.316,75.214,1557020.74,11050330.652,0.42177,0.000002,0.000048,0,100,0,0,0,0,0.0441,8731.1178,-48.7,-48.69,-50.07
Minnesota,MN,Rice,2020,FALSE,1,305444.77,1.542,37.147,712522.87,5139678.28,0.42868,0.000002,0.000052,0,100,0,0,0,0,0.0415,8222.5959,,,
Minnesota,MN,Rice,2021,FALSE,1,333627.774,1.693,58.87,762701.61,5583446.015,0.43743,0.000002,0.000077,0,100,0,0,0,0,0.0288,5667.1951,9.23,9.79,58.48
Minnesota,MN,Rice,2022,FALSE,1,284902.034,1.438,36.962,676956.5,4794060.715,0.42086,0.000002,0.000055,0,100,0,0,0,0,0.0389,7707.9713,-14.6,-15.06,-37.21
Minnesota,MN,Rice,2023,FALSE,1,430593.137,2.174,46.755,1096536.37,7245578.86,0.39268,0.000002,0.000043,0,100,0,0,0,0,0.0465,9209.5634,51.14,51.18,26.49
Minnesota,MN,Rice,2024,FALSE,1,447912.16,2.261,46.018,1142074.13,7536983.03,0.39219,0.000002,0.00004,0,100,0,0,0,0,0.0491,9733.4121,4.02,4,-1.58
Minnesota,MN,Rice,2025,FALSE,1,322702.31,1.629,29.708,829372.94,5430096.142,0.38909,0.000002,0.000036,0,100,0,0,0,0,0.0548,10862.4717,-27.95,-27.95,-35.44
Minnesota,MN,Rice,2026,TRUE,1,85868.856,0.433,8.94,225343.62,1444902.519,0.38106,0.000002,0.00004,0,100,0,0,0,0,0.0484,9605.0174,-73.39,-73.42,-69.91
Minnesota,MN,Scott,2020,FALSE,6,108389.081,0.63,33.133,158811.33,1827951.462,0.6825,0.000004,0.000209,0,99.78,0.22,0,0,0,0.019,3271.3331,,,
Minnesota,MN,Scott,2021,FALSE,6,102943.552,2.69,94.12,150548.67,1840716.161,0.68379,0.000018,0.000625,0,94.11,5.89,0,0,0,0.0286,1093.7479,-5.02,326.98,184.07
Minnesota,MN,Scott,2022,FALSE,6,68358.937,0.785,36.259,95203.27,1172255.829,0.71803,0.000008,0.000381,0,98.13,1.87,0,0,0,0.0216,1885.2957,-33.6,-70.82,-61.48
Minnesota,MN,Scott,2023,FALSE,6,52789.061,0.437,20.877,69168.86,896881.769,0.76319,0.000006,0.000302,0,99.04,0.96,0,0,0,0.0209,2528.575,-22.78,-44.33,-42.42
Minnesota,MN,Scott,2024,FALSE,6,239092.163,1.641,83.309,324390.64,4044876.316,0.73705,0.000005,0.000257,0,99.46,0.54,0,0,0,0.0197,2869.944,352.92,275.51,299.05
Minnesota,MN,Scott,2025,FALSE,3,320992.267,1.662,91.884,441382.21,5403312.733,0.72724,0.000004,0.000208,0,99.96,0.04,0,0,0,0.0181,3493.4512,34.25,1.28,10.29
Minnesota,MN,Scott,2026,TRUE,2,86931.197,0.439,25.081,118535.49,1462767.362,0.73338,0.000004,0.000212,0,100,0,0,0,0,0.0175,3466.018,-72.92,-73.59,-72.7
Minnesota,MN,Sherburne,2020,FALSE,4,10158927.18,3985.256,6035.701,9627078.1,96935584.746,1.05525,0.000414,0.000627,99.82,0.18,0,0,0,0,0.6603,1683.1396,,,
Minnesota,MN,Sherburne,2021,FALSE,4,10779048.936,4108.94,6686.173,10137928.17,103179644.009,1.06324,0.000405,0.00066,99.06,0.94,0,0,0,0,0.6145,1612.1403,6.1,3.1,10.78
Minnesota,MN,Sherburne,2022,FALSE,4,11504416.856,3861.176,7261.645,10741001.78,109903888.768,1.07107,0.000359,0.000676,99.59,0.41,0,0,0,0,0.5317,1584.2715,6.73,-6.03,8.61
Minnesota,MN,Sherburne,2023,FALSE,4,7900124.556,2636.081,4872.086,7423022.65,75638021.738,1.06427,0.000355,0.000656,99.1,0.9,0,0,0,0,0.5411,1621.5076,-31.33,-31.73,-32.91
Minnesota,MN,Sherburne,2024,FALSE,3,7199569.838,2839.731,4234.249,6930892.86,68896903.993,1.03877,0.00041,0.000611,99.22,0.78,0,0,0,0,0.6707,1700.318,-8.87,7.73,-13.09
Minnesota,MN,Sherburne,2025,FALSE,3,8322959.967,3960.184,5210.682,8031876.28,79994672.855,1.03624,0.000493,0.000649,98.21,1.79,0,0,0,0,0.76,1597.288,15.6,39.46,23.06
Minnesota,MN,Sherburne,2026,TRUE,3,2941996.081,632.402,1660.739,2833744.05,28244595.141,1.0382,0.000223,0.000586,98.22,1.78,0,0,0,0,0.3808,1771.4982,-64.65,-84.03,-68.13
Minnesota,MN,St. Louis,2020,FALSE,4,214446.263,54.48,310.285,16249.4,2161547.832,13.19718,0.003353,0.019095,0,10.71,0,89.29,0,0,0.1756,691.1267,,,
Minnesota,MN,St. Louis,2021,FALSE,4,298013.878,85.752,390.597,90601.74,3422769.47,3.28927,0.000946,0.004311,0,37.99,0,62.01,0,0,0.2195,762.9702,38.97,57.4,25.88
Minnesota,MN,St. Louis,2022,FALSE,4,374288.018,121.918,532.583,120609.1,4314615.27,3.10331,0.001011,0.004416,0,38.94,0,61.06,0,0,0.2289,702.7788,25.59,42.18,36.35
Minnesota,MN,St. Louis,2023,FALSE,4,226063.519,37.33,293.543,109306.86,2781336.098,2.06815,0.000342,0.002685,0,50.89,0,49.11,0,0,0.1272,770.1206,-39.6,-69.38,-44.88
Minnesota,MN,St. Louis,2024,FALSE,4,259122.738,42.481,324.932,170256.1,3416298.441,1.52196,0.00025,0.001908,0,63.02,0,36.98,0,0,0.1307,797.4676,14.62,13.8,10.69
Minnesota,MN,St. Louis,2025,FALSE,4,342347.814,74.64,403.585,208554.03,4387186.761,1.64153,0.000358,0.001935,0,57.58,0,42.42,0,0,0.1849,848.2669,32.12,75.7,24.21
Minnesota,MN,St. Louis,2026,TRUE,4,90791.027,19.934,98.041,48849.17,1128128.155,1.8586,0.000408,0.002007,0,52.69,0,47.31,0,0,0.2033,926.0516,-73.48,-73.29,-75.71
Minnesota,MN,Washington,2020,FALSE,2,1262989.304,492.139,450.814,1604824.43,14458190.289,0.787,0.000307,0.000281,61.44,38.56,0,0,0,0,1.0917,2801.5752,,,
Minnesota,MN,Washington,2021,FALSE,2,1928644.712,799.066,737.766,2305638.77,21204151.348,0.83649,0.000347,0.00032,69.35,30.65,0,0,0,0,1.0831,2614.1686,52.7,62.37,63.65
Minnesota,MN,Washington,2022,FALSE,2,1678933.624,740.01,662.583,1946707.89,18160540.941,0.86245,0.00038,0.00034,72.65,27.35,0,0,0,0,1.1169,2533.922,-12.95,-7.39,-10.19
Minnesota,MN,Washington,2023,FALSE,2,1595249.064,560.079,534.884,2120215.98,18892019.302,0.7524,0.000264,0.000252,55.02,44.98,0,0,0,0,1.0471,2982.4206,-4.98,-24.31,-19.27
Minnesota,MN,Washington,2024,FALSE,2,1296996.729,344.864,359.697,1963980.62,16945303.323,0.66039,0.000176,0.000183,37.65,62.35,0,0,0,0,0.9588,3605.8036,-18.7,-38.43,-32.75
Minnesota,MN,Washington,2025,FALSE,2,1359305.71,559.048,519.19,1594686.6,15009329.74,0.8524,0.000351,0.000326,68.48,31.52,0,0,0,0,1.0768,2618.1277,4.8,62.11,44.34
Minnesota,MN,Washington,2026,TRUE,2,639548.677,205.47,215.588,873741.85,7708680.937,0.73197,0.000235,0.000247,51.78,48.22,0,0,0,0,0.9531,2966.5319,-52.95,-63.25,-58.48
Minnesota,MN,Wright,2020,FALSE,1,0,0.007,5.718,319.5,9529.4,0,0.000022,0.017897,0,0,100,0,0,0,0.0012,0,,,
Minnesota,MN,Wright,2021,FALSE,1,0,0.017,14.181,1190.15,23634.8,0,0.000014,0.011915,0,0,100,0,0,0,0.0012,0,,142.86,148.01
Minnesota,MN,Wright,2022,FALSE,1,0,0.008,6.406,667.36,10677.5,0,0.000012,0.009599,0,0,100,0,0,0,0.0012,0,,-52.94,-54.83
Minnesota,MN,Wright,2023,FALSE,1,0,0.003,2.051,184.32,3419.1,0,0.000016,0.011127,0,0,100,0,0,0,0.0015,0,,-62.5,-67.98
Minnesota,MN,Wright,2024,FALSE,1,0,0.002,1.685,157.94,2807.9,0,0.000013,0.010669,0,0,100,0,0,0,0.0012,0,,-33.33,-17.84
Minnesota,MN,Wright,2025,FALSE,1,0,0.004,3.129,300.63,5215.1,0,0.000013,0.010408,0,0,100,0,0,0,0.0013,0,,100,85.7
Minnesota,MN,Wright,2026,TRUE,1,0,0.008,6.765,771.93,11273.7,0,0.00001,0.008764,0,0,100,0,0,0,0.0012,0,,100,116.2
Mississippi,MS,Attala,2020,FALSE,2,828680.025,4.184,79.952,1990901.18,13944152.135,0.41623,0.000002,0.00004,0,100,0,0,0,0,0.0523,10364.7191,,,
Mississippi,MS,Attala,2021,FALSE,2,1052614.685,5.314,101.206,2507916.75,17712238.064,0.41972,0.000002,0.00004,0,100,0,0,0,0,0.0525,10400.7142,27.02,27.01,26.58
Mississippi,MS,Attala,2022,FALSE,2,1414334.104,7.14,131.394,3364207.23,23798736.276,0.42041,0.000002,0.000039,0,100,0,0,0,0,0.0543,10764.0692,34.36,34.36,29.83
Mississippi,MS,Attala,2023,FALSE,2,1231158.062,6.215,113.864,2983680.09,20716547.76,0.41263,0.000002,0.000038,0,100,0,0,0,0,0.0546,10812.5313,-12.95,-12.96,-13.34
Mississippi,MS,Attala,2024,FALSE,2,1284457.115,6.485,124.3,3028707.88,21613401.331,0.42409,0.000002,0.000041,0,100,0,0,0,0,0.0522,10333.5247,4.33,4.34,9.17
Mississippi,MS,Attala,2025,FALSE,2,962912.793,4.861,94.604,2231091.01,16202911.869,0.43159,0.000002,0.000042,0,100,0,0,0,0,0.0514,10178.3518,-25.03,-25.04,-23.89
Mississippi,MS,Attala,2026,TRUE,2,648267.588,3.273,59.844,1430276.1,10908334.302,0.45325,0.000002,0.000042,0,100,0,0,0,0,0.0547,10832.6246,-32.68,-32.67,-36.74
Mississippi,MS,Benton,2020,FALSE,3,2365371.562,11.941,237.158,5366349.96,39801866.898,0.44078,0.000002,0.000044,0,100,0,0,0,0,0.0504,9973.8215,,,
Mississippi,MS,Benton,2021,FALSE,3,1873437.748,9.458,197.306,4257508.18,31524221.429,0.44003,0.000002,0.000046,0,100,0,0,0,0,0.0479,9495.0876,-20.8,-20.79,-16.8
Mississippi,MS,Benton,2022,FALSE,3,2287050.135,11.546,227.524,5142911.56,38484127.639,0.4447,0.000002,0.000044,0,100,0,0,0,0,0.0507,10051.9072,22.08,22.08,15.32
Mississippi,MS,Benton,2023,FALSE,3,2556664.292,12.907,247.717,5931516.09,43020811.784,0.43103,0.000002,0.000042,0,100,0,0,0,0,0.0521,10320.9077,11.79,11.79,8.88
Mississippi,MS,Benton,2024,FALSE,3,3004281.517,15.166,282.991,6849726.54,50552921.363,0.4386,0.000002,0.000041,0,100,0,0,0,0,0.0536,10616.1734,17.51,17.5,14.24
Mississippi,MS,Benton,2025,FALSE,3,2986322.558,15.076,277.27,6807541.02,50250604.926,0.43868,0.000002,0.000041,0,100,0,0,0,0,0.0544,10770.4496,-0.6,-0.59,-2.02
Mississippi,MS,Benton,2026,TRUE,3,1338253.903,6.756,124.674,3078979.78,22518745.652,0.43464,0.000002,0.00004,0,100,0,0,0,0,0.0542,10734.0256,-55.19,-55.19,-55.04
Mississippi,MS,Choctaw,2020,FALSE,7,6358221.027,2361.924,1909.216,6543057.75,85362015.979,0.97175,0.000361,0.000292,30.53,69.47,0,0,0,0,1.2371,3330.2785,,,
Mississippi,MS,Choctaw,2021,FALSE,7,6647507.183,2859.039,2005.308,6008715.39,84941462.196,1.10631,0.000476,0.000334,38.18,61.82,0,0,0,0,1.4257,3314.9557,4.55,21.05,5.03
Mississippi,MS,Choctaw,2022,FALSE,7,6967339.031,2899.42,2117.913,6554954.29,88785954.642,1.06291,0.000442,0.000323,38.6,61.4,0,0,0,0,1.369,3289.7192,4.81,1.41,5.62
Mississippi,MS,Choctaw,2023,FALSE,7,6621311.504,2519.958,2007.309,7587670.26,85073153.719,0.87264,0.000332,0.000265,37.31,62.69,0,0,0,0,1.2554,3298.601,-4.97,-13.09,-5.22
Mississippi,MS,Choctaw,2024,FALSE,7,6667072.054,1705.817,1440.692,10079151.93,94102707.335,0.66147,0.000169,0.000143,23.16,76.84,0,0,0,0,1.184,4627.6873,0.69,-32.31,-28.23
Mississippi,MS,Choctaw,2025,FALSE,7,7530190.621,2742.729,1976.049,9444746.23,100230283.63,0.79729,0.00029,0.000209,31.87,68.13,0,0,0,0,1.388,3810.7307,12.95,60.79,37.16
Mississippi,MS,Choctaw,2026,TRUE,7,3372195.067,1254.317,838.02,4352741.66,46217721.414,0.77473,0.000288,0.000193,31.33,68.67,0,0,0,0,1.4968,4024.0031,-55.22,-54.27,-57.59
Mississippi,MS,Coahoma,2020,FALSE,4,93726.843,0.473,23.364,118893.87,1577082.507,0.78832,0.000004,0.000197,0,100,0,0,0,0,0.0202,4011.5923,,,
Mississippi,MS,Coahoma,2021,FALSE,4,58842.36,0.297,14.647,75327.07,990114.279,0.78116,0.000004,0.000194,0,100,0,0,0,0,0.0203,4017.366,-37.22,-37.21,-37.31
Mississippi,MS,Coahoma,2022,FALSE,4,153462.245,0.776,114.459,197563.77,2582303.116,0.77677,0.000004,0.000579,0,100,0,0,0,0,0.0068,1340.7617,160.8,161.28,681.45
Mississippi,MS,Coahoma,2023,FALSE,4,152298.825,0.77,127.886,208787.64,2562532.597,0.72944,0.000004,0.000613,0,100,0,0,0,0,0.006,1190.8952,-0.76,-0.77,11.73
Mississippi,MS,Coahoma,2024,FALSE,4,90148.455,0.456,114.596,124226.98,1516925.579,0.72568,0.000004,0.000922,0,100,0,0,0,0,0.004,786.6632,-40.81,-40.78,-10.39
Mississippi,MS,Coahoma,2025,FALSE,4,47775.647,0.242,17.862,64985.43,803891.796,0.73517,0.000004,0.000275,0,100,0,0,0,0,0.0135,2674.7087,-47,-46.93,-84.41
Mississippi,MS,Coahoma,2026,TRUE,4,11913.234,0.06,2.948,15551.78,200465.143,0.76604,0.000004,0.00019,0,100,0,0,0,0,0.0204,4041.1242,-75.06,-75.21,-83.5
Mississippi,MS,DeSoto,2020,FALSE,3,1929843.826,9.743,192.153,4814147.48,32473408.66,0.40087,0.000002,0.00004,0,100,0,0,0,0,0.0507,10043.2667,,,
Mississippi,MS,DeSoto,2021,FALSE,3,1886012.8,9.521,187.536,4703065.58,31735685.996,0.40102,0.000002,0.00004,0,100,0,0,0,0,0.0508,10056.804,-2.27,-2.28,-2.4
Mississippi,MS,DeSoto,2022,FALSE,3,1915894.162,9.672,186.108,4784621.81,32238601.228,0.40043,0.000002,0.000039,0,100,0,0,0,0,0.052,10294.5288,1.58,1.59,-0.76
Mississippi,MS,DeSoto,2023,FALSE,3,1849608.556,9.337,186.191,4609315.53,31123326.551,0.40128,0.000002,0.00004,0,100,0,0,0,0,0.0501,9933.931,-3.46,-3.46,0.04
Mississippi,MS,DeSoto,2024,FALSE,3,1891256.669,9.547,183.268,4729768.39,31824086.445,0.39986,0.000002,0.000039,0,100,0,0,0,0,0.0521,10319.623,2.25,2.25,-1.57
Mississippi,MS,DeSoto,2025,FALSE,3,2167304.749,10.941,201.342,5413753.99,36469108.663,0.40033,0.000002,0.000037,0,100,0,0,0,0,0.0543,10764.2953,14.6,14.6,9.86
Mississippi,MS,DeSoto,2026,TRUE,3,1131574.415,5.712,102.064,2802008.38,19040928.556,0.40384,0.000002,0.000036,0,100,0,0,0,0,0.056,11086.9103,-47.79,-47.79,-49.31
Mississippi,MS,Harrison,2020,FALSE,4,1416769.574,7.152,2927.9,2391411.69,23890945.719,0.59244,0.000003,0.001224,0,100,0,0,0,0,0.0024,483.8859,,,
Mississippi,MS,Harrison,2021,FALSE,4,1335008.572,6.739,2664.946,2300913.16,22505427.858,0.58021,0.000003,0.001158,0,100,0,0,0,0,0.0025,500.9515,-5.77,-5.77,-8.98
Mississippi,MS,Harrison,2022,FALSE,4,1581040.963,7.982,3099.592,2768002.44,26659812.992,0.57118,0.000003,0.00112,0,100,0,0,0,0,0.0026,510.0803,18.43,18.44,16.31
Mississippi,MS,Harrison,2023,FALSE,4,2023538.044,10.216,4074.921,3468306.05,34082966.602,0.58344,0.000003,0.001175,0,100,0,0,0,0,0.0025,496.5834,27.99,27.99,31.47
Mississippi,MS,Harrison,2024,FALSE,4,1464541.826,7.394,2993.285,2545532.64,25040212.009,0.57534,0.000003,0.001176,0,100,0,0,0,0,0.0025,489.2758,-27.62,-27.62,-26.54
Mississippi,MS,Harrison,2025,FALSE,4,1651639.456,8.338,3537.963,2803273.09,27900342.564,0.58918,0.000003,0.001262,0,100,0,0,0,0,0.0024,466.8334,12.78,12.77,18.2
Mississippi,MS,Harrison,2026,TRUE,4,705867.592,3.563,1579.776,1208858.28,11920986.818,0.58391,0.000003,0.001307,0,100,0,0,0,0,0.0023,446.815,-57.26,-57.27,-55.35
Mississippi,MS,Hinds,2020,FALSE,3,1246659.052,6.293,106.666,3085299.76,20977381.988,0.40406,0.000002,0.000035,0,100,0,0,0,0,0.059,11687.5017,,,
Mississippi,MS,Hinds,2021,FALSE,3,1439416.691,7.267,125.574,3582195.11,24220999.148,0.40183,0.000002,0.000035,0,100,0,0,0,0,0.0579,11462.6968,15.46,15.48,17.73
Mississippi,MS,Hinds,2022,FALSE,3,1275665.739,6.44,112.4,3099679.54,21465505.912,0.41155,0.000002,0.000036,0,100,0,0,0,0,0.0573,11349.3393,-11.38,-11.38,-10.49
Mississippi,MS,Hinds,2023,FALSE,3,1393217.127,7.034,137.966,3300395.67,23443503.288,0.42214,0.000002,0.000042,0,100,0,0,0,0,0.051,10098.2643,9.21,9.22,22.75
Mississippi,MS,Hinds,2024,FALSE,3,1424016.244,7.189,139.149,3443551.57,23961776.187,0.41353,0.000002,0.00004,0,100,0,0,0,0,0.0517,10233.7512,2.21,2.2,0.86
Mississippi,MS,Hinds,2025,FALSE,3,808059.502,4.08,80.572,1943929.76,13597147.509,0.41568,0.000002,0.000041,0,100,0,0,0,0,0.0506,10029.0362,-43.25,-43.25,-42.1
Mississippi,MS,Hinds,2026,TRUE,3,711966.46,3.594,69.919,1741640.19,11980304.035,0.40879,0.000002,0.00004,0,100,0,0,0,0,0.0514,10182.7323,-11.89,-11.91,-13.22
Mississippi,MS,Jackson,2020,FALSE,7,6904693.092,183.173,3105.765,11869200.47,94882476.729,0.58173,0.000015,0.000262,30.91,69.09,0,0,0,0,0.059,2223.1859,,,
Mississippi,MS,Jackson,2021,FALSE,7,7284395.04,171.382,4779.231,12390169.64,98225292.988,0.58792,0.000014,0.000386,34.12,65.88,0,0,0,0,0.0359,1524.1772,5.5,-6.44,53.88
Mississippi,MS,Jackson,2022,FALSE,7,7054383.14,304.452,5085.339,11964798.48,94646829.058,0.58959,0.000025,0.000425,34.99,65.01,0,0,0,0,0.0599,1387.2002,-3.16,77.65,6.4
Mississippi,MS,Jackson,2023,FALSE,7,5986920.682,190.41,3238.99,11353183.98,86659747.781,0.52733,0.000017,0.000285,22.37,77.63,0,0,0,0,0.0588,1848.3912,-15.13,-37.46,-36.31
Mississippi,MS,Jackson,2024,FALSE,7,5644651.453,112.693,3219.34,10465238.71,81068241.664,0.53937,0.000011,0.000308,23.63,76.37,0,0,0,0,0.035,1753.3567,-5.72,-40.82,-0.61
Mississippi,MS,Jackson,2025,FALSE,7,5984309.014,101.565,3258.623,11074821.57,85021716.701,0.54035,0.000009,0.000294,25.38,74.62,0,0,0,0,0.0312,1836.4533,6.02,-9.87,1.22
Mississippi,MS,Jackson,2026,TRUE,7,2649701.149,42.923,1061.485,5437211.62,39963978.294,0.48733,0.000008,0.000195,15.92,84.08,0,0,0,0,0.0404,2496.221,-55.72,-57.74,-67.43
Mississippi,MS,Jefferson Davis,2020,FALSE,3,34213.527,0.173,7.779,45146.46,575687.413,0.75783,0.000004,0.000172,0,100,0,0,0,0,0.0222,4398.1909,,,
Mississippi,MS,Jefferson Davis,2021,FALSE,3,55610.043,0.281,12.517,76585.54,935737.896,0.72612,0.000004,0.000163,0,100,0,0,0,0,0.0224,4442.7613,62.54,62.43,60.91
Mississippi,MS,Jefferson Davis,2022,FALSE,3,57914.962,0.292,12.901,83599.93,974501.254,0.69276,0.000003,0.000154,0,100,0,0,0,0,0.0226,4489.1839,4.14,3.91,3.07
Mississippi,MS,Jefferson Davis,2023,FALSE,3,145194.024,0.733,33.205,213032.11,2443147.126,0.68156,0.000003,0.000156,0,100,0,0,0,0,0.0221,4372.6554,150.7,151.03,157.38
Mississippi,MS,Jefferson Davis,2024,FALSE,3,299859.975,1.514,64.102,433784.53,5045660.526,0.69126,0.000003,0.000148,0,100,0,0,0,0,0.0236,4677.8568,106.52,106.55,93.05
Mississippi,MS,Jefferson Davis,2025,FALSE,3,196506.152,0.992,43.324,286292.18,3306618.584,0.68638,0.000003,0.000151,0,100,0,0,0,0,0.0229,4535.7343,-34.47,-34.48,-32.41
Mississippi,MS,Jefferson Davis,2026,TRUE,3,62456.135,0.316,15.349,88402,1050926.449,0.7065,0.000004,0.000174,0,100,0,0,0,0,0.0206,4069.0687,-68.22,-68.15,-64.57
Mississippi,MS,Jones,2020,FALSE,5,942495.124,4.759,78.837,1877385.91,15859938.67,0.50203,0.000003,0.000042,0,100,0,0,0,0,0.0604,11954.9846,,,
Mississippi,MS,Jones,2021,FALSE,5,703530.685,3.552,85.244,1355727.21,11838666.579,0.51893,0.000003,0.000063,0,100,0,0,0,0,0.0417,8253.1402,-25.35,-25.36,8.13
Mississippi,MS,Jones,2022,FALSE,5,654642.402,3.305,107.627,1256331.77,11015859.086,0.52107,0.000003,0.000086,0,100,0,0,0,0,0.0307,6082.5109,-6.95,-6.95,26.26
Mississippi,MS,Jones,2023,FALSE,5,1131894.851,5.714,230.894,2200212.09,19043793.27,0.51445,0.000003,0.000105,0,100,0,0,0,0,0.0247,4902.2272,72.9,72.89,114.53
Mississippi,MS,Jones,2024,FALSE,5,1075537.412,5.431,164.793,2061705.77,18098440.042,0.52167,0.000003,0.00008,0,100,0,0,0,0,0.033,6526.5965,-4.98,-4.95,-28.63
Mississippi,MS,Jones,2025,FALSE,5,897071.447,4.528,86.816,1707526.96,15095284.83,0.52536,0.000003,0.000051,0,100,0,0,0,0,0.0522,10333.0198,-16.59,-16.63,-47.32
Mississippi,MS,Jones,2026,TRUE,5,378369.972,1.91,45.15,698311.31,6366814.051,0.54184,0.000003,0.000065,0,100,0,0,0,0,0.0423,8380.2873,-57.82,-57.82,-47.99
Mississippi,MS,Kemper,2020,FALSE,6,2122741.68,10.782,214.076,4839626.53,35718198.626,0.43862,0.000002,0.000044,0,92.04,7.96,0,0,0,0.0504,9915.8321,,,
Mississippi,MS,Kemper,2021,FALSE,6,1959890.464,9.923,200.602,4370067.72,32978821.332,0.44848,0.000002,0.000046,0,100,0,0,0,0,0.0495,9770.0445,-7.67,-7.97,-6.29
Mississippi,MS,Kemper,2022,FALSE,6,1993279.292,10.093,199.539,4498584.35,33540307.064,0.44309,0.000002,0.000044,0,100,0,0,0,0,0.0506,9989.4221,1.7,1.71,-0.53
Mississippi,MS,Kemper,2023,FALSE,6,1668941.733,8.569,156.159,3861077.21,28080907.769,0.43225,0.000002,0.00004,0,100,0,0,0,0,0.0549,10687.4515,-16.27,-15.1,-21.74
Mississippi,MS,Kemper,2024,FALSE,6,1954102.221,10.293,192.265,4449827.44,32874897.081,0.43914,0.000002,0.000043,0,100,0,0,0,0,0.0535,10163.5879,17.09,20.12,23.12
Mississippi,MS,Kemper,2025,FALSE,6,1819053.425,9.473,181.924,4172226.85,30604499.61,0.43599,0.000002,0.000044,0,100,0,0,0,0,0.0521,9998.9744,-6.91,-7.97,-5.38
Mississippi,MS,Kemper,2026,TRUE,6,711303.65,3.6,64.387,1667497.26,11968908.426,0.42657,0.000002,0.000039,0,100,0,0,0,0,0.0559,11047.3178,-60.9,-62,-64.61
Mississippi,MS,Lamar,2022,FALSE,1,42507.777,0.215,9.051,105225.3,715277.382,0.40397,0.000002,0.000086,0,100,0,0,0,0,0.0238,4696.473,,,
Mississippi,MS,Lamar,2023,FALSE,1,1112468.211,5.616,172.081,3423953.45,18719080.685,0.32491,0.000002,0.00005,0,100,0,0,0,0,0.0326,6464.794,2517.09,2512.09,1801.24
Mississippi,MS,Lamar,2024,FALSE,1,892644.608,4.506,138.781,2736457.81,15020519.43,0.3262,0.000002,0.000051,0,100,0,0,0,0,0.0325,6432.0376,-19.76,-19.76,-19.35
Mississippi,MS,Lamar,2025,FALSE,1,960676.114,4.85,149.689,2870258.3,16165410.724,0.3347,0.000002,0.000052,0,100,0,0,0,0,0.0324,6417.8137,7.62,7.63,7.86
Mississippi,MS,Lamar,2026,TRUE,1,527906.546,2.665,89.788,1560131.47,8883051.663,0.33837,0.000002,0.000058,0,100,0,0,0,0,0.0297,5879.4777,-45.05,-45.05,-40.02
Mississippi,MS,Lauderdale,2020,FALSE,2,0,0,56.84,7186,162391.4,0,0,0.00791,0,100,0,0,0,0,0,0,,,
Mississippi,MS,Lauderdale,2021,FALSE,2,0,0,15.998,59,45705.7,0,0,0.271153,0,100,0,0,0,0,0,0,,,-71.85
Mississippi,MS,Lauderdale,2022,FALSE,2,0,0,4.543,1076,12981.6,0,0,0.004222,0,100,0,0,0,0,0,0,,,-71.6
Mississippi,MS,Lauderdale,2023,FALSE,2,0,0,2.589,503,7398.3,0,0,0.005147,0,100,0,0,0,0,0,0,,,-43.01
Mississippi,MS,Lauderdale,2024,FALSE,2,0,0,1.552,415,4434.9,0,0,0.00374,0,100,0,0,0,0,0,0,,,-40.05
Mississippi,MS,Lauderdale,2025,FALSE,2,0,0,0.37,71,1058,0,0,0.005211,0,100,0,0,0,0,0,0,,,-76.16
Mississippi,MS,Lauderdale,2026,TRUE,2,0,0,1.001,195,2859,0,0,0.005133,0,100,0,0,0,0,0,0,,,170.54
Mississippi,MS,Lowndes,2020,FALSE,3,1865796.315,9.419,180.582,4603823.03,31395597.479,0.40527,0.000002,0.000039,0,100,0,0,0,0,0.0522,10332.1279,,,
Mississippi,MS,Lowndes,2021,FALSE,3,1818959.43,9.183,168.004,4457689.9,30607469.163,0.40805,0.000002,0.000038,0,100,0,0,0,0,0.0547,10826.8817,-2.51,-2.51,-6.97
Mississippi,MS,Lowndes,2022,FALSE,3,1959109.496,9.89,168.756,4789371.71,32965700.071,0.40905,0.000002,0.000035,0,100,0,0,0,0,0.0586,11609.125,7.7,7.7,0.45
Mississippi,MS,Lowndes,2023,FALSE,3,1648718.051,8.323,151.267,3990545.17,27742786.915,0.41316,0.000002,0.000038,0,100,0,0,0,0,0.055,10899.3902,-15.84,-15.84,-10.36
Mississippi,MS,Lowndes,2024,FALSE,3,2181094.967,11.011,189.863,5300763.81,36701103.105,0.41147,0.000002,0.000036,0,100,0,0,0,0,0.058,11487.7305,32.29,32.3,25.52
Mississippi,MS,Lowndes,2025,FALSE,3,2240001.569,11.308,201.887,5421810.05,37692319.958,0.41315,0.000002,0.000037,0,100,0,0,0,0,0.056,11095.3235,2.7,2.7,6.33
Mississippi,MS,Lowndes,2026,TRUE,3,946857.131,4.78,86.883,2278598,15932737.193,0.41554,0.000002,0.000038,0,100,0,0,0,0,0.055,10898.0713,-57.73,-57.73,-56.96
Mississippi,MS,Panola,2020,FALSE,3,1844228.465,9.311,392.06,3957703.29,31032589.753,0.46598,0.000002,0.000099,0,100,0,0,0,0,0.0237,4703.9445,,,
Mississippi,MS,Panola,2021,FALSE,3,1463850.688,7.39,319.832,3100545.21,24632226.166,0.47213,0.000002,0.000103,0,100,0,0,0,0,0.0231,4576.9363,-20.63,-20.63,-18.42
Mississippi,MS,Panola,2022,FALSE,3,1829450.156,9.236,400.698,3933129.68,30784105.162,0.46514,0.000002,0.000102,0,100,0,0,0,0,0.023,4565.6583,24.98,24.98,25.28
Mississippi,MS,Panola,2023,FALSE,3,2181217.524,11.011,479.657,4650829.66,36703036.08,0.469,0.000002,0.000103,0,100,0,0,0,0,0.023,4547.4527,19.23,19.22,19.71
Mississippi,MS,Panola,2024,FALSE,3,2203261.463,11.123,490.337,4759135.3,37074221.976,0.46295,0.000002,0.000103,0,100,0,0,0,0,0.0227,4493.3616,1.01,1.02,2.23
Mississippi,MS,Panola,2025,FALSE,3,2276839.643,11.494,511.121,4907448.39,38312336.333,0.46396,0.000002,0.000104,0,100,0,0,0,0,0.0225,4454.6001,3.34,3.34,4.24
Mississippi,MS,Panola,2026,TRUE,3,1052415.873,5.313,233.34,2272812.46,17708720.35,0.46305,0.000002,0.000103,0,100,0,0,0,0,0.0228,4510.2249,-53.78,-53.78,-54.35
Mississippi,MS,Smith,2020,FALSE,3,128997.608,0.652,95.524,222632.45,2170681.193,0.57942,0.000003,0.000429,0,100,0,0,0,0,0.0068,1350.4209,,,
Mississippi,MS,Smith,2021,FALSE,3,156023.893,0.788,114.338,265463.15,2625434.268,0.58774,0.000003,0.000431,0,100,0,0,0,0,0.0069,1364.5848,20.95,20.86,19.7
Mississippi,MS,Smith,2022,FALSE,3,141580.432,0.715,104.224,242556.11,2382356.453,0.5837,0.000003,0.00043,0,100,0,0,0,0,0.0069,1358.4245,-9.26,-9.26,-8.85
Mississippi,MS,Smith,2023,FALSE,3,166534.022,0.841,121.445,290182.09,2802213.057,0.57389,0.000003,0.000419,0,100,0,0,0,0,0.0069,1371.2711,17.63,17.62,16.52
Mississippi,MS,Smith,2024,FALSE,3,177040.511,0.893,127.884,304442.56,2978448.821,0.58152,0.000003,0.00042,0,100,0,0,0,0,0.007,1384.3836,6.31,6.18,5.3
Mississippi,MS,Smith,2025,FALSE,3,162080.474,0.819,120.682,271564.04,2727265.695,0.59684,0.000003,0.000444,0,100,0,0,0,0,0.0068,1343.0377,-8.45,-8.29,-5.63
Mississippi,MS,Smith,2026,TRUE,3,42842.623,0.216,32.143,71476.42,720886.672,0.5994,0.000003,0.00045,0,100,0,0,0,0,0.0067,1332.8757,-73.57,-73.63,-73.37
Mississippi,MS,Warren,2020,FALSE,1,923362.417,6.131,2094.632,1576363.1,15533548.14,0.58575,0.000004,0.001329,0,100,0,0,0,0,0.0029,440.8232,,,
Mississippi,MS,Warren,2021,FALSE,1,462654.29,2.339,900.087,769894.66,7783724.153,0.60093,0.000003,0.001169,0,100,0,0,0,0,0.0026,514.0106,-49.89,-61.85,-57.03
Mississippi,MS,Warren,2022,FALSE,1,202458.217,1.022,341.887,317796,3405839.821,0.63707,0.000003,0.001076,0,100,0,0,0,0,0.003,592.1788,-56.24,-56.31,-62.02
Mississippi,MS,Warren,2023,FALSE,0,0,0,0,0,0,,,,,,,,,,,,-100,-100,-100
Mississippi,MS,Washington,2020,FALSE,1,684678.854,3.54,1621.216,1037629.48,11519664.597,0.65985,0.000003,0.001562,0,100,0,0,0,0,0.0022,422.3243,,,
Mississippi,MS,Washington,2021,FALSE,1,123710.615,0.676,263.199,185513.48,2080842.074,0.66686,0.000004,0.001419,0,100,0,0,0,0,0.0026,470.0269,-81.93,-80.9,-83.77
Mississippi,MS,Washington,2022,FALSE,1,523073.144,2.944,1146.807,801267.17,8796851.024,0.65281,0.000004,0.001431,0,100,0,0,0,0,0.0026,456.1126,322.82,335.5,335.72
Mississippi,MS,Washington,2023,FALSE,1,157636.088,0.822,348.955,226917.86,2652099.999,0.69468,0.000004,0.001538,0,100,0,0,0,0,0.0024,451.7376,-69.86,-72.08,-69.57
Mississippi,MS,Washington,2024,FALSE,1,277412.17,1.449,704.423,408575.89,4666709.434,0.67897,0.000004,0.001724,0,100,0,0,0,0,0.0021,393.8148,75.98,76.28,101.87
Mississippi,MS,Washington,2025,FALSE,1,384527.558,2.039,980.928,600721.88,6468787.288,0.64011,0.000003,0.001633,0,100,0,0,0,0,0.0021,392.0039,38.61,40.72,39.25
Mississippi,MS,Washington,2026,TRUE,1,119619.586,0.65,301.249,183145.81,2012159.326,0.65314,0.000004,0.001645,0,100,0,0,0,0,0.0022,397.0788,-68.89,-68.12,-69.29
Missouri,MO,Audrain,2020,FALSE,9,16357.398,2.304,8.758,23013.14,284115.328,0.71079,0.0001,0.000381,0,96.87,3.13,0,0,0,0.2631,1867.7093,,,
Missouri,MO,Audrain,2021,FALSE,9,29952.685,9.202,28.01,43428.45,540221.677,0.6897,0.000212,0.000645,0,93.3,6.7,0,0,0,0.3285,1069.3568,83.11,299.39,219.82
Missouri,MO,Audrain,2022,FALSE,9,173054.29,13.268,65.735,246628.18,2961548.496,0.70168,0.000054,0.000267,0,98.33,1.67,0,0,0,0.2018,2632.605,477.76,44.19,134.68
Missouri,MO,Audrain,2023,FALSE,9,140900.731,0.908,29.904,200998.64,2371772.168,0.701,0.000005,0.000149,0,99.97,0.03,0,0,0,0.0304,4711.7687,-18.58,-93.16,-54.51
Missouri,MO,Audrain,2024,FALSE,9,105005.325,4.975,32.757,151057.32,1784717.539,0.69514,0.000033,0.000217,0,99,1,0,0,0,0.1519,3205.5843,-25.48,447.91,9.54
Missouri,MO,Audrain,2025,FALSE,9,285543.775,10.87,82.335,407240.9,4842556.052,0.70117,0.000027,0.000202,0,99.22,0.78,0,0,0,0.132,3468.0728,171.93,118.49,151.35
Missouri,MO,Audrain,2026,TRUE,9,36656.104,11.236,34.173,55523.13,661019.054,0.6602,0.000202,0.000615,0,93.31,6.69,0,0,0,0.3288,1072.6627,-87.16,3.37,-58.5
Missouri,MO,Boone,2020,FALSE,5,28413.837,0.144,7.352,15174.74,478078.461,1.87244,0.000009,0.000484,0,100,0,0,0,0,0.0196,3864.7765,,,
Missouri,MO,Boone,2021,FALSE,5,34215.533,0.173,10.979,23483.91,575706.696,1.45698,0.000007,0.000468,0,100,0,0,0,0,0.0158,3116.4526,20.42,20.14,49.33
Missouri,MO,Boone,2022,FALSE,5,36069.374,0.183,13.845,46336.13,606947.972,0.77843,0.000004,0.000299,0,100,0,0,0,0,0.0132,2605.2274,5.42,5.78,26.1
Missouri,MO,Boone,2023,FALSE,5,18861.198,0.095,7.997,20062.7,317375.784,0.94011,0.000005,0.000399,0,100,0,0,0,0,0.0119,2358.5342,-47.71,-48.09,-42.24
Missouri,MO,Boone,2024,FALSE,5,15827.467,0.08,5.777,13280.13,266332.954,1.19182,0.000006,0.000435,0,100,0,0,0,0,0.0138,2739.7381,-16.08,-15.79,-27.76
Missouri,MO,Boone,2025,FALSE,5,43915.126,0.223,17.428,51015.82,738928.59,0.86081,0.000004,0.000342,0,100,0,0,0,0,0.0128,2519.803,177.46,178.75,201.68
Missouri,MO,Boone,2026,TRUE,5,37975.392,0.191,17.817,45692.18,639003.022,0.83111,0.000004,0.00039,0,100,0,0,0,0,0.0107,2131.4134,-13.53,-14.35,2.23
Missouri,MO,Buchanan,2020,FALSE,2,3032.157,0.073,70.736,8500.46,239378.293,0.35671,0.000009,0.008321,0,100,0,0,0,0,0.001,42.8658,,,
Missouri,MO,Buchanan,2021,FALSE,2,7380.518,1.457,94.997,11380.81,346986.595,0.64851,0.000128,0.008347,0,100,0,0,0,0,0.0153,77.6921,143.41,1895.89,34.3
Missouri,MO,Buchanan,2022,FALSE,2,17368.318,0.767,129.163,41240.17,703134.795,0.42115,0.000019,0.003132,0,100,0,0,0,0,0.0059,134.4682,135.33,-47.36,35.97
Missouri,MO,Buchanan,2023,FALSE,2,40950.366,0.994,172.464,73564.88,1102688.844,0.55666,0.000014,0.002344,0,100,0,0,0,0,0.0058,237.443,135.78,29.6,33.52
Missouri,MO,Buchanan,2024,FALSE,2,40514.042,1.663,221.141,72964.59,1132440.489,0.55526,0.000023,0.003031,0,100,0,0,0,0,0.0075,183.2046,-1.07,67.3,28.22
Missouri,MO,Buchanan,2025,FALSE,2,54296.571,4.22,366.67,70945.22,1345513.097,0.76533,0.000059,0.005168,0,100,0,0,0,0,0.0115,148.0802,34.02,153.76,65.81
Missouri,MO,Buchanan,2026,TRUE,2,6924.788,1.24,93.695,23730.93,384936.162,0.2918,0.000052,0.003948,0,100,0,0,0,0,0.0132,73.9078,-87.25,-70.62,-74.45
Missouri,MO,Cass,2020,FALSE,6,999881.979,5.115,172.874,2264542.19,17051646.43,0.44154,0.000002,0.000076,0,100,0,0,0,0,0.0296,5783.8772,,,
Missouri,MO,Cass,2021,FALSE,6,828045.402,4.226,143.898,1891573.54,14087878.895,0.43775,0.000002,0.000076,0,100,0,0,0,0,0.0294,5754.3913,-17.19,-17.38,-16.76
Missouri,MO,Cass,2022,FALSE,6,969618.809,5.073,241.119,2111019.83,16913857.232,0.45931,0.000002,0.000114,0,100,0,0,0,0,0.021,4021.3289,17.1,20.04,67.56
Missouri,MO,Cass,2023,FALSE,6,1293970.63,6.78,309.973,2908827.64,22602382.833,0.44484,0.000002,0.000107,0,100,0,0,0,0,0.0219,4174.4624,33.45,33.65,28.56
Missouri,MO,Cass,2024,FALSE,6,1134182.339,6.007,343.051,2462089.32,20022087.465,0.46066,0.000002,0.000139,0,100,0,0,0,0,0.0175,3306.1625,-12.35,-11.4,10.67
Missouri,MO,Cass,2025,FALSE,6,1030172.046,5.395,267.958,2274249.11,17980685.723,0.45297,0.000002,0.000118,0,100,0,0,0,0,0.0201,3844.528,-9.17,-10.19,-21.89
Missouri,MO,Cass,2026,TRUE,6,650547.062,3.412,175.932,1450713.02,11307869.095,0.44843,0.000002,0.000121,0,100,0,0,0,0,0.0194,3697.7188,-36.85,-36.76,-34.34
Missouri,MO,Cole,2020,FALSE,2,0,6.077,14.584,1167.64,24306.6,0,0.005205,0.01249,0,0,100,0,0,0,0.4167,0,,,
Missouri,MO,Cole,2021,FALSE,2,0,29.731,71.353,8168.36,118921.7,0,0.00364,0.008735,0,0,100,0,0,0,0.4167,0,,389.24,389.26
Missouri,MO,Cole,2022,FALSE,2,0,19.863,47.67,3816.98,79450.8,0,0.005204,0.012489,0,0,100,0,0,0,0.4167,0,,-33.19,-33.19
Missouri,MO,Cole,2023,FALSE,2,0,1.749,4.197,234.79,6994.7,0,0.007449,0.017876,0,0,100,0,0,0,0.4167,0,,-91.19,-91.2
Missouri,MO,Cole,2024,FALSE,2,0,9.563,22.951,1546.28,38251.1,0,0.006185,0.014843,0,0,100,0,0,0,0.4167,0,,446.77,446.84
Missouri,MO,Cole,2025,FALSE,2,0,11.158,26.778,1915.62,44630.2,0,0.005825,0.013979,0,0,100,0,0,0,0.4167,0,,16.68,16.67
Missouri,MO,Cole,2026,TRUE,2,0,12.539,30.093,2811.67,50154.8,0,0.00446,0.010703,0,0,100,0,0,0,0.4167,0,,12.38,12.38
Missouri,MO,Dunklin,2020,FALSE,2,429682.715,2.169,34.893,981069.65,7230221.97,0.43797,0.000002,0.000036,0,100,0,0,0,0,0.0622,12314.2956,,,
Missouri,MO,Dunklin,2021,FALSE,2,388320.553,1.96,36.024,866582.06,6534223.015,0.44811,0.000002,0.000042,0,100,0,0,0,0,0.0544,10779.4957,-9.63,-9.64,3.24
Missouri,MO,Dunklin,2022,FALSE,2,581656.516,2.936,55.151,1300378.12,9787465.607,0.4473,0.000002,0.000042,0,100,0,0,0,0,0.0532,10546.6178,49.79,49.8,53.1
Missouri,MO,Dunklin,2023,FALSE,2,878077.858,4.433,86.221,2010810.06,14775398.87,0.43668,0.000002,0.000043,0,100,0,0,0,0,0.0514,10184.037,50.96,50.99,56.34
Missouri,MO,Dunklin,2024,FALSE,2,791398.049,3.995,78.661,1782515.82,13316803.518,0.44398,0.000002,0.000044,0,100,0,0,0,0,0.0508,10060.8694,-9.87,-9.88,-8.77
Missouri,MO,Dunklin,2025,FALSE,2,781616.58,3.946,68.282,1707551.44,13152183.173,0.45774,0.000002,0.00004,0,100,0,0,0,0,0.0578,11446.8905,-1.24,-1.23,-13.19
Missouri,MO,Dunklin,2026,TRUE,2,390399.9,1.971,40.261,865926.35,6569257.746,0.45085,0.000002,0.000046,0,100,0,0,0,0,0.049,9696.7264,-50.05,-50.05,-41.04
Missouri,MO,Franklin,2020,FALSE,4,17182089.668,39391.897,7649.358,17357180.79,163826168.915,0.98991,0.002269,0.000441,100,0,0,0,0,0,5.1497,2246.2133,,,
Missouri,MO,Franklin,2021,FALSE,4,17236250.052,41927.819,7935.078,17470101.97,164342579.723,0.98661,0.0024,0.000454,100,0,0,0,0,0,5.2839,2172.1589,0.32,6.44,3.74
Missouri,MO,Franklin,2022,FALSE,4,17346252.938,44265.462,7762.993,17302963.08,165391364.843,1.0025,0.002558,0.000449,100,0,0,0,0,0,5.7021,2234.48,0.64,5.58,-2.17
Missouri,MO,Franklin,2023,FALSE,4,16829998.549,39245.652,7255.606,16643809.94,160469040.183,1.01119,0.002358,0.000436,100,0,0,0,0,0,5.409,2319.5855,-2.98,-11.34,-6.54
Missouri,MO,Franklin,2024,FALSE,4,15375218.275,32699.426,6710.778,15196691.82,146598150.967,1.01175,0.002152,0.000442,100,0,0,0,0,0,4.8727,2291.1231,-8.64,-16.68,-7.51
Missouri,MO,Franklin,2025,FALSE,4,17845850.319,38231.679,7694.205,17613936.82,170154960.766,1.01317,0.002171,0.000437,100,0,0,0,0,0,4.9689,2319.3885,16.07,16.92,14.65
Missouri,MO,Franklin,2026,TRUE,4,7284920.238,15536.356,3048.65,7225248.97,69459643.873,1.00826,0.00215,0.000422,100,0,0,0,0,0,5.0961,2389.5561,-59.18,-59.36,-60.38
Missouri,MO,Greene,2020,FALSE,12,1923822.377,1968.184,889.721,1982599.54,19811607.193,0.97035,0.000993,0.000449,84.33,15.67,0,0,0,0,2.2121,2162.276,,,
Missouri,MO,Greene,2021,FALSE,12,2733853.983,2498.73,1255.313,2872768.8,27382756.3,0.95164,0.00087,0.000437,90.32,9.68,0,0,0,0,1.9905,2177.8266,42.11,26.96,41.09
Missouri,MO,Greene,2022,FALSE,12,2924028.282,3154.221,1464.567,3107431.27,29862559.306,0.94098,0.001015,0.000471,86.09,13.91,0,0,0,0,2.1537,1996.5138,6.96,26.23,16.67
Missouri,MO,Greene,2023,FALSE,12,2272307.401,2510.415,1171.316,2391295.56,23630986.832,0.95024,0.00105,0.00049,82.28,17.72,0,0,0,0,2.1432,1939.961,-22.29,-20.41,-20.02
Missouri,MO,Greene,2024,FALSE,12,2637619.403,2538.443,1329.652,2790068.36,27481069.078,0.94536,0.00091,0.000477,82.38,17.62,0,0,0,0,1.9091,1983.6915,16.08,1.12,13.52
Missouri,MO,Greene,2025,FALSE,12,2378221.086,2505.64,1119.848,2450067.32,23912608.185,0.97068,0.001023,0.000457,88.82,11.18,0,0,0,0,2.2375,2123.6999,-9.83,-1.29,-15.78
Missouri,MO,Greene,2026,TRUE,12,909384.51,717.069,408.435,947002.65,9091056.865,0.96028,0.000757,0.000431,89.67,10.33,0,0,0,0,1.7557,2226.5098,-61.76,-71.38,-63.53
Missouri,MO,Jackson,2020,FALSE,17,2265209.132,933.265,845.009,2400587.22,23320505.572,0.94361,0.000389,0.000352,86.77,12.42,0.81,0,0,0,1.1044,2680.6923,,,
Missouri,MO,Jackson,2021,FALSE,16,2922395.692,1302.861,1471.894,3077670.79,30218639.83,0.94955,0.000423,0.000478,87.94,10.56,1.5,0,0,0,0.8852,1985.4661,29.01,39.6,74.19
Missouri,MO,Jackson,2022,FALSE,16,3601720.419,1379.729,1613.412,3728920.82,37394374.461,0.96589,0.00037,0.000433,87.29,11.57,1.14,0,0,0,0.8552,2232.3625,23.25,5.9,9.61
Missouri,MO,Jackson,2023,FALSE,16,2672598.846,1313.247,1445.314,2962570.5,30664008.02,0.90212,0.000443,0.000488,75.99,22.03,1.97,0,0,0,0.9086,1849.1476,-25.8,-4.82,-10.42
Missouri,MO,Jackson,2024,FALSE,16,2704642.909,1029.158,1500.089,3219259.85,32184410.223,0.84014,0.00032,0.000466,72.11,26.19,1.7,0,0,0,0.6861,1802.9883,1.2,-21.63,3.79
Missouri,MO,Jackson,2025,FALSE,16,2852393.71,1107.6,1244.238,3266893.05,31050430.085,0.87312,0.000339,0.000381,80.56,18.43,1.01,0,0,0,0.8902,2292.4824,5.46,7.62,-17.06
Missouri,MO,Jackson,2026,TRUE,16,721105.508,316.169,726.923,850369.87,9394531.025,0.84799,0.000372,0.000855,67.09,27.71,5.2,0,0,0,0.4349,991.9971,-74.72,-71.45,-41.58
Missouri,MO,Jasper,2020,FALSE,9,1357684.926,7.241,373.722,3198718.25,22833740.164,0.42445,0.000002,0.000117,0,100,0,0,0,0,0.0194,3632.874,,,
Missouri,MO,Jasper,2021,FALSE,9,1040582.577,10.308,421.529,2343744.03,17272458.403,0.44398,0.000004,0.00018,0,100,0,0,0,0,0.0245,2468.5907,-23.36,42.36,12.79
Missouri,MO,Jasper,2022,FALSE,9,1260507.522,7.441,366.508,2839941.89,21134808.414,0.44385,0.000003,0.000129,0,100,0,0,0,0,0.0203,3439.236,21.13,-27.81,-13.05
Missouri,MO,Jasper,2023,FALSE,9,1169198.903,6.177,291.969,2626407.84,19628490.593,0.44517,0.000002,0.000111,0,100,0,0,0,0,0.0212,4004.531,-7.24,-16.99,-20.34
Missouri,MO,Jasper,2024,FALSE,9,1084215.05,5.968,248.172,2504751,18138289.764,0.43286,0.000002,0.000099,0,100,0,0,0,0,0.024,4368.8049,-7.27,-3.38,-15
Missouri,MO,Jasper,2025,FALSE,9,1156411.875,6.559,235.773,2659241.45,19404880.376,0.43487,0.000002,0.000089,0,100,0,0,0,0,0.0278,4904.768,6.66,9.9,-5
Missouri,MO,Jasper,2026,TRUE,9,458129.709,2.797,91.432,1038036.84,7670382.695,0.44134,0.000003,0.000088,0,100,0,0,0,0,0.0306,5010.6058,-60.38,-57.36,-61.22
Missouri,MO,Jefferson,2020,FALSE,2,7518268.246,17321.407,3012.353,7864247.42,71684445.991,0.95601,0.002203,0.000383,100,0,0,0,0,0,5.7501,2495.8125,,,
Missouri,MO,Jefferson,2021,FALSE,2,8070697.652,19528.649,3261.223,8643596.3,76951733.532,0.93372,0.002259,0.000377,100,0,0,0,0,0,5.9881,2474.7457,7.35,12.74,8.26
Missouri,MO,Jefferson,2022,FALSE,2,4962847.702,11739.313,2046.18,5251165.59,47319209.322,0.94509,0.002236,0.00039,100,0,0,0,0,0,5.7372,2425.4209,-38.51,-39.89,-37.26
Missouri,MO,Jefferson,2023,FALSE,2,861520.39,2049.046,367.296,891035.75,8214337.932,0.96688,0.0023,0.000412,100,0,0,0,0,0,5.5787,2345.5752,-82.64,-82.55,-82.05
Missouri,MO,Jefferson,2024,FALSE,2,620689.86,1687.054,257.255,611094.78,5918104.703,1.0157,0.002761,0.000421,100,0,0,0,0,0,6.5579,2412.7417,-27.95,-17.67,-29.96
Missouri,MO,Johnson,2020,FALSE,3,164764.537,0.864,35.646,223283.58,2771409.671,0.73792,0.000004,0.00016,0,100,0,0,0,0,0.0242,4622.2448,,,
Missouri,MO,Johnson,2021,FALSE,3,77588.511,0.394,22.845,93436.45,1223021.09,0.83039,0.000004,0.000244,0,100,0,0,0,0,0.0172,3396.3016,-52.91,-54.4,-35.91
Missouri,MO,Johnson,2022,FALSE,3,149134.199,0.757,35.834,192300.78,2491689.156,0.77553,0.000004,0.000186,0,100,0,0,0,0,0.0211,4161.8072,92.21,92.13,56.86
Missouri,MO,Johnson,2023,FALSE,3,149391.802,0.754,31.222,195009.25,2512765.965,0.76608,0.000004,0.00016,0,100,0,0,0,0,0.0241,4784.8249,0.17,-0.4,-12.87
Missouri,MO,Johnson,2024,FALSE,3,208716.619,1.044,52.34,279771.71,3444983.561,0.74602,0.000004,0.000187,0,100,0,0,0,0,0.0199,3987.7077,39.71,38.46,67.64
Missouri,MO,Johnson,2025,FALSE,3,163723.89,0.827,41.146,220242.73,2754370.854,0.74338,0.000004,0.000187,0,100,0,0,0,0,0.0201,3979.0961,-21.56,-20.79,-21.39
Missouri,MO,Johnson,2026,TRUE,3,95135.099,0.469,32.112,124147.21,1521859.278,0.76631,0.000004,0.000259,0,100,0,0,0,0,0.0146,2962.6027,-41.89,-43.29,-21.96
Missouri,MO,Lafayette,2020,FALSE,2,0,0.028,27.924,5318.17,79798.4,0,0.000005,0.005251,0,100,0,0,0,0,0.001,0,,,
Missouri,MO,Lafayette,2021,FALSE,2,0,0.072,71.863,13929.23,205363.3,0,0.000005,0.005159,0,100,0,0,0,0,0.001,0,,157.14,157.35
Missouri,MO,Lafayette,2022,FALSE,2,0,0.071,70.956,13653.3,202767.3,0,0.000005,0.005197,0,100,0,0,0,0,0.001,0,,-1.39,-1.26
Missouri,MO,Lafayette,2023,FALSE,2,0,0.133,15.029,2678.44,42597.7,0,0.00005,0.005611,0,100,0,0,0,0,0.0088,0,,87.32,-78.82
Missouri,MO,Lafayette,2024,FALSE,2,0,1.169,36.994,6681.13,102452.5,0,0.000175,0.005537,0,100,0,0,0,0,0.0316,0,,778.95,146.15
Missouri,MO,Lafayette,2025,FALSE,2,0,0.514,10.407,1735.74,28296.8,0,0.000296,0.005996,0,100,0,0,0,0,0.0494,0,,-56.03,-71.87
Missouri,MO,Lafayette,2026,TRUE,2,0,2.206,15.571,2526.36,38214.4,0,0.000873,0.006163,0,100,0,0,0,0,0.1417,0,,329.18,49.62
Missouri,MO,Livingston,2020,FALSE,4,0,0.018,4.924,869,14029.1,0,0.000021,0.005666,0,100,0,0,0,0,0.0037,0,,,
Missouri,MO,Livingston,2021,FALSE,2,0,5.883,22.071,3074,46285,0,0.001914,0.00718,0,100,0,0,0,0,0.2665,0,,32583.33,348.23
Missouri,MO,Livingston,2022,FALSE,2,0,12.346,78.266,11872,188451.6,0,0.00104,0.006592,0,100,0,0,0,0,0.1577,0,,109.86,254.61
Missouri,MO,Livingston,2023,FALSE,2,0,6.862,57.005,9044,143398.3,0,0.000759,0.006303,0,100,0,0,0,0,0.1204,0,,-44.42,-27.17
Missouri,MO,Livingston,2024,FALSE,2,0,0.609,24.78,4441,69111.3,0,0.000137,0.00558,0,100,0,0,0,0,0.0246,0,,-91.13,-56.53
Missouri,MO,Livingston,2025,FALSE,2,0,0.616,16.26,2863,44732.3,0,0.000215,0.005679,0,100,0,0,0,0,0.0379,0,,1.15,-34.38
Missouri,MO,Livingston,2026,TRUE,4,0,0.568,7.238,1216,19070.5,0,0.000467,0.005952,0,100,0,0,0,0,0.0785,0,,-7.79,-55.49
Missouri,MO,New Madrid,2020,FALSE,2,6197073.61,12032.731,18226.742,6522932.18,59087591.284,0.95004,0.001845,0.002794,100,0,0,0,0,0,0.6602,339.999,,,
Missouri,MO,New Madrid,2021,FALSE,2,5459538.95,10485.591,15989.439,5899504.82,52055956.074,0.92542,0.001777,0.00271,100,0,0,0,0,0,0.6558,341.4466,-11.9,-12.86,-12.27
Missouri,MO,New Madrid,2022,FALSE,2,7459851.541,13761.514,15425.54,8060449.83,71127571.943,0.92549,0.001707,0.001914,100,0,0,0,0,0,0.8921,483.6039,36.64,31.24,-3.53
Missouri,MO,New Madrid,2023,FALSE,2,4745547.382,10812.986,10018.575,4979818.71,45250423.159,0.95296,0.002171,0.002012,100,0,0,0,0,0,1.0793,473.6749,-36.39,-21.43,-35.05
Missouri,MO,New Madrid,2024,FALSE,2,5373069.16,9552.987,10473.158,5641877.76,51230980.003,0.95235,0.001693,0.001856,100,0,0,0,0,0,0.9121,513.0324,13.22,-11.65,4.54
Missouri,MO,New Madrid,2025,FALSE,2,6632382.946,11529.748,14335.056,7086286.61,63238019.402,0.93595,0.001627,0.002023,100,0,0,0,0,0,0.8043,462.6688,23.44,20.69,36.87
Missouri,MO,New Madrid,2026,TRUE,2,3275565.005,5796.149,8264.945,3460095.47,31231567.632,0.94667,0.001675,0.002389,100,0,0,0,0,0,0.7013,396.3202,-50.61,-49.73,-42.34
Missouri,MO,Nodaway,2020,FALSE,2,6503.964,0.033,4.899,8579.94,109423.925,0.75804,0.000004,0.000571,0,100,0,0,0,0,0.0067,1327.6105,,,
Missouri,MO,Nodaway,2021,FALSE,2,8903.856,0.045,6.497,12702.21,149824.978,0.70097,0.000004,0.000511,0,100,0,0,0,0,0.0069,1370.4565,36.9,36.36,32.62
Missouri,MO,Nodaway,2022,FALSE,2,15045.91,0.076,10.747,19653.56,253168.519,0.76556,0.000004,0.000547,0,100,0,0,0,0,0.0071,1400.0102,68.98,68.89,65.41
Missouri,MO,Nodaway,2023,FALSE,2,9203.774,0.047,6.093,11902.3,154866.366,0.77328,0.000004,0.000512,0,100,0,0,0,0,0.0077,1510.5488,-38.83,-38.16,-43.31
Missouri,MO,Nodaway,2024,FALSE,2,20446.154,0.104,13.794,27092.71,344058.433,0.75467,0.000004,0.000509,0,100,0,0,0,0,0.0075,1482.2498,122.15,121.28,126.39
Missouri,MO,Nodaway,2025,FALSE,2,28169.343,0.142,19.837,38380.41,474006.34,0.73395,0.000004,0.000517,0,100,0,0,0,0,0.0072,1420.0405,37.77,36.54,43.81
Missouri,MO,Nodaway,2026,TRUE,2,13199.833,0.067,9.232,18331.95,222126.429,0.72005,0.000004,0.000504,0,100,0,0,0,0,0.0073,1429.7913,-53.14,-52.82,-53.46
Missouri,MO,Pike,2020,FALSE,7,15618.433,0.079,11.653,23270.49,262795.681,0.67117,0.000003,0.000501,0,100,0,0,0,0,0.0068,1340.2929,,,
Missouri,MO,Pike,2021,FALSE,8,22418.24,0.087,16.69,33689.51,377195.455,0.66544,0.000003,0.000495,0,100,0,0,0,0,0.0052,1343.2139,43.54,10.13,43.22
Missouri,MO,Pike,2022,FALSE,8,88522.282,0.361,60.451,135147.89,1489589.604,0.655,0.000003,0.000447,0,100,0,0,0,0,0.006,1464.3642,294.87,314.94,262.2
Missouri,MO,Pike,2023,FALSE,8,93738.705,0.503,65.553,139598.93,1574580.198,0.67149,0.000004,0.00047,0,100,0,0,0,0,0.0077,1429.9682,5.89,39.34,8.44
Missouri,MO,Pike,2024,FALSE,8,77710.675,0.752,53.999,117832.3,1295523.46,0.6595,0.000006,0.000458,0,100,0,0,0,0,0.0139,1439.1132,-17.1,49.5,-17.63
Missouri,MO,Pike,2025,FALSE,8,102667.309,0.425,71.302,154604.76,1723601.882,0.66406,0.000003,0.000461,0,100,0,0,0,0,0.006,1439.8938,32.11,-43.48,32.04
Missouri,MO,Pike,2026,TRUE,8,31542.292,0.184,24.852,44895.25,472800.574,0.70258,0.000004,0.000554,0,100,0,0,0,0,0.0074,1269.2054,-69.28,-56.71,-65.15
Missouri,MO,Platte,2020,FALSE,2,6890941.699,811.571,1900.524,7570434.52,65703095.582,0.91024,0.000107,0.000251,100,0,0,0,0,0,0.427,3625.8115,,,
Missouri,MO,Platte,2021,FALSE,2,7714317.703,653.175,1978.025,8484101.43,73553726.452,0.90927,0.000077,0.000233,100,0,0,0,0,0,0.3302,3900.0102,11.95,-19.52,4.08
Missouri,MO,Platte,2022,FALSE,2,5872956.513,386.714,1489.408,6391468.41,55996960.261,0.91887,0.000061,0.000233,100,0,0,0,0,0,0.2596,3943.1482,-23.87,-40.79,-24.7
Missouri,MO,Platte,2023,FALSE,2,5113904.521,374.065,1310.38,5346768.04,48759624.981,0.95645,0.00007,0.000245,100,0,0,0,0,0,0.2855,3902.6119,-12.92,-3.27,-12.02
Missouri,MO,Platte,2024,FALSE,2,4543751.735,362.567,1134.728,4473944.03,43323381.399,1.0156,0.000081,0.000254,100,0,0,0,0,0,0.3195,4004.2651,-11.15,-3.07,-13.4
Missouri,MO,Platte,2025,FALSE,2,5611025.144,460.656,1499.81,6253557.34,53499462.366,0.89725,0.000074,0.00024,100,0,0,0,0,0,0.3071,3741.1573,23.49,27.05,32.17
Missouri,MO,Platte,2026,TRUE,2,2194420.706,126.963,622.961,2181346.91,20923156.371,1.00599,0.000058,0.000286,100,0,0,0,0,0,0.2038,3522.5651,-60.89,-72.44,-58.46
Missouri,MO,Randolph,2020,FALSE,4,7377929.471,13704.562,12913.481,7264834.17,70359299.273,1.01557,0.001886,0.001778,99.99,0,0.01,0,0,0,1.0613,571.3354,,,
Missouri,MO,Randolph,2021,FALSE,4,9052528.695,16204.996,11910.424,8960401.77,86361557.225,1.01028,0.001809,0.001329,99.95,0,0.05,0,0,0,1.3606,760.0509,22.7,18.25,-7.77
Missouri,MO,Randolph,2022,FALSE,4,7689857.89,13534.818,10324.003,7343952.17,73327979.485,1.0471,0.001843,0.001406,99.99,0,0.01,0,0,0,1.311,744.8523,-15.05,-16.48,-13.32
Missouri,MO,Randolph,2023,FALSE,4,6532567.832,11290.725,7832.718,6185461.36,62296607.49,1.05612,0.001825,0.001266,99.99,0,0.01,0,0,0,1.4415,834.0103,-15.05,-16.58,-24.13
Missouri,MO,Randolph,2024,FALSE,4,6016017.252,10486.458,5874.032,5840214.25,57371045.603,1.0301,0.001796,0.001006,99.99,0,0.01,0,0,0,1.7852,1024.1717,-7.91,-7.12,-25.01
Missouri,MO,Randolph,2025,FALSE,4,7396951.268,12982.023,7994.967,7308874.67,70539732.798,1.01205,0.001776,0.001094,99.99,0,0.01,0,0,0,1.6238,925.201,22.95,23.8,36.11
Missouri,MO,Randolph,2026,TRUE,4,2338041.572,3980.317,3881.81,2291321.54,22295266.483,1.02039,0.001737,0.001694,100,0,0,0,0,0,1.0254,602.3071,-68.39,-69.34,-51.45
Missouri,MO,Scott,2020,FALSE,1,1770392.745,4265.518,922.491,1782953.33,16880136.51,0.99296,0.002392,0.000517,100,0,0,0,0,0,4.6239,1919.1437,,,
Missouri,MO,Scott,2021,FALSE,1,1989564.402,4799.248,1084.381,1861268.57,18969940.319,1.06893,0.002578,0.000583,100,0,0,0,0,0,4.4258,1834.7466,12.38,12.51,17.55
Missouri,MO,Scott,2022,FALSE,1,1777684.566,4792.26,867.189,1663003.27,16949700.805,1.06896,0.002882,0.000521,100,0,0,0,0,0,5.5262,2049.939,-10.65,-0.15,-20.03
Missouri,MO,Scott,2023,FALSE,1,1603928.256,4086.193,840.97,1473723.54,15293001.583,1.08835,0.002773,0.000571,100,0,0,0,0,0,4.8589,1907.236,-9.77,-14.73,-3.02
Missouri,MO,Scott,2024,FALSE,1,1844910.456,4625.144,950.938,1646805.09,17590711.539,1.1203,0.002809,0.000577,100,0,0,0,0,0,4.8638,1940.0954,15.02,13.19,13.08
Missouri,MO,Scott,2025,FALSE,1,1792948.825,5022.659,1034.411,1599206.74,17095229.274,1.12115,0.003141,0.000647,100,0,0,0,0,0,4.8556,1733.3041,-2.82,8.59,8.78
Missouri,MO,Scott,2026,TRUE,1,667989.291,1920.192,359.372,588967.31,6369074.013,1.13417,0.00326,0.00061,100,0,0,0,0,0,5.3432,1858.7683,-62.74,-61.77,-65.26
Missouri,MO,St. Charles,2020,FALSE,2,3165411.165,1199.509,3516.99,3013740.57,30181257.813,1.05033,0.000398,0.001167,100,0,0,0,0,0,0.3411,900.0342,,,
Missouri,MO,St. Charles,2021,FALSE,2,4380818.304,1972.725,5017.335,4220778.74,41769822.549,1.03792,0.000467,0.001189,100,0,0,0,0,0,0.3932,873.1365,38.4,64.46,42.66
Missouri,MO,St. Charles,2022,FALSE,2,4214540.54,1676.355,4959.588,3993104.29,40184436.24,1.05545,0.00042,0.001242,100,0,0,0,0,0,0.338,849.7763,-3.8,-15.02,-1.15
Missouri,MO,St. Charles,2023,FALSE,2,3532883.106,901.887,3545.624,3354458.13,33685025.661,1.05319,0.000269,0.001057,100,0,0,0,0,0,0.2544,996.4066,-16.17,-46.2,-28.51
Missouri,MO,St. Charles,2024,FALSE,2,3717766.157,1265.104,3659.084,3627605.45,35447837.606,1.02485,0.000349,0.001009,100,0,0,0,0,0,0.3457,1016.0374,5.23,40.27,3.2
Missouri,MO,St. Charles,2025,FALSE,2,4603364.909,1703.721,4560.556,4303208.51,43891733.493,1.06975,0.000396,0.00106,100,0,0,0,0,0,0.3736,1009.3868,23.82,34.67,24.64
Missouri,MO,St. Charles,2026,TRUE,2,2095230.678,529.765,2264.539,1907968.82,19980097.401,1.09815,0.000278,0.001187,100,0,0,0,0,0,0.2339,925.235,-54.48,-68.91,-50.35
Missouri,MO,St. Louis,2020,FALSE,4,146223.355,283.645,106.233,134821.2,1549132.857,1.08457,0.002104,0.000788,77,23,0,0,0,0,2.67,1376.44,,,
Missouri,MO,St. Louis,2021,FALSE,4,644236.909,1539.091,496.203,629265.07,6408839.104,1.02379,0.002446,0.000789,90.45,9.55,0,0,0,0,3.1017,1298.3334,340.58,442.61,367.09
Missouri,MO,St. Louis,2022,FALSE,4,229287.089,309.193,133.678,258542.26,2856732.074,0.88685,0.001196,0.000517,46.01,53.99,0,0,0,0,2.313,1715.2193,-64.41,-79.91,-73.06
Missouri,MO,St. Louis,2023,FALSE,0,0,0,0,0,0,,,,,,,,,,,,-100,-100,-100
Missouri,MO,Stoddard,2020,FALSE,1,63140.718,0.319,51.623,89790.46,1062467.131,0.7032,0.000004,0.000575,0,100,0,0,0,0,0.0062,1223.1121,,,
Missouri,MO,Stoddard,2021,FALSE,1,24519.082,0.124,20.358,35569.89,412555.203,0.68932,0.000003,0.000572,0,100,0,0,0,0,0.0061,1204.3954,-61.17,-61.13,-60.56
Missouri,MO,Stoddard,2022,FALSE,1,50858.735,0.257,38.438,71333.14,855800.075,0.71297,0.000004,0.000539,0,100,0,0,0,0,0.0067,1323.1369,107.43,107.26,88.81
Missouri,MO,Stoddard,2023,FALSE,1,54015.991,0.273,44.57,73788.48,908932.622,0.73204,0.000004,0.000604,0,100,0,0,0,0,0.0061,1211.9361,6.21,6.23,15.95
Missouri,MO,Stoddard,2024,FALSE,1,44878.883,0.227,35.299,62205.97,755155.286,0.72146,0.000004,0.000567,0,100,0,0,0,0,0.0064,1271.3925,-16.92,-16.85,-20.8
Missouri,MO,Stoddard,2025,FALSE,1,68060.989,0.344,68.611,91594.39,1145248.966,0.74307,0.000004,0.000749,0,100,0,0,0,0,0.005,991.9836,51.65,51.54,94.37
Missouri,MO,Stoddard,2026,TRUE,1,19873.525,0.1,19.65,26524.76,334405.825,0.74924,0.000004,0.000741,0,100,0,0,0,0,0.0051,1011.3753,-70.8,-70.93,-71.36
Montana,MT,Big Horn,2020,FALSE,1,79515.822,50.033,26.432,61837.5,764993.942,1.28588,0.000809,0.000427,100,0,0,0,0,0,1.8929,3008.3165,,,
Montana,MT,Big Horn,2021,FALSE,1,755699.653,304.063,244.649,566444.92,7221704.112,1.33411,0.000537,0.000432,100,0,0,0,0,0,1.2429,3088.9137,850.38,507.72,825.58
Montana,MT,Big Horn,2022,FALSE,1,796910.018,231.771,280.999,565373.02,7612738.317,1.40953,0.00041,0.000497,100,0,0,0,0,0,0.8248,2835.9888,5.45,-23.78,14.86
Montana,MT,Big Horn,2023,FALSE,1,722125.124,286.339,275.787,504897.98,6898018.355,1.43024,0.000567,0.000546,100,0,0,0,0,0,1.0383,2618.4161,-9.38,23.54,-1.85
Montana,MT,Big Horn,2024,FALSE,1,740777.106,298.55,289.399,551109.81,7068890.794,1.34416,0.000542,0.000525,100,0,0,0,0,0,1.0316,2559.7086,2.58,4.26,4.94
Montana,MT,Big Horn,2025,FALSE,1,306266.875,143.026,124.535,208974.41,2926945.607,1.46557,0.000684,0.000596,100,0,0,0,0,0,1.1485,2459.2835,-58.66,-52.09,-56.97
Montana,MT,Big Horn,2026,TRUE,0,0,0,0,0,0,,,,,,,,,,,,-100,-100,-100
Montana,MT,Dawson,2020,FALSE,1,663.716,0.03,0.7,765.09,10167.688,0.8675,0.000039,0.000915,0,100,0,0,0,0,0.0429,948.1657,,,
Montana,MT,Dawson,2021,FALSE,1,6713.178,0.06,5,10816.03,111970.173,0.62067,0.000006,0.000462,0,100,0,0,0,0,0.012,1342.6356,911.45,100,614.29
Montana,MT,Dawson,2022,FALSE,1,1293.93,0.076,1.957,1502.15,19195.878,0.86139,0.000051,0.001303,0,100,0,0,0,0,0.0388,661.1804,-80.73,26.67,-60.86
Montana,MT,Dawson,2023,FALSE,1,1390.035,0.011,1.733,1918.42,22820.626,0.72457,0.000006,0.000903,0,100,0,0,0,0,0.0063,802.0975,7.43,-85.53,-11.45
Montana,MT,Dawson,2024,FALSE,1,2116.265,0.02,3.169,2661.38,33402.011,0.79518,0.000008,0.001191,0,100,0,0,0,0,0.0063,667.8021,52.25,81.82,82.86
Montana,MT,Dawson,2025,FALSE,1,17775.377,0.09,25.828,16868.73,298379.835,1.05375,0.000005,0.001531,0,100,0,0,0,0,0.0035,688.2212,739.94,350,715.02
Montana,MT,Dawson,2026,TRUE,1,3341.155,0.017,2.475,1877.53,56249.585,1.77955,0.000009,0.001318,0,100,0,0,0,0,0.0069,1349.9616,-81.2,-81.11,-90.42
Montana,MT,Deer Lodge,2020,FALSE,6,139263.304,0.703,14.257,183462.16,2343425.061,0.75908,0.000004,0.000078,0,100,0,0,0,0,0.0493,9768.0651,,,
Montana,MT,Deer Lodge,2021,FALSE,6,189464.523,0.957,23.681,270673.63,3188141.243,0.69997,0.000004,0.000087,0,100,0,0,0,0,0.0404,8000.6977,36.05,36.13,66.1
Montana,MT,Deer Lodge,2022,FALSE,6,276289.404,1.59,34.71,417541.37,4633838.932,0.66171,0.000004,0.000083,0,100,0,0,0,0,0.0458,7959.9367,45.83,66.14,46.57
Montana,MT,Deer Lodge,2023,FALSE,6,360862.111,1.821,49.642,564568.26,6072135.02,0.63918,0.000003,0.000088,0,100,0,0,0,0,0.0367,7269.2903,30.61,14.53,43.02
Montana,MT,Deer Lodge,2024,FALSE,6,316303.036,1.917,52.115,491421.67,5297423.373,0.64365,0.000004,0.000106,0,100,0,0,0,0,0.0368,6069.3281,-12.35,5.27,4.98
Montana,MT,Deer Lodge,2025,FALSE,6,328639.866,1.659,51.578,510577.16,5530168.814,0.64366,0.000003,0.000101,0,100,0,0,0,0,0.0322,6371.7063,3.9,-13.46,-1.03
Montana,MT,Deer Lodge,2026,TRUE,6,81765.01,0.413,11.901,114081.9,1375817.582,0.71672,0.000004,0.000104,0,100,0,0,0,0,0.0347,6870.4319,-75.12,-75.11,-76.93
Montana,MT,Richland,2020,FALSE,1,345979.82,19.165,600.91,256869.46,3179862.54,1.34691,0.000075,0.002339,100,0,0,0,0,0,0.0319,575.7598,,,
Montana,MT,Richland,2021,FALSE,1,96367.306,5.844,168.601,71511.65,890439.391,1.34757,0.000082,0.002358,100,0,0,0,0,0,0.0347,571.5702,-72.15,-69.51,-71.94
Montana,MT,Roosevelt,2020,FALSE,1,28455.947,0.144,21.186,50351.52,478814.661,0.56515,0.000003,0.000421,0,100,0,0,0,0,0.0068,1343.1486,,,
Montana,MT,Roosevelt,2021,FALSE,1,57142.993,0.289,41.159,122415.57,961526.227,0.4668,0.000002,0.000336,0,100,0,0,0,0,0.007,1388.3475,100.81,100.69,94.27
Montana,MT,Roosevelt,2022,FALSE,1,90726.645,0.458,65.023,187172.98,1526626.566,0.48472,0.000002,0.000347,0,100,0,0,0,0,0.007,1395.3008,58.77,58.48,57.98
Montana,MT,Roosevelt,2023,FALSE,1,151914.924,0.767,108.915,327800.32,2556323.124,0.46344,0.000002,0.000332,0,100,0,0,0,0,0.007,1394.8026,67.44,67.47,67.5
Montana,MT,Roosevelt,2024,FALSE,1,135497.374,0.684,95.351,259384,2280059.591,0.52238,0.000003,0.000368,0,100,0,0,0,0,0.0072,1421.0378,-10.81,-10.82,-12.45
Montana,MT,Roosevelt,2025,FALSE,1,120722.924,0.61,85.444,236241.82,2031396.677,0.51101,0.000003,0.000362,0,100,0,0,0,0,0.0071,1412.8894,-10.9,-10.82,-10.39
Montana,MT,Roosevelt,2026,TRUE,1,72011.35,0.364,51.859,141147.79,1211740.784,0.51018,0.000003,0.000367,0,100,0,0,0,0,0.007,1388.5989,-40.35,-40.33,-39.31
Montana,MT,Rosebud,2020,FALSE,4,9121047.328,3502.352,6290.234,8882626.89,86999147.495,1.02684,0.000394,0.000708,100,0,0,0,0,0,0.5568,1450.0331,,,
Montana,MT,Rosebud,2021,FALSE,2,10972867.849,4402.959,7811.513,11007807.06,105445717.283,0.99683,0.0004,0.00071,100,0,0,0,0,0,0.5636,1404.7045,20.3,25.71,24.18
Montana,MT,Rosebud,2022,FALSE,2,11743394.952,4923.861,8787.764,11947856.97,111988894.562,0.98289,0.000412,0.000736,100,0,0,0,0,0,0.5603,1336.3348,7.02,11.83,12.5
Montana,MT,Rosebud,2023,FALSE,2,11992411.901,5278.084,8651.761,11912528.99,114374125.743,1.00671,0.000443,0.000726,100,0,0,0,0,0,0.6101,1386.1238,2.12,7.19,-1.55
Montana,MT,Rosebud,2024,FALSE,2,10030977.401,4474.268,7800.345,9961334.84,95681309.879,1.00699,0.000449,0.000783,100,0,0,0,0,0,0.5736,1285.9659,-16.36,-15.23,-9.84
Montana,MT,Rosebud,2025,FALSE,2,10234380.233,4592.637,7349.317,10131797.92,97610451.154,1.01012,0.000453,0.000725,100,0,0,0,0,0,0.6249,1392.5621,2.03,2.65,-5.78
Montana,MT,Rosebud,2026,TRUE,2,3382314.605,1425.92,2265.691,3271008.65,32271097.485,1.03403,0.000436,0.000693,100,0,0,0,0,0,0.6294,1492.8402,-66.95,-68.95,-69.17
Nebraska,NE,Adams,2020,FALSE,2,1225316.813,2014.669,619.49,1163021.85,11683032.735,1.05356,0.001732,0.000533,100,0,0,0,0,0,3.2521,1977.9445,,,
Nebraska,NE,Adams,2021,FALSE,2,1485247.059,2476.428,831.52,1442762.31,14161441.384,1.02945,0.001716,0.000576,100,0,0,0,0,0,2.9782,1786.1832,21.21,22.92,34.23
Nebraska,NE,Adams,2022,FALSE,2,1701382.015,2670.377,957.77,1732258.67,16222195.583,0.98218,0.001542,0.000553,100,0,0,0,0,0,2.7881,1776.3994,14.55,7.83,15.18
Nebraska,NE,Adams,2023,FALSE,2,1200502.188,2125.891,967.595,1224281.29,11446456.991,0.98058,0.001736,0.00079,100,0,0,0,0,0,2.1971,1240.7073,-29.44,-20.39,1.03
Nebraska,NE,Adams,2024,FALSE,2,1304250.313,2009.176,789.108,1318696.25,12435608.361,0.98905,0.001524,0.000598,100,0,0,0,0,0,2.5461,1652.816,8.64,-5.49,-18.45
Nebraska,NE,Adams,2025,FALSE,2,1503210.279,1925.784,813.866,1459644.48,14332749.514,1.02985,0.001319,0.000558,100,0,0,0,0,0,2.3662,1846.9997,15.25,-4.15,3.14
Nebraska,NE,Adams,2026,TRUE,2,594969.533,656.267,282.983,575682.3,5672840.987,1.0335,0.00114,0.000492,100,0,0,0,0,0,2.3191,2102.4921,-60.42,-65.92,-65.23
Nebraska,NE,Cass,2020,FALSE,2,104314.975,0.527,55.437,154909.61,1755292.227,0.67339,0.000003,0.000358,0,100,0,0,0,0,0.0095,1881.6851,,,
Nebraska,NE,Cass,2021,FALSE,2,135968.486,0.686,72.424,199752.42,2287923.235,0.68069,0.000003,0.000363,0,100,0,0,0,0,0.0095,1877.3954,30.34,30.17,30.64
Nebraska,NE,Cass,2022,FALSE,2,141778.834,0.716,71.18,203867,2385738.374,0.69545,0.000004,0.000349,0,100,0,0,0,0,0.0101,1991.8353,4.27,4.37,-1.72
Nebraska,NE,Cass,2023,FALSE,2,148153.914,0.748,67.84,214113.45,2492971.068,0.69194,0.000003,0.000317,0,100,0,0,0,0,0.011,2183.8726,4.5,4.47,-4.69
Nebraska,NE,Cass,2024,FALSE,2,140524.379,0.709,72.297,206734.43,2364564.683,0.67973,0.000003,0.00035,0,100,0,0,0,0,0.0098,1943.7097,-5.15,-5.21,6.57
Nebraska,NE,Cass,2025,FALSE,2,107264.567,0.542,55.501,158151.49,1804917.929,0.67824,0.000003,0.000351,0,100,0,0,0,0,0.0098,1932.6601,-23.67,-23.55,-23.23
Nebraska,NE,Cass,2026,TRUE,2,5522.449,0.027,2.835,7920.17,92927.425,0.69726,0.000003,0.000358,0,100,0,0,0,0,0.0095,1947.9538,-94.85,-95.02,-94.89
Nebraska,NE,Dodge,2020,FALSE,2,340384.907,587.922,348.945,327097.28,3305806.129,1.04062,0.001797,0.001067,99.22,0.78,0,0,0,0,1.6849,975.4686,,,
Nebraska,NE,Dodge,2021,FALSE,2,459713.532,838.155,512.667,422350.64,4470973.172,1.08846,0.001985,0.001214,98.34,1.66,0,0,0,0,1.6349,896.7098,35.06,42.56,46.92
Nebraska,NE,Dodge,2022,FALSE,2,350178.17,585.535,436.666,337628.51,3577034.26,1.03717,0.001734,0.001293,95.92,4.08,0,0,0,0,1.3409,801.936,-23.83,-30.14,-14.82
Nebraska,NE,Dodge,2023,FALSE,2,494723.359,889.276,537.581,440210.16,4856195.634,1.12383,0.00202,0.001221,95.34,4.66,0,0,0,0,1.6542,920.2769,41.28,51.87,23.11
Nebraska,NE,Dodge,2024,FALSE,2,453030.791,791.467,472.595,399434.42,4420203.423,1.13418,0.001981,0.001183,95.74,4.26,0,0,0,0,1.6747,958.6026,-8.43,-11,-12.09
Nebraska,NE,Dodge,2025,FALSE,2,393505.222,640.286,481.299,350799.36,3965384.961,1.12174,0.001825,0.001372,90.82,9.18,0,0,0,0,1.3303,817.5899,-13.14,-19.1,1.84
Nebraska,NE,Dodge,2026,TRUE,2,205197.24,289.657,288.808,181403.73,2126569.755,1.13116,0.001597,0.001592,84.73,15.27,0,0,0,0,1.0029,710.4971,-47.85,-54.76,-39.99
Nebraska,NE,Douglas,2020,FALSE,7,2105599.714,5448.591,3223.028,1949147.38,20305684.791,1.08027,0.002795,0.001654,98.14,1.48,0.38,0,0,0,1.6905,653.2986,,,
Nebraska,NE,Douglas,2021,FALSE,7,1963480.506,5832.68,3009.199,1807429.03,19134864.12,1.08634,0.003227,0.001665,97.02,1.59,1.39,0,0,0,1.9383,652.4927,-6.75,7.05,-6.63
Nebraska,NE,Douglas,2022,FALSE,7,2085302.836,5485.768,3092.227,1956359.63,20647581.413,1.06591,0.002804,0.001581,93.41,5.3,1.29,0,0,0,1.7741,674.3693,6.2,-5.95,2.76
Nebraska,NE,Douglas,2023,FALSE,7,1737643.604,4319.26,2588.824,1735488.31,17660157.12,1.00124,0.002489,0.001492,87.42,11.52,1.06,0,0,0,1.6684,671.2096,-16.67,-21.26,-16.28
Nebraska,NE,Douglas,2024,FALSE,7,1275409.19,2941.739,1934.699,1248657.98,13273112.729,1.02142,0.002356,0.001549,83.91,14.13,1.95,0,0,0,1.5205,659.2287,-26.6,-31.89,-25.27
Nebraska,NE,Douglas,2025,FALSE,7,1800351.783,4111.53,2689.896,1702545.09,18107300.885,1.05745,0.002415,0.00158,89.88,9.2,0.92,0,0,0,1.5285,669.3016,41.16,39.77,39.03
Nebraska,NE,Douglas,2026,TRUE,7,738213.51,1984.922,1166.612,681664.42,7231298.82,1.08296,0.002912,0.001711,96.15,3.06,0.78,0,0,0,1.7014,632.7841,-59,-51.72,-56.63
Nebraska,NE,Gage,2020,FALSE,2,378725.002,1.913,34.268,728088.21,6372835.377,0.52016,0.000003,0.000047,0,100,0,0,0,0,0.0558,11051.856,,,
Nebraska,NE,Gage,2021,FALSE,2,269584.55,1.361,29.958,512151.02,4536393.837,0.52638,0.000003,0.000058,0,100,0,0,0,0,0.0454,8998.7499,-28.82,-28.86,-12.58
Nebraska,NE,Gage,2022,FALSE,2,216811.899,1.095,25.752,414983.33,3648373.854,0.52246,0.000003,0.000062,0,100,0,0,0,0,0.0425,8419.2257,-19.58,-19.54,-14.04
Nebraska,NE,Gage,2023,FALSE,2,307196.089,1.551,35.064,596118.49,5169307.882,0.51533,0.000003,0.000059,0,100,0,0,0,0,0.0442,8761.011,41.69,41.64,36.16
Nebraska,NE,Gage,2024,FALSE,2,256980.451,1.298,26.731,502659.85,4323965.087,0.51124,0.000003,0.000053,0,100,0,0,0,0,0.0486,9613.5742,-16.35,-16.31,-23.77
Nebraska,NE,Gage,2025,FALSE,2,194750.308,0.983,23.012,367557.24,3277093.476,0.52985,0.000003,0.000063,0,100,0,0,0,0,0.0427,8462.9892,-24.22,-24.27,-13.91
Nebraska,NE,Gage,2026,TRUE,2,83239.315,0.42,9.963,157103.06,1400686.209,0.52984,0.000003,0.000063,0,100,0,0,0,0,0.0422,8354.8444,-57.26,-57.27,-56.71
Nebraska,NE,Gosper,2020,FALSE,1,782.6,0.004,1.66,969.28,13273.6,0.8074,0.000004,0.001713,0,100,0,0,0,0,0.0024,471.4458,,,
Nebraska,NE,Gosper,2021,FALSE,1,5338.7,0.029,11.313,6691.21,90486,0.79787,0.000004,0.001691,0,100,0,0,0,0,0.0026,471.9084,582.17,625,581.51
Nebraska,NE,Gosper,2022,FALSE,1,16134.5,0.083,34.159,22051.19,273246.1,0.73168,0.000004,0.001549,0,100,0,0,0,0,0.0024,472.3353,202.22,186.21,201.94
Nebraska,NE,Gosper,2023,FALSE,1,18436.7,0.102,39.084,26021.16,312623.9,0.70853,0.000004,0.001502,0,100,0,0,0,0,0.0026,471.7199,14.27,22.89,14.42
Nebraska,NE,Gosper,2024,FALSE,1,28474.2,0.159,60.344,39590.41,482723.7,0.71922,0.000004,0.001524,0,100,0,0,0,0,0.0026,471.8646,54.44,55.88,54.4
Nebraska,NE,Gosper,2025,FALSE,1,25762.5,0.137,54.584,36286.11,436644.6,0.70998,0.000004,0.001504,0,100,0,0,0,0,0.0025,471.979,-9.52,-13.84,-9.55
Nebraska,NE,Gosper,2026,TRUE,1,10308.2,0.056,21.83,14913.79,174638,0.69119,0.000004,0.001464,0,100,0,0,0,0,0.0026,472.2034,-59.99,-59.12,-60.01
Nebraska,NE,Hall,2020,FALSE,3,510409.092,369.136,444.249,412581.11,4884815.693,1.23711,0.000895,0.001077,99.14,0.86,0,0,0,0,0.8309,1148.9257,,,
Nebraska,NE,Hall,2021,FALSE,3,608999.36,438.541,531.439,479145.52,5847679.025,1.27101,0.000915,0.001109,98.14,1.86,0,0,0,0,0.8252,1145.9441,19.32,18.8,19.63
Nebraska,NE,Hall,2022,FALSE,3,614328.481,451.644,536.838,505606.54,5942401.137,1.21503,0.000893,0.001062,96.7,3.3,0,0,0,0,0.8413,1144.3461,0.88,2.99,1.02
Nebraska,NE,Hall,2023,FALSE,3,492687.426,353.534,401.343,411496.17,4734939.136,1.19731,0.000859,0.000975,98.08,1.92,0,0,0,0,0.8809,1227.5969,-19.8,-21.72,-25.24
Nebraska,NE,Hall,2024,FALSE,3,487485.641,347.379,467.573,407621.22,4685058.831,1.19593,0.000852,0.001147,98.01,1.99,0,0,0,0,0.7429,1042.5872,-1.06,-1.74,16.5
Nebraska,NE,Hall,2025,FALSE,3,519405.058,383.325,523.724,446167.02,4976700.904,1.16415,0.000859,0.001174,98.79,1.21,0,0,0,0,0.7319,991.7534,6.55,10.35,12.01
Nebraska,NE,Hall,2026,TRUE,3,172434.331,127.66,175.607,152335.54,1649687.766,1.13194,0.000838,0.001153,99.2,0.8,0,0,0,0,0.727,981.9331,-66.8,-66.7,-66.47
Nebraska,NE,Lancaster,2020,FALSE,11,714031.373,1464.003,1450.33,741067.33,7753658.526,0.96352,0.001976,0.001957,74.63,25.37,0,0,0,0,1.0094,492.3234,,,
Nebraska,NE,Lancaster,2021,FALSE,11,1166316.253,2553.415,2693.949,1219233.8,12492126.969,0.9566,0.002094,0.00221,78.27,21.73,0,0,0,0,0.9478,432.9392,63.34,74.41,85.75
Nebraska,NE,Lancaster,2022,FALSE,11,1402757.158,3324.909,3047.304,1415920.7,14774319.423,0.9907,0.002348,0.002152,79.87,20.13,0,0,0,0,1.0911,460.3273,20.27,30.21,13.12
Nebraska,NE,Lancaster,2023,FALSE,9,976900.373,2517.032,2149.799,973288.79,10523953.156,1.00371,0.002586,0.002209,81.76,18.24,0,0,0,0,1.1708,454.4147,-30.36,-24.3,-29.45
Nebraska,NE,Lancaster,2024,FALSE,11,920037.06,2346.432,2063.595,905147.27,9565962.799,1.01645,0.002592,0.00228,81.2,18.8,0,0,0,0,1.1371,445.8419,-5.82,-6.78,-4.01
Nebraska,NE,Lancaster,2025,FALSE,11,950492.917,2617.05,2162.829,925583.81,9678823.925,1.02691,0.002827,0.002337,86.21,13.79,0,0,0,0,1.21,439.4674,3.31,11.53,4.81
Nebraska,NE,Lancaster,2026,TRUE,11,417230.161,1246.941,1067.205,395825.65,4079936.477,1.05408,0.00315,0.002696,94.83,5.17,0,0,0,0,1.1684,390.956,-56.1,-52.35,-50.66
Nebraska,NE,Lincoln,2020,FALSE,2,7304937.575,18175.755,6287.839,7411841,69650462.925,0.98558,0.002452,0.000848,100,0,0,0,0,0,2.8906,1161.7565,,,
Nebraska,NE,Lincoln,2021,FALSE,2,7307221.425,19403.318,6196.651,7554692.25,69672175.175,0.96724,0.002568,0.00082,100,0,0,0,0,0,3.1313,1179.2211,0.03,6.75,-1.45
Nebraska,NE,Lincoln,2022,FALSE,2,7796418.475,21228.372,6634.18,7957773.25,74336610.475,0.97972,0.002668,0.000834,100,0,0,0,0,0,3.1998,1175.1895,6.69,9.41,7.06
Nebraska,NE,Lincoln,2023,FALSE,2,7884347.625,20876.823,7182.845,8167303.75,75174959.625,0.96536,0.002556,0.000879,100,0,0,0,0,0,2.9065,1097.6636,1.13,-1.66,8.27
Nebraska,NE,Lincoln,2024,FALSE,2,6711391.125,20516.939,5914.005,6984579,63991126.825,0.96089,0.002937,0.000847,100,0,0,0,0,0,3.4692,1134.8301,-14.88,-1.72,-17.66
Nebraska,NE,Lincoln,2025,FALSE,2,7080945.575,22310.858,6447.919,7354813.5,67514678.375,0.96276,0.003034,0.000877,100,0,0,0,0,0,3.4602,1098.1753,5.51,8.74,9.03
Nebraska,NE,Lincoln,2026,TRUE,2,3067460.35,10110.046,2584.29,3149559.25,29247344.875,0.97393,0.00321,0.000821,100,0,0,0,0,0,3.9121,1186.9644,-56.68,-54.69,-59.92
Nebraska,NE,Otoe,2020,FALSE,2,8770945.502,11479.652,5317.414,8316439.92,83716848.543,1.05465,0.00138,0.000639,100,0,0,0,0,0,2.1589,1649.4758,,,
Nebraska,NE,Otoe,2021,FALSE,2,7515046.659,9465.401,4303.593,7579326.8,71768066.363,0.99152,0.001249,0.000568,100,0,0,0,0,0,2.1994,1746.2262,-14.32,-17.55,-19.07
Nebraska,NE,Otoe,2022,FALSE,2,7584304.04,10199.839,4599.337,7766376.2,72396274.521,0.97656,0.001313,0.000592,100,0,0,0,0,0,2.2177,1648.9994,0.92,7.76,6.87
Nebraska,NE,Otoe,2023,FALSE,2,6479756.451,10616.325,4234.199,6491607.99,61884642.757,0.99817,0.001635,0.000652,100,0,0,0,0,0,2.5073,1530.3382,-14.56,4.08,-7.94
Nebraska,NE,Otoe,2024,FALSE,2,6448384.961,7967.884,3632.726,6508639.55,61584933.933,0.99074,0.001224,0.000558,100,0,0,0,0,0,2.1934,1775.0816,-0.48,-24.95,-14.21
Nebraska,NE,Otoe,2025,FALSE,2,7198924.069,11481.18,4868.895,7388604.4,68769991.969,0.97433,0.001554,0.000659,100,0,0,0,0,0,2.3581,1478.554,11.64,44.09,34.03
Nebraska,NE,Otoe,2026,TRUE,2,3658321.828,5438.195,2130.091,3834981.22,34935278.013,0.95393,0.001418,0.000555,100,0,0,0,0,0,2.553,1717.4486,-49.18,-52.63,-56.25
Nebraska,NE,Red Willow,2020,FALSE,2,0,2.372,5.693,602.22,9486.9,0,0.003939,0.009453,0,0,100,0,0,0,0.4167,0,,,
Nebraska,NE,Red Willow,2021,FALSE,2,0,6.55,15.715,1802.3,26191.8,0,0.003634,0.008719,0,0,100,0,0,0,0.4168,0,,176.14,176.04
Nebraska,NE,Red Willow,2022,FALSE,2,0,8.136,19.517,2202.75,32530.1,0,0.003694,0.00886,0,0,100,0,0,0,0.4169,0,,24.21,24.19
Nebraska,NE,Red Willow,2023,FALSE,2,0,5.156,12.373,1307.55,20620.7,0,0.003943,0.009463,0,0,100,0,0,0,0.4167,0,,-36.63,-36.6
Nebraska,NE,Red Willow,2024,FALSE,2,4069.6,12.562,30.139,3482.43,50233.3,1.16861,0.003607,0.008655,0,0,100,0,0,0,0.4168,135.0277,,143.64,143.59
Nebraska,NE,Red Willow,2025,FALSE,2,3782.2,11.671,28.006,3154.56,46676.7,1.19896,0.0037,0.008878,0,0,100,0,0,0,0.4167,135.0496,-7.06,-7.09,-7.08
Nebraska,NE,Red Willow,2026,TRUE,2,1215.9,3.752,9.001,1037.22,15002.4,1.17227,0.003617,0.008678,0,0,100,0,0,0,0.4168,135.085,-67.85,-67.85,-67.86
Nebraska,NE,Sarpy,2020,FALSE,7,37761.871,0.422,63.911,68470.8,896091.312,0.5515,0.000006,0.000933,0,90.52,9.48,0,0,0,0.0066,590.8509,,,
Nebraska,NE,Sarpy,2021,FALSE,7,63567.896,0.644,115.388,125651.38,1677024.088,0.50591,0.000005,0.000918,0,84.75,15.25,0,0,0,0.0056,550.9056,68.34,52.61,80.54
Nebraska,NE,Sarpy,2022,FALSE,7,75158.491,0.625,140.995,147050.19,2040430.325,0.51111,0.000004,0.000959,0,81.61,18.39,0,0,0,0.0044,533.0578,18.23,-2.95,22.19
Nebraska,NE,Sarpy,2023,FALSE,7,97923.287,0.669,129.475,164689.29,2185261.149,0.59459,0.000004,0.000786,0,94.37,5.63,0,0,0,0.0052,756.3104,30.29,7.04,-8.17
Nebraska,NE,Sarpy,2024,FALSE,7,107552.896,0.777,158.977,194791.46,2565734.781,0.55214,0.000004,0.000816,0,85.76,14.24,0,0,0,0.0049,676.5312,9.83,16.14,22.79
Nebraska,NE,Sarpy,2025,FALSE,9,300884.076,1.685,173.291,530233.06,5565986.814,0.56746,0.000003,0.000327,0,96.08,3.92,0,0,0,0.0097,1736.2937,179.75,116.86,9
Nebraska,NE,Sarpy,2026,TRUE,9,137227.719,0.74,56.742,229681.9,2373807.928,0.59747,0.000003,0.000247,0,97.65,2.35,0,0,0,0.013,2418.4505,-54.39,-56.08,-67.26
Nebraska,NE,Thayer,2020,FALSE,2,0,3.734,8.958,986.9,14931.3,0,0.003784,0.009077,0,0,100,0,0,0,0.4168,0,,,
Nebraska,NE,Thayer,2021,FALSE,2,0,9.68,23.224,2587.03,38706.9,0,0.003742,0.008977,0,0,100,0,0,0,0.4168,0,,159.24,159.25
Nebraska,NE,Thayer,2022,FALSE,2,0,7.784,18.677,2170.33,31127.2,0,0.003587,0.008606,0,0,100,0,0,0,0.4168,0,,-19.59,-19.58
Nebraska,NE,Thayer,2023,FALSE,2,0,15.755,37.805,4197.89,63008.4,0,0.003753,0.009006,0,0,100,0,0,0,0.4167,0,,102.4,102.41
Nebraska,NE,Thayer,2024,FALSE,2,5744.9,17.726,42.53,4801.7,70884.3,1.19643,0.003692,0.008857,0,0,100,0,0,0,0.4168,135.0788,,12.51,12.5
Nebraska,NE,Thayer,2025,FALSE,2,2815.9,8.69,20.851,2238.99,34751.3,1.25767,0.003881,0.009313,0,0,100,0,0,0,0.4168,135.0487,-50.98,-50.98,-50.97
Nebraska,NE,Thayer,2026,TRUE,2,384.1,1.186,2.845,287.91,4741.9,1.3341,0.004119,0.009882,0,0,100,0,0,0,0.4169,135.0088,-86.36,-86.35,-86.36
Nevada,NV,Clark,2020,FALSE,48,8317776.417,41.995,846.154,18807400.31,139962337.396,0.44226,0.000002,0.000045,0,100,0,0,0,0,0.0496,9830.0976,,,
Nevada,NV,Clark,2021,FALSE,48,8135463.291,41.068,775.461,18495199.73,136894115.314,0.43987,0.000002,0.000042,0,100,0,0,0,0,0.053,10491.1315,-2.19,-2.21,-8.35
Nevada,NV,Clark,2022,FALSE,48,7898124.789,39.875,728.682,18013589.1,132900818.497,0.43845,0.000002,0.00004,0,100,0,0,0,0,0.0547,10838.9185,-2.92,-2.9,-6.03
Nevada,NV,Clark,2023,FALSE,50,8204963.911,41.423,907.247,18602686.07,138065060.732,0.44106,0.000002,0.000049,0,100,0,0,0,0,0.0457,9043.8038,3.88,3.88,24.51
Nevada,NV,Clark,2024,FALSE,55,8309973.04,41.748,769.015,18701683.02,139831793.782,0.44434,0.000002,0.000041,0,100,0,0,0,0,0.0543,10805.996,1.28,0.78,-15.24
Nevada,NV,Clark,2025,FALSE,55,7656410.053,38.465,707.327,17242745.3,128834058.941,0.44404,0.000002,0.000041,0,100,0,0,0,0,0.0544,10824.4278,-7.86,-7.86,-8.02
Nevada,NV,Clark,2026,TRUE,53,3561708.828,17.948,313.319,7840076.23,59932400.031,0.4543,0.000002,0.00004,0,100,0,0,0,0,0.0573,11367.6758,-53.48,-53.34,-55.7
Nevada,NV,Eureka,2020,FALSE,1,1249532.799,117.448,274.346,1143573.7,11928645.191,1.09266,0.000103,0.00024,100,0,0,0,0,0,0.4281,4554.5873,,,
Nevada,NV,Eureka,2021,FALSE,1,1506526.455,186.209,331.877,1310923.16,14380999.491,1.14921,0.000142,0.000253,100,0,0,0,0,0,0.5611,4539.4121,20.57,58.55,20.97
Nevada,NV,Eureka,2022,FALSE,1,1399008.597,174.17,315.305,1456563.36,13350491.302,0.96049,0.00012,0.000216,100,0,0,0,0,0,0.5524,4437.001,-7.14,-6.47,-4.99
Nevada,NV,Eureka,2023,FALSE,1,1190832.715,121.648,263.101,1186632.75,11362175.718,1.00354,0.000103,0.000222,100,0,0,0,0,0,0.4624,4526.1429,-14.88,-30.16,-16.56
Nevada,NV,Eureka,2024,FALSE,1,1291385.041,115.344,308.764,1285477.38,12318514.812,1.0046,0.00009,0.00024,100,0,0,0,0,0,0.3736,4182.434,8.44,-5.18,17.36
Nevada,NV,Eureka,2025,FALSE,1,1431709.169,179.084,336.996,1451950.34,13662025.186,0.98606,0.000123,0.000232,100,0,0,0,0,0,0.5314,4248.4456,10.87,55.26,9.14
Nevada,NV,Eureka,2026,TRUE,1,486201.953,60.156,116.033,495893.04,4639631.304,0.98046,0.000121,0.000234,100,0,0,0,0,0,0.5184,4190.2041,-66.04,-66.41,-65.57
Nevada,NV,Humboldt,2020,FALSE,2,1090649.724,1919.081,1646.01,1084865.08,10399050.569,1.00533,0.001769,0.001517,100,0,0,0,0,0,1.1659,662.6021,,,
Nevada,NV,Humboldt,2021,FALSE,2,1791490.701,2392.789,2393.603,1799193.88,17081332.099,0.99572,0.00133,0.00133,100,0,0,0,0,0,0.9997,748.4494,64.26,24.68,45.42
Nevada,NV,Humboldt,2022,FALSE,2,1749202.359,3488.064,2269.333,1652967.62,16678141.48,1.05822,0.00211,0.001373,100,0,0,0,0,0,1.537,770.8002,-2.36,45.77,-5.19
Nevada,NV,Humboldt,2023,FALSE,2,1349968.319,2693.629,1683.822,1207285.13,12871582.85,1.11819,0.002231,0.001395,100,0,0,0,0,0,1.5997,801.7286,-22.82,-22.78,-25.8
Nevada,NV,Humboldt,2024,FALSE,2,1634589.579,3368.837,2179.085,1430767.05,15585318.017,1.14246,0.002355,0.001523,100,0,0,0,0,0,1.546,750.1266,21.08,25.07,29.41
Nevada,NV,Humboldt,2025,FALSE,2,1659392.941,2673.349,1918.672,1547139.82,15821844.453,1.07256,0.001728,0.00124,100,0,0,0,0,0,1.3933,864.8654,1.52,-20.64,-11.95
Nevada,NV,Humboldt,2026,TRUE,2,548723.753,31.839,1484.442,704062.03,9154228.706,0.77937,0.000045,0.002108,32.77,67.23,0,0,0,0,0.0214,369.6498,-66.93,-98.81,-22.63
Nevada,NV,Lyon,2020,FALSE,2,431131.175,2.176,463.514,658643.83,7254595.796,0.65457,0.000003,0.000704,0,100,0,0,0,0,0.0047,930.1363,,,
Nevada,NV,Lyon,2021,FALSE,2,353605.612,1.785,367.58,533362.68,5950091.2,0.66297,0.000003,0.000689,0,100,0,0,0,0,0.0049,961.9827,-17.98,-17.97,-20.7
Nevada,NV,Lyon,2022,FALSE,2,385608.43,1.947,414.83,574546.43,6488575.888,0.67115,0.000003,0.000722,0,100,0,0,0,0,0.0047,929.5577,9.05,9.08,12.85
Nevada,NV,Lyon,2023,FALSE,2,294576.894,1.487,326.889,442094.04,4956833.677,0.66632,0.000003,0.000739,0,100,0,0,0,0,0.0045,901.1527,-23.61,-23.63,-21.2
Nevada,NV,Lyon,2024,FALSE,2,363150.215,1.833,461.12,539100.39,6110731.351,0.67362,0.000003,0.000855,0,100,0,0,0,0,0.004,787.5395,23.28,23.27,41.06
Nevada,NV,Lyon,2025,FALSE,2,339752.492,1.715,416.868,498651.31,5716957.323,0.68134,0.000003,0.000836,0,100,0,0,0,0,0.0041,815.0122,-6.44,-6.44,-9.6
Nevada,NV,Lyon,2026,TRUE,2,190118.619,0.96,235.852,283175.75,3199143.626,0.67138,0.000003,0.000833,0,100,0,0,0,0,0.0041,806.0929,-44.04,-44.02,-43.42
Nevada,NV,Storey,2020,FALSE,6,2220932.507,11.213,616.045,4744064.49,37371457.612,0.46815,0.000002,0.00013,0,100,0,0,0,0,0.0182,3605.1466,,,
Nevada,NV,Storey,2021,FALSE,6,1984029.48,10.016,440.492,4308578.51,33385027.667,0.46048,0.000002,0.000102,0,100,0,0,0,0,0.0227,4504.1215,-10.67,-10.68,-28.5
Nevada,NV,Storey,2022,FALSE,6,1713152.228,8.648,377.411,3550202.37,28827039.349,0.48255,0.000002,0.000106,0,100,0,0,0,0,0.0229,4539.2218,-13.65,-13.66,-14.32
Nevada,NV,Storey,2023,FALSE,6,1839079.581,9.284,372.005,3991273.74,30945951.538,0.46078,0.000002,0.000093,0,100,0,0,0,0,0.025,4943.6959,7.35,7.35,-1.43
Nevada,NV,Storey,2024,FALSE,6,1917805.749,9.682,422.413,4145594.48,32270837.569,0.46261,0.000002,0.000102,0,100,0,0,0,0,0.0229,4540.1201,4.28,4.29,13.55
Nevada,NV,Storey,2025,FALSE,6,1853915.798,9.358,392.149,4104796.29,31195539.311,0.45165,0.000002,0.000096,0,100,0,0,0,0,0.0239,4727.5801,-3.33,-3.35,-7.16
Nevada,NV,Storey,2026,TRUE,6,806083.869,4.07,270.46,1696585.38,13563906.029,0.47512,0.000002,0.000159,0,100,0,0,0,0,0.015,2980.4181,-56.52,-56.51,-31.03
New Hampshire,NH,Carroll,2020,FALSE,1,0,0,5.853,472,14454,0,0,0.0124,0,0,100,0,0,0,0,0,,,
New Hampshire,NH,Carroll,2021,FALSE,1,0,0,4.878,393,12045,0,0,0.012412,0,0,100,0,0,0,0,0,,,-16.66
New Hampshire,NH,Carroll,2022,FALSE,1,0,0,3.609,265,8913.3,0,0,0.013619,0,0,100,0,0,0,0,0,,,-26.01
New Hampshire,NH,Carroll,2023,FALSE,1,0,0,3.122,239,7708.8,0,0,0.013063,0,0,100,0,0,0,0,0,,,-13.49
New Hampshire,NH,Carroll,2024,FALSE,1,0,0,6.048,480,14935.8,0,0,0.0126,0,0,100,0,0,0,0,0,,,93.72
New Hampshire,NH,Carroll,2025,FALSE,1,0,0,5.25,390,13008.6,0,0,0.013462,0,0,100,0,0,0,0,0,,,-13.19
New Hampshire,NH,Carroll,2026,TRUE,1,0,0,0.668,38,1685.6,0,0,0.017579,0,0,100,0,0,0,0,0,,,-87.28
New Hampshire,NH,Coos,2020,FALSE,2,1095696.276,22.59,322.78,580166.09,10521594.059,1.88859,0.000039,0.000556,0,0,0.13,99.87,0,0,0.07,3394.5606,,,
New Hampshire,NH,Coos,2021,FALSE,2,1083338.209,21.924,320.557,608049.94,10391757.095,1.78166,0.000036,0.000527,0,0,0.06,99.94,0,0,0.0684,3379.5494,-1.13,-2.95,-0.69
New Hampshire,NH,Coos,2022,FALSE,2,885234.454,17.664,260.729,607320.86,8488674.048,1.45761,0.000029,0.000429,0,0,0.09,99.91,0,0,0.0677,3395.2282,-18.29,-19.43,-18.66
New Hampshire,NH,Coos,2023,FALSE,2,844004.312,17.051,249.043,561140.93,8092983.557,1.50409,0.00003,0.000444,0,0,0.07,99.93,0,0,0.0685,3388.9903,-4.66,-3.47,-4.48
New Hampshire,NH,Coos,2024,FALSE,2,607078.158,12.921,179.261,404740.61,5829383.405,1.49992,0.000032,0.000443,0,0,0.21,99.79,0,0,0.0721,3386.5601,-28.07,-24.22,-28.02
New Hampshire,NH,Coos,2025,FALSE,2,642406.142,13.642,185.427,444943.03,6165346.89,1.44379,0.000031,0.000417,0,0,0.1,99.9,0,0,0.0736,3464.4693,5.82,5.58,3.44
New Hampshire,NH,Coos,2026,TRUE,2,199727.677,4.365,57.706,140247.11,1914104.566,1.42411,0.000031,0.000411,0,0,0.01,99.99,0,0,0.0756,3461.125,-68.91,-68,-68.88
New Hampshire,NH,Merrimack,2020,FALSE,4,144674.354,96.08,173.711,143402.92,1432798.63,1.00887,0.00067,0.001211,98.42,0,1.58,0,0,0,0.5531,832.8451,,,
New Hampshire,NH,Merrimack,2021,FALSE,4,325997.332,198.079,351.668,319764.42,3192142.579,1.01949,0.000619,0.0011,99.54,0,0.46,0,0,0,0.5633,927.0031,125.33,106.16,102.44
New Hampshire,NH,Merrimack,2022,FALSE,4,363457.28,110.426,421.142,346061.14,3551310.282,1.05027,0.000319,0.001217,99.75,0,0.25,0,0,0,0.2622,863.0279,11.49,-44.25,19.76
New Hampshire,NH,Merrimack,2023,FALSE,4,185980.62,99.488,284.332,180864.42,1833682.762,1.02829,0.00055,0.001572,98.85,0,1.15,0,0,0,0.3499,654.0967,-48.83,-9.91,-32.49
New Hampshire,NH,Merrimack,2024,FALSE,4,350201.182,151.508,457.586,241105.07,3440740.152,1.45248,0.000628,0.001898,99.2,0,0.8,0,0,0,0.3311,765.3232,88.3,52.29,60.93
New Hampshire,NH,Merrimack,2025,FALSE,3,448886.485,557.333,1514.142,260104.06,4397816.325,1.7258,0.002143,0.005821,99.48,0,0.52,0,0,0,0.3681,296.4626,28.18,267.86,230.9
New Hampshire,NH,Merrimack,2026,TRUE,2,0,0,1.192,67,2865.6,0,0,0.017791,0,0,100,0,0,0,0,0,-100,-100,-99.92
New Hampshire,NH,Rockingham,2020,FALSE,9,1621256.1,38.679,157.902,2640433.39,26862342.701,0.61401,0.000015,0.00006,0.3,97.17,0.96,1.56,0,0,0.245,10267.483,,,
New Hampshire,NH,Rockingham,2021,FALSE,6,1965359.438,61.388,209.908,3487454.58,32896461.971,0.56355,0.000018,0.00006,0,97.58,2.42,0,0,0,0.2925,9362.9563,21.22,58.71,32.94
New Hampshire,NH,Rockingham,2022,FALSE,6,2235377.142,365.227,402.58,3806338.92,36225021.402,0.58728,0.000096,0.000106,0,95.11,4.89,0,0,0,0.9072,5552.6284,13.74,494.95,91.79
New Hampshire,NH,Rockingham,2023,FALSE,6,1858042.262,107.44,226.778,3175459.18,31117606.266,0.58513,0.000034,0.000071,0,97.65,2.35,0,0,0,0.4738,8193.221,-16.88,-70.58,-43.67
New Hampshire,NH,Rockingham,2024,FALSE,6,1920138.762,30.671,203.978,3454468.54,32340926.904,0.55584,0.000009,0.000059,0,97.27,2.73,0,0,0,0.1504,9413.4601,3.34,-71.45,-10.05
New Hampshire,NH,Rockingham,2025,FALSE,6,2442855.759,259.12,332.074,4491314.74,40769918.333,0.54391,0.000058,0.000074,0,95.5,4.5,0,0,0,0.7803,7356.3596,27.22,744.84,62.8
New Hampshire,NH,Rockingham,2026,TRUE,6,1262976.412,191.314,185.92,2267073.34,20746359.383,0.5571,0.000084,0.000082,0,95.29,4.71,0,0,0,1.029,6793.1175,-48.3,-26.17,-44.01
New Jersey,NJ,Bergen,2020,FALSE,7,788280.142,3.979,135.395,1119092.06,13263696.73,0.70439,0.000004,0.000121,0,100,0,0,0,0,0.0294,5822.0772,,,
New Jersey,NJ,Bergen,2021,FALSE,6,806071.33,4.091,126.402,1159659.9,13563543.514,0.69509,0.000004,0.000109,0,100,0,0,0,0,0.0324,6377.0457,2.26,2.81,-6.64
New Jersey,NJ,Bergen,2022,FALSE,6,974486.555,4.91,177.091,1437588.88,16324532.693,0.67786,0.000003,0.000123,0,100,0,0,0,0,0.0277,5502.7447,20.89,20.02,40.1
New Jersey,NJ,Bergen,2023,FALSE,6,1219081.982,6.147,172.256,2746965.3,20490699.743,0.44379,0.000002,0.000063,0,100,0,0,0,0,0.0357,7077.1525,25.1,25.19,-2.73
New Jersey,NJ,Bergen,2024,FALSE,6,1035605.807,5.225,173.593,2301441.86,17408326.286,0.44998,0.000002,0.000075,0,100,0,0,0,0,0.0301,5965.7118,-15.05,-15,0.78
New Jersey,NJ,Bergen,2025,FALSE,6,1507068.838,7.596,246.785,3333209.42,25154262.412,0.45214,0.000002,0.000074,0,100,0,0,0,0,0.0308,6106.8089,45.53,45.38,42.16
New Jersey,NJ,Bergen,2026,TRUE,6,504224.397,2.586,72.597,1105673.07,8227658.817,0.45603,0.000002,0.000066,0,100,0,0,0,0,0.0356,6945.5266,-66.54,-65.96,-70.58
New Jersey,NJ,Burlington,2020,FALSE,4,8252.529,0.043,6.661,14252.25,138673.787,0.57903,0.000003,0.000467,0,100,0,0,0,0,0.0065,1238.9324,,,
New Jersey,NJ,Burlington,2021,FALSE,4,10381.351,0.053,8.193,18062.68,174580.299,0.57474,0.000003,0.000454,0,100,0,0,0,0,0.0065,1267.1001,25.8,23.26,23
New Jersey,NJ,Burlington,2022,FALSE,4,34476.437,0.206,27.951,57882.69,561709.384,0.59563,0.000004,0.000483,0,100,0,0,0,0,0.0074,1233.4599,232.1,288.68,241.16
New Jersey,NJ,Burlington,2023,FALSE,4,15788.47,0.082,12.803,27576.95,263845.75,0.57252,0.000003,0.000464,0,100,0,0,0,0,0.0064,1233.1852,-54.21,-60.19,-54.19
New Jersey,NJ,Burlington,2024,FALSE,4,30206.397,0.153,23.097,50021.71,507900.132,0.60387,0.000003,0.000462,0,100,0,0,0,0,0.0066,1307.8061,91.32,86.59,80.4
New Jersey,NJ,Burlington,2025,FALSE,4,31498.36,0.16,23.832,53340.69,527572.947,0.59051,0.000003,0.000447,0,100,0,0,0,0,0.0067,1321.6835,4.28,4.58,3.18
New Jersey,NJ,Burlington,2026,TRUE,4,26352.33,0.202,24.04,36173.76,360635.108,0.72849,0.000006,0.000665,0,100,0,0,0,0,0.0084,1096.1868,-16.34,26.25,0.87
New Jersey,NJ,Camden,2020,FALSE,1,63797.797,0.322,20.443,114606.15,1073546.751,0.55667,0.000003,0.000178,0,100,0,0,0,0,0.0158,3120.7649,,,
New Jersey,NJ,Camden,2021,FALSE,1,44383.7,0.224,15.78,80031.69,746861.564,0.55458,0.000003,0.000197,0,100,0,0,0,0,0.0142,2812.6553,-30.43,-30.43,-22.81
New Jersey,NJ,Camden,2022,FALSE,1,58106.517,0.293,43.438,109215.46,977723.719,0.53204,0.000003,0.000398,0,100,0,0,0,0,0.0067,1337.6886,30.92,30.8,175.27
New Jersey,NJ,Camden,2023,FALSE,1,44109.363,0.223,20.569,79052.9,742218.57,0.55797,0.000003,0.00026,0,100,0,0,0,0,0.0108,2144.4583,-24.09,-23.89,-52.65
New Jersey,NJ,Camden,2024,FALSE,1,57529.905,0.29,24.965,106708.07,968049.111,0.53913,0.000003,0.000234,0,100,0,0,0,0,0.0116,2304.4224,30.43,30.04,21.37
New Jersey,NJ,Camden,2025,FALSE,1,50428.003,0.255,16.93,100243.6,848544.68,0.50305,0.000003,0.000169,0,100,0,0,0,0,0.0151,2978.618,-12.34,-12.07,-32.19
New Jersey,NJ,Camden,2026,TRUE,1,20738.025,0.105,7.619,41451.27,348970.549,0.5003,0.000003,0.000184,0,100,0,0,0,0,0.0138,2721.8828,-58.88,-58.82,-55
New Jersey,NJ,Cumberland,2020,FALSE,8,138979.197,0.997,118.525,216654.47,2316009.851,0.64148,0.000005,0.000547,0,99.9,0.1,0,0,0,0.0084,1172.5728,,,
New Jersey,NJ,Cumberland,2021,FALSE,8,114055.613,0.579,72.378,182269.37,1917056.666,0.62575,0.000003,0.000397,0,99.78,0.22,0,0,0,0.008,1575.8326,-17.93,-41.93,-38.93
New Jersey,NJ,Cumberland,2022,FALSE,7,161514.214,3.408,64.461,261644.23,2679165.061,0.6173,0.000013,0.000246,0,100,0,0,0,0,0.0529,2505.6114,41.61,488.6,-10.94
New Jersey,NJ,Cumberland,2023,FALSE,7,163840.806,1.008,44.304,268499.89,2748865.712,0.61021,0.000004,0.000165,0,100,0,0,0,0,0.0228,3698.1041,1.44,-70.42,-31.27
New Jersey,NJ,Cumberland,2024,FALSE,7,142901.842,1.479,40.398,232169.12,2388858.231,0.61551,0.000006,0.000174,0,100,0,0,0,0,0.0366,3537.3494,-12.78,46.73,-8.82
New Jersey,NJ,Cumberland,2025,FALSE,5,190283.734,0.954,53.451,309811.32,3183962.254,0.61419,0.000003,0.000173,0,100,0,0,0,0,0.0178,3559.9658,33.16,-35.5,32.31
New Jersey,NJ,Cumberland,2026,TRUE,5,80385.86,0.375,33.047,115793.28,1275386.229,0.69422,0.000003,0.000285,0,100,0,0,0,0,0.0113,2432.4707,-57.75,-60.69,-38.17
New Jersey,NJ,Essex,2020,FALSE,5,1735669.667,8.766,102.574,4403840.24,29205905.45,0.39413,0.000002,0.000023,0,100,0,0,0,0,0.0855,16921.1464,,,
New Jersey,NJ,Essex,2021,FALSE,5,1690196.047,8.744,106.588,4451370.18,29136856.575,0.3797,0.000002,0.000024,0,100,0,0,0,0,0.082,15857.2827,-2.62,-0.25,3.91
New Jersey,NJ,Essex,2022,FALSE,5,1732042.104,8.959,95.863,4634433.68,29857829.894,0.37373,0.000002,0.000021,0,100,0,0,0,0,0.0935,18067.8896,2.48,2.46,-10.06
New Jersey,NJ,Essex,2023,FALSE,2,1439045.461,7.441,79.862,3790045.84,24803172.701,0.37969,0.000002,0.000021,0,100,0,0,0,0,0.0932,18019.1513,-16.92,-16.94,-16.69
New Jersey,NJ,Essex,2024,FALSE,2,1273492.715,6.585,71.306,3226094.29,21947760.031,0.39475,0.000002,0.000022,0,100,0,0,0,0,0.0923,17859.545,-11.5,-11.5,-10.71
New Jersey,NJ,Essex,2025,FALSE,2,1089995.117,5.637,68.79,2694570.5,18790751.57,0.40452,0.000002,0.000026,0,100,0,0,0,0,0.0819,15845.2554,-14.41,-14.4,-3.53
New Jersey,NJ,Essex,2026,TRUE,2,460735.605,2.382,29.004,1122727.13,7937548.529,0.41037,0.000002,0.000026,0,100,0,0,0,0,0.0821,15885.2436,-57.73,-57.74,-57.84
New Jersey,NJ,Gloucester,2020,FALSE,5,1852316.304,421.759,483.361,2810116.28,26838452.189,0.65916,0.00015,0.000172,22.28,77.72,0,0,0,0,0.8726,3832.1592,,,
New Jersey,NJ,Gloucester,2021,FALSE,6,1513284.2,489.967,565.682,1748768.73,20264700.603,0.86534,0.00028,0.000323,35.66,64.34,0,0,0,0,0.8662,2675.15,-18.3,16.17,17.03
New Jersey,NJ,Gloucester,2022,FALSE,6,1236825.974,169.85,252.435,2221024.91,18939523.764,0.55687,0.000076,0.000114,13.59,86.41,0,0,0,0,0.6728,4899.582,-18.27,-65.33,-55.38
New Jersey,NJ,Gloucester,2023,FALSE,5,1092292.378,5.515,96.627,2489557.32,18379511.325,0.43875,0.000002,0.000039,0,100,0,0,0,0,0.0571,11304.215,-11.69,-96.75,-61.72
New Jersey,NJ,Gloucester,2024,FALSE,4,634754.511,3.214,58.531,1427699.94,10703783.538,0.4446,0.000002,0.000041,0,100,0,0,0,0,0.0549,10844.7577,-41.89,-41.72,-39.43
New Jersey,NJ,Gloucester,2025,FALSE,4,311815.6,1.673,53.752,625173.18,5197512.707,0.49877,0.000003,0.000086,0,100,0,0,0,0,0.0311,5801.0046,-50.88,-47.95,-8.16
New Jersey,NJ,Gloucester,2026,TRUE,4,462260.328,2.482,54.468,1023975.52,7637277.404,0.45144,0.000002,0.000053,0,100,0,0,0,0,0.0456,8486.824,48.25,48.36,1.33
New Jersey,NJ,Hudson,2020,FALSE,20,274267.494,1.359,35.914,456938.36,4614407.166,0.60023,0.000003,0.000079,0,100,0,0,0,0,0.0378,7636.7849,,,
New Jersey,NJ,Hudson,2021,FALSE,20,438537.165,2.157,42.465,748092.78,7370397.958,0.58621,0.000003,0.000057,0,100,0,0,0,0,0.0508,10327.0261,59.89,58.72,18.24
New Jersey,NJ,Hudson,2022,FALSE,20,837435.98,4.121,84.899,1437031.95,14073956.91,0.58275,0.000003,0.000059,0,100,0,0,0,0,0.0485,9863.9086,90.96,91.05,99.93
New Jersey,NJ,Hudson,2023,FALSE,20,530416.149,2.665,54.042,911533.23,8924475.949,0.58189,0.000003,0.000059,0,100,0,0,0,0,0.0493,9814.8875,-36.66,-35.33,-36.35
New Jersey,NJ,Hudson,2024,FALSE,20,446059.28,2.215,33.108,760236.15,7532394.592,0.58674,0.000003,0.000044,0,100,0,0,0,0,0.0669,13472.8549,-15.9,-16.89,-38.74
New Jersey,NJ,Hudson,2025,FALSE,20,708428.14,3.534,61.485,1233429.03,12102090.596,0.57436,0.000003,0.00005,0,100,0,0,0,0,0.0575,11521.967,58.82,59.55,85.71
New Jersey,NJ,Hudson,2026,TRUE,20,335481.415,1.783,29.505,585683.01,5623420.769,0.5728,0.000003,0.00005,0,100,0,0,0,0,0.0604,11370.3242,-52.64,-49.55,-52.01
New Jersey,NJ,Hunterdon,2020,FALSE,5,14768.308,0.422,8.292,19282.84,235758.728,0.76588,0.000022,0.00043,0,100,0,0,0,0,0.0509,1781.0309,,,
New Jersey,NJ,Hunterdon,2021,FALSE,5,48518.027,0.34,15.442,64451.44,812873.259,0.75278,0.000005,0.00024,0,100,0,0,0,0,0.022,3141.9523,228.53,-19.43,86.23
New Jersey,NJ,Hunterdon,2022,FALSE,5,65777.462,0.439,18.684,86471.41,1102929.109,0.76068,0.000005,0.000216,0,100,0,0,0,0,0.0235,3520.5235,35.57,29.12,20.99
New Jersey,NJ,Hunterdon,2023,FALSE,5,23464.082,0.122,8.533,31733.12,394770.089,0.73942,0.000004,0.000269,0,100,0,0,0,0,0.0143,2749.8045,-64.33,-72.21,-54.33
New Jersey,NJ,Hunterdon,2024,FALSE,5,43236.663,0.224,16.692,59555.68,727507.374,0.72599,0.000004,0.00028,0,100,0,0,0,0,0.0134,2590.2626,84.27,83.61,95.62
New Jersey,NJ,Hunterdon,2025,FALSE,5,66422.842,0.345,26.456,91663.86,1117675.346,0.72464,0.000004,0.000289,0,100,0,0,0,0,0.013,2510.691,53.63,54.02,58.5
New Jersey,NJ,Hunterdon,2026,TRUE,5,8469.244,0.055,5.287,11360.54,142050.678,0.7455,0.000005,0.000465,0,100,0,0,0,0,0.0104,1601.8998,-87.25,-84.06,-80.02
New Jersey,NJ,Middlesex,2020,FALSE,14,4477285.005,24.011,398.494,10567416.46,75308199.469,0.42369,0.000002,0.000038,0,100,0,0,0,0,0.0603,11235.5142,,,
New Jersey,NJ,Middlesex,2021,FALSE,14,4228429.582,22.298,487.154,9550468.75,71148043.24,0.44275,0.000002,0.000051,0,100,0,0,0,0,0.0458,8679.8622,-5.56,-7.13,22.25
New Jersey,NJ,Middlesex,2022,FALSE,14,4558750.12,29.039,507.85,10171174.85,76784019.94,0.4482,0.000003,0.00005,0,100,0,0,0,0,0.0572,8976.5681,7.81,30.23,4.25
New Jersey,NJ,Middlesex,2023,FALSE,14,4752055.776,25.119,605.418,11121620.52,80094782.536,0.42728,0.000002,0.000054,0,100,0,0,0,0,0.0415,7849.2146,4.24,-13.5,19.21
New Jersey,NJ,Middlesex,2024,FALSE,12,4179771.005,21.377,447.809,10308720.92,70995222.32,0.40546,0.000002,0.000043,0,100,0,0,0,0,0.0477,9333.8254,-12.04,-14.9,-26.03
New Jersey,NJ,Middlesex,2025,FALSE,12,4300411.575,23.243,565.419,10560879.03,73154076.396,0.4072,0.000002,0.000054,0,100,0,0,0,0,0.0411,7605.7076,2.89,8.73,26.26
New Jersey,NJ,Middlesex,2026,TRUE,12,1572068.282,14.158,219.948,3787701.75,26610130.647,0.41505,0.000004,0.000058,0,100,0,0,0,0,0.0644,7147.4543,-63.44,-39.09,-61.1
New Jersey,NJ,Ocean,2020,FALSE,6,262203.364,1.326,61.353,396174.91,4412649.735,0.66184,0.000003,0.000155,0,98.25,1.75,0,0,0,0.0216,4273.6845,,,
New Jersey,NJ,Ocean,2021,FALSE,6,271468.828,1.437,66.044,404050.46,4567848.785,0.67187,0.000004,0.000163,0,97.39,2.61,0,0,0,0.0218,4110.4238,3.53,8.37,7.65
New Jersey,NJ,Ocean,2022,FALSE,6,311838.836,3.246,71.333,451838.78,5211314.548,0.69016,0.000007,0.000158,0,98.01,1.99,0,0,0,0.0455,4371.5929,14.87,125.89,8.01
New Jersey,NJ,Ocean,2023,FALSE,6,268595.776,1.803,65.834,401275.53,4510458.679,0.66935,0.000004,0.000164,0,98.82,1.18,0,0,0,0.0274,4079.8945,-13.87,-44.45,-7.71
New Jersey,NJ,Ocean,2024,FALSE,6,236866.496,1.592,66.712,348793.62,3974464.543,0.6791,0.000005,0.000191,0,97.77,2.23,0,0,0,0.0239,3550.583,-11.81,-11.7,1.33
New Jersey,NJ,Ocean,2025,FALSE,6,318052.756,1.715,88.353,485424.52,5389214.565,0.65521,0.000004,0.000182,0,96.07,3.93,0,0,0,0.0194,3599.7958,34.28,7.73,32.44
New Jersey,NJ,Ocean,2026,TRUE,6,93756.77,0.661,33.196,117820.69,1429787.044,0.79576,0.000006,0.000282,0,98.18,1.82,0,0,0,0.0199,2824.3394,-70.52,-61.46,-62.43
New Jersey,NJ,Salem,2020,FALSE,4,893773.939,594.701,508.635,63596.76,8939520.003,14.05377,0.009351,0.007998,93.97,6.02,0,0,0,0,1.1692,1757.201,,,
New Jersey,NJ,Salem,2021,FALSE,3,782495.933,477.236,467.678,49740.31,7805417.026,15.73163,0.009595,0.009402,94.63,5.37,0,0,0,0,1.0204,1673.151,-12.45,-19.75,-8.05
New Jersey,NJ,Salem,2022,FALSE,3,481283.305,317.417,288.295,15314.39,4746045.533,31.42687,0.020727,0.018825,97.3,2.7,0,0,0,0,1.101,1669.4126,-38.49,-33.49,-38.36
New Jersey,NJ,Salem,2023,FALSE,0,0,0,0,0,0,,,,,,,,,,,,-100,-100,-100
New Jersey,NJ,Salem,2024,FALSE,0,0,0,0,0,0,,,,,,,,,,,,,,
New Jersey,NJ,Salem,2025,FALSE,0,0,0,0,0,0,,,,,,,,,,,,,,
New Jersey,NJ,Union,2020,FALSE,15,4374127.948,23.823,695.807,10559418.02,75157712.088,0.41424,0.000002,0.000066,0,100,0,0,0,0,0.0342,6286.4098,,,
New Jersey,NJ,Union,2021,FALSE,15,4671897.398,23.651,713.25,11295631.29,80175631.621,0.4136,0.000002,0.000063,0,100,0,0,0,0,0.0332,6550.1541,6.81,-0.72,2.51
New Jersey,NJ,Union,2022,FALSE,15,5199355.399,28.927,769.029,12430987.79,88993940.782,0.41826,0.000002,0.000062,0,100,0,0,0,0,0.0376,6760.9354,11.29,22.31,7.82
New Jersey,NJ,Union,2023,FALSE,15,5144048.121,26.699,693.055,12386079.92,88052681.172,0.41531,0.000002,0.000056,0,100,0,0,0,0,0.0385,7422.2798,-1.06,-7.7,-9.88
New Jersey,NJ,Union,2024,FALSE,15,5252846.387,26.522,706.406,12622908.67,90038150.991,0.41614,0.000002,0.000056,0,100,0,0,0,0,0.0375,7436.0161,2.12,-0.66,1.93
New Jersey,NJ,Union,2025,FALSE,15,5244992.523,26.528,733.552,12416733.89,89729177.926,0.42241,0.000002,0.000059,0,100,0,0,0,0,0.0362,7150.1305,-0.15,0.02,3.84
New Jersey,NJ,Union,2026,TRUE,15,2391232.074,12.523,342.091,5800503.88,41187354.646,0.41225,0.000002,0.000059,0,100,0,0,0,0,0.0366,6990.0467,-54.41,-52.79,-53.37
New Mexico,NM,Bernalillo,2020,FALSE,4,176246.21,0.919,198.987,247775.95,2963766.006,0.71131,0.000004,0.000803,0,100,0,0,0,0,0.0046,885.7172,,,
New Mexico,NM,Bernalillo,2021,FALSE,4,229146.49,1.259,232.045,330273.52,3848758.803,0.69381,0.000004,0.000703,0,100,0,0,0,0,0.0054,987.5088,30.01,37,16.61
New Mexico,NM,Bernalillo,2022,FALSE,4,342466.027,1.777,366.695,485162.96,5759279.882,0.70588,0.000004,0.000756,0,100,0,0,0,0,0.0048,933.9261,49.45,41.14,58.03
New Mexico,NM,Bernalillo,2023,FALSE,4,699624.32,3.547,767.671,1011786.46,11771498.872,0.69147,0.000004,0.000759,0,100,0,0,0,0,0.0046,911.3596,104.29,99.61,109.35
New Mexico,NM,Bernalillo,2024,FALSE,4,437055.037,2.206,391.676,620933.82,7354221.711,0.70387,0.000004,0.000631,0,100,0,0,0,0,0.0056,1115.8586,-37.53,-37.81,-48.98
New Mexico,NM,Bernalillo,2025,FALSE,4,345235.78,1.745,363.936,475566.98,5809181.604,0.72595,0.000004,0.000765,0,100,0,0,0,0,0.0048,948.6167,-21.01,-20.9,-7.08
New Mexico,NM,Bernalillo,2026,TRUE,4,175010.77,1.01,160.652,251315.46,2942179.854,0.69638,0.000004,0.000639,0,100,0,0,0,0,0.0063,1089.3781,-49.31,-42.12,-55.86
New Mexico,NM,Dona Ana,2020,FALSE,4,1021392.551,5.156,785.728,1877115.19,17186947.929,0.54413,0.000003,0.000419,0,100,0,0,0,0,0.0066,1299.9315,,,
New Mexico,NM,Dona Ana,2021,FALSE,5,817806.702,4.129,746.62,1423581.58,13761275.151,0.57447,0.000003,0.000524,0,100,0,0,0,0,0.0055,1095.3453,-19.93,-19.92,-4.98
New Mexico,NM,Dona Ana,2022,FALSE,5,797094.688,2.949,472.077,1521145.14,13412405.938,0.52401,0.000002,0.00031,0,100,0,0,0,0,0.0062,1688.4845,-2.53,-28.58,-36.77
New Mexico,NM,Dona Ana,2023,FALSE,5,1218377.724,4.571,1052.679,2456018.87,20501436.01,0.49608,0.000002,0.000429,0,100,0,0,0,0,0.0043,1157.4067,52.85,55,122.99
New Mexico,NM,Dona Ana,2024,FALSE,5,875594.1,2.313,991.298,1626826.99,14733551.671,0.53822,0.000001,0.000609,0,100,0,0,0,0,0.0023,883.2804,-28.13,-49.4,-5.83
New Mexico,NM,Dona Ana,2025,FALSE,5,816143.219,2.244,821.471,1306306.57,13733146.342,0.62477,0.000002,0.000629,0,100,0,0,0,0,0.0027,993.5143,-6.79,-2.98,-17.13
New Mexico,NM,Dona Ana,2026,TRUE,4,366489.553,1.056,434.643,590146.44,6166909.76,0.62101,0.000002,0.000737,0,100,0,0,0,0,0.0024,843.1967,-55.09,-52.94,-47.09
New Mexico,NM,Hidalgo,2020,FALSE,6,83662.295,0.465,84.251,141001.67,1405902.407,0.59334,0.000003,0.000598,0,100,0,0,0,0,0.0055,993.0125,,,
New Mexico,NM,Hidalgo,2021,FALSE,6,74361.087,0.917,70.186,120724.91,1220813.198,0.61595,0.000008,0.000581,0,100,0,0,0,0,0.0131,1059.486,-11.12,97.2,-16.69
New Mexico,NM,Hidalgo,2022,FALSE,6,90247.39,0.574,76.948,147734.57,1501684.848,0.61088,0.000004,0.000521,0,100,0,0,0,0,0.0075,1172.8361,21.36,-37.4,9.63
New Mexico,NM,Hidalgo,2023,FALSE,6,244101.898,1.235,229.927,403748.45,4106333.225,0.60459,0.000003,0.000569,0,100,0,0,0,0,0.0054,1061.6496,170.48,115.16,198.81
New Mexico,NM,Hidalgo,2024,FALSE,6,240853.639,1.218,220.123,403964.31,4051319.622,0.59623,0.000003,0.000545,0,100,0,0,0,0,0.0055,1094.1775,-1.33,-1.38,-4.26
New Mexico,NM,Hidalgo,2025,FALSE,6,207078.311,1.049,195.403,339343.25,3482850.086,0.61023,0.000003,0.000576,0,100,0,0,0,0,0.0054,1059.7499,-14.02,-13.88,-11.23
New Mexico,NM,Hidalgo,2026,TRUE,6,99061.879,0.5,108.405,157500.81,1666794.097,0.62896,0.000003,0.000688,0,100,0,0,0,0,0.0046,913.8128,-52.16,-52.34,-44.52
New Mexico,NM,Lea,2020,FALSE,7,3192969.342,10.702,1427.526,5768336.7,53727585.736,0.55353,0.000002,0.000247,0,100,0,0,0,0,0.0075,2236.7154,,,
New Mexico,NM,Lea,2021,FALSE,7,2309632.096,7.624,863.494,4726314.73,38864054.6,0.48868,0.000002,0.000183,0,100,0,0,0,0,0.0088,2674.7518,-27.67,-28.76,-39.51
New Mexico,NM,Lea,2022,FALSE,7,2421229.229,8.109,947.049,4929628.71,40741953.731,0.49116,0.000002,0.000192,0,100,0,0,0,0,0.0086,2556.604,4.83,6.36,9.68
New Mexico,NM,Lea,2023,FALSE,6,3019160.718,14.15,1282.531,6018840.01,50803188.936,0.50162,0.000002,0.000213,0,100,0,0,0,0,0.011,2354.0645,24.7,74.5,35.42
New Mexico,NM,Lea,2024,FALSE,6,2713655.213,13.7,1869.732,5229122.74,45662678.26,0.51895,0.000003,0.000358,0,100,0,0,0,0,0.0073,1451.3605,-10.12,-3.18,45.78
New Mexico,NM,Lea,2025,FALSE,6,3010736.993,15.199,1777.36,5819797.98,50661363.296,0.51733,0.000003,0.000305,0,100,0,0,0,0,0.0086,1693.9376,10.95,10.94,-4.94
New Mexico,NM,Lea,2026,TRUE,6,1549790.131,7.824,911.852,2988365.52,26078116.255,0.51861,0.000003,0.000305,0,100,0,0,0,0,0.0086,1699.6071,-48.52,-48.52,-48.7
New Mexico,NM,Luna,2020,FALSE,2,1367327.687,6.903,119.47,3391054.07,23007921.352,0.40322,0.000002,0.000035,0,100,0,0,0,0,0.0578,11444.9459,,,
New Mexico,NM,Luna,2021,FALSE,2,1275509.419,6.439,109.656,3152588.91,21462926.995,0.40459,0.000002,0.000035,0,100,0,0,0,0,0.0587,11631.9163,-6.72,-6.72,-8.21
New Mexico,NM,Luna,2022,FALSE,2,1398071.92,7.058,121.064,3432045.49,23525300.168,0.40736,0.000002,0.000035,0,100,0,0,0,0,0.0583,11548.2052,9.61,9.61,10.4
New Mexico,NM,Luna,2023,FALSE,2,1487142.071,7.508,130.982,3763322.3,25023978.489,0.39517,0.000002,0.000035,0,100,0,0,0,0,0.0573,11353.7896,6.37,6.38,8.19
New Mexico,NM,Luna,2024,FALSE,2,1425040.089,7.194,133.559,3487204.48,23978924.333,0.40865,0.000002,0.000038,0,100,0,0,0,0,0.0539,10669.7421,-4.18,-4.18,1.97
New Mexico,NM,Luna,2025,FALSE,2,757354.418,3.823,71.805,1876018.91,12743921.67,0.4037,0.000002,0.000038,0,100,0,0,0,0,0.0532,10547.3772,-46.85,-46.86,-46.24
New Mexico,NM,Luna,2026,TRUE,2,359105.741,1.813,31.798,962811.99,6042699.244,0.37298,0.000002,0.000033,0,100,0,0,0,0,0.057,11293.3436,-52.58,-52.58,-55.72
New Mexico,NM,McKinley,2020,FALSE,1,668993.557,421.464,984.088,637888.15,6378643.973,1.04876,0.000661,0.001543,100,0,0,0,0,0,0.4283,679.8107,,,
New Mexico,NM,San Juan,2020,FALSE,5,14662840.584,2696.009,9006.948,13967045.3,142947223.642,1.04982,0.000193,0.000645,97.8,2.2,0,0,0,0,0.2993,1627.9477,,,
New Mexico,NM,San Juan,2021,FALSE,5,14996717.309,2906.459,9238.651,14139732.02,145884506.688,1.06061,0.000206,0.000653,98.3,1.7,0,0,0,0,0.3146,1623.2583,2.28,7.81,2.57
New Mexico,NM,San Juan,2022,FALSE,5,14933710.3,2717.806,7908.063,14856105.32,145670012.494,1.00522,0.000183,0.000532,98.41,1.59,0,0,0,0,0.3437,1888.4157,-0.42,-6.49,-14.4
New Mexico,NM,San Juan,2023,FALSE,3,8067727.043,1814.468,2689.841,8438268.41,80154973.662,0.95609,0.000215,0.000319,95.49,4.51,0,0,0,0,0.6746,2999.3323,-45.98,-33.24,-65.99
New Mexico,NM,San Juan,2024,FALSE,3,9246768.495,1689.037,2792.615,9439592.87,91087281.217,0.97957,0.000179,0.000296,97.49,2.51,0,0,0,0,0.6048,3311.1505,14.61,-6.91,3.82
New Mexico,NM,San Juan,2025,FALSE,3,8922719.583,1888.892,2714.335,9304159.29,88277757.85,0.959,0.000203,0.000292,96.47,3.53,0,0,0,0,0.6959,3287.2581,-3.5,11.83,-2.8
New Mexico,NM,San Juan,2026,TRUE,3,4600993.056,1016.695,1530.203,4888790.89,45248130.005,0.94113,0.000208,0.000313,97.88,2.12,0,0,0,0,0.6644,3006.7861,-48.44,-46.18,-43.63
New Mexico,NM,Valencia,2020,FALSE,2,54968.658,0.278,16.612,83965.02,924938.973,0.65466,0.000003,0.000198,0,100,0,0,0,0,0.0167,3308.9729,,,
New Mexico,NM,Valencia,2021,FALSE,2,67624.684,0.342,20.011,103572.17,1137913.817,0.65292,0.000003,0.000193,0,100,0,0,0,0,0.0171,3379.3755,23.02,23.02,20.46
New Mexico,NM,Valencia,2022,FALSE,2,54649.185,0.275,16.795,83609.33,919587.624,0.65363,0.000003,0.000201,0,100,0,0,0,0,0.0164,3253.8961,-19.19,-19.59,-16.07
New Mexico,NM,Valencia,2023,FALSE,2,200766.372,1.014,54.067,317786.32,3378277.046,0.63177,0.000003,0.00017,0,100,0,0,0,0,0.0188,3713.2885,267.37,268.73,221.92
New Mexico,NM,Valencia,2024,FALSE,2,60104.303,0.303,19.835,86343.17,1011382.067,0.69611,0.000004,0.00023,0,100,0,0,0,0,0.0153,3030.2144,-70.06,-70.12,-63.31
New Mexico,NM,Valencia,2025,FALSE,2,107474.639,0.543,33.164,165911.29,1808495.761,0.64778,0.000003,0.0002,0,100,0,0,0,0,0.0164,3240.7019,78.81,79.21,67.2
New Mexico,NM,Valencia,2026,TRUE,2,52041.209,0.263,14.444,79947.86,875676.8,0.65094,0.000003,0.000181,0,100,0,0,0,0,0.0182,3602.9638,-51.58,-51.57,-56.45
New York,NY,Albany,2020,FALSE,6,2105132.88,10.627,148.12,3484569.88,35422936.351,0.60413,0.000003,0.000043,0,100,0,0,0,0,0.0717,14212.3473,,,
New York,NY,Albany,2021,FALSE,6,2223183.867,11.225,149.657,3656433.97,37409469.054,0.60802,0.000003,0.000041,0,100,0,0,0,0,0.075,14855.1947,5.61,5.63,1.04
New York,NY,Albany,2022,FALSE,6,2275038.65,11.485,161.152,3854197.62,38281906.766,0.59028,0.000003,0.000042,0,100,0,0,0,0,0.0713,14117.3467,2.33,2.32,7.68
New York,NY,Albany,2023,FALSE,6,2580564.368,13.028,146.719,4332750.19,43423003.181,0.5956,0.000003,0.000034,0,100,0,0,0,0,0.0888,17588.4812,13.43,13.43,-8.96
New York,NY,Albany,2024,FALSE,6,2311042.844,11.667,127.91,5646629.51,38886354.462,0.40928,0.000002,0.000023,0,100,0,0,0,0,0.0912,18067.7261,-10.44,-10.45,-12.82
New York,NY,Albany,2025,FALSE,6,2343130.556,11.836,172.072,5639360.46,39451454.8,0.4155,0.000002,0.000031,0,100,0,0,0,0,0.0688,13617.1519,1.39,1.45,34.53
New York,NY,Albany,2026,TRUE,6,1027674.954,5.196,66.645,2463325.94,17315864.867,0.41719,0.000002,0.000027,0,100,0,0,0,0,0.078,15420.1359,-56.14,-56.1,-61.27
New York,NY,Allegany,2020,FALSE,1,9364.501,0.047,2.375,19624.41,157585.291,0.47719,0.000002,0.000121,0,100,0,0,0,0,0.0198,3942.9478,,,
New York,NY,Allegany,2021,FALSE,1,7734.072,0.039,2.035,15209.7,130143.225,0.5085,0.000003,0.000134,0,100,0,0,0,0,0.0192,3800.5268,-17.41,-17.02,-14.32
New York,NY,Allegany,2022,FALSE,1,21280.83,0.107,5.414,36072.82,358112.693,0.58994,0.000003,0.00015,0,100,0,0,0,0,0.0198,3930.7037,175.16,174.36,166.04
New York,NY,Allegany,2023,FALSE,1,5982.533,0.03,1.547,12637.49,100660.599,0.4734,0.000002,0.000122,0,100,0,0,0,0,0.0194,3867.1836,-71.89,-71.96,-71.43
New York,NY,Allegany,2024,FALSE,1,7799.133,0.039,1.974,16657.92,131235.124,0.46819,0.000002,0.000119,0,100,0,0,0,0,0.0198,3950.9286,30.37,30,27.6
New York,NY,Allegany,2025,FALSE,1,18621.84,0.094,4.483,39448.83,313337.354,0.47205,0.000002,0.000114,0,100,0,0,0,0,0.021,4153.8791,138.77,141.03,127.1
New York,NY,Allegany,2026,TRUE,1,12721.352,0.064,3.014,27905.92,214052.165,0.45587,0.000002,0.000108,0,100,0,0,0,0,0.0212,4220.7538,-31.69,-31.91,-32.77
New York,NY,Bronx,2020,FALSE,8,76483.326,0.386,32.378,181197.99,2663226.757,0.4221,0.000002,0.000179,0,100,0,0,0,0,0.0119,2362.2004,,,
New York,NY,Bronx,2021,FALSE,9,93579.889,0.472,23.285,223492.1,2662345.447,0.41872,0.000002,0.000104,0,100,0,0,0,0,0.0203,4018.8915,22.35,22.28,-28.08
New York,NY,Bronx,2022,FALSE,9,148142.19,0.748,35.112,301530.84,3772309.213,0.4913,0.000002,0.000116,0,100,0,0,0,0,0.0213,4219.1328,58.31,58.47,50.79
New York,NY,Bronx,2023,FALSE,9,125876.823,0.635,34.226,263716.78,3390316.669,0.47732,0.000002,0.00013,0,100,0,0,0,0,0.0186,3677.8129,-15.03,-15.11,-2.52
New York,NY,Bronx,2024,FALSE,8,137680.523,0.695,38.024,274342.71,3444454.1,0.50186,0.000003,0.000139,0,100,0,0,0,0,0.0183,3620.8848,9.38,9.45,11.1
New York,NY,Bronx,2025,FALSE,9,150721.264,0.76,55.19,301518.88,3745913.964,0.49987,0.000003,0.000183,0,100,0,0,0,0,0.0138,2730.9524,9.47,9.35,45.15
New York,NY,Bronx,2026,TRUE,9,89677.284,0.454,56.745,161787.07,2310200.013,0.55429,0.000003,0.000351,0,100,0,0,0,0,0.008,1580.3557,-40.5,-40.26,2.82
New York,NY,Cattaraugus,2020,FALSE,1,44458.975,0.224,14.478,85750,748123.95,0.51847,0.000003,0.000169,0,100,0,0,0,0,0.0155,3070.7953,,,
New York,NY,Cattaraugus,2021,FALSE,1,28388.325,0.143,8.99,53887.75,477669.925,0.5268,0.000003,0.000167,0,100,0,0,0,0,0.0159,3157.767,-36.15,-36.16,-37.91
New York,NY,Cattaraugus,2022,FALSE,1,54040.7,0.273,17.002,103194,908254.35,0.52368,0.000003,0.000165,0,100,0,0,0,0,0.0161,3178.4908,90.36,90.91,89.12
New York,NY,Cattaraugus,2023,FALSE,1,19361.025,0.097,6.122,36915.75,325074.45,0.52447,0.000003,0.000166,0,100,0,0,0,0,0.0158,3162.5327,-64.17,-64.47,-63.99
New York,NY,Cattaraugus,2024,FALSE,1,18075.625,0.089,5.785,35652,304181.725,0.507,0.000002,0.000162,0,100,0,0,0,0,0.0154,3124.5678,-6.64,-8.25,-5.5
New York,NY,Cattaraugus,2025,FALSE,1,41604.825,0.215,12.59,79627.75,699679.7,0.52249,0.000003,0.000158,0,100,0,0,0,0,0.0171,3304.5929,130.17,141.57,117.63
New York,NY,Cattaraugus,2026,TRUE,1,4494.85,0.023,2.326,7109.5,66731.675,0.63223,0.000003,0.000327,0,100,0,0,0,0,0.0099,1932.4377,-89.2,-89.3,-81.53
New York,NY,Chautauqua,2020,FALSE,3,38231.6,0.192,40.585,68792.25,643513.625,0.55575,0.000003,0.00059,0,100,0,0,0,0,0.0047,942.0131,,,
New York,NY,Chautauqua,2021,FALSE,3,36924.75,0.185,41.527,59915,621364.5,0.61629,0.000003,0.000693,0,100,0,0,0,0,0.0045,889.1745,-3.42,-3.65,2.32
New York,NY,Chautauqua,2022,FALSE,3,42882.3,0.459,45.331,66909.25,721319.475,0.6409,0.000007,0.000677,0,100,0,0,0,0,0.0101,945.9818,16.13,148.11,9.16
New York,NY,Chautauqua,2023,FALSE,3,29155.55,0.148,28.303,42292.25,490639.425,0.68938,0.000003,0.000669,0,100,0,0,0,0,0.0052,1030.1222,-32.01,-67.76,-37.56
New York,NY,Chautauqua,2024,FALSE,3,19410.375,0.097,20.144,28632.75,326766.875,0.67791,0.000003,0.000704,0,100,0,0,0,0,0.0048,963.581,-33.42,-34.46,-28.83
New York,NY,Chautauqua,2025,FALSE,3,42349.225,0.215,46.979,70945.25,712650.05,0.59693,0.000003,0.000662,0,100,0,0,0,0,0.0046,901.4501,118.18,121.65,133.22
New York,NY,Chautauqua,2026,TRUE,3,24465,0.128,25.78,35501.5,412109,0.68913,0.000004,0.000726,0,100,0,0,0,0,0.005,948.9915,-42.23,-40.47,-45.12
New York,NY,Clinton,2020,FALSE,2,18937.01,0.095,5.136,35032.14,318655.219,0.54056,0.000003,0.000147,0,100,0,0,0,0,0.0185,3687.1125,,,
New York,NY,Clinton,2021,FALSE,2,27073.486,0.137,6.941,48474.48,455566.135,0.55851,0.000003,0.000143,0,100,0,0,0,0,0.0197,3900.5166,42.97,44.21,35.14
New York,NY,Clinton,2022,FALSE,2,56124.921,0.283,15.615,95447.28,944387.68,0.58802,0.000003,0.000164,0,100,0,0,0,0,0.0181,3594.2953,107.31,106.57,124.97
New York,NY,Clinton,2023,FALSE,2,140866.752,0.712,32.373,244189.99,2370378.257,0.57687,0.000003,0.000133,0,100,0,0,0,0,0.022,4351.3654,150.99,151.59,107.32
New York,NY,Clinton,2024,FALSE,2,202037.114,1.02,43.244,368810.22,3399399.178,0.54781,0.000003,0.000117,0,100,0,0,0,0,0.0236,4672.0265,43.42,43.26,33.58
New York,NY,Clinton,2025,FALSE,2,205820.172,1.039,42.993,394089.54,3463166.05,0.52227,0.000003,0.000109,0,100,0,0,0,0,0.0242,4787.295,1.87,1.86,-0.58
New York,NY,Clinton,2026,TRUE,2,42931.134,0.217,10.578,86670.41,722366.074,0.49534,0.000003,0.000122,0,100,0,0,0,0,0.0205,4058.5303,-79.14,-79.11,-75.4
New York,NY,Dutchess,2020,FALSE,3,1697691.544,8.57,82.229,4013022.1,28566967.668,0.42305,0.000002,0.00002,0,100,0,0,0,0,0.1042,20645.898,,,
New York,NY,Dutchess,2021,FALSE,3,2076966.518,10.484,91.272,5139884.92,34947987.394,0.40409,0.000002,0.000018,0,100,0,0,0,0,0.1149,22755.7906,22.34,22.33,11
New York,NY,Dutchess,2022,FALSE,3,2259598.856,11.407,89.471,5574988.34,38020842.465,0.40531,0.000002,0.000016,0,100,0,0,0,0,0.1275,25255.0978,8.79,8.8,-1.97
New York,NY,Dutchess,2023,FALSE,3,2167506.363,10.942,102.507,5308278.98,36472075.326,0.40833,0.000002,0.000019,0,100,0,0,0,0,0.1067,21144.9595,-4.08,-4.08,14.57
New York,NY,Dutchess,2024,FALSE,3,1715678.959,8.662,78.944,4238519.94,28872527.985,0.40478,0.000002,0.000019,0,100,0,0,0,0,0.1097,21732.8607,-20.85,-20.84,-22.99
New York,NY,Dutchess,2025,FALSE,3,1942016.375,9.803,97.568,4857915.97,32676609.056,0.39976,0.000002,0.00002,0,100,0,0,0,0,0.1005,19904.2347,13.19,13.17,23.59
New York,NY,Dutchess,2026,TRUE,3,1364174.215,6.886,71.431,3358414.95,22954601.662,0.4062,0.000002,0.000021,0,100,0,0,0,0,0.0964,19097.7897,-29.75,-29.76,-26.79
New York,NY,Erie,2020,FALSE,1,13520.075,0.068,16.765,23550.5,227488.85,0.57409,0.000003,0.000712,0,100,0,0,0,0,0.0041,806.4465,,,
New York,NY,Erie,2021,FALSE,1,13483.55,0.068,16.959,23744.75,226822.775,0.56785,0.000003,0.000714,0,100,0,0,0,0,0.004,795.0675,-0.27,0,1.16
New York,NY,Erie,2022,FALSE,1,8890.2,0.045,11.242,15396,149376.025,0.57744,0.000003,0.00073,0,100,0,0,0,0,0.004,790.8023,-34.07,-33.82,-33.71
New York,NY,Erie,2023,FALSE,1,18630.55,0.1,22.634,32674.75,313455.5,0.57018,0.000003,0.000693,0,100,0,0,0,0,0.0044,823.1223,109.56,122.22,101.33
New York,NY,Erie,2024,FALSE,1,13083.45,0.067,16.32,22362,220097.075,0.58508,0.000003,0.00073,0,100,0,0,0,0,0.0041,801.682,-29.77,-33,-27.9
New York,NY,Erie,2025,FALSE,1,37500.075,0.192,45.106,66428.25,631016.325,0.56452,0.000003,0.000679,0,100,0,0,0,0,0.0043,831.3766,186.62,186.57,176.38
New York,NY,Erie,2026,TRUE,1,12382.7,0.07,15.126,20816.75,193765.95,0.59484,0.000003,0.000727,0,100,0,0,0,0,0.0046,818.6368,-66.98,-63.54,-66.47
New York,NY,Essex,2020,FALSE,1,0,0,270.262,0,3099057.624,,,,0,0,100,0,0,0,0,0,,,
New York,NY,Essex,2021,FALSE,1,0,0,288.612,0,3361395.948,,,,0,0,100,0,0,0,0,0,,,6.79
New York,NY,Essex,2022,FALSE,1,0,0,284.368,0,3338652.988,,,,0,0,100,0,0,0,0,0,,,-1.47
New York,NY,Essex,2023,FALSE,1,0,0,292.86,0,3312793.956,,,,0,0,100,0,0,0,0,0,,,2.99
New York,NY,Essex,2024,FALSE,1,0,0,283.283,0,3215836.096,,,,0,0,100,0,0,0,0,0,,,-3.27
New York,NY,Essex,2025,FALSE,1,0,0,317.169,0,3505067.626,,,,0,0,100,0,0,0,0,0,,,11.96
New York,NY,Essex,2026,TRUE,1,0,0,178.891,0,1883131.926,,,,0,0,100,0,0,0,0,0,,,-43.6
New York,NY,Genesee,2020,FALSE,1,3843.732,0.019,4.311,5105.66,64677.204,0.75284,0.000004,0.000844,0,100,0,0,0,0,0.0044,891.6103,,,
New York,NY,Genesee,2021,FALSE,1,8985.533,0.045,9.248,12005.56,151249.599,0.74845,0.000004,0.00077,0,100,0,0,0,0,0.0049,971.6191,133.77,136.84,114.52
New York,NY,Genesee,2022,FALSE,1,1345.775,0.007,1.558,1729.7,22651.751,0.77804,0.000004,0.000901,0,100,0,0,0,0,0.0045,863.7837,-85.02,-84.44,-83.15
New York,NY,Genesee,2023,FALSE,1,3454.159,0.017,3.505,4648.48,58134.733,0.74307,0.000004,0.000754,0,100,0,0,0,0,0.0049,985.4947,156.67,142.86,124.97
New York,NY,Genesee,2024,FALSE,1,2068.916,0.01,2.167,2534.67,34808.134,0.81625,0.000004,0.000855,0,100,0,0,0,0,0.0046,954.7374,-40.1,-41.18,-38.17
New York,NY,Genesee,2025,FALSE,1,9828.235,0.05,10.084,13278.21,165403.889,0.74018,0.000004,0.000759,0,100,0,0,0,0,0.005,974.6366,375.04,400,365.34
New York,NY,Genesee,2026,TRUE,1,1301.656,0.007,1.266,1729.7,21908.709,0.75253,0.000004,0.000732,0,100,0,0,0,0,0.0055,1028.1643,-86.76,-86,-87.45
New York,NY,Greene,2020,FALSE,3,837827.477,4.23,58.235,2002902.63,14098037.034,0.41831,0.000002,0.000029,0,100,0,0,0,0,0.0726,14387.0091,,,
New York,NY,Greene,2021,FALSE,3,764976.905,3.862,62.77,1807128.17,12872220.831,0.42331,0.000002,0.000035,0,100,0,0,0,0,0.0615,12186.9827,-8.7,-8.7,7.79
New York,NY,Greene,2022,FALSE,3,1832564.787,9.251,113.08,4438110.23,30836374.577,0.41292,0.000002,0.000025,0,100,0,0,0,0,0.0818,16205.9143,139.56,139.54,80.15
New York,NY,Greene,2023,FALSE,3,777277.41,3.951,56.712,1871764.66,13078919.589,0.41526,0.000002,0.00003,0,100,0,0,0,0,0.0697,13705.6956,-57.59,-57.29,-49.85
New York,NY,Greene,2024,FALSE,3,1665683.715,8.409,93.595,4043685.45,28028254.576,0.41192,0.000002,0.000023,0,100,0,0,0,0,0.0898,17796.7169,114.3,112.83,65.04
New York,NY,Greene,2025,FALSE,3,1357786.738,6.969,91.428,3311786.17,23223007.095,0.40999,0.000002,0.000028,0,100,0,0,0,0,0.0762,14850.8853,-18.48,-17.12,-2.32
New York,NY,Greene,2026,TRUE,3,408980.357,2.097,38.589,972375.51,6991425.606,0.4206,0.000002,0.00004,0,100,0,0,0,0,0.0543,10598.3663,-69.88,-69.91,-57.79
New York,NY,Jefferson,2020,FALSE,4,597086.302,74.873,373.658,4697.04,5687574.454,127.1197,0.01594,0.079552,0,0.75,0,99.25,0,0,0.2004,1597.9487,,,
New York,NY,Jefferson,2021,FALSE,4,616465.45,40.521,387.926,4986.08,5862521.345,123.6373,0.008127,0.077802,0,0.77,0,99.23,0,0,0.1045,1589.1316,3.25,-45.88,3.82
New York,NY,Jefferson,2022,FALSE,4,508525.007,50.541,305.315,2814.71,4808810.407,180.66693,0.017956,0.108471,0,0.54,0,99.46,0,0,0.1655,1665.5749,-17.51,24.73,-21.3
New York,NY,Jefferson,2023,FALSE,4,145198.939,6.373,93.909,2292.92,1387503.342,63.3249,0.002779,0.040956,0,1.58,0,98.42,0,0,0.0679,1546.1664,-71.45,-87.39,-69.24
New York,NY,Jefferson,2024,FALSE,1,1821.404,0.009,2.247,3338.61,30646.286,0.54556,0.000003,0.000673,0,100,0,0,0,0,0.004,810.5937,-98.75,-99.86,-97.61
New York,NY,Jefferson,2025,FALSE,1,3731.85,0.024,6.275,6789.45,62710.194,0.54965,0.000004,0.000924,0,100,0,0,0,0,0.0038,594.7171,104.89,166.67,179.26
New York,NY,Jefferson,2026,TRUE,1,529.913,0.003,0.652,847.47,8918.689,0.62529,0.000004,0.000769,0,100,0,0,0,0,0.0046,812.75,-85.8,-87.5,-89.61
New York,NY,Kings,2020,FALSE,55,1188730.511,6.563,252.078,1845101.14,21052808.147,0.64426,0.000004,0.000137,0,98.84,1.16,0,0,0,0.026,4715.7249,,,
New York,NY,Kings,2021,FALSE,54,1208283.481,6.918,242.096,1904106.83,20320551.087,0.63457,0.000004,0.000127,0,98.58,1.42,0,0,0,0.0286,4990.9271,1.64,5.41,-3.96
New York,NY,Kings,2022,FALSE,54,1174046.101,5.595,271.909,1879708.63,19644216.659,0.62459,0.000003,0.000145,0,98.58,1.42,0,0,0,0.0206,4317.7905,-2.83,-19.12,12.31
New York,NY,Kings,2023,FALSE,37,1145950.66,5.594,173.228,1810390.57,19275432.328,0.63299,0.000003,0.000096,0,99.12,0.88,0,0,0,0.0323,6615.2739,-2.39,-0.02,-36.29
New York,NY,Kings,2024,FALSE,37,1382357.669,6.721,225.078,2039053.76,23254580.32,0.67794,0.000003,0.00011,0,99.18,0.82,0,0,0,0.0299,6141.6827,20.63,20.15,29.93
New York,NY,Kings,2025,FALSE,37,1445547.829,6.235,721.949,2029561.18,24103965.561,0.71225,0.000003,0.000356,0,95.61,4.39,0,0,0,0.0086,2002.2852,4.57,-7.23,220.76
New York,NY,Kings,2026,TRUE,34,695535.025,3.381,132.967,999984.53,11478527.156,0.69555,0.000003,0.000133,0,99.45,0.55,0,0,0,0.0254,5230.8845,-51.88,-45.77,-81.58
New York,NY,Lewis,2020,FALSE,1,1180.788,0.006,0.488,2380.64,19862.319,0.496,0.000003,0.000205,0,100,0,0,0,0,0.0123,2419.6475,,,
New York,NY,Lewis,2021,FALSE,1,2396.511,0.012,0.701,4771.18,40319.946,0.50229,0.000003,0.000147,0,100,0,0,0,0,0.0171,3418.7033,102.96,100,43.65
New York,NY,Lewis,2022,FALSE,1,3028.926,0.015,0.842,6047.21,50966.076,0.50088,0.000002,0.000139,0,100,0,0,0,0,0.0178,3597.2993,26.39,25,20.11
New York,NY,Lewis,2023,FALSE,1,2510.974,0.013,0.606,4861.17,42254.879,0.51654,0.000003,0.000125,0,100,0,0,0,0,0.0215,4143.5215,-17.1,-13.33,-28.03
New York,NY,Lewis,2024,FALSE,1,4503.894,0.023,1.412,8718.42,75782.415,0.5166,0.000003,0.000162,0,100,0,0,0,0,0.0163,3189.7266,79.37,76.92,133
New York,NY,Lewis,2025,FALSE,1,6044.764,0.031,1.112,11776.75,101706.5,0.51328,0.000003,0.000094,0,100,0,0,0,0,0.0279,5435.9388,34.21,34.78,-21.25
New York,NY,Lewis,2026,TRUE,1,1177.999,0.006,0.713,2108.68,19826.898,0.55864,0.000003,0.000338,0,100,0,0,0,0,0.0084,1652.1725,-80.51,-80.65,-35.88
New York,NY,Monroe,2020,FALSE,1,0,0,141.19,0,2744396.425,,,,0,100,0,0,0,0,0,0,,,
New York,NY,Monroe,2021,FALSE,1,0,0,160.335,0,3364185.95,,,,0,100,0,0,0,0,0,0,,,13.56
New York,NY,Monroe,2022,FALSE,1,0,0,170.442,0,3531012.45,,,,0,100,0,0,0,0,0,0,,,6.3
New York,NY,Monroe,2023,FALSE,1,0,0,135.719,0,2897348.7,,,,0,100,0,0,0,0,0,0,,,-20.37
New York,NY,Monroe,2024,FALSE,1,0,0,111.68,0,3118888.975,,,,0,100,0,0,0,0,0,0,,,-17.71
New York,NY,Monroe,2025,FALSE,1,0,0,88.263,0,2340090.85,,,,0,100,0,0,0,0,0,0,,,-20.97
New York,NY,Monroe,2026,TRUE,1,0,0,50.698,0,1261166.2,,,,0,100,0,0,0,0,0,0,,,-42.56
New York,NY,Nassau,2020,FALSE,29,1422532.6,26.199,1040.56,2324400.09,23893092.356,0.612,0.000011,0.000448,0,99.88,0.12,0,0,0,0.0252,1367.0837,,,
New York,NY,Nassau,2021,FALSE,30,1754100.42,114.27,1421.373,2871197.99,29331390.497,0.61093,0.00004,0.000495,0,99.73,0.27,0,0,0,0.0804,1234.0887,23.31,336.16,36.6
New York,NY,Nassau,2022,FALSE,29,1475313.7,50.363,1366.554,2355361.8,24683267.834,0.62636,0.000021,0.00058,0,99.78,0.22,0,0,0,0.0369,1079.5868,-15.89,-55.93,-3.86
New York,NY,Nassau,2023,FALSE,28,1433468.877,25.854,1024.888,2390638.95,24083111.358,0.59962,0.000011,0.000429,0,99.9,0.1,0,0,0,0.0252,1398.6591,-2.84,-48.66,-25
New York,NY,Nassau,2024,FALSE,29,1248926.589,6.47,741.761,2076944.59,21000362.667,0.60133,0.000003,0.000357,0,99.77,0.23,0,0,0,0.0087,1683.7318,-12.87,-74.97,-27.63
New York,NY,Nassau,2025,FALSE,29,1469941.46,50.51,866.409,2329835.34,24586215.28,0.63092,0.000022,0.000372,0,99.65,0.35,0,0,0,0.0583,1696.5907,17.7,680.68,16.8
New York,NY,Nassau,2026,TRUE,27,683739.913,69.713,437.053,1038721.7,11292521.233,0.65825,0.000067,0.000421,0,98.94,1.06,0,0,0,0.1595,1564.4325,-53.49,38.02,-49.56
New York,NY,New York,2020,FALSE,15,2321422.95,22.554,979.561,2592903.5,41860750.6,0.8953,0.000009,0.000378,0,99.07,0.93,0,0,0,0.023,2369.8605,,,
New York,NY,New York,2021,FALSE,15,2394631.2,24.599,1142.032,2539586.65,43649743.5,0.94292,0.00001,0.00045,0,98.91,1.09,0,0,0,0.0215,2096.8162,3.15,9.07,16.59
New York,NY,New York,2022,FALSE,14,2365386.425,124.833,1236.886,2300254,43329390.125,1.02832,0.000054,0.000538,0,98.99,1.01,0,0,0,0.1009,1912.3722,-1.22,407.47,8.31
New York,NY,New York,2023,FALSE,15,2385763.575,32.655,1265.911,2133493,43374241.1,1.11824,0.000015,0.000593,0,99.19,0.81,0,0,0,0.0258,1884.6219,0.86,-73.84,2.35
New York,NY,New York,2024,FALSE,14,2291874.85,27.436,1043.542,2258979,41396300.725,1.01456,0.000012,0.000462,0,99.33,0.67,0,0,0,0.0263,2196.2459,-3.94,-15.98,-17.57
New York,NY,New York,2025,FALSE,13,2281066.3,43.57,1095.126,2188375.75,41469493.85,1.04236,0.00002,0.0005,0,98.68,1.32,0,0,0,0.0398,2082.9259,-0.47,58.81,4.94
New York,NY,New York,2026,TRUE,14,1255514.025,100.011,642.445,1286604.5,23183591.625,0.97584,0.000078,0.000499,0,99,1,0,0,0,0.1557,1954.2747,-44.96,129.54,-41.34
New York,NY,Niagara,2020,FALSE,7,303872.684,460.869,341.915,288343.24,4174492.864,1.05386,0.001598,0.001186,40.71,59.29,0,0,0,0,1.3479,888.7375,,,
New York,NY,Niagara,2021,FALSE,6,51067.195,0.169,41.937,43400.09,1039901.835,1.17666,0.000004,0.000966,0,100,0,0,0,0,0.004,1217.7122,-83.19,-99.96,-87.73
New York,NY,Niagara,2022,FALSE,6,148938.407,0.686,132.415,175396.59,2525632.67,0.84915,0.000004,0.000755,0,100,0,0,0,0,0.0052,1124.785,191.65,305.92,215.75
New York,NY,Niagara,2023,FALSE,6,102779.999,0.465,78.421,117781.35,1752007.604,0.87263,0.000004,0.000666,0,100,0,0,0,0,0.0059,1310.6183,-30.99,-32.22,-40.78
New York,NY,Niagara,2024,FALSE,6,254453.573,1.243,197.193,337104.23,4338588.357,0.75482,0.000004,0.000585,0,100,0,0,0,0,0.0063,1290.3783,147.57,167.31,151.45
New York,NY,Niagara,2025,FALSE,6,450459.725,2.123,370.621,574173.7,8060910.823,0.78454,0.000004,0.000645,0,100,0,0,0,0,0.0057,1215.4188,77.03,70.8,87.95
New York,NY,Niagara,2026,TRUE,6,169268.207,0.833,167.822,226785.57,2867283.591,0.74638,0.000004,0.00074,0,100,0,0,0,0,0.005,1008.6175,-62.42,-60.76,-54.72
New York,NY,Oneida,2020,FALSE,1,2156.13,0.011,2.316,3089.01,36272.158,0.698,0.000004,0.00075,0,100,0,0,0,0,0.0047,930.9715,,,
New York,NY,Oneida,2021,FALSE,1,7743.303,0.039,14.972,11197.91,130298.278,0.6915,0.000003,0.001337,0,100,0,0,0,0,0.0026,517.1856,259.13,254.55,546.46
New York,NY,Oneida,2022,FALSE,1,1951.849,0.01,2.634,2803.09,32852.37,0.69632,0.000004,0.00094,0,100,0,0,0,0,0.0038,741.0209,-74.79,-74.36,-82.41
New York,NY,Oneida,2023,FALSE,1,1083.907,0.005,1.887,1529.94,18237.406,0.70846,0.000003,0.001233,0,100,0,0,0,0,0.0026,574.4075,-44.47,-50,-28.36
New York,NY,Oneida,2024,FALSE,1,1903.404,0.01,2.231,2676.41,32038.285,0.71118,0.000004,0.000834,0,100,0,0,0,0,0.0045,853.1618,75.61,100,18.23
New York,NY,Oneida,2025,FALSE,1,11303.979,0.057,16.114,16693.82,190148.894,0.67714,0.000003,0.000965,0,100,0,0,0,0,0.0035,701.5005,493.88,470,622.28
New York,NY,Oneida,2026,TRUE,1,16515.484,0.083,27.918,24942.21,277798.35,0.66215,0.000003,0.001119,0,100,0,0,0,0,0.003,591.5712,46.1,45.61,73.25
New York,NY,Onondaga,2020,FALSE,3,58750.067,0.297,14.595,79464.65,988559.777,0.73932,0.000004,0.000184,0,100,0,0,0,0,0.0203,4025.3557,,,
New York,NY,Onondaga,2021,FALSE,3,85935.482,0.433,23.26,122979.18,1445974.625,0.69878,0.000004,0.000189,0,100,0,0,0,0,0.0186,3694.5607,46.27,45.79,59.37
New York,NY,Onondaga,2022,FALSE,3,88133.477,0.465,23.757,123455.2,1483032.93,0.71389,0.000004,0.000192,0,100,0,0,0,0,0.0196,3709.7898,2.56,7.39,2.14
New York,NY,Onondaga,2023,FALSE,3,104115.763,0.563,28.637,148816.4,1751894.016,0.69963,0.000004,0.000192,0,100,0,0,0,0,0.0197,3635.7078,18.13,21.08,20.54
New York,NY,Onondaga,2024,FALSE,3,102280.441,0.516,26.756,152228.68,1721112.536,0.67189,0.000003,0.000176,0,100,0,0,0,0,0.0193,3822.7105,-1.76,-8.35,-6.57
New York,NY,Onondaga,2025,FALSE,3,156158.701,0.788,49.468,243387.41,2627720.168,0.64161,0.000003,0.000203,0,100,0,0,0,0,0.0159,3156.762,52.68,52.71,84.89
New York,NY,Onondaga,2026,TRUE,2,19311.502,0.098,6.948,28034.89,324957.602,0.68884,0.000003,0.000248,0,100,0,0,0,0,0.0141,2779.4332,-87.63,-87.56,-85.95
New York,NY,Orange,2020,FALSE,9,2013984.148,20.13,168.994,4877115.3,33875482.249,0.41295,0.000004,0.000035,0,100,0,0,0,0,0.1191,11917.4891,,,
New York,NY,Orange,2021,FALSE,9,1877659.767,36.499,203.967,4522277.88,31558426.762,0.4152,0.000008,0.000045,0,100,0,0,0,0,0.1789,9205.7037,-6.77,81.32,20.69
New York,NY,Orange,2022,FALSE,9,2324158.357,760.906,571.866,5361669.2,38610991.95,0.43348,0.000142,0.000107,0,100,0,0,0,0,1.3306,4064.166,23.78,1984.73,180.37
New York,NY,Orange,2023,FALSE,9,1897736.511,115.656,247.119,4601641.22,32637748.669,0.4124,0.000025,0.000054,0,100,0,0,0,0,0.468,7679.444,-18.35,-84.8,-56.79
New York,NY,Orange,2024,FALSE,9,2175276.645,66.701,236.504,5271721.53,37494754.417,0.41263,0.000013,0.000045,0,100,0,0,0,0,0.282,9197.6315,14.62,-42.33,-4.3
New York,NY,Orange,2025,FALSE,9,2387369.225,343.874,536.251,5452443.97,40604347.702,0.43785,0.000063,0.000098,0,100,0,0,0,0,0.6413,4451.9623,9.75,415.55,126.74
New York,NY,Orange,2026,TRUE,8,1236668.11,430.021,258.366,2862868.71,20798602.954,0.43197,0.00015,0.00009,0,100,0,0,0,0,1.6644,4786.4971,-48.2,25.05,-51.82
New York,NY,Oswego,2020,FALSE,7,1817228.372,140.405,326.35,4244196.17,30380854.553,0.42817,0.000033,0.000077,0,98,2,0,0,0,0.4302,5568.3419,,,
New York,NY,Oswego,2021,FALSE,7,1553568.405,112.238,237.269,3636860.35,25987078.546,0.42717,0.000031,0.000065,0,98.28,1.72,0,0,0,0.473,6547.7092,-14.51,-20.06,-27.3
New York,NY,Oswego,2022,FALSE,7,1646453.857,179.747,269.418,3842093.73,27441473.391,0.42853,0.000047,0.00007,0,97.28,2.72,0,0,0,0.6672,6111.1502,5.98,60.15,13.55
New York,NY,Oswego,2023,FALSE,7,1803730.144,172.051,292.495,4116650.21,30101220.678,0.43815,0.000042,0.000071,0,97.65,2.35,0,0,0,0.5882,6166.7042,9.55,-4.28,8.57
New York,NY,Oswego,2024,FALSE,7,2703131.511,169.215,403.933,6370001.73,45251677.469,0.42435,0.000027,0.000063,0,98.54,1.46,0,0,0,0.4189,6692.0294,49.86,-1.65,38.1
New York,NY,Oswego,2025,FALSE,7,2765911.809,322.19,473.869,6523284.82,46666303.232,0.42401,0.000049,0.000073,0,97.23,2.77,0,0,0,0.6799,5836.8701,2.32,90.4,17.31
New York,NY,Oswego,2026,TRUE,7,1493202.463,262.96,295.315,3544382.12,25383010.758,0.42129,0.000074,0.000083,0,95.89,4.11,0,0,0,0.8904,5056.3042,-46.01,-18.38,-37.68
New York,NY,Queens,2020,FALSE,51,5529576.086,32.264,875.043,12508556.12,93001495.941,0.44206,0.000003,0.00007,0,97.13,2.87,0,0,0,0.0369,6319.205,,,
New York,NY,Queens,2021,FALSE,49,5725687.273,62.697,860.423,13235763.17,96216503.577,0.43259,0.000005,0.000065,0,99.58,0.42,0,0,0,0.0729,6654.5028,3.55,94.32,-1.67
New York,NY,Queens,2022,FALSE,47,6490720.926,82.927,1072.297,14914140.78,107466113.11,0.43521,0.000006,0.000072,0,99.34,0.66,0,0,0,0.0773,6053.1,13.36,32.27,24.62
New York,NY,Queens,2023,FALSE,47,7231773.003,49.436,978.022,16905899.93,121188439.694,0.42777,0.000003,0.000058,0,99.51,0.49,0,0,0,0.0505,7394.2846,11.42,-40.39,-8.79
New York,NY,Queens,2024,FALSE,22,7292512.035,39.774,897.653,17398470.17,122601882.844,0.41915,0.000002,0.000052,0,99.77,0.23,0,0,0,0.0443,8123.9767,0.84,-19.54,-8.22
New York,NY,Queens,2025,FALSE,22,6738156.024,34.963,1162.864,15911679.89,112594571.306,0.42347,0.000002,0.000073,0,99.76,0.24,0,0,0,0.0301,5794.4489,-7.6,-12.1,29.54
New York,NY,Queens,2026,TRUE,21,3899519.968,23.179,848.366,8652717.47,62455017.556,0.45067,0.000003,0.000098,0,99.84,0.16,0,0,0,0.0273,4596.5067,-42.13,-33.7,-27.05
New York,NY,Rensselaer,2020,FALSE,4,1318543.918,6.657,111.7,3095831.75,22186900.516,0.42591,0.000002,0.000036,0,100,0,0,0,0,0.0596,11804.3323,,,
New York,NY,Rensselaer,2021,FALSE,4,1625164.069,8.205,147.956,3778465.27,27345537.987,0.43011,0.000002,0.000039,0,100,0,0,0,0,0.0555,10984.1038,23.25,23.25,32.46
New York,NY,Rensselaer,2022,FALSE,4,1575581.941,8.072,168.815,3606782.67,26393311.34,0.43684,0.000002,0.000047,0,100,0,0,0,0,0.0478,9333.1869,-3.05,-1.62,14.1
New York,NY,Rensselaer,2023,FALSE,4,1406125.305,7.11,110.899,3249800.58,23649694.57,0.43268,0.000002,0.000034,0,100,0,0,0,0,0.0641,12679.3326,-10.76,-11.92,-34.31
New York,NY,Rensselaer,2024,FALSE,4,1335522.689,6.747,96.8,3094894.92,22468581.677,0.43152,0.000002,0.000031,0,100,0,0,0,0,0.0697,13796.722,-5.02,-5.11,-12.71
New York,NY,Rensselaer,2025,FALSE,4,1420662.417,7.435,129.346,3317674.15,24296195.38,0.42821,0.000002,0.000039,0,100,0,0,0,0,0.0575,10983.4275,6.38,10.2,33.62
New York,NY,Rensselaer,2026,TRUE,4,556776.903,3.107,70.562,1254796.32,9314941.182,0.44372,0.000002,0.000056,0,100,0,0,0,0,0.044,7890.6055,-60.81,-58.21,-45.45
New York,NY,Richmond,2020,FALSE,4,640891.325,3.235,327.634,1002205.04,10786255.211,0.63948,0.000003,0.000327,0,100,0,0,0,0,0.0099,1956.1197,,,
New York,NY,Richmond,2021,FALSE,4,618021.596,3.115,349.024,1003794.87,10399478.46,0.61569,0.000003,0.000348,0,100,0,0,0,0,0.0089,1770.7138,-3.57,-3.71,6.53
New York,NY,Richmond,2022,FALSE,4,687935.949,3.464,435.788,1100909.75,11575978.752,0.62488,0.000003,0.000396,0,100,0,0,0,0,0.0079,1578.6023,11.31,11.2,24.86
New York,NY,Richmond,2023,FALSE,4,726581.494,3.664,413.105,1164289.16,12226227.273,0.62406,0.000003,0.000355,0,100,0,0,0,0,0.0089,1758.8301,5.62,5.77,-5.21
New York,NY,Richmond,2024,FALSE,4,890098.222,4.49,567.562,1435170.56,14977648.371,0.6202,0.000003,0.000395,0,100,0,0,0,0,0.0079,1568.2837,22.5,22.54,37.39
New York,NY,Richmond,2025,FALSE,4,1328767.332,6.701,978.749,2224649.53,22359078.092,0.59729,0.000003,0.00044,0,100,0,0,0,0,0.0068,1357.6181,49.28,49.24,72.45
New York,NY,Richmond,2026,TRUE,4,401747.101,2.027,285.114,660125.1,6760214.382,0.60859,0.000003,0.000432,0,100,0,0,0,0,0.0071,1409.0753,-69.77,-69.75,-70.87
New York,NY,Rockland,2020,FALSE,3,418100.892,27.233,404.238,694188.68,7052499.838,0.60229,0.000039,0.000582,0,100,0,0,0,0,0.0674,1034.2939,,,
New York,NY,Rockland,2021,FALSE,3,604172.631,14.638,573.254,1028774.54,10189778.933,0.58727,0.000014,0.000557,0,100,0,0,0,0,0.0255,1053.9353,44.5,-46.25,41.81
New York,NY,Rockland,2022,FALSE,3,906742.326,101.26,888.524,1538776.18,15132577.218,0.58926,0.000066,0.000577,0,100,0,0,0,0,0.114,1020.504,50.08,591.76,55
New York,NY,Rockland,2023,FALSE,3,567378.559,33.081,555.601,976412.69,9550315.643,0.58108,0.000034,0.000569,0,100,0,0,0,0,0.0595,1021.1979,-37.43,-67.33,-37.47
New York,NY,Rockland,2024,FALSE,3,810566.155,37.036,774.731,1357942.81,13672745.971,0.59691,0.000027,0.000571,0,100,0,0,0,0,0.0478,1046.255,42.86,11.96,39.44
New York,NY,Rockland,2025,FALSE,3,1196504.5,115.587,1216.686,2060844.72,20053714.64,0.58059,0.000056,0.00059,0,100,0,0,0,0,0.095,983.4127,47.61,212.09,57.05
New York,NY,Rockland,2026,TRUE,3,492361.602,129.913,519.575,837877.04,8092500.337,0.58763,0.000155,0.00062,0,100,0,0,0,0,0.25,947.6237,-58.85,12.39,-57.3
New York,NY,Saratoga,2020,FALSE,1,186815.925,0.942,42.213,391157.25,3143564.2,0.4776,0.000002,0.000108,0,100,0,0,0,0,0.0223,4425.5543,,,
New York,NY,Saratoga,2021,FALSE,1,269456.275,1.36,62.178,564082.75,4534123.65,0.47769,0.000002,0.00011,0,100,0,0,0,0,0.0219,4333.6272,44.24,44.37,47.3
New York,NY,Saratoga,2022,FALSE,1,295010.125,1.489,65.673,621749.5,4964125.55,0.47448,0.000002,0.000106,0,100,0,0,0,0,0.0227,4492.1067,9.48,9.49,5.62
New York,NY,Saratoga,2023,FALSE,1,249743.65,1.261,50.076,523187.5,4202433.45,0.47735,0.000002,0.000096,0,100,0,0,0,0,0.0252,4987.2923,-15.34,-15.31,-23.75
New York,NY,Saratoga,2024,FALSE,1,205889.025,1.022,45.258,419985.25,3464523.85,0.49023,0.000002,0.000108,0,100,0,0,0,0,0.0226,4549.2294,-17.56,-18.95,-9.62
New York,NY,Saratoga,2025,FALSE,1,266025.475,1.337,58.052,538656,4475504.5,0.49387,0.000002,0.000108,0,100,0,0,0,0,0.023,4582.5376,29.21,30.82,28.27
New York,NY,Saratoga,2026,TRUE,1,101010.925,0.509,24.419,199454.5,1653070.125,0.50644,0.000003,0.000122,0,100,0,0,0,0,0.0208,4136.5709,-62.03,-61.93,-57.94
New York,NY,St. Lawrence,2020,FALSE,1,679.074,0.003,0.384,578.48,11426.832,1.17389,0.000005,0.000664,0,100,0,0,0,0,0.0078,1768.4219,,,
New York,NY,St. Lawrence,2021,FALSE,1,8680.212,0.044,2.7,11283.13,146068.504,0.76931,0.000004,0.000239,0,100,0,0,0,0,0.0163,3214.8933,1178.24,1366.67,603.13
New York,NY,St. Lawrence,2022,FALSE,1,292.567,0.001,0.095,325.74,4921.75,0.89816,0.000003,0.000292,0,100,0,0,0,0,0.0105,3079.6526,-96.63,-97.73,-96.48
New York,NY,St. Lawrence,2023,FALSE,1,11273.405,0.057,3.416,14391.11,189702.148,0.78336,0.000004,0.000237,0,100,0,0,0,0,0.0167,3300.1771,3753.27,5600,3495.79
New York,NY,St. Lawrence,2024,FALSE,1,6358.243,0.032,2.066,7872.18,106986.667,0.80769,0.000004,0.000262,0,100,0,0,0,0,0.0155,3077.562,-43.6,-43.86,-39.52
New York,NY,St. Lawrence,2025,FALSE,1,22502.791,0.114,6.611,27729.17,378631.065,0.81152,0.000004,0.000238,0,100,0,0,0,0,0.0172,3403.8407,253.92,256.25,219.99
New York,NY,St. Lawrence,2026,TRUE,1,578.771,0.003,0.279,673.08,9738.099,0.85988,0.000004,0.000415,0,100,0,0,0,0,0.0108,2074.448,-97.43,-97.37,-95.78
New York,NY,Suffolk,2020,FALSE,47,3998128.362,126.602,1607.812,7213406.17,66276204.818,0.55426,0.000018,0.000223,0,96.48,3.52,0,0,0,0.0787,2486.689,,,
New York,NY,Suffolk,2021,FALSE,47,4572855.306,1118.754,2101.671,8341533.92,74721836.092,0.5482,0.000134,0.000252,0,97.67,2.33,0,0,0,0.5323,2175.8188,14.37,783.68,30.72
New York,NY,Suffolk,2022,FALSE,47,4078918.955,1255.453,1764.351,7438564.68,66029313.405,0.54835,0.000169,0.000237,0,97.74,2.26,0,0,0,0.7116,2311.8523,-10.8,12.22,-16.05
New York,NY,Suffolk,2023,FALSE,47,3396781.591,159.899,1216.867,6578277.53,56591739.941,0.51636,0.000024,0.000185,0,98.34,1.66,0,0,0,0.1314,2791.4157,-16.72,-87.26,-31.03
New York,NY,Suffolk,2024,FALSE,45,3954562.653,297.493,1553.008,7273899.01,65822252.057,0.54366,0.000041,0.000214,0,98.64,1.36,0,0,0,0.1916,2546.3891,16.42,86.05,27.62
New York,NY,Suffolk,2025,FALSE,46,4413466.272,1152.845,1928.252,8145487.06,72102541.321,0.54183,0.000142,0.000237,0,98.18,1.82,0,0,0,0.5979,2288.8431,11.6,287.52,24.16
New York,NY,Suffolk,2026,TRUE,44,2152481.425,1053.321,1089.867,3836883.44,34294415.672,0.561,0.000275,0.000284,0,97.73,2.27,0,0,0,0.9665,1974.9946,-51.23,-8.63,-43.48
New York,NY,Tompkins,2020,FALSE,2,0,0,2.965,0,819255.919,,,,0,100,0,0,0,0,0,0,,,
New York,NY,Tompkins,2021,FALSE,2,0,0,2.702,0,757443.336,,,,0,100,0,0,0,0,0,0,,,-8.87
New York,NY,Tompkins,2022,FALSE,2,0,0,2.45,0,706092.077,,,,0,100,0,0,0,0,0,0,,,-9.33
New York,NY,Tompkins,2023,FALSE,2,0,0,3.264,0,960572.068,,,,0,100,0,0,0,0,0,0,,,33.22
New York,NY,Tompkins,2024,FALSE,2,0,0,3.557,0,971193.332,,,,0,100,0,0,0,0,0,0,,,8.98
New York,NY,Tompkins,2025,FALSE,2,0,0,3.351,0,970585.887,,,,0,100,0,0,0,0,0,0,,,-5.79
New York,NY,Tompkins,2026,TRUE,2,0,0,1.275,0,374944.794,,,,0,100,0,0,0,0,0,0,,,-61.95
New York,NY,Wyoming,2020,FALSE,1,27219.1,0.137,24.487,48069.75,458029.775,0.56624,0.000003,0.000509,0,100,0,0,0,0,0.0056,1111.5735,,,
New York,NY,Wyoming,2021,FALSE,1,22224.15,0.112,20.244,38952.5,373953.475,0.57054,0.000003,0.00052,0,100,0,0,0,0,0.0055,1097.8142,-18.35,-18.25,-17.33
New York,NY,Wyoming,2022,FALSE,1,8941.775,0.045,8.078,15808,150460.3,0.56565,0.000003,0.000511,0,100,0,0,0,0,0.0056,1106.9293,-59.77,-59.82,-60.1
New York,NY,Wyoming,2023,FALSE,1,23372.75,0.117,20.597,41692.5,392016.95,0.5606,0.000003,0.000494,0,100,0,0,0,0,0.0057,1134.7648,161.39,160,154.98
New York,NY,Wyoming,2024,FALSE,1,35687.025,0.181,30.854,63818.75,600488.25,0.55919,0.000003,0.000483,0,100,0,0,0,0,0.0059,1156.6418,52.69,54.7,49.8
New York,NY,Wyoming,2025,FALSE,1,54107.15,0.277,46.615,97214.5,910434.225,0.55657,0.000003,0.00048,0,100,0,0,0,0,0.0059,1160.724,51.62,53.04,51.08
New York,NY,Wyoming,2026,TRUE,1,10056.85,0.064,9.704,16176,150107.3,0.62171,0.000004,0.0006,0,100,0,0,0,0,0.0066,1036.3613,-81.41,-76.9,-79.18
New York,NY,Yates,2020,FALSE,1,228303.061,1.174,49.58,392647.58,3849053.684,0.58145,0.000003,0.000126,0,100,0,0,0,0,0.0237,4604.741,,,
New York,NY,Yates,2021,FALSE,1,278846.384,1.412,50.389,482581.69,4703821.88,0.57782,0.000003,0.000104,0,100,0,0,0,0,0.028,5533.8741,22.14,20.27,1.63
New York,NY,Yates,2022,FALSE,1,343046.31,1.783,46.335,584851.36,5786849.888,0.58655,0.000003,0.000079,0,100,0,0,0,0,0.0385,7403.6109,23.02,26.27,-8.05
New York,NY,Yates,2023,FALSE,1,388036.305,1.936,66.151,665425.54,6544486.668,0.58314,0.000003,0.000099,0,100,0,0,0,0,0.0293,5865.9174,13.11,8.58,42.77
New York,NY,Yates,2024,FALSE,1,417542.866,2.098,82.305,721855.94,7033934.272,0.57843,0.000003,0.000114,0,100,0,0,0,0,0.0255,5073.1167,7.6,8.37,24.42
New York,NY,Yates,2025,FALSE,1,401212.4,2.026,87.475,669105.24,6751156.655,0.59963,0.000003,0.000131,0,100,0,0,0,0,0.0232,4586.595,-3.91,-3.43,6.28
New York,NY,Yates,2026,TRUE,1,138839.581,0.701,31.005,224631.39,2336260.022,0.61808,0.000003,0.000138,0,100,0,0,0,0,0.0226,4477.9739,-65.39,-65.4,-64.56
North Carolina,NC,Anson,2020,FALSE,16,55537.204,2.571,47.134,92889.86,928662.999,0.59788,0.000028,0.000507,0,99.01,0.99,0,0,0,0.0545,1178.2833,,,
North Carolina,NC,Anson,2021,FALSE,16,70922.881,1.87,57.014,118985.09,1188296.326,0.59607,0.000016,0.000479,0,99.49,0.51,0,0,0,0.0328,1243.9555,27.7,-27.27,20.96
North Carolina,NC,Anson,2022,FALSE,16,228538.981,4.358,181.356,386418.63,3812138.259,0.59143,0.000011,0.000469,0,99.66,0.34,0,0,0,0.024,1260.1677,222.24,133.05,218.09
North Carolina,NC,Anson,2023,FALSE,16,59417.738,3.941,62.619,96655.74,979712.214,0.61474,0.000041,0.000648,0,98.52,1.48,0,0,0,0.0629,948.8771,-74,-9.57,-65.47
North Carolina,NC,Anson,2024,FALSE,16,14635.007,4.083,19.875,21462.92,234355.132,0.68187,0.00019,0.000926,0,93.28,6.72,0,0,0,0.2054,736.3526,-75.37,3.6,-68.26
North Carolina,NC,Anson,2025,FALSE,16,23179.932,2.763,24.045,36910.23,380884.537,0.62801,0.000075,0.000651,0,97.22,2.78,0,0,0,0.1149,964.023,58.39,-32.33,20.98
North Carolina,NC,Anson,2026,TRUE,16,7497.089,1.243,8.498,11607.91,123069.431,0.64586,0.000107,0.000732,0,96.08,3.92,0,0,0,0.1463,882.2181,-67.66,-55.01,-64.66
North Carolina,NC,Brunswick,2020,FALSE,6,0,3157.837,864.028,0,7249746.892,,,,0,0,0,100,0,0,3.6548,0,,,
North Carolina,NC,Brunswick,2021,FALSE,6,0,530.714,159.647,0,1323758.521,,,,0,0,0,100,0,0,3.3243,0,,-83.19,-81.52
North Carolina,NC,Buncombe,2020,FALSE,5,1319492.146,13.495,431.584,3049338.29,22039315.643,0.43271,0.000004,0.000142,0.95,99.05,0,0,0,0,0.0313,3057.3241,,,
North Carolina,NC,Buncombe,2021,FALSE,4,1592327.466,8.004,475.466,3873537.6,26627370.493,0.41108,0.000002,0.000123,0,100,0,0,0,0,0.0168,3348.9828,20.68,-40.69,10.17
North Carolina,NC,Buncombe,2022,FALSE,4,1754663.635,8.838,584.236,4098606.04,29422287.561,0.42811,0.000002,0.000143,0,100,0,0,0,0,0.0151,3003.3473,10.19,10.42,22.88
North Carolina,NC,Buncombe,2023,FALSE,4,1598661.793,8.07,398.192,3954153.49,26895232.306,0.4043,0.000002,0.000101,0,100,0,0,0,0,0.0203,4014.8014,-8.89,-8.69,-31.84
North Carolina,NC,Buncombe,2024,FALSE,4,1621595.728,8.182,419.578,3927189.29,27247776.489,0.41292,0.000002,0.000107,0,100,0,0,0,0,0.0195,3864.8254,1.43,1.39,5.37
North Carolina,NC,Buncombe,2025,FALSE,4,1741515.863,8.775,500.841,4142396.97,29193339.124,0.42041,0.000002,0.000121,0,100,0,0,0,0,0.0175,3477.1831,7.4,7.25,19.37
North Carolina,NC,Buncombe,2026,TRUE,4,943618.702,4.764,282.938,2215295.46,15790584.26,0.42596,0.000002,0.000128,0,100,0,0,0,0,0.0168,3335.0724,-45.82,-45.71,-43.51
North Carolina,NC,Catawba,2020,FALSE,4,6104876.479,3085.41,5985.27,6543667.53,59710933.335,0.93294,0.000472,0.000915,100,0,0,0,0,0,0.5155,1019.9835,,,
North Carolina,NC,Catawba,2021,FALSE,4,6268282.309,2812.138,7119.806,7416500.94,67754279.246,0.84518,0.000379,0.00096,100,0,0,0,0,0,0.395,880.4007,2.68,-8.86,18.96
North Carolina,NC,Catawba,2022,FALSE,4,5775498.305,1674.452,6341.792,7733961.01,73142858.598,0.74677,0.000217,0.00082,100,0,0,0,0,0,0.264,910.7045,-7.86,-40.46,-10.93
North Carolina,NC,Catawba,2023,FALSE,4,5647232.47,1421.963,6261.623,7397214.42,69991223.211,0.76343,0.000192,0.000846,100,0,0,0,0,0,0.2271,901.88,-2.22,-15.08,-1.26
North Carolina,NC,Catawba,2024,FALSE,4,6220226.758,1339.295,5947.487,7977547.41,76725166.878,0.77972,0.000168,0.000746,100,0,0,0,0,0,0.2252,1045.858,10.15,-5.81,-5.02
North Carolina,NC,Catawba,2025,FALSE,4,5847710.555,1750.362,5492.184,7472893.44,70289397.452,0.78252,0.000234,0.000735,100,0,0,0,0,0,0.3187,1064.7332,-5.99,30.69,-7.66
North Carolina,NC,Catawba,2026,TRUE,4,3696755.232,1282.147,3459.271,4526013.59,41830933.781,0.81678,0.000283,0.000764,100,0,0,0,0,0,0.3706,1068.6515,-36.78,-26.75,-37.01
North Carolina,NC,Cleveland,2020,FALSE,7,6130226.399,826.612,2222.782,9295900.75,76102397.973,0.65945,0.000089,0.000239,66.12,33.88,0,0,0,0,0.3719,2757.9072,,,
North Carolina,NC,Cleveland,2021,FALSE,7,5358375.94,560.411,1995.243,9032127.12,75168425.394,0.59326,0.000062,0.000221,61.72,38.28,0,0,0,0,0.2809,2685.5756,-12.59,-32.2,-10.24
North Carolina,NC,Cleveland,2022,FALSE,7,5385041.393,465.074,1997.384,9827337.83,81774841.578,0.54797,0.000047,0.000203,58.64,41.36,0,0,0,0,0.2328,2696.0471,0.5,-17.01,0.11
North Carolina,NC,Cleveland,2023,FALSE,7,5823166.384,1031.885,2196.075,9755121.65,80547771.748,0.59693,0.000106,0.000225,63.34,36.66,0,0,0,0,0.4699,2651.6246,8.14,121.88,9.95
North Carolina,NC,Cleveland,2024,FALSE,7,6043132.788,773.972,1982.349,9379516.84,79086174.282,0.64429,0.000083,0.000211,62,38,0,0,0,0,0.3904,3048.4707,3.78,-24.99,-9.73
North Carolina,NC,Cleveland,2025,FALSE,7,6765893.347,984.118,2360.968,10902032.53,91862830.795,0.62061,0.00009,0.000217,65.12,34.88,0,0,0,0,0.4168,2865.7285,11.96,27.15,19.1
North Carolina,NC,Cleveland,2026,TRUE,7,2485623.924,297.798,1095.003,4117939.73,34001502.288,0.60361,0.000072,0.000266,47.9,52.1,0,0,0,0,0.272,2269.97,-63.26,-69.74,-53.62
North Carolina,NC,Craven,2020,FALSE,1,338421.607,217.106,323.84,252116.12,3245795.896,1.34232,0.000861,0.001284,0,0,0,100,0,0,0.6704,1045.0272,,,
North Carolina,NC,Craven,2021,FALSE,1,525746.431,329.498,433.286,345809.12,5042626.315,1.52034,0.000953,0.001253,0,0,0,100,0,0,0.7605,1213.3935,55.35,51.77,33.8
North Carolina,NC,Craven,2022,FALSE,1,500111.1,233.417,395.704,318700.71,4797842.431,1.56922,0.000732,0.001242,0,0,0,100,0,0,0.5899,1263.8515,-4.88,-29.16,-8.67
North Carolina,NC,Craven,2023,FALSE,1,515831.833,287.5,446.076,343065,4946110.416,1.5036,0.000838,0.0013,0,0,0,100,0,0,0.6445,1156.3766,3.14,23.17,12.73
North Carolina,NC,Craven,2024,FALSE,1,473684.425,267.327,429.552,289010.3,4541121.363,1.63899,0.000925,0.001486,0,0,0,100,0,0,0.6223,1102.7406,-8.17,-7.02,-3.7
North Carolina,NC,Craven,2025,FALSE,1,445252.965,254.135,323.775,315342.23,4268572.648,1.41197,0.000806,0.001027,0,0,0,100,0,0,0.7849,1375.1925,-6,-4.93,-24.62
North Carolina,NC,Craven,2026,TRUE,1,216797.472,115.518,171.675,150826.88,2078421.686,1.43739,0.000766,0.001138,0,0,0,100,0,0,0.6729,1262.8366,-51.31,-54.54,-46.98
North Carolina,NC,Cumberland,2020,FALSE,8,0,0.013,7.384,2772,45482.2,0,0.000005,0.002664,0,100,0,0,0,0,0.0018,0,,,
North Carolina,NC,Cumberland,2021,FALSE,8,0,0.021,8.482,3247,53436.5,0,0.000006,0.002612,0,100,0,0,0,0,0.0025,0,,61.54,14.87
North Carolina,NC,Cumberland,2022,FALSE,8,0,0.273,101.996,41554,649447.1,0,0.000007,0.002455,0,100,0,0,0,0,0.0027,0,,1200,1102.5
North Carolina,NC,Cumberland,2023,FALSE,8,0,0.088,47.567,18846,298713.2,0,0.000005,0.002524,0,100,0,0,0,0,0.0019,0,,-67.77,-53.36
North Carolina,NC,Cumberland,2024,FALSE,8,0,0.185,86.371,36772,576795.6,0,0.000005,0.002349,0,100,0,0,0,0,0.0021,0,,110.23,81.58
North Carolina,NC,Cumberland,2025,FALSE,8,0,0.372,184.802,86238,1210502.3,0,0.000004,0.002143,0,100,0,0,0,0,0.002,0,,101.08,113.96
North Carolina,NC,Cumberland,2026,TRUE,8,0,0.148,78.434,33742,516861.8,0,0.000004,0.002325,0,100,0,0,0,0,0.0019,0,,-60.22,-57.56
North Carolina,NC,Edgecombe,2020,FALSE,0,0,0,0,0,0,,,,,,,,,,,,,,
North Carolina,NC,Gaston,2020,FALSE,5,585379.488,91.115,905.452,636799.03,5705477.373,0.91925,0.000143,0.001422,100,0,0,0,0,0,0.1006,646.5053,,,
North Carolina,NC,Gaston,2021,FALSE,4,219009.354,20.892,332.744,225801.78,2134578.035,0.96992,0.000093,0.001474,100,0,0,0,0,0,0.0628,658.1917,-62.59,-77.07,-63.25
North Carolina,NC,Gaston,2022,FALSE,2,328770.566,32.321,449.897,286467.06,3204409.665,1.14767,0.000113,0.001571,100,0,0,0,0,0,0.0718,730.7685,50.12,54.71,35.21
North Carolina,NC,Gaston,2023,FALSE,2,154136.078,15.539,229.337,138978.99,1502307.933,1.10906,0.000112,0.00165,100,0,0,0,0,0,0.0678,672.0942,-53.12,-51.92,-49.02
North Carolina,NC,Gaston,2024,FALSE,2,273722.604,35.846,354.321,256404.74,2667864.842,1.06754,0.00014,0.001382,100,0,0,0,0,0,0.1012,772.5272,77.59,130.68,54.5
North Carolina,NC,Halifax,2020,FALSE,2,3104.87,3.554,4.282,2786.8,38362.613,1.11413,0.001275,0.001537,0,0,100,0,0,0,0.83,725.0981,,,
North Carolina,NC,Halifax,2021,FALSE,2,8379.35,5.076,11.359,7808.27,103327.415,1.07314,0.00065,0.001455,0,0,100,0,0,0,0.4469,737.6838,169.88,42.82,165.27
North Carolina,NC,Halifax,2022,FALSE,2,1542.318,0.926,2.049,1222.27,19018.885,1.26185,0.000758,0.001676,0,0,100,0,0,0,0.4519,752.7174,-81.59,-81.76,-81.96
North Carolina,NC,Halifax,2023,FALSE,2,6069.847,3.481,7.56,5041.22,74866.77,1.20404,0.000691,0.0015,0,0,100,0,0,0,0.4604,802.8898,293.55,275.92,268.96
North Carolina,NC,Halifax,2024,FALSE,2,13192.193,8.255,15.964,12258.46,162654.473,1.07617,0.000673,0.001302,0,0,100,0,0,0,0.5171,826.3714,117.34,137.14,111.16
North Carolina,NC,Halifax,2025,FALSE,2,19492.028,13.685,24.859,17268.36,240399.641,1.12877,0.000792,0.00144,0,0,100,0,0,0,0.5505,784.1035,47.75,65.78,55.72
North Carolina,NC,Halifax,2026,TRUE,2,30095.298,22.914,35.816,28761.43,371214.721,1.04638,0.000797,0.001245,0,0,100,0,0,0,0.6398,840.2752,54.4,67.44,44.08
North Carolina,NC,Lincoln,2020,FALSE,17,38165.512,4.672,26.904,55757.65,640754.129,0.68449,0.000084,0.000483,0,51.36,48.64,0,0,0,0.1737,1418.5813,,,
North Carolina,NC,Lincoln,2021,FALSE,17,247693.322,84.159,88.237,408860.7,4098496.016,0.60581,0.000206,0.000216,0,89.04,10.96,0,0,0,0.9538,2807.1367,549,1701.35,227.97
North Carolina,NC,Lincoln,2022,FALSE,17,135974.033,2.062,88.699,199907.27,2138351.501,0.68019,0.00001,0.000444,0,67.33,32.67,0,0,0,0.0232,1532.9827,-45.1,-97.55,0.52
North Carolina,NC,Lincoln,2023,FALSE,17,21500.671,0.154,17.669,31038.68,348125.205,0.69271,0.000005,0.000569,0,53.41,46.59,0,0,0,0.0087,1216.8584,-84.19,-92.53,-80.08
North Carolina,NC,Lincoln,2024,FALSE,17,77421.684,0.232,32.012,130718.29,1271242.508,0.59228,0.000002,0.000245,0,87.76,12.24,0,0,0,0.0072,2418.5207,260.09,50.65,81.18
North Carolina,NC,Lincoln,2025,FALSE,17,555586.812,0.482,57.6,982683.85,9312113.092,0.56538,0,0.000059,0,96.68,3.32,0,0,0,0.0084,9645.6044,617.61,107.76,79.93
North Carolina,NC,Lincoln,2026,TRUE,17,184702.345,1.285,87.862,284686.87,2929374.508,0.64879,0.000005,0.000309,0,66.58,33.42,0,0,0,0.0146,2102.1869,-66.76,166.6,52.54
North Carolina,NC,New Hanover,2020,FALSE,4,1725646.213,8.722,598.464,4154897.04,29036887.88,0.41533,0.000002,0.000144,0,100,0,0,0,0,0.0146,2883.4587,,,
North Carolina,NC,New Hanover,2021,FALSE,4,1757740.865,9.188,584.438,4257553.45,29575002.917,0.41285,0.000002,0.000137,0,100,0,0,0,0,0.0157,3007.5746,1.86,5.34,-2.34
North Carolina,NC,New Hanover,2022,FALSE,4,1647024.298,8.707,574.492,4000018.73,27701406.284,0.41175,0.000002,0.000144,0,100,0,0,0,0,0.0152,2866.9229,-6.3,-5.24,-1.7
North Carolina,NC,New Hanover,2023,FALSE,4,1639087.729,6.61,572.005,3965515.82,27580128.849,0.41334,0.000002,0.000144,0,100,0,0,0,0,0.0116,2865.5129,-0.48,-24.08,-0.43
North Carolina,NC,New Hanover,2024,FALSE,4,1699738.993,7.933,609.611,4078011.1,28599667.841,0.41681,0.000002,0.000149,0,100,0,0,0,0,0.013,2788.2354,3.7,20.02,6.57
North Carolina,NC,New Hanover,2025,FALSE,4,1533001.813,1.259,537.208,3601661.25,25793308.098,0.42564,0,0.000149,0,100,0,0,0,0,0.0023,2853.6467,-9.81,-84.13,-11.88
North Carolina,NC,New Hanover,2026,TRUE,4,878713.656,0.711,308.129,2099335.65,14785259.295,0.41857,0,0.000147,0,100,0,0,0,0,0.0023,2851.772,-42.68,-43.53,-42.64
North Carolina,NC,Orange,2020,FALSE,3,0,0,63.46,0,864276.108,,,,97.16,2.84,0,0,0,0,0,0,,,
North Carolina,NC,Orange,2021,FALSE,3,0,0,71.623,0,1028587.55,,,,98.83,1.17,0,0,0,0,0,0,,,12.86
North Carolina,NC,Orange,2022,FALSE,3,0,0,29.742,0,574897.288,,,,91.43,8.57,0,0,0,0,0,0,,,-58.47
North Carolina,NC,Orange,2023,FALSE,3,0,0,48.031,0,790399.995,,,,87.71,12.29,0,0,0,0,0,0,,,61.49
North Carolina,NC,Orange,2024,FALSE,3,0,0,46.789,0,766718.807,,,,95.67,4.33,0,0,0,0,0,0,,,-2.59
North Carolina,NC,Orange,2025,FALSE,3,0,0,48.183,0,838974.76,,,,98.5,1.5,0,0,0,0,0,0,,,2.98
North Carolina,NC,Orange,2026,TRUE,3,0,0,4.252,0,69857.929,,,,71.82,28.18,0,0,0,0,0,0,,,-91.18
North Carolina,NC,Person,2020,FALSE,11,6570846.223,5509.847,4643.311,2309432.82,68715013.365,2.84522,0.002386,0.002011,93.27,0,0,6.73,0,0,1.1866,1415.1209,,,
North Carolina,NC,Person,2021,FALSE,11,7613445.489,4615.092,4829.981,1970475.37,75075238.268,3.86376,0.002342,0.002451,98.9,0,0,1.1,0,0,0.9555,1576.2889,15.87,-16.24,4.02
North Carolina,NC,Person,2022,FALSE,8,7415297.852,4636.116,5712.086,3345615.65,72353686.056,2.21642,0.001386,0.001707,100,0,0,0,0,0,0.8116,1298.1769,-2.6,0.46,18.26
North Carolina,NC,Person,2023,FALSE,8,6001973.251,4422.607,3904.334,2390750.27,58571364.75,2.5105,0.00185,0.001633,100,0,0,0,0,0,1.1327,1537.2592,-19.06,-4.61,-31.65
North Carolina,NC,Person,2024,FALSE,8,8578960.694,5605.295,6118.503,3634306.91,83671162.738,2.36055,0.001542,0.001684,100,0,0,0,0,0,0.9161,1402.1339,42.94,26.74,56.71
North Carolina,NC,Person,2025,FALSE,8,9383540.291,5867.154,8374.538,3691782.68,91520798.031,2.54174,0.001589,0.002268,100,0,0,0,0,0,0.7006,1120.4845,9.38,4.67,36.87
North Carolina,NC,Person,2026,TRUE,8,4277490.875,2610.302,4139.823,1542030.87,41733228.457,2.77393,0.001693,0.002685,100,0,0,0,0,0,0.6305,1033.2545,-54.41,-55.51,-50.57
North Carolina,NC,Richmond,2020,FALSE,21,3920542.575,19.862,443.18,7736268.69,65957749.643,0.50677,0.000003,0.000057,0,100,0,0,0,0,0.0448,8846.3888,,,
North Carolina,NC,Richmond,2021,FALSE,21,3845997.727,19.971,502.828,7510316.75,64634823.604,0.5121,0.000003,0.000067,0,100,0,0,0,0,0.0397,7648.7342,-1.9,0.55,13.46
North Carolina,NC,Richmond,2022,FALSE,21,4692695.134,23.482,648.461,9150220.99,78851281.617,0.51285,0.000003,0.000071,0,100,0,0,0,0,0.0362,7236.6652,22.02,17.58,28.96
North Carolina,NC,Richmond,2023,FALSE,21,3880878.109,15.425,430.955,7807817.24,65288689.956,0.49705,0.000002,0.000055,0,100,0,0,0,0,0.0358,9005.2978,-17.3,-34.31,-33.54
North Carolina,NC,Richmond,2024,FALSE,21,4404057.646,20.205,542.456,8493059.93,74031616.587,0.51855,0.000002,0.000064,0,100,0,0,0,0,0.0372,8118.7371,13.48,30.99,25.87
North Carolina,NC,Richmond,2025,FALSE,21,4750063.362,4.19,642.498,9245195.5,79850353.173,0.51379,0,0.000069,0,100,0,0,0,0,0.0065,7393.1177,7.86,-79.26,18.44
North Carolina,NC,Richmond,2026,TRUE,21,2376997.928,2.192,377.462,4397678.41,39934233.812,0.54051,0,0.000086,0,100,0,0,0,0,0.0058,6297.3172,-49.96,-47.68,-41.25
North Carolina,NC,Robeson,2020,FALSE,6,208763.271,137.55,121.197,0,2006419.44,,,,0,0,1.12,98.88,0,0,1.1349,1722.5119,,,
North Carolina,NC,Robeson,2021,FALSE,4,3372.1,10.412,24.985,0,41640.5,,,,0,0,100,0,0,0,0.4167,134.965,-98.38,-92.43,-79.38
North Carolina,NC,Robeson,2022,FALSE,4,3181.4,9.821,23.569,0,39279.7,,,,0,0,100,0,0,0,0.4167,134.9824,-5.66,-5.68,-5.67
North Carolina,NC,Robeson,2023,FALSE,4,2405.6,7.427,17.822,0,29704.3,,,,0,0,100,0,0,0,0.4167,134.9792,-24.39,-24.38,-24.38
North Carolina,NC,Robeson,2024,FALSE,4,2879.6,8.891,21.337,0,35561.3,,,,0,0,100,0,0,0,0.4167,134.9581,19.7,19.71,19.72
North Carolina,NC,Robeson,2025,FALSE,4,2635.1,8.137,19.525,0,32541.6,,,,0,0,100,0,0,0,0.4167,134.9603,-8.49,-8.48,-8.49
North Carolina,NC,Robeson,2026,TRUE,4,952.3,2.939,7.054,0,11758,,,,0,0,100,0,0,0,0.4166,135.0014,-63.86,-63.88,-63.87
North Carolina,NC,Rockingham,2020,FALSE,7,2318172.865,11.692,429.619,5248189.79,38995665.486,0.44171,0.000002,0.000082,0,100,0,0,0,0,0.0272,5395.8807,,,
North Carolina,NC,Rockingham,2021,FALSE,7,2233722.439,11.021,572.912,5038205.8,37541215.729,0.44336,0.000002,0.000114,0,100,0,0,0,0,0.0192,3898.8927,-3.64,-5.74,33.35
North Carolina,NC,Rockingham,2022,FALSE,7,2666523.746,12.023,803.112,5680889.85,44774327.592,0.46938,0.000002,0.000141,0,100,0,0,0,0,0.015,3320.239,19.38,9.09,40.18
North Carolina,NC,Rockingham,2023,FALSE,7,2114924.61,8.183,614.969,4655912.82,35581769.495,0.45424,0.000002,0.000132,0,100,0,0,0,0,0.0133,3439.0752,-20.69,-31.94,-23.43
North Carolina,NC,Rockingham,2024,FALSE,7,2879445.788,13.863,858.265,6197043.37,48391150.362,0.46465,0.000002,0.000138,0,100,0,0,0,0,0.0162,3354.9612,36.15,69.41,39.56
North Carolina,NC,Rockingham,2025,FALSE,7,2830554.887,7.125,852.782,5877105.39,47569809.32,0.48162,0.000001,0.000145,0,100,0,0,0,0,0.0084,3319.201,-1.7,-48.6,-0.64
North Carolina,NC,Rockingham,2026,TRUE,7,1457555.227,3.411,417.566,3123808.14,24495733.587,0.4666,0.000001,0.000134,0,100,0,0,0,0,0.0082,3490.5984,-48.51,-52.13,-51.03
North Carolina,NC,Rowan,2020,FALSE,7,3490605.572,17.621,317.127,6988020.61,58735209.476,0.49951,0.000003,0.000045,0,100,0,0,0,0,0.0556,11006.9643,,,
North Carolina,NC,Rowan,2021,FALSE,7,3800201.512,19.185,372.381,7750558.86,63943283.259,0.49031,0.000002,0.000048,0,100,0,0,0,0,0.0515,10205.1434,8.87,8.88,17.42
North Carolina,NC,Rowan,2022,FALSE,7,4056479.741,20.645,409.88,8242005.54,68218906.819,0.49217,0.000003,0.00005,0,100,0,0,0,0,0.0504,9896.7496,6.74,7.61,10.07
North Carolina,NC,Rowan,2023,FALSE,7,3452974.392,17.436,315.731,6918325.92,58101819.226,0.49911,0.000003,0.000046,0,100,0,0,0,0,0.0552,10936.444,-14.88,-15.54,-22.97
North Carolina,NC,Rowan,2024,FALSE,7,3618667.765,18.392,363.553,8602375.02,60820167.79,0.42066,0.000002,0.000042,0,100,0,0,0,0,0.0506,9953.6182,4.8,5.48,15.15
North Carolina,NC,Rowan,2025,FALSE,7,3772790.904,19.058,397.115,8845267.9,63388365.871,0.42653,0.000002,0.000045,0,100,0,0,0,0,0.048,9500.4996,4.26,3.62,9.23
North Carolina,NC,Rowan,2026,TRUE,7,2104507.493,10.622,237.107,4865218.51,35267985.6,0.43256,0.000002,0.000049,0,100,0,0,0,0,0.0448,8875.7712,-44.22,-44.26,-40.29
North Carolina,NC,Stokes,2020,FALSE,2,4846203.945,1873.389,4466.941,5750257.14,51475866.161,0.84278,0.000326,0.000777,100,0,0,0,0,0,0.4194,1084.9044,,,
North Carolina,NC,Stokes,2021,FALSE,2,7610766.808,2386.79,5993.404,9683973.99,87308722.157,0.78591,0.000246,0.000619,100,0,0,0,0,0,0.3982,1269.8571,57.05,27.4,34.17
North Carolina,NC,Stokes,2022,FALSE,2,6489831.065,1980.591,6047.571,9862992.71,88060584.973,0.658,0.000201,0.000613,100,0,0,0,0,0,0.3275,1073.1302,-14.73,-17.02,0.9
North Carolina,NC,Stokes,2023,FALSE,2,6118977.46,1624.168,7170.034,9078632.66,82949849.908,0.674,0.000179,0.00079,100,0,0,0,0,0,0.2265,853.4098,-5.71,-18,18.56
North Carolina,NC,Stokes,2024,FALSE,2,6711897.153,1217.633,8224.801,10159825.72,95865938.175,0.66063,0.00012,0.00081,100,0,0,0,0,0,0.148,816.0559,9.69,-25.03,14.71
North Carolina,NC,Stokes,2025,FALSE,2,5272135.869,1660.557,5970.501,8244496.4,71051979.1,0.63947,0.000201,0.000724,100,0,0,0,0,0,0.2781,883.0307,-21.45,36.38,-27.41
North Carolina,NC,Stokes,2026,TRUE,2,3302716.827,935.616,5519.022,5220866.88,45487453.18,0.6326,0.000179,0.001057,100,0,0,0,0,0,0.1695,598.4243,-37.36,-43.66,-7.56
North Carolina,NC,Wayne,2020,FALSE,8,2538489.456,12.819,1025.156,5957408.04,42690544.99,0.42611,0.000002,0.000172,0,98.91,1.09,0,0,0,0.0125,2476.1982,,,
North Carolina,NC,Wayne,2021,FALSE,8,2493923.622,13.269,872.131,5866563.88,41859257.283,0.42511,0.000002,0.000149,0,98.32,1.68,0,0,0,0.0152,2859.5746,-1.76,3.51,-14.93
North Carolina,NC,Wayne,2022,FALSE,8,3008712.932,16.31,1023.165,6699040.73,50372754.441,0.44913,0.000002,0.000153,0,97.36,2.64,0,0,0,0.0159,2940.5941,20.64,22.92,17.32
North Carolina,NC,Wayne,2023,FALSE,8,2773017.845,11.313,965.461,6596810.9,46646842.201,0.42036,0.000002,0.000146,0,99.55,0.45,0,0,0,0.0117,2872.2215,-7.83,-30.64,-5.64
North Carolina,NC,Wayne,2024,FALSE,8,2822887.55,12.749,961.073,6741473.09,47464366.689,0.41873,0.000002,0.000143,0,99.81,0.19,0,0,0,0.0133,2937.2249,1.8,12.69,-0.45
North Carolina,NC,Wayne,2025,FALSE,8,2877644.518,2.431,1041.775,6481872.83,48143989.031,0.44395,0,0.000161,0,96.6,3.4,0,0,0,0.0023,2762.2515,1.94,-80.93,8.4
North Carolina,NC,Wayne,2026,TRUE,8,1385382.037,1.301,524.029,3240942.62,23025232.207,0.42746,0,0.000162,0,97.77,2.23,0,0,0,0.0025,2643.7125,-51.86,-46.48,-49.7
North Dakota,ND,McKenzie,2020,FALSE,5,470934.657,2.378,51.741,792048.75,7924271.921,0.59458,0.000003,0.000065,0,100,0,0,0,0,0.046,9101.7695,,,
North Dakota,ND,McKenzie,2021,FALSE,6,456495.539,2.304,48.497,800853.93,7681325.325,0.57001,0.000003,0.000061,0,100,0,0,0,0,0.0475,9412.8614,-3.07,-3.11,-6.27
North Dakota,ND,McKenzie,2022,FALSE,6,372104.578,1.88,35.619,665241.09,6261365.831,0.55935,0.000003,0.000054,0,100,0,0,0,0,0.0528,10446.8002,-18.49,-18.4,-26.55
North Dakota,ND,McKenzie,2023,FALSE,6,655081.714,3.308,60.835,1171055.83,11023021.692,0.55939,0.000003,0.000052,0,100,0,0,0,0,0.0544,10768.1715,76.05,75.96,70.79
North Dakota,ND,McKenzie,2024,FALSE,6,621952.69,3.14,53.718,1131143.88,10465574.024,0.54984,0.000003,0.000047,0,100,0,0,0,0,0.0585,11578.1058,-5.06,-5.08,-11.7
North Dakota,ND,McKenzie,2025,FALSE,6,439507.723,2.219,32.936,853308.02,7395564.79,0.51506,0.000003,0.000039,0,100,0,0,0,0,0.0674,13344.2957,-29.33,-29.33,-38.69
North Dakota,ND,McKenzie,2026,TRUE,6,229884.447,1.161,16.286,369584.34,3868314.197,0.62201,0.000003,0.000044,0,100,0,0,0,0,0.0713,14115.464,-47.7,-47.68,-50.55
North Dakota,ND,McLean,2020,FALSE,2,9543316.525,5300.519,6262.623,8840557.33,87657916.149,1.07949,0.0006,0.000708,100,0,0,0,0,0,0.8464,1523.8529,,,
North Dakota,ND,McLean,2021,FALSE,2,10336693.181,6831.509,6449.719,9728793.26,94945284.27,1.06248,0.000702,0.000663,100,0,0,0,0,0,1.0592,1602.6579,8.31,28.88,2.99
North Dakota,ND,McLean,2022,FALSE,2,9608692.888,6265.036,5871.142,9026385.42,88258481.647,1.06451,0.000694,0.00065,100,0,0,0,0,0,1.0671,1636.5969,-7.04,-8.29,-8.97
North Dakota,ND,McLean,2023,FALSE,2,8440756.801,5546.22,4901.334,7778728.24,77530576.322,1.08511,0.000713,0.00063,100,0,0,0,0,0,1.1316,1722.1346,-12.15,-11.47,-16.52
North Dakota,ND,McLean,2024,FALSE,2,9691877.31,6341.908,6344.631,9031046.56,89022467.673,1.07317,0.000702,0.000703,100,0,0,0,0,0,0.9996,1527.5715,14.82,14.35,29.45
North Dakota,ND,McLean,2025,FALSE,2,9738233.506,6415.25,6044.262,8878450.63,89448244.893,1.09684,0.000723,0.000681,100,0,0,0,0,0,1.0614,1611.1534,0.48,1.16,-4.73
North Dakota,ND,McLean,2026,TRUE,2,4154754.425,2743.717,2588.017,3779108.32,38162527.121,1.0994,0.000726,0.000685,100,0,0,0,0,0,1.0602,1605.3814,-57.34,-57.23,-57.18
North Dakota,ND,Mercer,2020,FALSE,5,13570037.268,25010.593,13798.47,11998572.23,124644549.363,1.13097,0.002084,0.00115,100,0,0,0,0,0,1.8126,983.4451,,,
North Dakota,ND,Mercer,2021,FALSE,5,12790920.951,25170.371,13030.454,11151713.07,117488057.916,1.14699,0.002257,0.001168,100,0,0,0,0,0,1.9317,981.6174,-5.74,0.64,-5.57
North Dakota,ND,Mercer,2022,FALSE,5,14771065.134,25264.507,15174.907,12989837.22,135676218.701,1.13712,0.001945,0.001168,100,0,0,0,0,0,1.6649,973.3875,15.48,0.37,16.46
North Dakota,ND,Mercer,2023,FALSE,5,13246843.596,26743.193,15117.014,11690443.88,121675845.061,1.13313,0.002288,0.001293,100,0,0,0,0,0,1.7691,876.287,-10.32,5.85,-0.38
North Dakota,ND,Mercer,2024,FALSE,5,13408870.11,26232.012,13700.648,11393982.1,123164093.093,1.17684,0.002302,0.001202,100,0,0,0,0,0,1.9147,978.7034,1.22,-1.91,-9.37
North Dakota,ND,Mercer,2025,FALSE,5,13162509.201,24395.821,12213.818,11322915.32,120901124.527,1.16247,0.002155,0.001079,100,0,0,0,0,0,1.9974,1077.6736,-1.84,-7,-10.85
North Dakota,ND,Mercer,2026,TRUE,5,6971231.724,12342.008,7163.51,6172076.06,64032664.042,1.12948,0.002,0.001161,100,0,0,0,0,0,1.7229,973.1587,-47.04,-49.41,-41.35
North Dakota,ND,Morton,2020,FALSE,2,561996.822,1384.164,1032.623,459513.65,5172104.727,1.22303,0.003012,0.002247,99.57,0.43,0,0,0,0,1.3404,544.242,,,
North Dakota,ND,Morton,2021,FALSE,2,599757.831,1459.445,999.991,484043.71,5571070.332,1.23906,0.003015,0.002066,97.54,2.46,0,0,0,0,1.4595,599.7632,6.72,5.44,-3.16
North Dakota,ND,Morton,2022,FALSE,2,56707.535,154.657,91.795,45514.82,555153.578,1.24591,0.003398,0.002017,86.4,13.6,0,0,0,0,1.6848,617.7628,-90.54,-89.4,-90.82
North Dakota,ND,Morton,2023,FALSE,1,23608.183,0.119,9.424,29532.16,397238.131,0.79941,0.000004,0.000319,0,100,0,0,0,0,0.0126,2505.1128,-58.37,-99.92,-89.73
North Dakota,ND,Morton,2024,FALSE,2,33291.592,0.169,127.81,39848.73,560193.703,0.83545,0.000004,0.003207,0,100,0,0,0,0,0.0013,260.4772,41.02,42.02,1256.22
North Dakota,ND,Morton,2025,FALSE,2,51110.605,0.259,29.284,59977.19,860040.952,0.85217,0.000004,0.000488,0,100,0,0,0,0,0.0088,1745.3423,53.52,53.25,-77.09
North Dakota,ND,Morton,2026,TRUE,2,15247.605,0.077,11.634,15621.01,256578.164,0.9761,0.000005,0.000745,0,100,0,0,0,0,0.0066,1310.6073,-70.17,-70.27,-60.27
North Dakota,ND,Oliver,2020,FALSE,2,5579430.04,2676.83,8561.691,5172184.68,51248532.513,1.07874,0.000518,0.001655,100,0,0,0,0,0,0.3127,651.6738,,,
North Dakota,ND,Oliver,2021,FALSE,2,5395731.404,2322.12,8308.186,4955137.46,49561262.749,1.08892,0.000469,0.001677,100,0,0,0,0,0,0.2795,649.4476,-3.29,-13.25,-2.96
North Dakota,ND,Oliver,2022,FALSE,2,4978994.326,1890.368,7457.787,4612898.37,45733398.217,1.07936,0.00041,0.001617,100,0,0,0,0,0,0.2535,667.6236,-7.72,-18.59,-10.24
North Dakota,ND,Oliver,2023,FALSE,2,5462370.176,1996.518,8253.113,4993387.37,50173327.191,1.09392,0.0004,0.001653,100,0,0,0,0,0,0.2419,661.8557,9.71,5.62,10.66
North Dakota,ND,Oliver,2024,FALSE,2,5235079.992,2149.923,7960.998,4804389.39,48085591.973,1.08965,0.000447,0.001657,100,0,0,0,0,0,0.2701,657.5909,-4.16,7.68,-3.54
North Dakota,ND,Oliver,2025,FALSE,2,4566905.698,1844.365,6791.066,4170435.36,41937947.074,1.09507,0.000442,0.001628,100,0,0,0,0,0,0.2716,672.4873,-12.76,-14.21,-14.7
North Dakota,ND,Oliver,2026,TRUE,2,2593098.951,963.532,3860.449,2357182.83,23818335.242,1.10008,0.000409,0.001638,100,0,0,0,0,0,0.2496,671.7092,-43.22,-47.76,-43.15
North Dakota,ND,Stutsman,2020,FALSE,1,315958.741,7.467,174.765,0,4432693.647,,,,100,0,0,0,0,0,0.0427,1807.9063,,,
North Dakota,ND,Stutsman,2021,FALSE,1,388644.829,16.057,198.665,0,4242203.204,,,,100,0,0,0,0,0,0.0808,1956.2823,23,115.04,13.68
North Dakota,ND,Stutsman,2022,FALSE,1,481294.02,29.341,199.455,0,4445850.439,,,,100,0,0,0,0,0,0.1471,2413.0456,23.84,82.73,0.4
North Dakota,ND,Stutsman,2023,FALSE,1,297952.481,5.756,171.824,0,4054340.241,,,,100,0,0,0,0,0,0.0335,1734.0562,-38.09,-80.38,-13.85
North Dakota,ND,Stutsman,2024,FALSE,1,386807.221,5.013,232.712,0,5318454.086,,,,100,0,0,0,0,0,0.0215,1662.1714,29.82,-12.91,35.44
North Dakota,ND,Stutsman,2025,FALSE,1,409616.3,20.786,233.315,0,5039433.427,,,,100,0,0,0,0,0,0.0891,1755.6364,5.9,314.64,0.26
North Dakota,ND,Stutsman,2026,TRUE,1,203615.888,14.357,110.972,0,2747337.641,,,,100,0,0,0,0,0,0.1294,1834.8402,-50.29,-30.93,-52.44
North Dakota,ND,Williams,2020,FALSE,3,113490.988,0.574,14.714,177720.52,1909698.654,0.63859,0.000003,0.000083,0,100,0,0,0,0,0.039,7713.1295,,,
North Dakota,ND,Williams,2021,FALSE,3,188168.138,0.95,21.64,297821.07,3166320.119,0.63182,0.000003,0.000073,0,100,0,0,0,0,0.0439,8695.3853,65.8,65.51,47.07
North Dakota,ND,Williams,2022,FALSE,3,192724.336,0.972,20.781,313080.89,3242989.346,0.61557,0.000003,0.000066,0,100,0,0,0,0,0.0468,9274.0646,2.42,2.32,-3.97
North Dakota,ND,Williams,2023,FALSE,3,308328.159,1.557,31.284,491755.51,5188180.427,0.62699,0.000003,0.000064,0,100,0,0,0,0,0.0498,9855.778,59.98,60.19,50.54
North Dakota,ND,Williams,2024,FALSE,3,373925.692,1.888,42.167,605638.03,6292015.732,0.61741,0.000003,0.00007,0,100,0,0,0,0,0.0448,8867.7329,21.28,21.26,34.79
North Dakota,ND,Williams,2025,FALSE,5,346927.694,1.752,45.097,563281.09,5837730.136,0.61591,0.000003,0.00008,0,100,0,0,0,0,0.0388,7692.9218,-7.22,-7.2,6.95
North Dakota,ND,Williams,2026,TRUE,5,611530.153,3.087,88.748,915698.68,10290174.036,0.66783,0.000003,0.000097,0,100,0,0,0,0,0.0348,6890.6359,76.27,76.2,96.79
Ohio,OH,Allen,2020,FALSE,1,0,0,23.015,0,479714.5,,,,0,100,0,0,0,0,0,0,,,
Ohio,OH,Allen,2021,FALSE,1,0,0,17.838,0,388139.6,,,,0,100,0,0,0,0,0,0,,,-22.49
Ohio,OH,Allen,2022,FALSE,1,0,0,31.983,0,765446.4,,,,0,100,0,0,0,0,0,0,,,79.3
Ohio,OH,Allen,2023,FALSE,1,0,0,33.207,0,754761.6,,,,0,100,0,0,0,0,0,0,,,3.83
Ohio,OH,Allen,2024,FALSE,1,0,0,23.94,0,600202,,,,0,100,0,0,0,0,0,0,,,-27.91
Ohio,OH,Allen,2025,FALSE,1,0,0,24.896,0,554019.4,,,,0,100,0,0,0,0,0,0,,,3.99
Ohio,OH,Allen,2026,TRUE,1,0,0,8.645,0,250373.5,,,,0,100,0,0,0,0,0,0,,,-65.28
Ohio,OH,Auglaize,2020,FALSE,1,0,0,11.016,0,1220205.6,,,,0,100,0,0,0,0,0,0,,,
Ohio,OH,Auglaize,2021,FALSE,1,0,0,11.016,0,1220205.6,,,,0,100,0,0,0,0,0,0,,,0
Ohio,OH,Auglaize,2022,FALSE,1,0,0,11.016,0,1220205.6,,,,0,100,0,0,0,0,0,0,,,0
Ohio,OH,Auglaize,2023,FALSE,1,0,0,11.016,0,1220205.6,,,,0,100,0,0,0,0,0,0,,,0
Ohio,OH,Auglaize,2024,FALSE,1,0,0,11.016,0,1220205.6,,,,0,100,0,0,0,0,0,0,,,0
Ohio,OH,Auglaize,2025,FALSE,1,0,0,11.016,0,1220205.6,,,,0,100,0,0,0,0,0,0,,,0
Ohio,OH,Auglaize,2026,TRUE,1,0,0,4.392,0,486487.2,,,,0,100,0,0,0,0,0,0,,,-60.13
Ohio,OH,Butler,2020,FALSE,21,1677672.328,8.547,420.244,3860537.27,29465601.213,0.43457,0.000002,0.000109,0,100,0,0,0,0,0.0203,3992.1387,,,
Ohio,OH,Butler,2021,FALSE,21,1567638.305,8.214,410.661,3391661.03,27416654.302,0.4622,0.000002,0.000121,0,100,0,0,0,0,0.02,3817.3537,-6.56,-3.9,-2.28
Ohio,OH,Butler,2022,FALSE,20,2037203.216,11.945,461.245,4430511.57,34891963.269,0.45981,0.000003,0.000104,0,100,0,0,0,0,0.0259,4416.7486,29.95,45.42,12.32
Ohio,OH,Butler,2023,FALSE,20,2256507.367,11.437,653.3,4607911.11,38848960.343,0.4897,0.000002,0.000142,0,100,0,0,0,0,0.0175,3454.014,10.76,-4.25,41.64
Ohio,OH,Butler,2024,FALSE,20,2591935.074,13.519,767.964,5163340.61,44064160.778,0.50199,0.000003,0.000149,0,100,0,0,0,0,0.0176,3375.0737,14.86,18.2,17.55
Ohio,OH,Butler,2025,FALSE,20,2156858.689,11.092,841.395,4308578.23,37475782.867,0.5006,0.000003,0.000195,0,100,0,0,0,0,0.0132,2563.4318,-16.79,-17.95,9.56
Ohio,OH,Butler,2026,TRUE,20,1221177.824,7.22,478.515,2427345.29,20969766.662,0.50309,0.000003,0.000197,0,100,0,0,0,0,0.0151,2552.0158,-43.38,-34.91,-43.13
Ohio,OH,Carroll,2020,FALSE,2,2303006.523,11.626,110.963,5406645.53,38752843.805,0.42596,0.000002,0.000021,0,100,0,0,0,0,0.1048,20754.7248,,,
Ohio,OH,Carroll,2021,FALSE,2,2093561.085,10.569,97.971,4894854.57,35228597.741,0.42771,0.000002,0.00002,0,100,0,0,0,0,0.1079,21369.1918,-9.09,-9.09,-11.71
Ohio,OH,Carroll,2022,FALSE,2,2327899.301,11.751,107.201,5465349.96,39171278.313,0.42594,0.000002,0.00002,0,100,0,0,0,0,0.1096,21715.276,11.19,11.18,9.42
Ohio,OH,Carroll,2023,FALSE,2,2414052.651,12.187,116.276,5650513.37,40620985.738,0.42723,0.000002,0.000021,0,100,0,0,0,0,0.1048,20761.4009,3.7,3.71,8.47
Ohio,OH,Carroll,2024,FALSE,2,2350320.151,11.865,107.476,5480239.65,39548713.073,0.42887,0.000002,0.00002,0,100,0,0,0,0,0.1104,21868.3255,-2.64,-2.64,-7.57
Ohio,OH,Carroll,2025,FALSE,2,2317865.846,11.701,107.666,5394848.47,39002489.964,0.42964,0.000002,0.00002,0,100,0,0,0,0,0.1087,21528.2991,-1.38,-1.38,0.18
Ohio,OH,Carroll,2026,TRUE,2,1188887.967,6.001,54.726,2778953.5,20005251.556,0.42782,0.000002,0.00002,0,100,0,0,0,0,0.1097,21724.3717,-48.71,-48.71,-49.17
Ohio,OH,Clermont,2020,FALSE,3,5591345.667,9625.738,7340.171,6075632.67,54657422.842,0.92029,0.001584,0.001208,99.71,0.29,0,0,0,0,1.3114,761.746,,,
Ohio,OH,Clermont,2021,FALSE,3,4921314.587,8719.709,3982.862,5015747.81,48133925.601,0.98117,0.001738,0.000794,99.65,0.35,0,0,0,0,2.1893,1235.6227,-11.98,-9.41,-45.74
Ohio,OH,Clermont,2022,FALSE,3,3356177.723,6285.65,3693.856,3347311,32715875.689,1.00265,0.001878,0.001104,99.99,0.01,0,0,0,0,1.7016,908.5838,-31.8,-27.91,-7.26
Ohio,OH,Columbiana,2021,FALSE,2,863654.114,4.36,63.092,2353154.97,14532619.925,0.36702,0.000002,0.000027,0,100,0,0,0,0,0.0691,13688.8055,,,
Ohio,OH,Columbiana,2022,FALSE,2,3320759.228,16.764,173.614,8806703.53,55878140.367,0.37707,0.000002,0.00002,0,100,0,0,0,0,0.0966,19127.2549,284.5,284.5,175.18
Ohio,OH,Columbiana,2023,FALSE,2,3271423.064,16.515,164.998,8658977.18,55048066.76,0.37781,0.000002,0.000019,0,100,0,0,0,0,0.1001,19827.0468,-1.49,-1.49,-4.96
Ohio,OH,Columbiana,2024,FALSE,2,3308399.512,16.702,166.84,8767159.19,55670157.429,0.37736,0.000002,0.000019,0,100,0,0,0,0,0.1001,19829.7741,1.13,1.13,1.12
Ohio,OH,Columbiana,2025,FALSE,2,2780342.332,14.035,139.752,7360040.72,46784598.84,0.37776,0.000002,0.000019,0,100,0,0,0,0,0.1004,19894.8304,-15.96,-15.97,-16.24
Ohio,OH,Columbiana,2026,TRUE,2,1708320.573,8.624,85.533,4491923.9,28745758.809,0.38031,0.000002,0.000019,0,100,0,0,0,0,0.1008,19972.6488,-38.56,-38.55,-38.8
Ohio,OH,Coshocton,2020,FALSE,2,1213470.392,1101.128,460.514,1176305.31,11834871.111,1.03159,0.000936,0.000391,99.69,0,0.31,0,0,0,2.3911,2635.0347,,,
Ohio,OH,Crawford,2020,FALSE,1,1993.4,0.01,2.533,1830.79,33758.6,1.08882,0.000005,0.001384,0,100,0,0,0,0,0.0039,786.972,,,
Ohio,OH,Crawford,2021,FALSE,1,1997.5,0.011,2.541,1782.45,33890,1.12065,0.000006,0.001426,0,100,0,0,0,0,0.0043,786.1078,0.21,10,0.32
Ohio,OH,Crawford,2022,FALSE,1,786.2,0.004,0.997,960.71,13300.1,0.81835,0.000004,0.001038,0,100,0,0,0,0,0.004,788.5657,-60.64,-63.64,-60.76
Ohio,OH,Crawford,2023,FALSE,1,1477.7,0.007,1.878,703.22,25040.4,2.10133,0.00001,0.002671,0,100,0,0,0,0,0.0037,786.8477,87.95,75,88.37
Ohio,OH,Crawford,2024,FALSE,1,1323.8,0.006,1.681,1897.24,22409.5,0.69775,0.000003,0.000886,0,100,0,0,0,0,0.0036,787.5074,-10.41,-14.29,-10.49
Ohio,OH,Crawford,2025,FALSE,1,1708.6,0.008,2.173,1609.12,28972,1.06182,0.000005,0.00135,0,100,0,0,0,0,0.0037,786.2862,29.07,33.33,29.27
Ohio,OH,Crawford,2026,TRUE,1,305.9,0.001,0.389,304.27,5190.4,1.00536,0.000003,0.001278,0,100,0,0,0,0,0.0026,786.3753,-82.1,-87.5,-82.1
Ohio,OH,Darke,2020,FALSE,8,59385,0.351,44.986,96597.65,1006238.3,0.61477,0.000004,0.000466,0,100,0,0,0,0,0.0078,1320.0774,,,
Ohio,OH,Darke,2021,FALSE,8,109301.8,0.645,82.326,186394.54,1851610.9,0.5864,0.000003,0.000442,0,100,0,0,0,0,0.0078,1327.6705,84.06,83.76,83
Ohio,OH,Darke,2022,FALSE,8,123572.2,0.743,94.238,201340.39,2092899.2,0.61375,0.000004,0.000468,0,100,0,0,0,0,0.0079,1311.2778,13.06,15.19,14.47
Ohio,OH,Darke,2023,FALSE,8,45811.1,0.247,34.301,69824.65,775930.9,0.65609,0.000004,0.000491,0,100,0,0,0,0,0.0072,1335.5616,-62.93,-66.76,-63.6
Ohio,OH,Darke,2024,FALSE,8,68946.1,0.54,52.33,106132.93,1165192.7,0.64962,0.000005,0.000493,0,100,0,0,0,0,0.0103,1317.5253,50.5,118.62,52.56
Ohio,OH,Darke,2025,FALSE,8,55271.2,0.682,47.405,82931.21,930252.2,0.66647,0.000008,0.000572,0,100,0,0,0,0,0.0144,1165.9361,-19.83,26.3,-9.41
Ohio,OH,Darke,2026,TRUE,8,26894.4,0.283,21.778,44917.94,453534.2,0.59875,0.000006,0.000485,0,100,0,0,0,0,0.013,1234.9343,-51.34,-58.5,-54.06
Ohio,OH,Defiance,2020,FALSE,3,186960.261,0.945,135.619,247790.19,3145988.715,0.75451,0.000004,0.000547,0,100,0,0,0,0,0.007,1378.5698,,,
Ohio,OH,Defiance,2021,FALSE,3,282630.061,1.427,208.966,366471.05,4755833.554,0.77122,0.000004,0.00057,0,100,0,0,0,0,0.0068,1352.517,51.17,51.01,54.08
Ohio,OH,Defiance,2022,FALSE,3,210630.453,1.064,149.816,271258.99,3544254.857,0.77649,0.000004,0.000552,0,100,0,0,0,0,0.0071,1405.9276,-25.47,-25.44,-28.31
Ohio,OH,Defiance,2023,FALSE,3,185551.575,0.937,132.777,233591.47,3122265.422,0.79434,0.000004,0.000568,0,100,0,0,0,0,0.0071,1397.4677,-11.91,-11.94,-11.37
Ohio,OH,Defiance,2024,FALSE,3,260254.614,1.314,197.459,324771.68,4379309.189,0.80135,0.000004,0.000608,0,100,0,0,0,0,0.0067,1318.0185,40.26,40.23,48.71
Ohio,OH,Defiance,2025,FALSE,3,302032.043,1.524,227.993,372234.5,5082256.389,0.8114,0.000004,0.000612,0,100,0,0,0,0,0.0067,1324.7426,16.05,15.98,15.46
Ohio,OH,Defiance,2026,TRUE,3,97831.741,0.494,72.324,120687.14,1646240.096,0.81062,0.000004,0.000599,0,100,0,0,0,0,0.0068,1352.6871,-67.61,-67.59,-68.28
Ohio,OH,Franklin,2020,FALSE,1,0,0,0.039,0,2372.5,,,,0,100,0,0,0,0,0,0,,,
Ohio,OH,Franklin,2021,FALSE,1,0,0,0.056,0,3403.7,,,,0,100,0,0,0,0,0,0,,,43.59
Ohio,OH,Franklin,2022,FALSE,1,0,0,0.019,0,1151.9,,,,0,100,0,0,0,0,0,0,,,-66.07
Ohio,OH,Franklin,2023,FALSE,1,0,0,0.011,0,694,,,,0,100,0,0,0,0,0,0,,,-42.11
Ohio,OH,Franklin,2024,FALSE,1,0,0,0.011,0,712,,,,0,100,0,0,0,0,0,0,,,0
Ohio,OH,Franklin,2025,FALSE,0,0,0,0,0,0,,,,,,,,,,,,,,-100
Ohio,OH,Franklin,2026,TRUE,0,0,0,0,0,0,,,,,,,,,,,,,,
Ohio,OH,Gallia,2020,FALSE,9,20362322.945,31476.753,12706.274,19612440.36,198477439.821,1.03824,0.001605,0.000648,99.99,0,0.01,0,0,0,2.4773,1602.5408,,,
Ohio,OH,Gallia,2021,FALSE,9,20427822.101,29605.591,11126.084,20822234.29,199271105.031,0.98106,0.001422,0.000534,99.91,0,0.09,0,0,0,2.6609,1836.0298,0.32,-5.94,-12.44
Ohio,OH,Gallia,2022,FALSE,9,18416615.128,24067.296,8797.49,18866983.73,179552364.551,0.97613,0.001276,0.000466,99.97,0,0.03,0,0,0,2.7357,2093.3943,-9.85,-18.71,-20.93
Ohio,OH,Gallia,2023,FALSE,9,20038250.182,21729.54,9408.915,19891032.5,195333224.651,1.0074,0.001092,0.000473,99.99,0,0.01,0,0,0,2.3095,2129.7089,8.81,-9.71,6.95
Ohio,OH,Gallia,2024,FALSE,9,17715862.72,22886.941,8419.758,16659485.39,172767156.388,1.06341,0.001374,0.000505,99.94,0,0.06,0,0,0,2.7182,2104.0822,-11.59,5.33,-10.51
Ohio,OH,Gallia,2025,FALSE,9,19285519.045,25562.742,8834.885,20046634.06,188145968.874,0.96203,0.001275,0.000441,99.91,0,0.09,0,0,0,2.8934,2182.8829,8.86,11.69,4.93
Ohio,OH,Gallia,2026,TRUE,9,10624495.617,13849.209,4755.363,10631806.36,103552609.397,0.99931,0.001303,0.000447,100,0,0,0,0,0,2.9123,2234.2134,-44.91,-45.82,-46.18
Ohio,OH,Guernsey,2023,FALSE,3,3511848.412,17.729,244.085,8606720.59,59093530.525,0.40804,0.000002,0.000028,0,100,0,0,0,0,0.0726,14387.8092,,,
Ohio,OH,Guernsey,2024,FALSE,3,4425440.544,22.34,199.422,11855691.53,74466547.119,0.37328,0.000002,0.000017,0,100,0,0,0,0,0.112,22191.3357,26.01,26.01,-18.3
Ohio,OH,Guernsey,2025,FALSE,3,4326175.271,21.839,194.868,11566235.66,72796190.707,0.37403,0.000002,0.000017,0,100,0,0,0,0,0.1121,22200.5423,-2.24,-2.24,-2.28
Ohio,OH,Guernsey,2026,TRUE,3,2430832.948,12.271,109.023,6421845.98,40903381.213,0.37853,0.000002,0.000017,0,100,0,0,0,0,0.1126,22296.5149,-43.81,-43.81,-44.05
Ohio,OH,Hamilton,2020,FALSE,2,6988482.331,16729.506,9612.494,7309822.28,68113794.29,0.95604,0.002289,0.001315,100,0,0,0,0,0,1.7404,727.0207,,,
Ohio,OH,Hamilton,2021,FALSE,2,7039341.45,17737.815,9285,7399963.69,68609580.184,0.95127,0.002397,0.001255,100,0,0,0,0,0,1.9104,758.1412,0.73,6.03,-3.41
Ohio,OH,Hamilton,2022,FALSE,2,6576075.717,16958.68,7402.646,6842509.32,64094293.747,0.96106,0.002478,0.001082,100,0,0,0,0,0,2.2909,888.3412,-6.58,-4.39,-20.27
Ohio,OH,Hamilton,2023,FALSE,2,3130101.525,5274.746,3921.629,3149522.73,30507779.116,0.99383,0.001675,0.001245,100,0,0,0,0,0,1.345,798.1636,-52.4,-68.9,-47.02
Ohio,OH,Hamilton,2024,FALSE,2,5856775.119,8379.668,6263.05,6075098.54,57083605.658,0.96406,0.001379,0.001031,100,0,0,0,0,0,1.338,935.1315,87.11,58.86,59.71
Ohio,OH,Hamilton,2025,FALSE,2,6837891.362,11396.232,7603.757,7366678.84,66646125.782,0.92822,0.001547,0.001032,100,0,0,0,0,0,1.4988,899.278,16.75,36,21.41
Ohio,OH,Hamilton,2026,TRUE,2,3031453.702,4465.184,3687.081,3340604.02,29546361.741,0.90746,0.001337,0.001104,100,0,0,0,0,0,1.211,822.1826,-55.67,-60.82,-51.51
Ohio,OH,Henry,2020,FALSE,1,1192.8,0.006,1.515,1103.57,20202.7,1.08086,0.000005,0.001373,0,100,0,0,0,0,0.004,787.3267,,,
Ohio,OH,Henry,2021,FALSE,1,2017.7,0.011,2.565,2062.76,34201.8,0.97816,0.000005,0.001243,0,100,0,0,0,0,0.0043,786.6277,69.16,83.33,69.31
Ohio,OH,Henry,2022,FALSE,1,980.1,0.005,1.245,784.04,16598.1,1.25006,0.000006,0.001588,0,100,0,0,0,0,0.004,787.2289,-51.42,-54.55,-51.46
Ohio,OH,Henry,2023,FALSE,1,1524.6,0.008,1.939,1124.14,25850.8,1.35624,0.000007,0.001725,0,100,0,0,0,0,0.0041,786.2816,55.56,60,55.74
Ohio,OH,Henry,2024,FALSE,1,1309.9,0.006,1.664,1931.58,22184.6,0.67815,0.000003,0.000861,0,100,0,0,0,0,0.0036,787.1995,-14.08,-25,-14.18
Ohio,OH,Henry,2025,FALSE,1,1266.1,0.005,1.612,1741.41,21482,0.72705,0.000003,0.000926,0,100,0,0,0,0,0.0031,785.4218,-3.34,-16.67,-3.12
Ohio,OH,Henry,2026,TRUE,1,331.2,0.002,0.422,329.78,5622.4,1.00431,0.000006,0.00128,0,100,0,0,0,0,0.0047,784.8341,-73.84,-60,-73.82
Ohio,OH,Jefferson,2020,FALSE,8,15738953.598,11594.146,6369.124,15231642.87,152304276.592,1.03331,0.000761,0.000418,99.93,0,0.07,0,0,0,1.8204,2471.1332,,,
Ohio,OH,Jefferson,2021,FALSE,8,16335499.896,12456.457,6691.278,16120736.61,158084971.628,1.01332,0.000773,0.000415,99.96,0,0.04,0,0,0,1.8616,2441.3124,3.79,7.44,5.06
Ohio,OH,Jefferson,2022,FALSE,8,17662062.917,14411.924,6440.499,17476549.9,170782526.463,1.01061,0.000825,0.000369,99.98,0,0.02,0,0,0,2.2377,2742.3439,8.12,15.7,-3.75
Ohio,OH,Jefferson,2023,FALSE,8,11300148.202,11012.688,4106.597,11488737.09,109916445.141,0.98358,0.000959,0.000357,99.97,0,0.03,0,0,0,2.6817,2751.7061,-36.02,-23.59,-36.24
Ohio,OH,Jefferson,2024,FALSE,5,10093510.678,12072.756,3392.094,10222078.52,98436724.75,0.98742,0.001181,0.000332,99.94,0,0.06,0,0,0,3.5591,2975.5988,-10.68,9.63,-17.4
Ohio,OH,Jefferson,2025,FALSE,5,11044991.265,13270.125,3777.366,11633089.07,107676559.057,0.94945,0.001141,0.000325,99.98,0,0.02,0,0,0,3.5131,2923.9929,9.43,9.92,11.36
Ohio,OH,Jefferson,2026,TRUE,5,4241830.087,4995.235,1808.272,4421993.95,41586649.549,0.95926,0.00113,0.000409,99.42,0,0.58,0,0,0,2.7624,2345.7921,-61.59,-62.36,-52.13
Ohio,OH,Lake,2020,FALSE,0,0,0,0,0,0,,,,,,,,,,,,,,
Ohio,OH,Lake,2021,FALSE,0,0,0,0,0,0,,,,,,,,,,,,,,
Ohio,OH,Lake,2022,FALSE,0,0,0,0,0,0,,,,,,,,,,,,,,
Ohio,OH,Lake,2023,FALSE,0,0,0,0,0,0,,,,,,,,,,,,,,
Ohio,OH,Lawrence,2020,FALSE,4,4187432.042,21.14,314.578,10203105.23,70461678.136,0.41041,0.000002,0.000031,0,100,0,0,0,0,0.0672,13311.2679,,,
Ohio,OH,Lawrence,2021,FALSE,4,4115401.133,20.775,306.008,10007814.76,69249552.205,0.41122,0.000002,0.000031,0,100,0,0,0,0,0.0679,13448.6717,-1.72,-1.73,-2.72
Ohio,OH,Lawrence,2022,FALSE,4,4287920.17,21.646,265.856,10384804.58,72152362.59,0.4129,0.000002,0.000026,0,100,0,0,0,0,0.0814,16128.732,4.19,4.19,-13.12
Ohio,OH,Lawrence,2023,FALSE,4,4577221.616,23.107,284.589,10945691.47,77020565.324,0.41818,0.000002,0.000026,0,100,0,0,0,0,0.0812,16083.621,6.75,6.75,7.05
Ohio,OH,Lawrence,2024,FALSE,4,3950972.488,19.945,249.886,9383121.32,66482707.264,0.42107,0.000002,0.000027,0,100,0,0,0,0,0.0798,15811.0998,-13.68,-13.68,-12.19
Ohio,OH,Lawrence,2025,FALSE,4,4521108.56,22.823,265.475,10746938.65,76076517.714,0.42069,0.000002,0.000025,0,100,0,0,0,0,0.086,17030.2611,14.43,14.43,6.24
Ohio,OH,Lawrence,2026,TRUE,4,2017897.228,10.187,140.624,4771353.28,33955027.074,0.42292,0.000002,0.000029,0,100,0,0,0,0,0.0724,14349.5934,-55.37,-55.37,-47.03
Ohio,OH,Lorain,2020,FALSE,9,311236.663,855.343,332.636,343771.96,3424585.782,0.90536,0.002488,0.000968,74.02,0,25.98,0,0,0,2.5714,935.6674,,,
Ohio,OH,Lorain,2021,FALSE,9,1073309.879,2831.261,1131.332,1216677.06,12102014.977,0.88216,0.002327,0.00093,67.77,0,32.23,0,0,0,2.5026,948.7134,244.85,231.01,240.11
Ohio,OH,Lorain,2022,FALSE,9,913237.477,1563.44,814.633,1137426.48,12147523.663,0.8029,0.001375,0.000716,37.9,0,62.1,0,0,0,1.9192,1121.0416,-14.91,-44.78,-27.99
Ohio,OH,Lorain,2023,FALSE,7,789403.311,5.142,186.705,1111697.3,13302722.04,0.71009,0.000005,0.000168,0,0,100,0,0,0,0.0275,4228.078,-13.56,-99.67,-77.08
Ohio,OH,Lorain,2024,FALSE,7,1237515.526,8.978,288.773,1715687.85,20877066.258,0.72129,0.000005,0.000168,0,0,100,0,0,0,0.0311,4285.4267,56.77,74.6,54.67
Ohio,OH,Lorain,2025,FALSE,7,931104.557,12.109,259.914,1286310.93,15804459.048,0.72386,0.000009,0.000202,0,0,100,0,0,0,0.0466,3582.3563,-24.76,34.87,-9.99
Ohio,OH,Lorain,2026,TRUE,7,594297.974,5.218,153.357,819418.25,10016352.798,0.72527,0.000006,0.000187,0,0,100,0,0,0,0.034,3875.2582,-36.17,-56.91,-41
Ohio,OH,Lucas,2020,FALSE,5,3869744.61,2539.987,676.375,5810365.31,54595937.361,0.66601,0.000437,0.000116,0,72.08,0,0,27.92,0,3.7553,5721.3005,,,
Ohio,OH,Lucas,2021,FALSE,5,3862137.576,2386.11,549.476,6190311.1,55636576.503,0.6239,0.000385,0.000089,0,75.51,0,0,24.49,0,4.3425,7028.7648,-0.2,-6.06,-18.76
Ohio,OH,Lucas,2022,FALSE,5,3587370.228,2251.569,464.232,5857997.66,51656558.697,0.61239,0.000384,0.000079,0,76.4,0,0,23.6,0,4.8501,7727.5376,-7.11,-5.64,-15.51
Ohio,OH,Lucas,2023,FALSE,5,3946265.713,2350.726,592.653,6674285.84,57558708.765,0.59126,0.000352,0.000089,0,77.94,0,0,22.06,0,3.9664,6658.6446,10,4.4,27.66
Ohio,OH,Lucas,2024,FALSE,5,3932923.747,2357.093,641.288,6514073.89,57133989.326,0.60376,0.000362,0.000098,0,76.86,0,0,23.14,0,3.6756,6132.851,-0.34,0.27,8.21
Ohio,OH,Lucas,2025,FALSE,5,3710472.39,2553.336,537.76,5761013.08,52905572.527,0.64407,0.000443,0.000093,0,73.68,0,0,26.32,0,4.7481,6899.8668,-5.66,8.33,-16.14
Ohio,OH,Lucas,2026,TRUE,5,2036003.431,1322.563,341.445,3057163.17,28493198.091,0.66598,0.000433,0.000112,0,71.96,0,0,28.04,0,3.8734,5962.903,-45.13,-48.2,-36.51
Ohio,OH,Monroe,2021,FALSE,1,224998.357,1.136,10.885,612702.69,3786003.401,0.36722,0.000002,0.000018,0,100,0,0,0,0,0.1044,20670.4967,,,
Ohio,OH,Monroe,2022,FALSE,1,971011.666,4.902,46.181,2641780.03,16339177.09,0.36756,0.000002,0.000017,0,100,0,0,0,0,0.1061,21026.2157,331.56,331.51,324.26
Ohio,OH,Monroe,2023,FALSE,1,1455495.402,7.348,69.665,3946910.76,24491545.963,0.36877,0.000002,0.000018,0,100,0,0,0,0,0.1055,20892.7783,49.89,49.9,50.85
Ohio,OH,Monroe,2024,FALSE,1,1414093.551,7.139,66.036,3848824.78,23794873.022,0.36741,0.000002,0.000017,0,100,0,0,0,0,0.1081,21413.9795,-2.84,-2.84,-5.21
Ohio,OH,Monroe,2025,FALSE,1,1448435.482,7.312,63.891,3901215.14,24372696.861,0.37128,0.000002,0.000016,0,100,0,0,0,0,0.1144,22670.415,2.43,2.42,-3.25
Ohio,OH,Monroe,2026,TRUE,1,629420.688,3.177,28.664,1696064.52,10591247.595,0.37111,0.000002,0.000017,0,100,0,0,0,0,0.1108,21958.5783,-56.54,-56.55,-55.14
Ohio,OH,Montgomery,2020,FALSE,10,703686.6,3.578,576.893,957573.6,13122889.775,0.73486,0.000004,0.000602,3.78,96.22,0,0,0,0,0.0062,1219.787,,,
Ohio,OH,Montgomery,2021,FALSE,8,688652.7,17.994,514.505,964341.76,11682220.5,0.71412,0.000019,0.000534,0,100,0,0,0,0,0.035,1338.4762,-2.14,402.91,-10.81
Ohio,OH,Montgomery,2022,FALSE,8,858094.5,23.165,687.912,1155360.86,14528738.5,0.74271,0.00002,0.000595,0,100,0,0,0,0,0.0337,1247.3899,24.6,28.74,33.7
Ohio,OH,Montgomery,2023,FALSE,8,967071.3,9.269,621.994,1298677.77,16395309.6,0.74466,0.000007,0.000479,0,100,0,0,0,0,0.0149,1554.792,12.7,-59.99,-9.58
Ohio,OH,Montgomery,2024,FALSE,8,996912.046,5.016,478.127,1337337.79,16859898.814,0.74545,0.000004,0.000358,0,100,0,0,0,0,0.0105,2085.0361,3.09,-45.88,-23.13
Ohio,OH,Montgomery,2025,FALSE,8,733904.39,9.68,421.415,963797.66,12416947.269,0.76147,0.00001,0.000437,0,100,0,0,0,0,0.023,1741.5241,-26.38,92.98,-11.86
Ohio,OH,Montgomery,2026,TRUE,8,224666.734,5.355,144.573,297927.75,3797247.633,0.7541,0.000018,0.000485,0,100,0,0,0,0,0.037,1554.002,-69.39,-44.68,-65.69
Ohio,OH,Muskingum,2020,FALSE,2,1788430.618,9.028,175.557,4727250.81,30093747.368,0.37832,0.000002,0.000037,0,100,0,0,0,0,0.0514,10187.1792,,,
Ohio,OH,Muskingum,2021,FALSE,2,1588259.808,8.018,163.317,4200265.55,26725416.575,0.37813,0.000002,0.000039,0,100,0,0,0,0,0.0491,9725.0121,-11.19,-11.19,-6.97
Ohio,OH,Muskingum,2022,FALSE,2,1756106.84,8.865,177.349,4613874.2,29549924.873,0.38061,0.000002,0.000038,0,100,0,0,0,0,0.05,9901.9833,10.57,10.56,8.59
Ohio,OH,Muskingum,2023,FALSE,2,1609591.549,8.126,162.041,4244286.89,27084460.364,0.37924,0.000002,0.000038,0,100,0,0,0,0,0.0501,9933.2363,-8.34,-8.34,-8.63
Ohio,OH,Muskingum,2024,FALSE,2,1782448.375,8.998,180.676,4689018.05,29993081.579,0.38013,0.000002,0.000039,0,100,0,0,0,0,0.0498,9865.4408,10.74,10.73,11.5
Ohio,OH,Muskingum,2025,FALSE,2,1613145.39,8.144,161.189,4229291.74,27144175.577,0.38142,0.000002,0.000038,0,100,0,0,0,0,0.0505,10007.7883,-9.5,-9.49,-10.79
Ohio,OH,Muskingum,2026,TRUE,2,542006.639,2.737,58.45,1412772.81,9120351.229,0.38365,0.000002,0.000041,0,100,0,0,0,0,0.0468,9272.9964,-66.4,-66.39,-63.74
Ohio,OH,Pickaway,2020,FALSE,6,281152.9,2.066,279.032,398171.91,4756106,0.70611,0.000005,0.000701,0,100,0,0,0,0,0.0074,1007.6009,,,
Ohio,OH,Pickaway,2021,FALSE,6,259152.3,2.237,277.099,366920.24,4378468.1,0.70629,0.000006,0.000755,0,100,0,0,0,0,0.0081,935.2336,-7.83,8.28,-0.69
Ohio,OH,Pickaway,2022,FALSE,6,249374.2,6.744,299.586,349857.01,4144908.8,0.71279,0.000019,0.000856,0,100,0,0,0,0,0.0225,832.396,-3.77,201.48,8.12
Ohio,OH,Pickaway,2023,FALSE,6,220576.88,1.09,76.496,566005.76,3707299.051,0.38971,0.000002,0.000135,0,100,0,0,0,0,0.0142,2883.5087,-11.55,-83.84,-74.47
Ohio,OH,Pickaway,2024,FALSE,6,373050.485,1.863,117.991,516722.67,6261234.679,0.72195,0.000004,0.000228,0,100,0,0,0,0,0.0158,3161.6859,69.12,70.92,54.24
Ohio,OH,Pickaway,2025,FALSE,6,403395.585,2.005,133.372,556259.89,6754122.61,0.72519,0.000004,0.00024,0,100,0,0,0,0,0.015,3024.5898,8.13,7.62,13.04
Ohio,OH,Pickaway,2026,TRUE,6,124749.337,0.601,45.05,167120.75,2037239.348,0.74646,0.000004,0.00027,0,100,0,0,0,0,0.0133,2769.1307,-69.08,-70.02,-66.22
Ohio,OH,Ross,2020,FALSE,2,0,0,95.314,0,1745652.745,,,,0,100,0,0,0,0,0,0,,,
Ohio,OH,Ross,2021,FALSE,2,0,0,97.832,0,1824582.508,,,,0,100,0,0,0,0,0,0,,,2.64
Ohio,OH,Ross,2022,FALSE,2,0,0,225.355,0,2352121.41,,,,0,100,0,0,0,0,0,0,,,130.35
Ohio,OH,Ross,2023,FALSE,2,0,0,129.298,0,2358175.084,,,,0,100,0,0,0,0,0,0,,,-42.62
Ohio,OH,Ross,2024,FALSE,2,0,0,102.617,0,1973437.757,,,,0,100,0,0,0,0,0,0,,,-20.64
Ohio,OH,Ross,2025,FALSE,2,0,0,97.331,0,2482725.511,,,,0,100,0,0,0,0,0,0,,,-5.15
Ohio,OH,Sandusky,2020,FALSE,2,1490052.956,7.523,137.878,3552587.3,25072740.031,0.41943,0.000002,0.000039,0,100,0,0,0,0,0.0546,10807.0392,,,
Ohio,OH,Sandusky,2021,FALSE,2,1546458.043,7.807,134.096,3800400.1,26022197.431,0.40692,0.000002,0.000035,0,100,0,0,0,0,0.0582,11532.4696,3.79,3.78,-2.74
Ohio,OH,Sandusky,2022,FALSE,2,1663636.328,8.399,141.109,4145419.58,27993900.235,0.40132,0.000002,0.000034,0,100,0,0,0,0,0.0595,11789.7252,7.58,7.58,5.23
Ohio,OH,Sandusky,2023,FALSE,2,1406827,7.102,117.784,3461019.18,23672527.668,0.40648,0.000002,0.000034,0,100,0,0,0,0,0.0603,11944.1265,-15.44,-15.44,-16.53
Ohio,OH,Sandusky,2024,FALSE,2,1726585.327,8.716,141.677,3881078.5,29053116.905,0.44487,0.000002,0.000037,0,100,0,0,0,0,0.0615,12186.7722,22.73,22.73,20.29
Ohio,OH,Sandusky,2025,FALSE,2,1675360.902,8.458,124.494,2389921.45,28191176.754,0.70101,0.000004,0.000052,0,100,0,0,0,0,0.0679,13457.3626,-2.97,-2.96,-12.13
Ohio,OH,Sandusky,2026,TRUE,2,964896.62,4.871,72.873,1351273.04,16236227.885,0.71406,0.000004,0.000054,0,100,0,0,0,0,0.0668,13240.7973,-42.41,-42.41,-41.46
Ohio,OH,Trumbull,2020,FALSE,5,2469104.682,13.825,172.517,6309427.83,42825334.815,0.39134,0.000002,0.000027,0,99.99,0.01,0,0,0,0.0801,14312.2398,,,
Ohio,OH,Trumbull,2021,FALSE,3,2390213.67,13.379,123.93,6099106.53,40225191.597,0.3919,0.000002,0.00002,0,99.99,0.01,0,0,0,0.108,19286.8044,-3.2,-3.23,-28.16
Ohio,OH,Trumbull,2022,FALSE,3,2600156.868,13.78,133.339,6555570.65,43755177.732,0.39663,0.000002,0.00002,0,99.99,0.01,0,0,0,0.1033,19500.3477,8.78,3,7.59
Ohio,OH,Trumbull,2023,FALSE,3,2497584.744,12.877,135.866,6342683.94,42027677.526,0.39377,0.000002,0.000021,0,100,0,0,0,0,0.0948,18382.7061,-3.94,-6.55,1.9
Ohio,OH,Trumbull,2024,FALSE,3,2597522.833,13.574,152.567,6590605.96,43710139.358,0.39413,0.000002,0.000023,0,100,0,0,0,0,0.089,17025.4566,4,5.41,12.29
Ohio,OH,Trumbull,2025,FALSE,5,2675600.272,16.553,180.912,6800544.39,45034237.787,0.39344,0.000002,0.000027,0,99.97,0.03,0,0,0,0.0915,14789.5124,3.01,21.95,18.58
Ohio,OH,Trumbull,2026,TRUE,5,1924343.983,10.494,92.745,4844927.88,32383935.339,0.39719,0.000002,0.000019,0,99.99,0.01,0,0,0,0.1131,20748.7626,-28.08,-36.6,-48.73
Ohio,OH,Van Wert,2020,FALSE,3,109421.4,1.925,191.59,176634.75,1834021.1,0.61948,0.000011,0.001085,0,100,0,0,0,0,0.01,571.1227,,,
Ohio,OH,Van Wert,2021,FALSE,3,177522.8,1.788,150.331,284074.2,2995274.6,0.62492,0.000006,0.000529,0,100,0,0,0,0,0.0119,1180.8795,62.24,-7.12,-21.54
Ohio,OH,Van Wert,2022,FALSE,3,350158.1,2.201,245.604,557637.27,5928549.8,0.62793,0.000004,0.00044,0,100,0,0,0,0,0.009,1425.7019,97.25,23.1,63.38
Ohio,OH,Van Wert,2023,FALSE,3,123342.7,0.848,130.017,188231.98,2087298.4,0.65527,0.000005,0.000691,0,100,0,0,0,0,0.0065,948.6659,-64.78,-61.47,-47.06
Ohio,OH,Van Wert,2024,FALSE,3,201018.3,1.429,202.092,314137.87,3400896.5,0.6399,0.000005,0.000643,0,100,0,0,0,0,0.0071,994.6871,62.98,68.51,55.44
Ohio,OH,Van Wert,2025,FALSE,3,217773.3,3.226,264.349,332107.79,3659462.9,0.65573,0.00001,0.000796,0,100,0,0,0,0,0.0122,823.8098,8.34,125.75,30.81
Ohio,OH,Van Wert,2026,TRUE,3,89726.6,1.326,80.353,144542.8,1507939.9,0.62076,0.000009,0.000556,0,100,0,0,0,0,0.0165,1116.6553,-58.8,-58.9,-69.6
Ohio,OH,Vinton,2020,FALSE,5,178402.29,0.901,68.153,267455.4,3002013.44,0.66704,0.000003,0.000255,0,100,0,0,0,0,0.0132,2617.6733,,,
Ohio,OH,Vinton,2021,FALSE,5,372882.755,1.883,132.377,567171.01,6274378.013,0.65744,0.000003,0.000233,0,100,0,0,0,0,0.0142,2816.8243,109.01,108.99,94.24
Ohio,OH,Vinton,2022,FALSE,5,920132.856,4.646,298.055,1412994.78,15482829.651,0.65119,0.000003,0.000211,0,100,0,0,0,0,0.0156,3087.1244,146.76,146.73,125.16
Ohio,OH,Vinton,2023,FALSE,5,1476371.352,7.453,394.63,1933400.91,24842427.604,0.76361,0.000004,0.000204,0,100,0,0,0,0,0.0189,3741.1534,60.45,60.42,32.4
Ohio,OH,Vinton,2024,FALSE,5,1436502.862,7.252,383.283,1722279.32,24172037.528,0.83407,0.000004,0.000223,0,100,0,0,0,0,0.0189,3747.8909,-2.7,-2.7,-2.88
Ohio,OH,Vinton,2025,FALSE,5,1340847.865,6.77,360.558,1525413.99,22562271.78,0.87901,0.000004,0.000236,0,100,0,0,0,0,0.0188,3718.8132,-6.66,-6.65,-5.93
Ohio,OH,Vinton,2026,TRUE,5,924049.091,4.665,279.899,1164023.49,15549056.384,0.79384,0.000004,0.00024,0,100,0,0,0,0,0.0167,3301.3662,-31.08,-31.09,-22.37
Ohio,OH,Washington,2020,FALSE,5,4917077.505,24.823,405.146,11912522.35,82739349.449,0.41277,0.000002,0.000034,0,100,0,0,0,0,0.0613,12136.557,,,
Ohio,OH,Washington,2021,FALSE,5,4640150.109,23.425,388.489,11220097.51,78079429.209,0.41356,0.000002,0.000035,0,100,0,0,0,0,0.0603,11944.0965,-5.63,-5.63,-4.11
Ohio,OH,Washington,2022,FALSE,5,4937391.978,24.925,369.773,11885741.87,83081059.434,0.4154,0.000002,0.000031,0,100,0,0,0,0,0.0674,13352.4946,6.41,6.4,-4.82
Ohio,OH,Washington,2023,FALSE,5,4550798.084,22.973,317.424,10931833.63,76575981.079,0.41629,0.000002,0.000029,0,100,0,0,0,0,0.0724,14336.6541,-7.83,-7.83,-14.16
Ohio,OH,Washington,2024,FALSE,5,5058365.603,25.536,381.642,12152612.26,85116811.93,0.41624,0.000002,0.000031,0,100,0,0,0,0,0.0669,13254.2163,11.15,11.16,20.23
Ohio,OH,Washington,2025,FALSE,5,3678198.556,18.568,271.645,8885704.12,61892831.047,0.41395,0.000002,0.000031,0,100,0,0,0,0,0.0684,13540.4611,-27.28,-27.29,-28.82
Ohio,OH,Washington,2026,TRUE,5,2547126.981,12.859,167.405,6156450.74,42860421.072,0.41373,0.000002,0.000027,0,100,0,0,0,0,0.0768,15215.3579,-30.75,-30.75,-38.37
Ohio,OH,Wood,2020,FALSE,6,575082.294,2.969,178.015,911753.72,9671027.779,0.63074,0.000003,0.000195,0,100,0,0,0,0,0.0167,3230.5272,,,
Ohio,OH,Wood,2021,FALSE,6,581434.727,2.958,182.247,913226.94,9777322.305,0.63668,0.000003,0.0002,0,100,0,0,0,0,0.0162,3190.3665,1.1,-0.37,2.38
Ohio,OH,Wood,2022,FALSE,6,652280.667,3.298,194.498,1040854.99,10953709.013,0.62668,0.000003,0.000187,0,100,0,0,0,0,0.017,3353.6626,12.18,11.49,6.72
Ohio,OH,Wood,2023,FALSE,6,527102.201,2.664,151.217,833985.13,8853634.199,0.63203,0.000003,0.000181,0,100,0,0,0,0,0.0176,3485.7338,-19.19,-19.22,-22.25
Ohio,OH,Wood,2024,FALSE,6,566975.5,2.866,159.463,904270.13,9532220.678,0.627,0.000003,0.000176,0,100,0,0,0,0,0.018,3555.5301,7.56,7.58,5.45
Ohio,OH,Wood,2025,FALSE,6,817519.861,4.129,238.277,1299770.57,13747314.626,0.62897,0.000003,0.000183,0,100,0,0,0,0,0.0173,3430.9642,44.19,44.07,49.42
Ohio,OH,Wood,2026,TRUE,6,287531.472,1.467,84.221,462918.48,4784889.82,0.62113,0.000003,0.000182,0,100,0,0,0,0,0.0174,3414.0116,-64.83,-64.47,-64.65
Oklahoma,OK,Caddo,2020,FALSE,15,532188.539,2.686,868.714,1048364.67,11421081.623,0.50764,0.000003,0.000829,0,100,0,0,0,0,0.0031,612.6165,,,
Oklahoma,OK,Caddo,2021,FALSE,15,703548.62,3.555,1231.412,1170454.46,13178477.881,0.60109,0.000003,0.001052,0,100,0,0,0,0,0.0029,571.3349,32.2,32.35,41.75
Oklahoma,OK,Caddo,2022,FALSE,14,759398.86,3.83,1499.671,1457840.42,16002259.126,0.52091,0.000003,0.001029,0,100,0,0,0,0,0.0026,506.377,7.94,7.74,21.78
Oklahoma,OK,Caddo,2023,FALSE,14,871058.296,4.403,1914.891,2263068.65,23119970.009,0.3849,0.000002,0.000846,0,100,0,0,0,0,0.0023,454.8866,14.7,14.96,27.69
Oklahoma,OK,Caddo,2024,FALSE,14,735319.339,3.714,1513.834,2366938.51,23754827.393,0.31066,0.000002,0.00064,0,100,0,0,0,0,0.0025,485.7331,-15.58,-15.65,-20.94
Oklahoma,OK,Caddo,2025,FALSE,14,569952.321,2.88,1062.824,1194917.41,14574463.793,0.47698,0.000002,0.000889,0,100,0,0,0,0,0.0027,536.2622,-22.49,-22.46,-29.79
Oklahoma,OK,Caddo,2026,TRUE,14,141758.155,0.718,271.804,528521.36,5465441.085,0.26822,0.000001,0.000514,0,100,0,0,0,0,0.0026,521.5455,-75.13,-75.07,-74.43
Oklahoma,OK,Canadian,2020,FALSE,11,629325.727,3.178,447.124,1090339.58,10664970.871,0.57718,0.000003,0.00041,0,100,0,0,0,0,0.0071,1407.4971,,,
Oklahoma,OK,Canadian,2021,FALSE,7,684314.583,3.455,452.538,1186906.73,11514883.618,0.57655,0.000003,0.000381,0,100,0,0,0,0,0.0076,1512.1704,8.74,8.72,1.21
Oklahoma,OK,Canadian,2022,FALSE,7,503973.5,2.544,344.835,868817.62,8480441.341,0.58007,0.000003,0.000397,0,100,0,0,0,0,0.0074,1461.4917,-26.35,-26.37,-23.8
Oklahoma,OK,Canadian,2023,FALSE,7,332344.388,1.677,228.862,565666.4,5592422.21,0.58753,0.000003,0.000405,0,100,0,0,0,0,0.0073,1452.1606,-34.06,-34.08,-33.63
Oklahoma,OK,Canadian,2024,FALSE,6,330108.602,1.666,224.951,582501.26,5554819.656,0.56671,0.000003,0.000386,0,100,0,0,0,0,0.0074,1467.4689,-0.67,-0.66,-1.71
Oklahoma,OK,Canadian,2025,FALSE,6,275609.479,1.391,188.735,491867.06,4637733.013,0.56033,0.000003,0.000384,0,100,0,0,0,0,0.0074,1460.2987,-16.51,-16.51,-16.1
Oklahoma,OK,Canadian,2026,TRUE,7,116515.057,0.587,80.103,206439.91,1960534.343,0.5644,0.000003,0.000388,0,100,0,0,0,0,0.0073,1454.5655,-57.72,-57.8,-57.56
Oklahoma,OK,Choctaw,2020,FALSE,1,273573.031,569.662,242.737,229045.72,2675860.913,1.1944,0.002487,0.00106,100,0,0,0,0,0,2.3468,1127.0347,,,
Oklahoma,OK,Choctaw,2021,FALSE,1,1111872.657,2427.039,957.36,891412.1,10853708.109,1.24732,0.002723,0.001074,100,0,0,0,0,0,2.5351,1161.3945,306.43,326.05,294.4
Oklahoma,OK,Choctaw,2022,FALSE,1,1068496.616,2570.311,911.779,875230.36,10427664.161,1.22082,0.002937,0.001042,100,0,0,0,0,0,2.819,1171.8811,-3.9,5.9,-4.76
Oklahoma,OK,Choctaw,2023,FALSE,1,834514.041,2654.847,737.882,708184.23,8145013.831,1.17839,0.003749,0.001042,100,0,0,0,0,0,3.5979,1130.9587,-21.9,3.29,-19.07
Oklahoma,OK,Choctaw,2024,FALSE,1,1684893.251,5103.825,1553.041,1515612.43,16438270.218,1.11169,0.003368,0.001025,100,0,0,0,0,0,3.2863,1084.8994,101.9,92.25,110.47
Oklahoma,OK,Choctaw,2025,FALSE,1,1838310.546,3958.604,1537.939,1709824.1,17929860.872,1.07515,0.002315,0.000899,100,0,0,0,0,0,2.574,1195.3078,9.11,-22.44,-0.97
Oklahoma,OK,Choctaw,2026,TRUE,1,491739.624,890.123,484.019,437932.49,4694328.059,1.12287,0.002033,0.001105,100,0,0,0,0,0,1.839,1015.9511,-73.25,-77.51,-68.53
Oklahoma,OK,Comanche,2020,FALSE,2,136442.054,0.689,41.086,147007.32,2295895.651,0.92813,0.000005,0.000279,0,100,0,0,0,0,0.0168,3320.8892,,,
Oklahoma,OK,Comanche,2021,FALSE,2,123635.541,0.624,33.498,131279.78,2080391.386,0.94177,0.000005,0.000255,0,100,0,0,0,0,0.0186,3690.8335,-9.39,-9.43,-18.47
Oklahoma,OK,Comanche,2022,FALSE,2,160736.396,0.812,55.661,177189.98,2704671.839,0.90714,0.000005,0.000314,0,100,0,0,0,0,0.0146,2887.7741,30.01,30.13,66.16
Oklahoma,OK,Comanche,2023,FALSE,2,296220.35,1.495,121.231,306482.83,4984492.291,0.96652,0.000005,0.000396,0,100,0,0,0,0,0.0123,2443.4373,84.29,84.11,117.8
Oklahoma,OK,Comanche,2024,FALSE,2,284248.54,1.435,126.069,295861.14,4783022.724,0.96075,0.000005,0.000426,0,100,0,0,0,0,0.0114,2254.7061,-4.04,-4.01,3.99
Oklahoma,OK,Comanche,2025,FALSE,2,184518.141,0.932,69.05,190655.02,3104920.135,0.96781,0.000005,0.000362,0,100,0,0,0,0,0.0135,2672.2396,-35.09,-35.05,-45.23
Oklahoma,OK,Comanche,2026,TRUE,2,21078.394,0.107,7.918,21952.54,354675.256,0.96018,0.000005,0.000361,0,100,0,0,0,0,0.0135,2662.0856,-88.58,-88.52,-88.53
Oklahoma,OK,Kay,2020,FALSE,3,90637.86,0.458,30.985,127632.68,1525109.946,0.71015,0.000004,0.000243,0,100,0,0,0,0,0.0148,2925.2174,,,
Oklahoma,OK,Kay,2021,FALSE,3,100492.313,0.507,36.448,140627.7,1690956.408,0.7146,0.000004,0.000259,0,100,0,0,0,0,0.0139,2757.142,10.87,10.7,17.63
Oklahoma,OK,Kay,2022,FALSE,3,124901.28,0.631,43.534,184613.89,2101710.994,0.67655,0.000003,0.000236,0,100,0,0,0,0,0.0145,2869.0513,24.29,24.46,19.44
Oklahoma,OK,Kay,2023,FALSE,3,174077.514,0.879,59.299,247025.84,2929193.128,0.70469,0.000004,0.00024,0,100,0,0,0,0,0.0148,2935.5894,39.37,39.3,36.21
Oklahoma,OK,Kay,2024,FALSE,3,160078.638,0.809,60.017,234529.41,2693581.963,0.68255,0.000003,0.000256,0,100,0,0,0,0,0.0135,2667.2216,-8.04,-7.96,1.21
Oklahoma,OK,Kay,2025,FALSE,3,104726.092,0.529,38.841,150797.09,1762179.726,0.69448,0.000004,0.000258,0,100,0,0,0,0,0.0136,2696.2769,-34.58,-34.61,-35.28
Oklahoma,OK,Kay,2026,TRUE,3,36299.437,0.183,15.299,51834.23,610804.777,0.7003,0.000004,0.000295,0,100,0,0,0,0,0.012,2372.6673,-65.34,-65.41,-60.61
Oklahoma,OK,Le Flore,2020,FALSE,4,1147691.681,366.707,1291.817,0,10984993.724,,,,100,0,0,0,0,0,0.2839,888.4321,,,
Oklahoma,OK,Le Flore,2021,FALSE,4,1371231.711,636.031,1500.466,0,13121865.216,,,,100,0,0,0,0,0,0.4239,913.8706,19.48,73.44,16.15
Oklahoma,OK,Le Flore,2022,FALSE,4,959966.758,775.735,1019.621,0,9198641.859,,,,100,0,0,0,0,0,0.7608,941.4937,-29.99,21.96,-32.05
Oklahoma,OK,Le Flore,2023,FALSE,4,757604.379,419.851,772.301,0,7252756.596,,,,100,0,0,0,0,0,0.5436,980.9703,-21.08,-45.88,-24.26
Oklahoma,OK,Le Flore,2024,FALSE,4,854747.293,556.721,942.759,0,8187965.143,,,,100,0,0,0,0,0,0.5905,906.6445,12.82,32.6,22.07
Oklahoma,OK,Le Flore,2025,FALSE,4,649524.245,543.748,721.529,0,6264431.694,,,,100,0,0,0,0,0,0.7536,900.2053,-24.01,-2.33,-23.47
Oklahoma,OK,Le Flore,2026,TRUE,4,259921.739,277.07,282.515,0,2500501.604,,,,100,0,0,0,0,0,0.9807,920.0281,-59.98,-49.04,-60.84
Oklahoma,OK,Logan,2020,FALSE,4,48867.08,0.247,10.293,60856.96,822285.711,0.80298,0.000004,0.000169,0,100,0,0,0,0,0.024,4747.6032,,,
Oklahoma,OK,Logan,2021,FALSE,4,47285.512,0.238,10.362,59288.35,795677.916,0.79755,0.000004,0.000175,0,100,0,0,0,0,0.023,4563.3577,-3.24,-3.64,0.67
Oklahoma,OK,Logan,2022,FALSE,4,68862.138,0.348,14.927,85346.95,1158767.931,0.80685,0.000004,0.000175,0,100,0,0,0,0,0.0233,4613.2604,45.63,46.22,44.06
Oklahoma,OK,Logan,2023,FALSE,4,146318.632,0.738,31.858,183312.49,2462040.478,0.79819,0.000004,0.000174,0,100,0,0,0,0,0.0232,4592.838,112.48,112.07,113.43
Oklahoma,OK,Logan,2024,FALSE,4,147112.206,0.742,32.047,186735.49,2475473.197,0.78781,0.000004,0.000172,0,100,0,0,0,0,0.0232,4590.5141,0.54,0.54,0.59
Oklahoma,OK,Logan,2025,FALSE,4,98927.315,0.499,22.842,122594.72,1664636.278,0.80695,0.000004,0.000186,0,100,0,0,0,0,0.0218,4330.9393,-32.75,-32.75,-28.72
Oklahoma,OK,Logan,2026,TRUE,4,13509.294,0.069,3.12,16832.41,227315.101,0.80258,0.000004,0.000185,0,100,0,0,0,0,0.0221,4329.9019,-86.34,-86.17,-86.34
Oklahoma,OK,Mayes,2020,FALSE,6,3683221.727,126.887,673.161,8889609.06,61204787.318,0.41433,0.000014,0.000076,1.94,98.06,0,0,0,0,0.1885,5471.5317,,,
Oklahoma,OK,Mayes,2021,FALSE,6,4381351.095,1358.803,1720.474,7818670.07,61297175.475,0.56037,0.000174,0.00022,27.45,72.55,0,0,0,0,0.7898,2546.5954,18.95,970.88,155.58
Oklahoma,OK,Mayes,2022,FALSE,6,4713541.235,1418.59,1770.974,8660765.64,66295062.888,0.54424,0.000164,0.000204,26.17,73.83,0,0,0,0,0.801,2661.553,7.58,4.4,2.94
Oklahoma,OK,Mayes,2023,FALSE,6,5019228.386,799.878,1345.025,10827640.38,77224160.405,0.46356,0.000074,0.000124,12.62,87.38,0,0,0,0,0.5947,3731.699,6.49,-43.61,-24.05
Oklahoma,OK,Mayes,2024,FALSE,6,4763029.138,678.557,1287.181,10344485.56,74010328.949,0.46044,0.000066,0.000124,11.24,88.76,0,0,0,0,0.5272,3700.3569,-5.1,-15.17,-4.3
Oklahoma,OK,Mayes,2025,FALSE,6,5200991.342,1456.544,1982.452,9841546.74,74392196.802,0.52847,0.000148,0.000201,23.79,76.21,0,0,0,0,0.7347,2623.5144,9.2,114.65,54.02
Oklahoma,OK,Mayes,2026,TRUE,6,2078191.992,408.232,616.544,4232030.46,31392692.465,0.49106,0.000096,0.000146,15.88,84.12,0,0,0,0,0.6621,3370.7116,-60.04,-71.97,-68.9
Oklahoma,OK,McClain,2020,FALSE,2,1234080.628,6.23,305.138,2019659.58,20765777.089,0.61103,0.000003,0.000151,0,100,0,0,0,0,0.0204,4044.3361,,,
Oklahoma,OK,McClain,2021,FALSE,2,925029.867,4.67,222.563,1441449.94,15565395.508,0.64174,0.000003,0.000154,0,100,0,0,0,0,0.021,4156.2608,-25.04,-25.04,-27.06
Oklahoma,OK,McClain,2022,FALSE,2,957555.514,4.835,234.042,1491669.61,16112761.068,0.64194,0.000003,0.000157,0,100,0,0,0,0,0.0207,4091.3832,3.52,3.53,5.16
Oklahoma,OK,McClain,2023,FALSE,2,1059244.184,5.348,260.229,1697932.13,17823898.793,0.62384,0.000003,0.000153,0,100,0,0,0,0,0.0206,4070.431,10.62,10.61,11.19
Oklahoma,OK,McClain,2024,FALSE,2,842344.348,4.253,220.854,1350214.93,14174070.987,0.62386,0.000003,0.000164,0,100,0,0,0,0,0.0193,3814.0326,-20.48,-20.47,-15.13
Oklahoma,OK,McClain,2025,FALSE,2,571707.929,2.886,150.105,891349.58,9620126.431,0.6414,0.000003,0.000168,0,100,0,0,0,0,0.0192,3808.7201,-32.13,-32.14,-32.03
Oklahoma,OK,McClain,2026,TRUE,2,368607.802,1.861,97.696,569814.24,6202575.125,0.64689,0.000003,0.000171,0,100,0,0,0,0,0.019,3773.0081,-35.53,-35.52,-34.91
Oklahoma,OK,Muskogee,2020,FALSE,3,2623045.207,3580.435,3413.018,2884088.8,31639775.147,0.90949,0.001241,0.001183,51.99,48.01,0,0,0,0,1.0491,768.5413,,,
Oklahoma,OK,Muskogee,2021,FALSE,3,3654273.239,6500.415,4940.46,3508394.29,37718923.251,1.04158,0.001853,0.001408,82.55,17.45,0,0,0,0,1.3158,739.6625,39.31,81.55,44.75
Oklahoma,OK,Muskogee,2022,FALSE,3,2055673.773,2728.222,2512.866,2359791.46,25586164.231,0.87113,0.001156,0.001065,46.48,53.52,0,0,0,0,1.0857,818.0594,-43.75,-58.03,-49.14
Oklahoma,OK,Muskogee,2023,FALSE,3,1674060.005,2193.331,1825.489,1902992.01,21014559.186,0.8797,0.001153,0.000959,45.29,54.71,0,0,0,0,1.2015,917.0474,-18.56,-19.61,-27.35
Oklahoma,OK,Muskogee,2024,FALSE,3,2316607.275,1304.449,2449.104,3250503.64,34524966.533,0.71269,0.000401,0.000753,17.32,82.68,0,0,0,0,0.5326,945.8999,38.38,-40.53,34.16
Oklahoma,OK,Muskogee,2025,FALSE,3,2731874.215,3550.762,3005.92,3087650.63,32758558.16,0.88477,0.00115,0.000974,53.28,46.72,0,0,0,0,1.1813,908.8313,17.93,172.2,22.74
Oklahoma,OK,Muskogee,2026,TRUE,3,844372.113,910.25,872.083,965821.13,10503495.127,0.87425,0.000942,0.000903,46.85,53.15,0,0,0,0,1.0438,968.2245,-69.09,-74.36,-70.99
Oklahoma,OK,Noble,2020,FALSE,2,2765181.454,356.69,1680.693,2559115.44,26416800.709,1.08052,0.000139,0.000657,100,0,0,0,0,0,0.2122,1645.2627,,,
Oklahoma,OK,Noble,2021,FALSE,2,3505463.875,565.777,2195.827,3427432.63,33468279.299,1.02277,0.000165,0.000641,100,0,0,0,0,0,0.2577,1596.4208,26.77,58.62,30.65
Oklahoma,OK,Noble,2022,FALSE,2,2996462.35,489.615,1854.788,2896133.39,28608279.538,1.03464,0.000169,0.00064,100,0,0,0,0,0,0.264,1615.5282,-14.52,-13.46,-15.53
Oklahoma,OK,Noble,2023,FALSE,2,1159325.838,60.343,677.34,1077992.67,11080656.881,1.07545,0.000056,0.000628,100,0,0,0,0,0,0.0891,1711.5863,-61.31,-87.68,-63.48
Oklahoma,OK,Noble,2024,FALSE,2,2101296.612,139.346,1263.149,1902475.25,20071557.902,1.10451,0.000073,0.000664,100,0,0,0,0,0,0.1103,1663.5382,81.25,130.92,86.49
Oklahoma,OK,Noble,2025,FALSE,2,3462735.819,306.262,2157.99,3126342.39,33066887.742,1.1076,0.000098,0.00069,100,0,0,0,0,0,0.1419,1604.6116,64.79,119.79,70.84
Oklahoma,OK,Noble,2026,TRUE,2,952123.67,116.021,578.253,868081.24,9096814.414,1.09681,0.000134,0.000666,100,0,0,0,0,0,0.2006,1646.5521,-72.5,-62.12,-73.2
Oklahoma,OK,Okfuskee,2020,FALSE,0,0,0,0,0,0,,,,,,,,,,,,,,
Oklahoma,OK,Okfuskee,2021,FALSE,2,0,0,7.557,0,21591.6,,,,0,100,0,0,0,0,0,0,,,
Oklahoma,OK,Okfuskee,2022,FALSE,2,0,0,40.752,0,116436.1,,,,0,100,0,0,0,0,0,0,,,439.26
Oklahoma,OK,Okfuskee,2023,FALSE,2,0,0,58.875,0,168216.4,,,,0,100,0,0,0,0,0,0,,,44.47
Oklahoma,OK,Okfuskee,2024,FALSE,2,0,0,21.811,0,62317.4,,,,0,100,0,0,0,0,0,0,,,-62.95
Oklahoma,OK,Okfuskee,2025,FALSE,2,0,0,34.749,0,99281.8,,,,0,100,0,0,0,0,0,0,,,59.32
Oklahoma,OK,Okfuskee,2026,TRUE,2,0,0,6.572,0,18775.8,,,,0,100,0,0,0,0,0,0,,,-81.09
Oklahoma,OK,Oklahoma,2020,FALSE,10,3467923.973,17.507,1571.526,7375330.7,58659880.495,0.47021,0.000002,0.000213,0,100,0,0,0,0,0.0111,2206.7239,,,
Oklahoma,OK,Oklahoma,2021,FALSE,14,2689422.946,13.577,1185.864,5609234.47,45274478.287,0.47946,0.000002,0.000211,0,100,0,0,0,0,0.0114,2267.9017,-22.45,-22.45,-24.54
Oklahoma,OK,Oklahoma,2022,FALSE,14,2442998.335,12.334,1243.362,5116821.71,41396245.097,0.47744,0.000002,0.000243,0,100,0,0,0,0,0.0099,1964.8327,-9.16,-9.16,4.85
Oklahoma,OK,Oklahoma,2023,FALSE,12,3177313.402,16.039,1674.58,6629088.03,53695167.003,0.4793,0.000002,0.000253,0,100,0,0,0,0,0.0096,1897.3793,30.06,30.04,34.68
Oklahoma,OK,Oklahoma,2024,FALSE,12,3141144.143,15.858,1485.716,6655269.95,52970517.28,0.47198,0.000002,0.000223,0,100,0,0,0,0,0.0107,2114.2292,-1.14,-1.13,-11.28
Oklahoma,OK,Oklahoma,2025,FALSE,10,2561093.787,12.926,924.954,5457685.73,43199702.203,0.46926,0.000002,0.000169,0,100,0,0,0,0,0.014,2768.8877,-18.47,-18.49,-37.74
Oklahoma,OK,Oklahoma,2026,TRUE,9,970279.583,4.897,365.673,2023734.2,16326533.805,0.47945,0.000002,0.000181,0,100,0,0,0,0,0.0134,2653.4078,-62.11,-62.12,-60.47
Oklahoma,OK,Pittsburg,2020,FALSE,4,2454302.362,12.39,642.378,5352904.11,41298343.444,0.4585,0.000002,0.00012,0,100,0,0,0,0,0.0193,3820.6513,,,
Oklahoma,OK,Pittsburg,2021,FALSE,4,2051015.072,10.354,556.215,4377045.46,34512350.832,0.46858,0.000002,0.000127,0,100,0,0,0,0,0.0186,3687.4501,-16.43,-16.43,-13.41
Oklahoma,OK,Pittsburg,2022,FALSE,4,2351268.663,11.871,659.159,5045940.06,39564553.913,0.46597,0.000002,0.000131,0,100,0,0,0,0,0.018,3567.0736,14.64,14.65,18.51
Oklahoma,OK,Pittsburg,2023,FALSE,4,2424219.458,12.238,707.048,5222630.84,40792123.246,0.46418,0.000002,0.000135,0,100,0,0,0,0,0.0173,3428.6491,3.1,3.09,7.27
Oklahoma,OK,Pittsburg,2024,FALSE,4,2540677.299,12.826,719.923,5493131.13,42751859.188,0.46252,0.000002,0.000131,0,100,0,0,0,0,0.0178,3529.0959,4.8,4.8,1.82
Oklahoma,OK,Pittsburg,2025,FALSE,4,2559762.35,12.923,719.006,5464301.94,43073014.077,0.46845,0.000002,0.000132,0,100,0,0,0,0,0.018,3560.1405,0.75,0.76,-0.13
Oklahoma,OK,Pittsburg,2026,TRUE,4,1157442.188,5.843,317.648,2462616.88,19476151.155,0.47,0.000002,0.000129,0,100,0,0,0,0,0.0184,3643.7887,-54.78,-54.79,-55.82
Oklahoma,OK,Rogers,2020,FALSE,4,2688246.005,2286.625,1462.782,3051828.65,34998029.009,0.88086,0.000749,0.000479,38.24,61.76,0,0,0,0,1.5632,1837.7626,,,
Oklahoma,OK,Rogers,2021,FALSE,4,4111175.051,4570.229,2365.723,4239800.59,48668792.489,0.96966,0.001078,0.000558,55.1,44.9,0,0,0,0,1.9319,1737.8091,52.93,99.87,61.73
Oklahoma,OK,Rogers,2022,FALSE,4,4114158.107,4738.769,2752.807,4358740.07,48494988.62,0.94389,0.001087,0.000632,55.9,44.1,0,0,0,0,1.7214,1494.532,0.07,3.69,16.36
Oklahoma,OK,Rogers,2023,FALSE,4,3439813.224,3188.072,2985.105,3772183.52,42724484.123,0.91189,0.000845,0.000791,46.39,53.61,0,0,0,0,1.068,1152.3257,-16.39,-32.72,8.44
Oklahoma,OK,Rogers,2024,FALSE,4,3245556.02,2569.262,2747.67,3894962.46,43120310.622,0.83327,0.00066,0.000705,34.85,65.15,0,0,0,0,0.9351,1181.203,-5.65,-19.41,-7.95
Oklahoma,OK,Rogers,2025,FALSE,4,3920455.055,3133.226,3032.307,4473213.41,51303695.309,0.87643,0.0007,0.000678,37.38,62.62,0,0,0,0,1.0333,1292.8952,20.79,21.95,10.36
Oklahoma,OK,Rogers,2026,TRUE,4,666324.217,3.363,548.88,952274.53,11213951.427,0.69972,0.000004,0.000576,0,100,0,0,0,0,0.0061,1213.9707,-83,-99.89,-81.9
Oklahoma,OK,Seminole,2020,FALSE,3,1677574.715,8.469,1682.935,2666218.18,28228357.389,0.6292,0.000003,0.000631,0,100,0,0,0,0,0.005,996.8149,,,
Oklahoma,OK,Seminole,2021,FALSE,3,914652.486,4.617,936.165,1420915.48,15390739.473,0.64371,0.000003,0.000659,0,100,0,0,0,0,0.0049,977.0206,-45.48,-45.48,-44.37
Oklahoma,OK,Seminole,2022,FALSE,3,1012984.416,5.114,1094.758,1552778.62,17045427.101,0.65237,0.000003,0.000705,0,100,0,0,0,0,0.0047,925.3044,10.75,10.76,16.94
Oklahoma,OK,Seminole,2023,FALSE,3,1750019.987,8.835,1958.487,2795623.1,29447323.507,0.62599,0.000003,0.000701,0,100,0,0,0,0,0.0045,893.5571,72.76,72.76,78.9
Oklahoma,OK,Seminole,2024,FALSE,3,1515421.628,7.65,1521.736,2449624.89,25499925.9,0.61863,0.000003,0.000621,0,100,0,0,0,0,0.005,995.8505,-13.41,-13.41,-22.3
Oklahoma,OK,Seminole,2025,FALSE,3,1345591.928,6.794,1192.161,2120030.11,22642145.443,0.6347,0.000003,0.000562,0,100,0,0,0,0,0.0057,1128.6998,-11.21,-11.19,-21.66
Oklahoma,OK,Seminole,2026,TRUE,3,639010.356,3.225,582.512,998225.37,10752596.841,0.64015,0.000003,0.000584,0,100,0,0,0,0,0.0055,1096.9909,-52.51,-52.53,-51.14
Oklahoma,OK,Tulsa,2020,FALSE,9,2302119.495,11.625,1345.202,4958237.43,38740835.102,0.4643,0.000002,0.000271,0,100,0,0,0,0,0.0086,1711.356,,,
Oklahoma,OK,Tulsa,2021,FALSE,9,1816986.012,9.18,1099.701,3892619.2,30580541.702,0.46678,0.000002,0.000283,0,100,0,0,0,0,0.0083,1652.2546,-21.07,-21.03,-18.25
Oklahoma,OK,Tulsa,2022,FALSE,9,2235246.111,11.536,2150.267,4418391.06,37618803.91,0.5059,0.000003,0.000487,0,100,0,0,0,0,0.0054,1039.5203,23.02,25.66,95.53
Oklahoma,OK,Tulsa,2023,FALSE,9,2732269.354,13.802,2631.483,5446104.73,45984372.741,0.50169,0.000003,0.000483,0,100,0,0,0,0,0.0052,1038.3002,22.24,19.64,22.38
Oklahoma,OK,Tulsa,2024,FALSE,9,3134710.916,15.84,3454.428,6180612.14,52756840.793,0.50718,0.000003,0.000559,0,100,0,0,0,0,0.0046,907.4472,14.73,14.77,31.27
Oklahoma,OK,Tulsa,2025,FALSE,9,2350033.473,11.871,2173.302,4844271.1,39550076.681,0.48512,0.000002,0.000449,0,100,0,0,0,0,0.0055,1081.3193,-25.03,-25.06,-37.09
Oklahoma,OK,Tulsa,2026,TRUE,9,1075171.139,5.428,680.782,2297346.96,18094081.811,0.46801,0.000002,0.000296,0,100,0,0,0,0,0.008,1579.3178,-54.25,-54.28,-68.68
Oklahoma,OK,Wagoner,2020,FALSE,4,2806134.957,14.166,778.614,6524563.57,47218564.498,0.43009,0.000002,0.000119,0,100,0,0,0,0,0.0182,3604.013,,,
Oklahoma,OK,Wagoner,2021,FALSE,4,1752184.781,8.846,526.827,4019787.41,29483866.751,0.43589,0.000002,0.000131,0,100,0,0,0,0,0.0168,3325.9206,-37.56,-37.55,-32.34
Oklahoma,OK,Wagoner,2022,FALSE,4,1837465.389,9.276,567.179,4178487.66,30918940.905,0.43974,0.000002,0.000136,0,100,0,0,0,0,0.0164,3239.6569,4.87,4.86,7.66
Oklahoma,OK,Wagoner,2023,FALSE,4,2510040.637,12.671,761.797,5789142.71,42236183.291,0.43358,0.000002,0.000132,0,100,0,0,0,0,0.0166,3294.8944,36.6,36.6,34.31
Oklahoma,OK,Wagoner,2024,FALSE,4,2520131.024,12.722,782.862,5827039.75,42406100.67,0.43249,0.000002,0.000134,0,100,0,0,0,0,0.0163,3219.1255,0.4,0.4,2.77
Oklahoma,OK,Wagoner,2025,FALSE,4,2173326.062,10.972,717.153,4979661.18,36570412.819,0.43644,0.000002,0.000144,0,100,0,0,0,0,0.0153,3030.4915,-13.76,-13.76,-8.39
Oklahoma,OK,Wagoner,2026,TRUE,4,818781.256,4.134,269.873,1941320.63,13777527.157,0.42177,0.000002,0.000139,0,100,0,0,0,0,0.0153,3033.9503,-62.33,-62.32,-62.37
Oklahoma,OK,Woodward,2020,FALSE,3,26698.286,0.135,29.348,41635.58,449061.798,0.64124,0.000003,0.000705,0,100,0,0,0,0,0.0046,909.714,,,
Oklahoma,OK,Woodward,2021,FALSE,3,42781.883,0.216,57.773,66764.15,719595.13,0.64079,0.000003,0.000865,0,100,0,0,0,0,0.0037,740.5169,60.24,60,96.85
Oklahoma,OK,Woodward,2022,FALSE,3,75216.363,0.379,102.663,118831.99,1265237.627,0.63296,0.000003,0.000864,0,100,0,0,0,0,0.0037,732.6531,75.81,75.46,77.7
Oklahoma,OK,Woodward,2023,FALSE,3,66291.221,0.335,99.454,104270.15,1115030.485,0.63576,0.000003,0.000954,0,100,0,0,0,0,0.0034,666.5516,-11.87,-11.61,-3.13
Oklahoma,OK,Woodward,2024,FALSE,3,81767.564,0.412,179,130945.47,1375571.046,0.62444,0.000003,0.001367,0,100,0,0,0,0,0.0023,456.802,23.35,22.99,79.98
Oklahoma,OK,Woodward,2025,FALSE,3,108867.776,0.549,211.191,169884.16,1831399.772,0.64084,0.000003,0.001243,0,100,0,0,0,0,0.0026,515.4944,33.14,33.25,17.98
Oklahoma,OK,Woodward,2026,TRUE,3,32710.901,0.166,50.387,41661.65,550182.566,0.78516,0.000004,0.001209,0,100,0,0,0,0,0.0033,649.1933,-69.95,-69.76,-76.14
Oregon,OR,Columbia,2020,FALSE,1,1090190.691,21.636,76.193,2705558.56,18344509.739,0.40294,0.000008,0.000028,0,100,0,0,0,0,0.284,14308.2789,,,
Oregon,OR,Columbia,2021,FALSE,1,1209593.153,16.2,82.974,2986816.49,20353742.98,0.40498,0.000005,0.000028,0,100,0,0,0,0,0.1952,14577.9781,10.95,-25.12,8.9
Oregon,OR,Columbia,2022,FALSE,1,961834.957,4.22,67.702,2380141.77,16184733.639,0.40411,0.000002,0.000028,0,100,0,0,0,0,0.0623,14206.8913,-20.48,-73.95,-18.41
Oregon,OR,Columbia,2023,FALSE,1,1255485.04,5.496,86.188,3137089.68,21125974.62,0.40021,0.000002,0.000027,0,100,0,0,0,0,0.0638,14566.8195,30.53,30.24,27.3
Oregon,OR,Columbia,2024,FALSE,1,1136095.885,4.947,80.273,2814840.67,19116976.423,0.40361,0.000002,0.000029,0,100,0,0,0,0,0.0616,14152.9018,-9.51,-9.99,-6.86
Oregon,OR,Columbia,2025,FALSE,1,1351635.719,5.894,94.364,3335351.63,22743851.108,0.40525,0.000002,0.000028,0,100,0,0,0,0,0.0625,14323.6374,18.97,19.14,17.55
Oregon,OR,Columbia,2026,TRUE,1,501119.401,2.184,34.847,1222311.03,8432305.32,0.40998,0.000002,0.000029,0,100,0,0,0,0,0.0627,14380.5608,-62.92,-62.95,-63.07
Oregon,OR,Klamath,2020,FALSE,6,1247513.873,6.298,162.677,2832547.36,20991692.572,0.44042,0.000002,0.000057,0,100,0,0,0,0,0.0387,7668.6555,,,
Oregon,OR,Klamath,2021,FALSE,6,1392569.483,7.031,148.574,3205348.62,23432535.766,0.43445,0.000002,0.000046,0,100,0,0,0,0,0.0473,9372.9016,11.63,11.64,-8.67
Oregon,OR,Klamath,2022,FALSE,6,1101056.107,5.559,74.088,2528835.58,18527380.617,0.4354,0.000002,0.000029,0,100,0,0,0,0,0.075,14861.4635,-20.93,-20.94,-50.13
Oregon,OR,Klamath,2023,FALSE,6,1365296.619,6.893,77.853,3167465.05,22973898.672,0.43104,0.000002,0.000025,0,100,0,0,0,0,0.0885,17536.853,24,24,5.08
Oregon,OR,Klamath,2024,FALSE,6,1678821.415,8.476,71.511,3925719.84,28249292.654,0.42765,0.000002,0.000018,0,100,0,0,0,0,0.1185,23476.408,22.96,22.97,-8.15
Oregon,OR,Klamath,2025,FALSE,6,1362176.314,6.876,62.454,3217002.18,22921298.612,0.42343,0.000002,0.000019,0,100,0,0,0,0,0.1101,21810.8738,-18.86,-18.88,-12.67
Oregon,OR,Klamath,2026,TRUE,6,589525.878,2.976,30.848,1388728.3,9919966.722,0.42451,0.000002,0.000022,0,100,0,0,0,0,0.0965,19110.6677,-56.72,-56.72,-50.61
Oregon,OR,Morrow,2020,FALSE,4,4538150.639,2590.098,1947.77,8223752.79,62814281.053,0.55183,0.000315,0.000237,28.2,71.8,0,0,0,0,1.3298,2329.9212,,,
Oregon,OR,Morrow,2021,FALSE,3,2645895.41,13.358,244.77,6406017.01,44522268.064,0.41303,0.000002,0.000038,0,100,0,0,0,0,0.0546,10809.721,-41.7,-99.48,-87.43
Oregon,OR,Morrow,2022,FALSE,3,2653048.847,13.394,236.08,6343551.4,44642526.071,0.41823,0.000002,0.000037,0,100,0,0,0,0,0.0567,11237.9229,0.27,0.27,-3.55
Oregon,OR,Morrow,2023,FALSE,3,3097546.758,15.638,256.507,7442427.84,52122081.283,0.4162,0.000002,0.000034,0,100,0,0,0,0,0.061,12075.8761,16.75,16.75,8.65
Oregon,OR,Morrow,2024,FALSE,3,3210863.915,16.209,278.78,7814688.75,54028861.821,0.41088,0.000002,0.000036,0,100,0,0,0,0,0.0581,11517.5548,3.66,3.65,8.68
Oregon,OR,Morrow,2025,FALSE,3,3031007.789,15.302,276.088,7460531.88,51002553.504,0.40627,0.000002,0.000037,0,100,0,0,0,0,0.0554,10978.4119,-5.6,-5.6,-0.97
Oregon,OR,Morrow,2026,TRUE,3,960788.916,4.85,88.439,2359207.96,16167066.565,0.40725,0.000002,0.000037,0,100,0,0,0,0,0.0548,10863.86,-68.3,-68.3,-67.97
Oregon,OR,Umatilla,2020,FALSE,4,2759486.148,13.931,348.858,6317904.8,46433534.354,0.43677,0.000002,0.000055,0,100,0,0,0,0,0.0399,7910.0555,,,
Oregon,OR,Umatilla,2021,FALSE,4,3141812.763,15.86,394.002,7215883.22,52866613.826,0.4354,0.000002,0.000055,0,100,0,0,0,0,0.0403,7974.1036,13.85,13.85,12.94
Oregon,OR,Umatilla,2022,FALSE,4,2788313.513,14.077,350.59,6403943.79,46918813.303,0.43541,0.000002,0.000055,0,100,0,0,0,0,0.0402,7953.2032,-11.25,-11.24,-11.02
Oregon,OR,Umatilla,2023,FALSE,4,3042294.216,15.358,375.849,7048327.77,51192669.79,0.43163,0.000002,0.000053,0,100,0,0,0,0,0.0409,8094.4587,9.11,9.1,7.2
Oregon,OR,Umatilla,2024,FALSE,4,3364373.247,16.984,426.344,7787454.77,56611852.316,0.43202,0.000002,0.000055,0,100,0,0,0,0,0.0398,7891.2175,10.59,10.59,13.43
Oregon,OR,Umatilla,2025,FALSE,4,2649135.065,13.374,333.228,6093813.09,44577206.51,0.43473,0.000002,0.000055,0,100,0,0,0,0,0.0401,7949.9174,-21.26,-21.26,-21.84
Oregon,OR,Umatilla,2026,TRUE,4,1317711.341,6.653,173.784,3059825.89,22173102.506,0.43065,0.000002,0.000057,0,100,0,0,0,0,0.0383,7582.4664,-50.26,-50.25,-47.85
Pennsylvania,PA,Adams,2020,FALSE,3,2769155.771,13.98,131.198,4279704.19,46596373.326,0.64704,0.000003,0.000031,0,100,0,0,0,0,0.1066,21106.692,,,
Pennsylvania,PA,Adams,2021,FALSE,3,2404906.845,12.14,93.956,3758160.91,40467307.82,0.63992,0.000003,0.000025,0,100,0,0,0,0,0.1292,25596.0965,-13.15,-13.16,-28.39
Pennsylvania,PA,Adams,2022,FALSE,3,2488221.4,12.561,89.629,3862771.96,41869110.346,0.64415,0.000003,0.000023,0,100,0,0,0,0,0.1401,27761.3429,3.46,3.47,-4.61
Pennsylvania,PA,Adams,2023,FALSE,3,2150608.039,10.856,108.607,3231073.51,36188074.532,0.6656,0.000003,0.000034,0,100,0,0,0,0,0.1,19801.7443,-13.57,-13.57,21.17
Pennsylvania,PA,Adams,2024,FALSE,3,2315836.782,11.691,157.187,3499180.52,38968404.297,0.66182,0.000003,0.000045,0,100,0,0,0,0,0.0744,14733.0045,7.68,7.69,44.73
Pennsylvania,PA,Adams,2025,FALSE,3,2535063.534,12.797,160.848,3969894.14,42657382.08,0.63857,0.000003,0.000041,0,100,0,0,0,0,0.0796,15760.6158,9.47,9.46,2.33
Pennsylvania,PA,Adams,2026,TRUE,3,1312864.868,6.629,85.629,2034046.32,22091545.684,0.64544,0.000003,0.000042,0,100,0,0,0,0,0.0774,15332.0121,-48.21,-48.2,-46.76
Pennsylvania,PA,Allegheny,2020,FALSE,13,2475806.069,1020.309,998.757,3855534.42,49626194.924,0.64214,0.000265,0.000259,13.19,86.81,0,0,0,0,1.0216,2478.8873,,,
Pennsylvania,PA,Allegheny,2021,FALSE,13,3062155.811,1735.496,1548.499,4124145.86,54344440.019,0.74249,0.000421,0.000375,28.26,71.74,0,0,0,0,1.1208,1977.4994,23.68,70.1,55.04
Pennsylvania,PA,Allegheny,2022,FALSE,13,2335886.83,473.747,740.569,3720010.3,48032240.53,0.62792,0.000127,0.000199,10.67,89.33,0,0,0,0,0.6397,3154.1785,-23.72,-72.7,-52.18
Pennsylvania,PA,Allegheny,2023,FALSE,12,1829948.541,9.238,463.706,3265831.76,43980855.283,0.56033,0.000003,0.000142,0,100,0,0,0,0,0.0199,3946.3551,-21.66,-98.05,-37.39
Pennsylvania,PA,Allegheny,2024,FALSE,12,1653648.954,8.348,559.9,2973769.15,40510446.633,0.55608,0.000003,0.000188,0,100,0,0,0,0,0.0149,2953.472,-9.63,-9.63,20.74
Pennsylvania,PA,Allegheny,2025,FALSE,12,1846344.331,9.322,461.361,3183333.99,44966376.69,0.58,0.000003,0.000145,0,100,0,0,0,0,0.0202,4001.9515,11.65,11.67,-17.6
Pennsylvania,PA,Allegheny,2026,TRUE,11,661753.644,3.339,186.737,1136095.19,17508120.089,0.58248,0.000003,0.000164,0,100,0,0,0,0,0.0179,3543.7736,-64.16,-64.18,-59.52
Pennsylvania,PA,Armstrong,2020,FALSE,6,8648813.418,13014.897,6791.387,9092650.18,89326390.966,0.95119,0.001431,0.000747,86.61,13.39,0,0,0,0,1.9164,1273.4974,,,
Pennsylvania,PA,Armstrong,2021,FALSE,6,8621611.618,17016.264,5652.873,9174922.05,88844297.453,0.93969,0.001855,0.000616,87.11,12.89,0,0,0,0,3.0102,1525.1734,-0.31,30.74,-16.76
Pennsylvania,PA,Armstrong,2022,FALSE,6,6231195.508,10963.268,3409.179,6885387.33,66434473.007,0.90499,0.001592,0.000495,79.49,20.51,0,0,0,0,3.2158,1827.7701,-27.73,-35.57,-39.69
Pennsylvania,PA,Armstrong,2023,FALSE,6,3730521.536,6419.67,1180.567,4197852.66,41240297.266,0.88867,0.001529,0.000281,71.84,28.16,0,0,0,0,5.4378,3159.9406,-40.13,-41.44,-65.37
Pennsylvania,PA,Armstrong,2024,FALSE,6,3977219.511,7325.233,1287.353,4544418.22,43386428.122,0.87519,0.001612,0.000283,74.66,25.34,0,0,0,0,5.6902,3089.4553,6.61,14.11,9.05
Pennsylvania,PA,Armstrong,2025,FALSE,6,5734540.701,8938.406,1799.781,6330917.91,61497503.223,0.9058,0.001412,0.000284,78.25,21.75,0,0,0,0,4.9664,3186.2436,44.18,22.02,39.8
Pennsylvania,PA,Armstrong,2026,TRUE,6,2112542.652,3250.919,677.693,2311735.57,22434750.852,0.91383,0.001406,0.000293,80.12,19.88,0,0,0,0,4.797,3117.2561,-63.16,-63.63,-62.35
Pennsylvania,PA,Beaver,2020,FALSE,0,0,0,0,0,0,,,,,,,,,,,,,,
Pennsylvania,PA,Beaver,2021,FALSE,3,16401.575,0.083,157.862,18316,275982,0.89548,0.000005,0.008619,0,100,0,0,0,0,0.0005,103.8982,,,
Pennsylvania,PA,Beaver,2022,FALSE,3,858698.5,4.336,412.513,1190794,14449209.45,0.72111,0.000004,0.000346,0,100,0,0,0,0,0.0105,2081.6277,5135.46,5124.1,161.31
Pennsylvania,PA,Beaver,2023,FALSE,3,942814.45,4.76,55.76,1224096.5,15864542.35,0.77021,0.000004,0.000046,0,100,0,0,0,0,0.0854,16908.4371,9.8,9.78,-86.48
Pennsylvania,PA,Beaver,2024,FALSE,3,829454.35,4.164,62.841,1020921,13957284.6,0.81246,0.000004,0.000062,0,100,0,0,0,0,0.0663,13199.2545,-12.02,-12.52,12.7
Pennsylvania,PA,Beaver,2025,FALSE,3,918417.825,4.636,47.377,1362982.25,15452668.85,0.67383,0.000003,0.000035,0,100,0,0,0,0,0.0979,19385.3099,10.73,11.34,-24.61
Pennsylvania,PA,Beaver,2026,TRUE,3,474170.775,2.394,24.597,699953.75,7978269.4,0.67743,0.000003,0.000035,0,100,0,0,0,0,0.0973,19277.5857,-48.37,-48.36,-48.08
Pennsylvania,PA,Berks,2020,FALSE,3,3103221.998,15.665,165.534,7723283.07,52217646.598,0.4018,0.000002,0.000021,0,100,0,0,0,0,0.0946,18746.7348,,,
Pennsylvania,PA,Berks,2021,FALSE,3,3216078.747,16.235,170.72,7987280.62,54116855.082,0.40265,0.000002,0.000021,0,100,0,0,0,0,0.0951,18838.3244,3.64,3.64,3.13
Pennsylvania,PA,Berks,2022,FALSE,3,2910872.874,14.695,156.76,7280194.6,48981135.939,0.39983,0.000002,0.000022,0,100,0,0,0,0,0.0937,18568.9773,-9.49,-9.49,-8.18
Pennsylvania,PA,Berks,2023,FALSE,3,2963582.099,14.961,162.349,7515463.71,49867863.363,0.39433,0.000002,0.000022,0,100,0,0,0,0,0.0922,18254.3908,1.81,1.81,3.57
Pennsylvania,PA,Berks,2024,FALSE,3,2916351.353,14.722,159.16,7446263.73,49073178.64,0.39165,0.000002,0.000021,0,100,0,0,0,0,0.0925,18323.3938,-1.59,-1.6,-1.96
Pennsylvania,PA,Berks,2025,FALSE,3,3037718.066,15.336,157.781,7602427.83,51115410.547,0.39957,0.000002,0.000021,0,100,0,0,0,0,0.0972,19252.7495,4.16,4.17,-0.87
Pennsylvania,PA,Berks,2026,TRUE,3,1281404.158,6.469,65.747,3201150.91,21562085.523,0.40029,0.000002,0.000021,0,100,0,0,0,0,0.0984,19489.9259,-57.82,-57.82,-58.33
Pennsylvania,PA,Bradford,2020,FALSE,2,2051558.325,10.357,105.76,5158626,34521395.95,0.39769,0.000002,0.000021,0,100,0,0,0,0,0.0979,19398.2444,,,
Pennsylvania,PA,Bradford,2021,FALSE,2,2431549.725,12.275,130.014,6162902.75,40915570.4,0.39455,0.000002,0.000021,0,100,0,0,0,0,0.0944,18702.2146,18.52,18.52,22.93
Pennsylvania,PA,Bradford,2022,FALSE,2,2443451.957,12.335,134.656,6129354.33,41115800.368,0.39865,0.000002,0.000022,0,100,0,0,0,0,0.0916,18145.8825,0.49,0.49,3.57
Pennsylvania,PA,Bradford,2023,FALSE,2,2494470.658,12.592,132.894,6298322.47,41974225.064,0.39605,0.000002,0.000021,0,100,0,0,0,0,0.0948,18770.3783,2.09,2.08,-1.31
Pennsylvania,PA,Bradford,2024,FALSE,2,2382186.506,12.026,124.602,5960503.57,40084915.109,0.39966,0.000002,0.000021,0,100,0,0,0,0,0.0965,19118.3649,-4.5,-4.49,-6.24
Pennsylvania,PA,Bradford,2025,FALSE,2,2114815.158,10.676,115.638,5274492.9,35585843.881,0.40095,0.000002,0.000022,0,100,0,0,0,0,0.0923,18288.2371,-11.22,-11.23,-7.19
Pennsylvania,PA,Bradford,2026,TRUE,2,912891.628,4.608,55.615,2274309.55,15361163.521,0.40139,0.000002,0.000024,0,100,0,0,0,0,0.0829,16414.4858,-56.83,-56.84,-51.91
Pennsylvania,PA,Bucks,2020,FALSE,13,3227570.874,42.177,217.478,8096964.42,55514943.718,0.39861,0.000005,0.000027,0,99.97,0.03,0,0,0,0.1939,14840.9075,,,
Pennsylvania,PA,Bucks,2021,FALSE,12,3094339.335,22.442,211.15,7697808,52135694.305,0.40198,0.000003,0.000027,0,99.87,0.13,0,0,0,0.1063,14654.6973,-4.13,-46.79,-2.91
Pennsylvania,PA,Bucks,2022,FALSE,12,3275055.607,45.514,301.147,7963410.32,55038009.885,0.41126,0.000006,0.000038,0,99.48,0.52,0,0,0,0.1511,10875.2722,5.84,102.81,42.62
Pennsylvania,PA,Bucks,2023,FALSE,12,3293526.387,17.685,216.778,8225245.11,55415935.829,0.40042,0.000002,0.000026,0,99.98,0.02,0,0,0,0.0816,15193.0841,0.56,-61.14,-28.02
Pennsylvania,PA,Bucks,2024,FALSE,12,3194696.69,18.986,218.607,7928799.12,53746582.119,0.40292,0.000002,0.000028,0,99.95,0.05,0,0,0,0.0868,14613.881,-3,7.36,0.84
Pennsylvania,PA,Bucks,2025,FALSE,12,3569710.563,44.865,305.943,8827211.23,59970413.223,0.4044,0.000005,0.000035,0,99.56,0.44,0,0,0,0.1466,11667.8942,11.74,136.31,39.95
Pennsylvania,PA,Bucks,2026,TRUE,12,1913914.125,30.167,172.233,4532944.85,32131400.907,0.42222,0.000007,0.000038,0,99.37,0.63,0,0,0,0.1752,11112.3543,-46.38,-32.76,-43.7
Pennsylvania,PA,Cambria,2020,FALSE,4,3525934.667,2929.82,795.781,8279851.36,57718314.794,0.42585,0.000354,0.000096,19.29,80.71,0,0,0,0,3.6817,4430.7852,,,
Pennsylvania,PA,Cambria,2021,FALSE,4,4306885.422,3362.631,898.449,9067789.76,63001246.354,0.47497,0.000371,0.000099,19.38,80.62,0,0,0,0,3.7427,4793.6894,22.15,14.77,12.9
Pennsylvania,PA,Cambria,2022,FALSE,4,4453406.485,4120.928,985.684,8973084.21,63854899.207,0.49631,0.000459,0.00011,23.33,76.67,0,0,0,0,4.1808,4518.0874,3.4,22.55,9.71
Pennsylvania,PA,Cambria,2023,FALSE,4,4137086.912,3699.3,882.741,8495970.38,60068212.232,0.48695,0.000435,0.000104,22.45,77.55,0,0,0,0,4.1907,4686.6373,-7.1,-10.23,-10.44
Pennsylvania,PA,Cambria,2024,FALSE,4,4518161.317,4165.048,1085.602,8995280.87,64270660.96,0.50228,0.000463,0.000121,23.65,76.35,0,0,0,0,3.8366,4161.8948,9.21,12.59,22.98
Pennsylvania,PA,Cambria,2025,FALSE,4,4462761.28,3954.334,1069.817,8849005.91,63519135.291,0.50432,0.000447,0.000121,23.19,76.81,0,0,0,0,3.6963,4171.5184,-1.23,-5.06,-1.45
Pennsylvania,PA,Cambria,2026,TRUE,3,1401075.833,1626.382,376.617,2385182.2,18824419.2,0.58741,0.000682,0.000158,31.69,68.31,0,0,0,0,4.3184,3720.1609,-68.61,-58.87,-64.8
Pennsylvania,PA,Carbon,2020,FALSE,2,0,39.582,35.008,0,589163.613,,,,100,0,0,0,0,0,1.1307,0,,,
Pennsylvania,PA,Carbon,2021,FALSE,2,0,101.97,106.353,0,1715929.822,,,,100,0,0,0,0,0,0.9588,0,,157.62,203.8
Pennsylvania,PA,Carbon,2022,FALSE,2,0,390.59,359.25,0,7769117.566,,,,100,0,0,0,0,0,1.0872,0,,283.04,237.79
Pennsylvania,PA,Carbon,2023,FALSE,2,0,430.451,291.545,0,6991009.272,,,,100,0,0,0,0,0,1.4764,0,,10.21,-18.85
Pennsylvania,PA,Carbon,2024,FALSE,2,0,377.881,307.887,0,6599338.354,,,,100,0,0,0,0,0,1.2273,0,,-12.21,5.61
Pennsylvania,PA,Carbon,2025,FALSE,2,0,326.539,227.784,0,5360500.163,,,,100,0,0,0,0,0,1.4335,0,,-13.59,-26.02
Pennsylvania,PA,Carbon,2026,TRUE,2,0,28.154,26.55,0,567586.165,,,,100,0,0,0,0,0,1.0604,0,,-91.38,-88.34
Pennsylvania,PA,Clearfield,2020,FALSE,4,900764.211,4.548,483.374,1477854.95,15157043.114,0.60951,0.000003,0.000327,0,100,0,0,0,0,0.0094,1863.4933,,,
Pennsylvania,PA,Clearfield,2021,FALSE,4,451431.855,2.279,223.192,724272.7,7596180.362,0.62329,0.000003,0.000308,0,100,0,0,0,0,0.0102,2022.6166,-49.88,-49.89,-53.83
Pennsylvania,PA,Clearfield,2022,FALSE,4,716515.368,3.617,369.165,1172134.94,12056712.217,0.61129,0.000003,0.000315,0,100,0,0,0,0,0.0098,1940.9082,58.72,58.71,65.4
Pennsylvania,PA,Clearfield,2023,FALSE,4,1053069.86,5.318,515.205,1721110.74,17720023.248,0.61185,0.000003,0.000299,0,100,0,0,0,0,0.0103,2043.9822,46.97,47.03,39.56
Pennsylvania,PA,Clearfield,2024,FALSE,4,1023717.619,5.168,518.951,1662161.26,17226003.289,0.6159,0.000003,0.000312,0,100,0,0,0,0,0.01,1972.6672,-2.79,-2.82,0.73
Pennsylvania,PA,Clearfield,2025,FALSE,4,725814.806,3.664,352.939,1177021.98,12213216.358,0.61665,0.000003,0.0003,0,100,0,0,0,0,0.0104,2056.488,-29.1,-29.1,-31.99
Pennsylvania,PA,Clearfield,2026,TRUE,4,436958.488,2.206,232.222,704868.75,7352718.627,0.61991,0.000003,0.000329,0,100,0,0,0,0,0.0095,1881.6412,-39.8,-39.79,-34.2
Pennsylvania,PA,Cumberland,2020,FALSE,2,0,3.533,24.168,3796.86,69949.3,0,0.000931,0.006365,0,0,100,0,0,0,0.1462,0,,,
Pennsylvania,PA,Cumberland,2021,FALSE,2,0,3.569,24.41,4250.88,70653.3,0,0.00084,0.005742,0,0,100,0,0,0,0.1462,0,,1.02,1
Pennsylvania,PA,Cumberland,2022,FALSE,2,6446.2,5.824,38.572,7061.15,115310.4,0.91291,0.000825,0.005463,0,0,100,0,0,0,0.151,167.1212,,63.18,58.02
Pennsylvania,PA,Cumberland,2023,FALSE,2,4173.2,2.601,17.078,3335.42,51511.6,1.25118,0.00078,0.00512,0,0,100,0,0,0,0.1523,244.3612,-35.26,-55.34,-55.72
Pennsylvania,PA,Cumberland,2024,FALSE,2,5164.6,3.222,21.149,3934.13,63784.8,1.31277,0.000819,0.005376,0,0,100,0,0,0,0.1523,244.2007,23.76,23.88,23.84
Pennsylvania,PA,Cumberland,2025,FALSE,2,22313.1,13.911,91.11,16432,275510.9,1.35791,0.000847,0.005545,0,0,100,0,0,0,0.1527,244.9029,332.04,331.75,330.8
Pennsylvania,PA,Cumberland,2026,TRUE,2,6452.9,4.022,26.332,4879.84,79674.3,1.32236,0.000824,0.005396,0,0,100,0,0,0,0.1527,245.0592,-71.08,-71.09,-71.1
Pennsylvania,PA,Delaware,2020,FALSE,14,3821721.915,19.301,458.015,7839831.38,72725702.287,0.48748,0.000002,0.000058,0,100,0,0,0,0,0.0421,8344.0977,,,
Pennsylvania,PA,Delaware,2021,FALSE,13,4042261.786,20.415,411.864,8263153.24,75493904.892,0.48919,0.000002,0.00005,0,100,0,0,0,0,0.0496,9814.5548,5.77,5.77,-10.08
Pennsylvania,PA,Delaware,2022,FALSE,13,3873990.009,19.58,365.836,8111927.9,72294947.239,0.47757,0.000002,0.000045,0,100,0,0,0,0,0.0535,10589.4171,-4.16,-4.09,-11.18
Pennsylvania,PA,Delaware,2023,FALSE,13,4242267.221,21.435,395.123,10170068.11,77430937.983,0.41713,0.000002,0.000039,0,100,0,0,0,0,0.0542,10736.5737,9.51,9.47,8.01
Pennsylvania,PA,Delaware,2024,FALSE,13,4478014.752,22.663,457.079,10787679.35,81301488.868,0.4151,0.000002,0.000042,0,100,0,0,0,0,0.0496,9797.0258,5.56,5.73,15.68
Pennsylvania,PA,Delaware,2025,FALSE,13,4109662.489,20.836,429.602,9814295.98,74911038.036,0.41874,0.000002,0.000044,0,100,0,0,0,0,0.0485,9566.2089,-8.23,-8.06,-6.01
Pennsylvania,PA,Delaware,2026,TRUE,12,2174123.431,11.168,231.061,5198849.7,39691637.387,0.41819,0.000002,0.000044,0,100,0,0,0,0,0.0483,9409.305,-47.1,-46.4,-46.22
Pennsylvania,PA,Elk,2020,FALSE,2,0,0,33.522,0,1074387.024,,,,100,0,0,0,0,0,0,0,,,
Pennsylvania,PA,Elk,2021,FALSE,2,0,0,29.518,0,1277925.016,,,,0,100,0,0,0,0,0,0,,,-11.94
Pennsylvania,PA,Elk,2022,FALSE,2,0,0,29.406,0,1197207.961,,,,0,100,0,0,0,0,0,0,,,-0.38
Pennsylvania,PA,Elk,2023,FALSE,2,0,0,20.564,0,767008.761,,,,0,100,0,0,0,0,0,0,,,-30.07
Pennsylvania,PA,Elk,2024,FALSE,2,0,0,24.488,0,972198.507,,,,0,100,0,0,0,0,0,0,,,19.08
Pennsylvania,PA,Elk,2025,FALSE,2,0,0,31.215,0,1632608.21,,,,0,100,0,0,0,0,0,0,,,27.47
Pennsylvania,PA,Elk,2026,TRUE,2,0,0,12.42,0,479838.004,,,,0,100,0,0,0,0,0,0,,,-60.21
Pennsylvania,PA,Erie,2020,FALSE,0,0,0,0,0,0,,,,,,,,,,,,,,
Pennsylvania,PA,Fayette,2020,FALSE,4,2230438.307,11.261,201.529,5285339.19,37531427.278,0.422,0.000002,0.000038,0,100,0,0,0,0,0.0559,11067.5799,,,
Pennsylvania,PA,Fayette,2021,FALSE,4,2206791.304,11.14,192.053,5341968.04,37133444.018,0.4131,0.000002,0.000036,0,100,0,0,0,0,0.058,11490.5328,-1.06,-1.07,-4.7
Pennsylvania,PA,Fayette,2022,FALSE,4,2162683.591,10.917,165.154,5220573.64,36391302.422,0.41426,0.000002,0.000032,0,100,0,0,0,0,0.0661,13094.9513,-2,-2,-14.01
Pennsylvania,PA,Fayette,2023,FALSE,4,2403287.368,12.133,172.802,5709738.92,40439938.894,0.42091,0.000002,0.00003,0,100,0,0,0,0,0.0702,13907.752,11.13,11.14,4.63
Pennsylvania,PA,Fayette,2024,FALSE,4,2413622.769,12.184,185.754,5703752.42,40613891.182,0.42316,0.000002,0.000033,0,100,0,0,0,0,0.0656,12993.6517,0.43,0.42,7.5
Pennsylvania,PA,Fayette,2025,FALSE,4,2065893.018,10.429,157.929,4873090.06,34762561.585,0.42394,0.000002,0.000032,0,100,0,0,0,0,0.066,13081.1505,-14.41,-14.4,-14.98
Pennsylvania,PA,Fayette,2026,TRUE,4,1100334.606,5.555,82.55,2606726.22,18515188.856,0.42211,0.000002,0.000032,0,100,0,0,0,0,0.0673,13329.3108,-46.74,-46.74,-47.73
Pennsylvania,PA,Franklin,2020,FALSE,2,141002.856,0.712,92.102,236630.42,2372710.203,0.59588,0.000003,0.000389,0,100,0,0,0,0,0.0077,1530.9424,,,
Pennsylvania,PA,Franklin,2021,FALSE,2,116327.79,0.588,73.762,193594.64,1957417.328,0.60088,0.000003,0.000381,0,100,0,0,0,0,0.008,1577.0694,-17.5,-17.42,-19.91
Pennsylvania,PA,Franklin,2022,FALSE,2,127313.339,0.642,80.153,216250.39,2142329.004,0.58873,0.000003,0.000371,0,100,0,0,0,0,0.008,1588.379,9.44,9.18,8.66
Pennsylvania,PA,Franklin,2023,FALSE,2,148963.02,0.752,96.18,253981,2506602.304,0.58651,0.000003,0.000379,0,100,0,0,0,0,0.0078,1548.7941,17.01,17.13,20
Pennsylvania,PA,Franklin,2024,FALSE,2,114260.053,0.577,76.391,195197.1,1922672.962,0.58536,0.000003,0.000391,0,100,0,0,0,0,0.0076,1495.7266,-23.3,-23.27,-20.57
Pennsylvania,PA,Franklin,2025,FALSE,2,149425.348,0.754,97.063,255193.34,2514392.172,0.58554,0.000003,0.00038,0,100,0,0,0,0,0.0078,1539.4676,30.78,30.68,27.06
Pennsylvania,PA,Franklin,2026,TRUE,2,65011.374,0.328,40.218,109311.57,1093970.006,0.59473,0.000003,0.000368,0,100,0,0,0,0,0.0082,1616.4746,-56.49,-56.5,-58.57
Pennsylvania,PA,Greene,2021,FALSE,1,730385.156,3.687,23.282,1823399.67,12290313.166,0.40056,0.000002,0.000013,0,100,0,0,0,0,0.1584,31371.2377,,,
Pennsylvania,PA,Greene,2022,FALSE,1,1632227.307,8.24,61.806,4238086.87,27465761.569,0.38513,0.000002,0.000015,0,100,0,0,0,0,0.1333,26408.8811,123.47,123.49,165.47
Pennsylvania,PA,Greene,2023,FALSE,1,1584743.003,8,63.23,4035893.91,26666341.302,0.39266,0.000002,0.000016,0,100,0,0,0,0,0.1265,25063.1505,-2.91,-2.91,2.3
Pennsylvania,PA,Greene,2024,FALSE,1,2015654.164,10.176,73.171,5210856.1,33917715.528,0.38682,0.000002,0.000014,0,100,0,0,0,0,0.1391,27547.1726,27.19,27.2,15.72
Pennsylvania,PA,Greene,2025,FALSE,1,1698485.408,8.574,57.322,4355982.19,28580597.92,0.38992,0.000002,0.000013,0,100,0,0,0,0,0.1496,29630.6027,-15.74,-15.74,-21.66
Pennsylvania,PA,Greene,2026,TRUE,1,910768.876,4.598,30.586,2349159.6,15325106.302,0.3877,0.000002,0.000013,0,100,0,0,0,0,0.1503,29777.3124,-46.38,-46.37,-46.64
Pennsylvania,PA,Huntingdon,2020,FALSE,0,0,0,0,0,0,,,,,,,,,,,,,,
Pennsylvania,PA,Huntingdon,2021,FALSE,0,0,0,0,0,0,,,,,,,,,,,,,,
Pennsylvania,PA,Huntingdon,2022,FALSE,0,0,0,0,0,0,,,,,,,,,,,,,,
Pennsylvania,PA,Huntingdon,2023,FALSE,0,0,0,0,0,0,,,,,,,,,,,,,,
Pennsylvania,PA,Huntingdon,2024,FALSE,0,0,0,0,0,0,,,,,,,,,,,,,,
Pennsylvania,PA,Huntingdon,2025,FALSE,0,0,0,0,0,0,,,,,,,,,,,,,,
Pennsylvania,PA,Huntingdon,2026,TRUE,0,0,0,0,0,0,,,,,,,,,,,,,,
Pennsylvania,PA,Indiana,2020,FALSE,7,14049272.954,12751.985,10097.714,11594498.81,136331789.755,1.21172,0.0011,0.000871,100,0,0,0,0,0,1.2629,1391.332,,,
Pennsylvania,PA,Indiana,2021,FALSE,7,15729083.005,15192.823,10608.048,12826195.84,152081498.457,1.22632,0.001185,0.000827,100,0,0,0,0,0,1.4322,1482.75,11.96,19.14,5.05
Pennsylvania,PA,Indiana,2022,FALSE,7,12950907.636,14318.036,7553.55,9946589.01,126122807.351,1.30205,0.001439,0.000759,100,0,0,0,0,0,1.8955,1714.5458,-17.66,-5.76,-28.79
Pennsylvania,PA,Indiana,2023,FALSE,6,6816244.137,8843.313,3022.415,4338989.68,67322232.128,1.57093,0.002038,0.000697,100,0,0,0,0,0,2.9259,2255.231,-47.37,-38.24,-59.99
Pennsylvania,PA,Indiana,2024,FALSE,4,6255735.042,7970.533,2815.355,3903917.14,61953649.806,1.60243,0.002042,0.000721,100,0,0,0,0,0,2.8311,2222.0058,-8.22,-9.87,-6.85
Pennsylvania,PA,Indiana,2025,FALSE,4,7686488.401,11042.494,3663.959,4248835.23,75221643.469,1.80908,0.002599,0.000862,100,0,0,0,0,0,3.0138,2097.8642,22.87,38.54,30.14
Pennsylvania,PA,Indiana,2026,TRUE,4,4402713.901,6168.745,2089.708,2527771.86,42741702.102,1.74174,0.00244,0.000827,100,0,0,0,0,0,2.952,2106.856,-42.72,-44.14,-42.97
Pennsylvania,PA,Lackawanna,2020,FALSE,4,3697583.435,18.667,180.578,9469341.28,62218873.207,0.39048,0.000002,0.000019,0,100,0,0,0,0,0.1034,20476.3783,,,
Pennsylvania,PA,Lackawanna,2021,FALSE,4,4153358.308,20.968,214.495,10834219.86,69888310.207,0.38336,0.000002,0.00002,0,100,0,0,0,0,0.0978,19363.4272,12.33,12.33,18.78
Pennsylvania,PA,Lackawanna,2022,FALSE,4,3669617.207,18.526,164.613,9409608.05,61748280.138,0.38999,0.000002,0.000017,0,100,0,0,0,0,0.1125,22292.3901,-11.65,-11.65,-23.26
Pennsylvania,PA,Lackawanna,2023,FALSE,4,4136123.678,20.88,202.092,10772053.53,69598181.095,0.38397,0.000002,0.000019,0,100,0,0,0,0,0.1033,20466.5384,12.71,12.71,22.77
Pennsylvania,PA,Lackawanna,2024,FALSE,4,3822865.979,19.298,180.645,9882790.32,64327198.668,0.38682,0.000002,0.000018,0,100,0,0,0,0,0.1068,21162.3127,-7.57,-7.58,-10.61
Pennsylvania,PA,Lackawanna,2025,FALSE,4,3650211.804,18.423,177.87,9317443.3,61421883.988,0.39176,0.000002,0.000019,0,100,0,0,0,0,0.1036,20521.7957,-4.52,-4.53,-1.54
Pennsylvania,PA,Lackawanna,2026,TRUE,4,1763550.454,8.905,89.819,4504668.93,29675057.837,0.39149,0.000002,0.00002,0,100,0,0,0,0,0.0991,19634.4922,-51.69,-51.66,-49.5
Pennsylvania,PA,Lawrence,2020,FALSE,5,2035064.531,10.274,326.853,4851844.73,34243857.964,0.41944,0.000002,0.000067,0,100,0,0,0,0,0.0314,6226.2379,,,
Pennsylvania,PA,Lawrence,2021,FALSE,5,2788529.471,14.076,262.104,6872962.3,46922318.614,0.40572,0.000002,0.000038,0,100,0,0,0,0,0.0537,10639.0191,37.02,37.01,-19.81
Pennsylvania,PA,Lawrence,2022,FALSE,5,2863821.877,14.457,341.921,6858198.03,48189285.736,0.41758,0.000002,0.00005,0,100,0,0,0,0,0.0423,8375.6829,2.7,2.71,30.45
Pennsylvania,PA,Lawrence,2023,FALSE,5,3265578.471,16.485,483.622,7641542.84,54949790.558,0.42735,0.000002,0.000063,0,100,0,0,0,0,0.0341,6752.3365,14.03,14.03,41.44
Pennsylvania,PA,Lawrence,2024,FALSE,5,2685189.668,13.556,373.131,6329457.34,45183466.896,0.42424,0.000002,0.000059,0,100,0,0,0,0,0.0363,7196.3725,-17.77,-17.77,-22.85
Pennsylvania,PA,Lawrence,2025,FALSE,5,3158780.353,15.947,377.259,7534897.29,53152490.79,0.41922,0.000002,0.00005,0,100,0,0,0,0,0.0423,8372.9755,17.64,17.64,1.11
Pennsylvania,PA,Lawrence,2026,TRUE,5,1617681.427,8.166,163.523,3900056.52,27220564.992,0.41478,0.000002,0.000042,0,100,0,0,0,0,0.0499,9892.6844,-48.79,-48.79,-56.65
Pennsylvania,PA,Lebanon,2020,FALSE,2,2135860.525,10.783,246.241,3300233.7,35940023.9,0.64718,0.000003,0.000075,0,100,0,0,0,0,0.0438,8673.8623,,,
Pennsylvania,PA,Lebanon,2021,FALSE,2,1932980.833,9.758,220.484,2974609.93,32526106.402,0.64983,0.000003,0.000074,0,100,0,0,0,0,0.0443,8766.9891,-9.5,-9.51,-10.46
Pennsylvania,PA,Lebanon,2022,FALSE,2,2254756.213,11.382,243.746,3455521.67,37940551.872,0.65251,0.000003,0.000071,0,100,0,0,0,0,0.0467,9250.4337,16.65,16.64,10.55
Pennsylvania,PA,Lebanon,2023,FALSE,2,1846617.409,9.322,189.039,2853145.21,31072828.98,0.64722,0.000003,0.000066,0,100,0,0,0,0,0.0493,9768.4468,-18.1,-18.1,-22.44
Pennsylvania,PA,Lebanon,2024,FALSE,2,1931865.114,9.753,210.958,3004621.21,32507263.126,0.64296,0.000003,0.00007,0,100,0,0,0,0,0.0462,9157.5817,4.62,4.62,11.59
Pennsylvania,PA,Lebanon,2025,FALSE,2,2175167.068,10.981,236.974,3336243.8,36601486.873,0.65198,0.000003,0.000071,0,100,0,0,0,0,0.0463,9178.9271,12.59,12.59,12.33
Pennsylvania,PA,Lebanon,2026,TRUE,2,716385.104,3.617,74.603,1054472.67,12054520.55,0.67938,0.000003,0.000071,0,100,0,0,0,0,0.0485,9602.6313,-67.07,-67.06,-68.52
Pennsylvania,PA,Luzerne,2020,FALSE,9,2478838.14,12.523,151.413,6203581.2,41733808.766,0.39958,0.000002,0.000024,0,100,0,0,0,0,0.0827,16371.3693,,,
Pennsylvania,PA,Luzerne,2021,FALSE,9,3054092.172,15.448,198.741,7749404.31,51479906.071,0.39411,0.000002,0.000026,0,100,0,0,0,0,0.0777,15367.1974,23.21,23.36,31.26
Pennsylvania,PA,Luzerne,2022,FALSE,9,2122388.092,10.779,152.235,5261037.86,35713377.21,0.40342,0.000002,0.000029,0,100,0,0,0,0,0.0708,13941.5252,-30.51,-30.22,-23.4
Pennsylvania,PA,Luzerne,2023,FALSE,9,3109718.998,15.703,197.886,7815568.18,52326124.1,0.39789,0.000002,0.000025,0,100,0,0,0,0,0.0794,15714.6994,46.52,45.68,29.99
Pennsylvania,PA,Luzerne,2024,FALSE,9,3469806.928,17.517,201.019,8691354.74,58385964.78,0.39923,0.000002,0.000023,0,100,0,0,0,0,0.0871,17261.0894,11.58,11.55,1.58
Pennsylvania,PA,Luzerne,2025,FALSE,9,2946736.33,14.888,174.922,7426877.31,49580607.864,0.39677,0.000002,0.000024,0,100,0,0,0,0,0.0851,16846.0018,-15.07,-15.01,-12.98
Pennsylvania,PA,Luzerne,2026,TRUE,9,1617982.397,8.17,103.906,4059176.78,27225550.065,0.3986,0.000002,0.000026,0,100,0,0,0,0,0.0786,15571.5974,-45.09,-45.12,-40.6
Pennsylvania,PA,Lycoming,2020,FALSE,2,2444269.373,12.339,130.281,6292822.27,41129444.085,0.38842,0.000002,0.000021,0,100,0,0,0,0,0.0947,18761.5184,,,
Pennsylvania,PA,Lycoming,2021,FALSE,2,2303450.353,11.628,118.768,5960802.05,38759924.262,0.38643,0.000002,0.00002,0,100,0,0,0,0,0.0979,19394.5369,-5.76,-5.76,-8.84
Pennsylvania,PA,Lycoming,2022,FALSE,2,2507407.089,12.658,128.321,6475673.44,42191889.701,0.3872,0.000002,0.00002,0,100,0,0,0,0,0.0986,19540.1149,8.85,8.86,8.04
Pennsylvania,PA,Lycoming,2023,FALSE,2,2502820.096,12.634,130.621,6485133.14,42114787.53,0.38593,0.000002,0.00002,0,100,0,0,0,0,0.0967,19160.932,-0.18,-0.19,1.79
Pennsylvania,PA,Lycoming,2024,FALSE,2,2506564.659,12.654,134.926,6460722.69,42177813.848,0.38797,0.000002,0.000021,0,100,0,0,0,0,0.0938,18577.3288,0.15,0.16,3.3
Pennsylvania,PA,Lycoming,2025,FALSE,2,2464719.991,12.442,123.783,6199090.21,41473719.734,0.39759,0.000002,0.00002,0,100,0,0,0,0,0.1005,19911.6195,-1.67,-1.68,-8.26
Pennsylvania,PA,Lycoming,2026,TRUE,2,1119095.42,5.649,55.469,2829556.11,18830973.323,0.3955,0.000002,0.00002,0,100,0,0,0,0,0.1018,20175.1504,-54.6,-54.6,-55.19
Pennsylvania,PA,Montgomery,2020,FALSE,2,0,0,69.042,290291.72,3771550.718,0,0,0.000238,0,100,0,0,0,0,0,0,,,
Pennsylvania,PA,Montgomery,2021,FALSE,2,0,0,84.53,299285.51,3868870.646,0,0,0.000282,0,100,0,0,0,0,0,0,,,22.43
Pennsylvania,PA,Montgomery,2022,FALSE,2,0,0,70.122,301480.98,3852159.599,0,0,0.000233,0,100,0,0,0,0,0,0,,,-17.04
Pennsylvania,PA,Montgomery,2023,FALSE,2,0,0,79.642,289952.24,3743884.223,0,0,0.000275,0,100,0,0,0,0,0,0,,,13.58
Pennsylvania,PA,Montgomery,2024,FALSE,2,0,0,89.304,280347.72,3676871.74,0,0,0.000319,0,100,0,0,0,0,0,0,,,12.13
Pennsylvania,PA,Montgomery,2025,FALSE,2,0,0,88.941,278394.87,3628587.421,0,0,0.000319,0,100,0,0,0,0,0,0,,,-0.41
Pennsylvania,PA,Montgomery,2026,TRUE,2,0,0,43.155,155493.1,2010189.034,0,0,0.000278,0,100,0,0,0,0,0,0,,,-51.48
Pennsylvania,PA,Montour,2020,FALSE,2,202540.695,335.688,146.147,205830.04,1974068.631,0.98402,0.001631,0.00071,100,0,0,0,0,0,2.2969,1385.8697,,,
Pennsylvania,PA,Montour,2021,FALSE,2,1211976.242,2048.95,648.855,1371652.87,11812635.638,0.88359,0.001494,0.000473,100,0,0,0,0,0,3.1578,1867.8692,498.39,510.37,343.97
Pennsylvania,PA,Montour,2022,FALSE,2,1341227.036,2115.92,749.741,1463564.4,13072409.408,0.91641,0.001446,0.000512,100,0,0,0,0,0,2.8222,1788.9205,10.66,3.27,15.55
Pennsylvania,PA,Montour,2023,FALSE,2,528826.844,429.12,294.369,640313.57,6494801.63,0.82589,0.00067,0.00046,100,0,0,0,0,0,1.4578,1796.476,-60.57,-79.72,-60.74
Pennsylvania,PA,Montour,2024,FALSE,2,2011155.54,449.692,1111.292,3116457.86,30652074.727,0.64533,0.000144,0.000357,100,0,0,0,0,0,0.4047,1809.7454,280.31,4.79,277.52
Pennsylvania,PA,Montour,2025,FALSE,2,2695778.507,2.29,1526.087,4938528.78,45475336.641,0.54587,0,0.000309,0,100,0,0,0,0,0.0015,1766.4645,34.04,-99.49,37.33
Pennsylvania,PA,Montour,2026,TRUE,2,1234048.382,1.052,683.713,2209629.99,20817295.246,0.55849,0,0.000309,0,100,0,0,0,0,0.0015,1804.9216,-54.22,-54.06,-55.2
Pennsylvania,PA,Northampton,2020,FALSE,12,3914390.08,46.1,424.683,8485081.65,65713699.262,0.46133,0.000005,0.00005,0.18,92.52,7.3,0,0,0,0.1086,9217.2046,,,
Pennsylvania,PA,Northampton,2021,FALSE,12,3891697.075,77.082,464.366,8503029.47,64369962.417,0.45768,0.000009,0.000055,1.79,91.07,7.14,0,0,0,0.166,8380.6676,-0.58,67.21,9.34
Pennsylvania,PA,Northampton,2022,FALSE,12,4682808.538,280.686,578.383,9670197.62,73620678.573,0.48425,0.000029,0.00006,7.12,88.69,4.19,0,0,0,0.4853,8096.38,20.33,264.14,24.55
Pennsylvania,PA,Northampton,2023,FALSE,12,5819063.759,399.882,773.935,11911408.18,92450567.819,0.48853,0.000034,0.000065,6.17,86.12,7.7,0,0,0,0.5167,7518.8017,24.26,42.47,33.81
Pennsylvania,PA,Northampton,2024,FALSE,12,6926898.492,522.415,1585.226,13514463.58,110988207.583,0.51255,0.000039,0.000117,5.14,94.86,0,0,0,0,0.3296,4369.6599,19.04,30.64,104.83
Pennsylvania,PA,Northampton,2025,FALSE,12,6996615.002,718.301,1494.26,13672034.7,110953220.585,0.51175,0.000053,0.000109,6.05,93.95,0,0,0,0,0.4807,4682.3277,1.01,37.5,-5.74
Pennsylvania,PA,Northampton,2026,TRUE,12,3688463.324,362.198,912.22,7162475.62,59057913.028,0.51497,0.000051,0.000127,3.38,96.62,0,0,0,0,0.3971,4043.3923,-47.28,-49.58,-38.95
Pennsylvania,PA,Northumberland,2020,FALSE,1,91160.458,78.646,23.726,41493.82,774489.808,2.19696,0.001895,0.000572,100,0,0,0,0,0,3.3148,3842.2177,,,
Pennsylvania,PA,Northumberland,2021,FALSE,1,2349.333,5.03,0.828,1969.19,19962.728,1.19305,0.002554,0.00042,100,0,0,0,0,0,6.0749,2837.3587,-97.42,-93.6,-96.51
Pennsylvania,PA,Northumberland,2022,FALSE,1,369907.056,483.287,129.955,104883.13,3142614.732,3.52685,0.004608,0.001239,100,0,0,0,0,0,3.7189,2846.4242,15645.19,9508.09,15595.05
Pennsylvania,PA,Northumberland,2023,FALSE,1,286382.573,255.856,93.131,102491.52,2513195.134,2.79421,0.002496,0.000909,100,0,0,0,0,0,2.7473,3075.051,-22.58,-47.06,-28.34
Pennsylvania,PA,Northumberland,2024,FALSE,1,255392.734,472.013,409.328,44542.3,2307118.041,5.73371,0.010597,0.00919,100,0,0,0,0,0,1.1531,623.9317,-10.82,84.48,339.52
Pennsylvania,PA,Northumberland,2025,FALSE,0,0,0,0,0,0,,,,,,,,,,,,-100,-100,-100
Pennsylvania,PA,Northumberland,2026,TRUE,0,0,0,0,0,0,,,,,,,,,,,,,,
Pennsylvania,PA,Perry,2020,FALSE,0,0,0,0,0,0,,,,,,,,,,,,,,
Pennsylvania,PA,Perry,2021,FALSE,0,0,0,0,0,0,,,,,,,,,,,,,,
Pennsylvania,PA,Perry,2022,FALSE,0,0,0,0,0,0,,,,,,,,,,,,,,
Pennsylvania,PA,Perry,2023,FALSE,0,0,0,0,0,0,,,,,,,,,,,,,,
Pennsylvania,PA,Philadelphia,2020,FALSE,15,638441.926,4.257,381.812,865354.23,17990275.766,0.73778,0.000005,0.000441,0,99.6,0.4,0,0,0,0.0111,1672.1369,,,
Pennsylvania,PA,Philadelphia,2021,FALSE,15,540436.849,4.333,364.794,745112.7,15967236.289,0.72531,0.000006,0.00049,0,99.45,0.55,0,0,0,0.0119,1481.485,-15.35,1.79,-4.46
Pennsylvania,PA,Philadelphia,2022,FALSE,12,705264.309,13.052,367.331,915633.49,15809158.333,0.77025,0.000014,0.000401,0,98.2,1.8,0,0,0,0.0355,1919.9695,30.5,201.22,0.7
Pennsylvania,PA,Philadelphia,2023,FALSE,11,772376.318,4.995,326.016,895875.95,15477590.731,0.86215,0.000006,0.000364,0,99.5,0.5,0,0,0,0.0153,2369.1362,9.52,-61.73,-11.25
Pennsylvania,PA,Philadelphia,2024,FALSE,11,781923.805,4.29,301.426,890712.09,15567732.637,0.87786,0.000005,0.000338,0,99.47,0.53,0,0,0,0.0142,2594.0821,1.24,-14.11,-7.54
Pennsylvania,PA,Philadelphia,2025,FALSE,11,747619.176,11.411,344.271,846019.75,15345919.149,0.88369,0.000013,0.000407,0,98.36,1.64,0,0,0,0.0331,2171.6008,-4.39,165.99,14.21
Pennsylvania,PA,Philadelphia,2026,TRUE,10,383965.446,12.625,174.368,428926.88,7475024.051,0.89518,0.000029,0.000407,0,96.52,3.48,0,0,0,0.0724,2202.0408,-48.64,10.64,-49.35
Pennsylvania,PA,Schuylkill,2020,FALSE,5,2783710.702,2165.521,968.616,214589.5,23745599.748,12.97226,0.010091,0.004514,100,0,0,0,0,0,2.2357,2873.9053,,,
Pennsylvania,PA,Schuylkill,2021,FALSE,4,2491814.495,1951.732,860.579,165945.19,20942101.321,15.01589,0.011761,0.005186,100,0,0,0,0,0,2.2679,2895.5093,-10.49,-9.87,-11.15
Pennsylvania,PA,Schuylkill,2022,FALSE,4,2607029.776,2019.732,924.916,197531.35,22310867.744,13.19806,0.010225,0.004682,100,0,0,0,0,0,2.1837,2818.6665,4.62,3.48,7.48
Pennsylvania,PA,Schuylkill,2023,FALSE,4,2590019.987,2035.6,812.664,179801.85,21977165.048,14.40486,0.011321,0.00452,100,0,0,0,0,0,2.5048,3187.0736,-0.65,0.79,-12.14
Pennsylvania,PA,Schuylkill,2024,FALSE,4,2475673.544,1958.628,728.41,167090.29,21084629.09,14.81638,0.011722,0.004359,100,0,0,0,0,0,2.6889,3398.7363,-4.41,-3.78,-10.37
Pennsylvania,PA,Schuylkill,2025,FALSE,4,2605448.964,2062.941,798.76,163297.47,21528199.858,15.95523,0.012633,0.004891,100,0,0,0,0,0,2.5827,3261.8671,5.24,5.33,9.66
Pennsylvania,PA,Schuylkill,2026,TRUE,4,1314132.424,1044.785,521.143,84735.65,11111806.09,15.50861,0.01233,0.00615,100,0,0,0,0,0,2.0048,2521.635,-49.56,-49.35,-34.76
Pennsylvania,PA,Snyder,2020,FALSE,3,2578849.087,13.019,131.039,6359956.45,43394135.915,0.40548,0.000002,0.000021,0,100,0,0,0,0,0.0994,19680.012,,,
Pennsylvania,PA,Snyder,2021,FALSE,3,3112939.912,15.715,158.61,7667953.38,52381049.664,0.40597,0.000002,0.000021,0,100,0,0,0,0,0.0991,19626.3786,20.71,20.71,21.04
Pennsylvania,PA,Snyder,2022,FALSE,3,3207975.722,16.194,163.259,7881827.9,53980386.438,0.40701,0.000002,0.000021,0,100,0,0,0,0,0.0992,19649.6103,3.05,3.05,2.93
Pennsylvania,PA,Snyder,2023,FALSE,3,3199586.202,16.153,162.547,7864706.67,53839112.518,0.40683,0.000002,0.000021,0,100,0,0,0,0,0.0994,19684.068,-0.26,-0.25,-0.44
Pennsylvania,PA,Snyder,2024,FALSE,3,3120301.322,15.752,158.319,7680671.23,52505057.26,0.40625,0.000002,0.000021,0,100,0,0,0,0,0.0995,19708.9504,-2.48,-2.48,-2.6
Pennsylvania,PA,Snyder,2025,FALSE,3,3406353.642,17.196,172.606,8348935.61,57318572.032,0.408,0.000002,0.000021,0,100,0,0,0,0,0.0996,19734.8507,9.17,9.17,9.02
Pennsylvania,PA,Snyder,2026,TRUE,3,1713313.369,8.649,90.726,4168428.51,28829888.646,0.41102,0.000002,0.000022,0,100,0,0,0,0,0.0953,18884.4804,-49.7,-49.7,-47.44
Pennsylvania,PA,Venango,2020,FALSE,12,101492.472,335.952,338.221,121965.65,1625318.956,0.83214,0.002754,0.002773,7.43,92.57,0,0,0,0,0.9933,300.0774,,,
Pennsylvania,PA,Venango,2021,FALSE,12,541194.023,1039.589,509.009,60167.29,5673068.14,8.99482,0.017278,0.00846,86.17,13.83,0,0,0,0,2.0424,1063.2308,433.24,209.45,50.5
Pennsylvania,PA,Venango,2022,FALSE,12,671037.606,1574.871,476.337,92103.63,6831997.518,7.28568,0.017099,0.005172,85.64,14.36,0,0,0,0,3.3062,1408.7455,23.99,51.49,-6.42
Pennsylvania,PA,Venango,2023,FALSE,12,571302.733,1168.843,387.796,134310.83,5972952.821,4.25359,0.008703,0.002887,77.9,22.1,0,0,0,0,3.0141,1473.2043,-14.86,-25.78,-18.59
Pennsylvania,PA,Venango,2024,FALSE,12,177960.573,316.53,208.822,84979.59,2157563.125,2.09416,0.003725,0.002457,50.01,49.99,0,0,0,0,1.5158,852.2118,-68.85,-72.92,-46.15
Pennsylvania,PA,Venango,2025,FALSE,12,874680.198,1128.834,658.913,165515.52,9154925.356,5.28458,0.00682,0.003981,77.67,22.33,0,0,0,0,1.7132,1327.4593,391.5,256.63,215.54
Pennsylvania,PA,Venango,2026,TRUE,12,397715.533,557.563,294.934,67905.91,4281513.538,5.85686,0.008211,0.004343,81.34,18.66,0,0,0,0,1.8905,1348.4899,-54.53,-50.61,-55.24
Pennsylvania,PA,Warren,2020,FALSE,1,0,0.036,7.303,1818.39,29123.316,0,0.00002,0.004016,0,100,0,0,0,0,0.0049,0,,,
Pennsylvania,PA,Warren,2021,FALSE,1,0,0.035,28.836,7702.41,117581.186,0,0.000005,0.003744,0,100,0,0,0,0,0.0012,0,,-2.78,294.85
Pennsylvania,PA,Warren,2022,FALSE,1,7608.004,0.051,40.472,11689.35,170755.231,0.65085,0.000004,0.003462,0,100,0,0,0,0,0.0013,187.9819,,45.71,40.35
Pennsylvania,PA,Warren,2023,FALSE,1,16584.803,0.085,70.672,19611.11,278957.039,0.84568,0.000004,0.003604,0,100,0,0,0,0,0.0012,234.6729,117.99,66.67,74.62
Pennsylvania,PA,Warren,2024,FALSE,1,13378.662,0.068,53.894,15568.78,225137.808,0.85933,0.000004,0.003462,0,100,0,0,0,0,0.0013,248.2403,-19.33,-20,-23.74
Pennsylvania,PA,Warren,2025,FALSE,1,10179.67,0.051,41.742,11607.35,171176.755,0.877,0.000004,0.003596,0,100,0,0,0,0,0.0012,243.8712,-23.91,-25,-22.55
Pennsylvania,PA,Warren,2026,TRUE,1,1862.9,0.214,9.127,1513.38,28505.9,1.23095,0.000141,0.006031,0,100,0,0,0,0,0.0234,204.1087,-81.7,319.61,-78.13
Pennsylvania,PA,Westmoreland,2020,FALSE,2,2619041.536,13.221,107.016,6414337.35,44070327.49,0.40831,0.000002,0.000017,0,100,0,0,0,0,0.1235,24473.3641,,,
Pennsylvania,PA,Westmoreland,2021,FALSE,2,2939362.203,14.838,118.74,7275930.04,49460537.083,0.40398,0.000002,0.000016,0,100,0,0,0,0,0.125,24754.6084,12.23,12.23,10.96
Pennsylvania,PA,Westmoreland,2022,FALSE,2,2811958.373,14.517,117.044,7157572.08,48386672.46,0.39286,0.000002,0.000016,0,100,0,0,0,0,0.124,24024.7973,-4.33,-2.16,-1.43
Pennsylvania,PA,Westmoreland,2023,FALSE,2,2660610.337,13.735,110.221,6815740.91,45782306.174,0.39036,0.000002,0.000016,0,100,0,0,0,0,0.1246,24138.8695,-5.38,-5.39,-5.83
Pennsylvania,PA,Westmoreland,2024,FALSE,2,2834842.275,14.634,117.176,7239024.46,48780434.493,0.39161,0.000002,0.000016,0,100,0,0,0,0,0.1249,24193.0282,6.55,6.55,6.31
Pennsylvania,PA,Westmoreland,2025,FALSE,2,2519947.788,13.009,104.472,6444493.57,43361959.113,0.39102,0.000002,0.000016,0,100,0,0,0,0,0.1245,24120.7959,-11.11,-11.1,-10.84
Pennsylvania,PA,Westmoreland,2026,TRUE,2,1441243.22,7.44,64.652,3656069.71,24800185.768,0.39421,0.000002,0.000018,0,100,0,0,0,0,0.1151,22292.3223,-42.81,-42.81,-38.12
Pennsylvania,PA,Wyoming,2020,FALSE,2,0,0,120.604,375731.46,3941682.9,0,0,0.000321,0,100,0,0,0,0,0,0,,,
Pennsylvania,PA,Wyoming,2021,FALSE,2,0,0,112.354,375138.08,3796594.925,0,0,0.0003,0,100,0,0,0,0,0,0,,,-6.84
Pennsylvania,PA,Wyoming,2022,FALSE,2,0,0,122.245,368956.78,3858131.626,0,0,0.000331,0,100,0,0,0,0,0,0,,,8.8
Pennsylvania,PA,Wyoming,2023,FALSE,2,0,0,128.597,353029.82,3711479.933,0,0,0.000364,0,100,0,0,0,0,0,0,,,5.2
Pennsylvania,PA,Wyoming,2024,FALSE,2,0,0,112.617,184257.76,2058800.059,0,0,0.000611,0,100,0,0,0,0,0,0,,,-12.43
Pennsylvania,PA,Wyoming,2025,FALSE,2,0,0,103.405,300258.14,3228210.001,0,0,0.000344,0,100,0,0,0,0,0,0,,,-8.18
Pennsylvania,PA,Wyoming,2026,TRUE,2,0,0,44.267,64712.12,736761.157,0,0,0.000684,0,100,0,0,0,0,0,0,,,-57.19
Pennsylvania,PA,York,2020,FALSE,13,5190692.535,667.255,1633.885,10911351.76,88519053.294,0.47571,0.000061,0.00015,25.59,74.36,0.05,0,0,0,0.4084,3176.902,,,
Pennsylvania,PA,York,2021,FALSE,13,5917529.503,3664.103,3863.825,10725634.98,89349381.501,0.55172,0.000342,0.00036,34.18,65.76,0.06,0,0,0,0.9483,1531.5211,14,449.13,136.48
Pennsylvania,PA,York,2022,FALSE,13,6470433.333,2717.987,4068.315,11425591.06,98972829.602,0.56631,0.000238,0.000356,44.42,55.51,0.07,0,0,0,0.6681,1590.4455,9.34,-25.82,5.29
Pennsylvania,PA,York,2023,FALSE,13,6217465.952,230.495,1941.856,11905808.91,101598325.065,0.52222,0.000019,0.000163,34.53,65.46,0.01,0,0,0,0.1187,3201.8162,-3.91,-91.52,-52.27
Pennsylvania,PA,York,2024,FALSE,13,6869467.426,765.757,2469.404,13115036.56,111000953.403,0.52379,0.000058,0.000188,36.89,63.09,0.01,0,0,0,0.3101,2781.8321,10.49,232.22,27.17
Pennsylvania,PA,York,2025,FALSE,13,7596494.376,3416.639,4410.477,13548390.82,113748414.763,0.56069,0.000252,0.000326,40.34,59.61,0.05,0,0,0,0.7747,1722.3748,10.58,346.18,78.6
Pennsylvania,PA,York,2026,TRUE,10,3620267.301,1567.787,1751.176,6753768.51,55088423.469,0.53604,0.000232,0.000259,36.7,63.27,0.02,0,0,0,0.8953,2067.3349,-52.34,-54.11,-60.3
Puerto Rico,PR,Guayama Municipio,2020,FALSE,2,0,0,0,3435607.52,0,0,0,0,,,,,,,,,,,
Puerto Rico,PR,Guayama Municipio,2021,FALSE,2,0,0,0,3662161.7,0,0,0,0,,,,,,,,,,,
Puerto Rico,PR,Guayama Municipio,2022,FALSE,2,0,0,0,3339353.37,0,0,0,0,,,,,,,,,,,
Puerto Rico,PR,Guayama Municipio,2023,FALSE,2,0,0,0,2988310.6,0,0,0,0,,,,,,,,,,,
Puerto Rico,PR,Guayama Municipio,2024,FALSE,2,0,0,0,3290497.89,0,0,0,0,,,,,,,,,,,
Puerto Rico,PR,Guayama Municipio,2025,FALSE,2,0,0,0,3436231.79,0,0,0,0,,,,,,,,,,,
Puerto Rico,PR,Guayama Municipio,2026,TRUE,2,0,0,0,1760668.83,0,0,0,0,,,,,,,,,,,
Rhode Island,RI,Newport,2020,FALSE,1,674833.269,3.407,54.042,1633464.28,11355303.976,0.41313,0.000002,0.000033,0,100,0,0,0,0,0.063,12487.2001,,,
Rhode Island,RI,Newport,2021,FALSE,1,641234.672,3.237,53.174,1545144.39,10790040.535,0.415,0.000002,0.000034,0,100,0,0,0,0,0.0609,12059.1769,-4.98,-4.99,-1.61
Rhode Island,RI,Newport,2022,FALSE,1,446483.643,2.254,38.11,1089021.86,7513015.009,0.40999,0.000002,0.000035,0,100,0,0,0,0,0.0591,11715.6558,-30.37,-30.37,-28.33
Rhode Island,RI,Newport,2023,FALSE,1,694375.794,3.505,58.171,1694673.89,11684181.423,0.40974,0.000002,0.000034,0,100,0,0,0,0,0.0603,11936.8035,55.52,55.5,52.64
Rhode Island,RI,Newport,2024,FALSE,1,704140.48,3.555,57.313,1718041.39,11848484.182,0.40985,0.000002,0.000033,0,100,0,0,0,0,0.062,12285.8772,1.41,1.43,-1.47
Rhode Island,RI,Newport,2025,FALSE,1,619368.272,3.212,54.882,1531898.14,10707451.719,0.40431,0.000002,0.000036,0,100,0,0,0,0,0.0585,11285.4537,-12.04,-9.65,-4.24
Rhode Island,RI,Newport,2026,TRUE,1,257901.337,1.337,25.239,637998.03,4457066.364,0.40424,0.000002,0.00004,0,100,0,0,0,0,0.053,10218.3659,-58.36,-58.37,-54.01
Rhode Island,RI,Providence,2020,FALSE,10,2905446.044,14.884,430.227,5646016.42,48909798.757,0.5146,0.000003,0.000076,0,100,0,0,0,0,0.0346,6753.2862,,,
Rhode Island,RI,Providence,2021,FALSE,10,3139882.184,16.206,489.755,5981268.58,52812962.199,0.52495,0.000003,0.000082,0,100,0,0,0,0,0.0331,6411.1284,8.07,8.88,13.84
Rhode Island,RI,Providence,2022,FALSE,9,2622365.802,14.919,401.995,5064071.62,43929660.935,0.51784,0.000003,0.000079,0,100,0,0,0,0,0.0371,6523.3792,-16.48,-7.94,-17.92
Rhode Island,RI,Providence,2023,FALSE,9,3576750.148,19.032,560.165,6494770.99,60121171.554,0.55071,0.000003,0.000086,0,100,0,0,0,0,0.034,6385.1725,36.39,27.57,39.35
Rhode Island,RI,Providence,2024,FALSE,9,3215583.765,16.571,488.663,5964251.1,54113528.526,0.53914,0.000003,0.000082,0,100,0,0,0,0,0.0339,6580.3709,-10.1,-12.93,-12.76
Rhode Island,RI,Providence,2025,FALSE,9,3221734.093,19.532,466.844,6014329.14,54615784.265,0.53568,0.000003,0.000078,0,100,0,0,0,0,0.0418,6901.0935,0.19,17.87,-4.47
Rhode Island,RI,Providence,2026,TRUE,9,1248847.059,11.715,209.424,2189730.09,20638936.835,0.57032,0.000005,0.000096,0,100,0,0,0,0,0.0559,5963.2471,-61.24,-40.02,-55.14
South Carolina,SC,Aiken,2020,FALSE,4,899655.854,4.529,222.64,1360374.48,15099214.228,0.66133,0.000003,0.000164,0,100,0,0,0,0,0.0203,4040.8545,,,
South Carolina,SC,Aiken,2021,FALSE,4,1050830.728,6.955,288.735,1604809.44,17621719.579,0.6548,0.000004,0.00018,0,100,0,0,0,0,0.0241,3639.4297,16.8,53.57,29.69
South Carolina,SC,Aiken,2022,FALSE,4,954565.432,4.888,236.89,1409682.49,15973388.257,0.67715,0.000003,0.000168,0,100,0,0,0,0,0.0206,4029.5725,-9.16,-29.72,-17.96
South Carolina,SC,Aiken,2023,FALSE,4,958432.722,4.851,224.586,1427856.3,16126062.788,0.67124,0.000003,0.000157,0,100,0,0,0,0,0.0216,4267.5533,0.41,-0.76,-5.19
South Carolina,SC,Aiken,2024,FALSE,3,680129.569,3.488,176.68,982892.23,11411739.59,0.69197,0.000004,0.00018,0,100,0,0,0,0,0.0197,3849.4995,-29.04,-28.1,-21.33
South Carolina,SC,Aiken,2025,FALSE,4,776624.571,3.902,206.695,1134450.83,13057358.363,0.68458,0.000003,0.000182,0,100,0,0,0,0,0.0189,3757.3457,14.19,11.87,16.99
South Carolina,SC,Aiken,2026,TRUE,4,533828.333,2.771,171.881,773474.74,8913012.548,0.69017,0.000004,0.000222,0,100,0,0,0,0,0.0161,3105.8019,-31.26,-28.99,-16.84
South Carolina,SC,Anderson,2020,FALSE,11,5228029.425,26.399,682.676,10403655.96,87967452.226,0.50252,0.000003,0.000066,0,100,0,0,0,0,0.0387,7658.1415,,,
South Carolina,SC,Anderson,2021,FALSE,11,4963867.506,25.071,623.979,9849336.5,83528913.699,0.50398,0.000003,0.000063,0,100,0,0,0,0,0.0402,7955.1836,-5.05,-5.03,-8.6
South Carolina,SC,Anderson,2022,FALSE,11,4884034.854,24.667,696.695,9240448.8,82198439.957,0.52855,0.000003,0.000075,0,100,0,0,0,0,0.0354,7010.2912,-1.61,-1.61,11.65
South Carolina,SC,Anderson,2023,FALSE,11,5473864.24,27.644,737.688,10671515.97,92119611.074,0.51294,0.000003,0.000069,0,100,0,0,0,0,0.0375,7420.2973,12.08,12.07,5.88
South Carolina,SC,Anderson,2024,FALSE,11,4797040.013,24.23,662.215,9423312.7,80740341.766,0.50906,0.000003,0.00007,0,100,0,0,0,0,0.0366,7243.9314,-12.36,-12.35,-10.23
South Carolina,SC,Anderson,2025,FALSE,11,4840741.329,24.446,573.431,9679414.1,81456648.692,0.50011,0.000003,0.000059,0,100,0,0,0,0,0.0426,8441.7154,0.91,0.89,-13.41
South Carolina,SC,Anderson,2026,TRUE,11,2393762.846,12.088,302.351,4696524.26,40277912.427,0.50969,0.000003,0.000064,0,100,0,0,0,0,0.04,7917.1653,-50.55,-50.55,-47.27
South Carolina,SC,Beaufort,2020,FALSE,2,0,2.289,5.492,424.57,9153.2,0,0.005391,0.012935,0,0,100,0,0,0,0.4168,0,,,
South Carolina,SC,Beaufort,2021,FALSE,3,0,2.849,6.838,520.94,11395,0,0.005469,0.013126,0,0,100,0,0,0,0.4166,0,,24.46,24.51
South Carolina,SC,Beaufort,2022,FALSE,3,0,22.835,54.791,4439.5,91321.1,0,0.005144,0.012342,0,0,100,0,0,0,0.4168,0,,701.51,701.27
South Carolina,SC,Beaufort,2023,FALSE,3,0,1.523,3.654,127.97,6090.2,0,0.011901,0.028554,0,0,100,0,0,0,0.4168,0,,-93.33,-93.33
South Carolina,SC,Beaufort,2024,FALSE,3,0,8.439,20.25,861.75,33749.5,0,0.009793,0.023499,0,0,100,0,0,0,0.4167,0,,454.1,454.19
South Carolina,SC,Beaufort,2025,FALSE,3,0,4.285,10.282,337.48,17136.2,0,0.012697,0.030467,0,0,100,0,0,0,0.4167,0,,-49.22,-49.22
South Carolina,SC,Beaufort,2026,TRUE,3,0,6.362,15.263,993.6,25437.4,0,0.006403,0.015361,0,0,100,0,0,0,0.4168,0,,48.47,48.44
South Carolina,SC,Berkeley,2020,FALSE,7,9993653.753,3331.343,4457.248,9754865.43,98009629.504,1.02448,0.000342,0.000457,99.38,0.61,0,0,0,0,0.7474,2242.113,,,
South Carolina,SC,Berkeley,2021,FALSE,8,10973861.339,4489.234,5070.188,10662397.73,107898463.363,1.02921,0.000421,0.000476,99.13,0.87,0,0,0,0,0.8854,2164.3894,9.81,34.76,13.75
South Carolina,SC,Berkeley,2022,FALSE,6,10266194.092,3613.533,5254.594,10226587.7,100061335.039,1.00387,0.000353,0.000514,100,0,0,0,0,0,0.6877,1953.7559,-6.45,-19.51,3.64
South Carolina,SC,Berkeley,2023,FALSE,5,11517843.59,5158.484,5833.172,11331225.56,112259743.227,1.01647,0.000455,0.000515,100,0,0,0,0,0,0.8843,1974.5421,12.19,42.75,11.01
South Carolina,SC,Berkeley,2024,FALSE,6,11831709.851,5548.363,5917.028,11322315.47,115368203.561,1.04499,0.00049,0.000523,99.89,0.11,0,0,0,0,0.9377,1999.6035,2.73,7.56,1.44
South Carolina,SC,Berkeley,2025,FALSE,6,12742397.638,6122.42,5814.173,12177239.85,124275419.021,1.04641,0.000503,0.000477,99.84,0.16,0,0,0,0,1.053,2191.6096,7.7,10.35,-1.74
South Carolina,SC,Berkeley,2026,TRUE,6,5544070.353,2819.85,2684.559,5279838.64,54059267.239,1.05005,0.000534,0.000508,99.85,0.15,0,0,0,0,1.0504,2065.1699,-56.49,-53.94,-53.83
South Carolina,SC,Calhoun,2020,FALSE,5,1364928.278,7.202,142.511,2978491.14,23892419.4,0.45826,0.000002,0.000048,0,100,0,0,0,0,0.0505,9577.7047,,,
South Carolina,SC,Calhoun,2021,FALSE,5,1271934.503,6.422,141.196,2758329.63,22565996.934,0.46112,0.000002,0.000051,0,100,0,0,0,0,0.0455,9008.2899,-6.81,-10.83,-0.92
South Carolina,SC,Calhoun,2022,FALSE,5,1298576.311,6.562,141.261,2812133.34,22948916.033,0.46178,0.000002,0.00005,0,100,0,0,0,0,0.0465,9192.7447,2.09,2.18,0.05
South Carolina,SC,Calhoun,2023,FALSE,5,1146999.589,5.808,132.119,2545481.47,20720817.663,0.4506,0.000002,0.000052,0,100,0,0,0,0,0.044,8681.5643,-11.67,-11.49,-6.47
South Carolina,SC,Calhoun,2024,FALSE,5,1473496.232,7.442,169.94,3355864.83,26695774.273,0.43908,0.000002,0.000051,0,100,0,0,0,0,0.0438,8670.6851,28.47,28.13,28.63
South Carolina,SC,Calhoun,2025,FALSE,5,1386525.088,7.001,157.342,3134584.8,25271016.289,0.44233,0.000002,0.00005,0,100,0,0,0,0,0.0445,8812.174,-5.9,-5.93,-7.41
South Carolina,SC,Calhoun,2026,TRUE,5,622061.255,3.141,74.083,1377005.52,11368677.864,0.45175,0.000002,0.000054,0,100,0,0,0,0,0.0424,8396.8151,-55.14,-55.13,-52.92
South Carolina,SC,Charleston,2020,FALSE,5,16567.102,0.081,494.946,17342.68,3631851.596,0.95528,0.000005,0.028539,87.79,12.21,0,0,0,0,0.0002,33.4725,,,
South Carolina,SC,Charleston,2021,FALSE,1,16419.673,0.078,20.747,18172.48,244222.905,0.90355,0.000004,0.001142,0,100,0,0,0,0,0.0038,791.424,-0.89,-3.7,-95.81
South Carolina,SC,Charleston,2022,FALSE,1,18460.286,0.114,22.492,20028.42,264469.37,0.9217,0.000006,0.001123,0,100,0,0,0,0,0.0051,820.749,12.43,46.15,8.41
South Carolina,SC,Charleston,2023,FALSE,1,16372.208,0.081,17.24,17468.8,242190.101,0.93723,0.000005,0.000987,0,100,0,0,0,0,0.0047,949.664,-11.31,-28.95,-23.35
South Carolina,SC,Charleston,2024,FALSE,1,13625.891,0.07,14.201,14728.67,200918.332,0.92513,0.000005,0.000964,0,100,0,0,0,0,0.0049,959.5022,-16.77,-13.58,-17.63
South Carolina,SC,Charleston,2025,FALSE,1,23535.593,0.125,24.672,25935.4,346181.41,0.90747,0.000005,0.000951,0,100,0,0,0,0,0.0051,953.9394,72.73,78.57,73.73
South Carolina,SC,Charleston,2026,TRUE,1,22629.085,0.152,25.218,24340.4,321322.364,0.92969,0.000006,0.001036,0,100,0,0,0,0,0.006,897.3386,-3.85,21.6,2.21
South Carolina,SC,Cherokee,2020,FALSE,14,404986.941,2.182,115.812,602878.8,6795939.787,0.67176,0.000004,0.000192,0,100,0,0,0,0,0.0188,3496.9342,,,
South Carolina,SC,Cherokee,2021,FALSE,14,439626.875,2.866,125.672,653279.13,7364213.06,0.67295,0.000004,0.000192,0,100,0,0,0,0,0.0228,3498.2086,8.55,31.35,8.51
South Carolina,SC,Cherokee,2022,FALSE,14,1040439.477,6.278,317.603,1626956.47,17340565.439,0.6395,0.000004,0.000195,0,100,0,0,0,0,0.0198,3275.912,136.66,119.05,152.72
South Carolina,SC,Cherokee,2023,FALSE,14,265744.331,1.425,151.544,410802.63,4460549.026,0.64689,0.000003,0.000369,0,100,0,0,0,0,0.0094,1753.5787,-74.46,-77.3,-52.29
South Carolina,SC,Cherokee,2024,FALSE,14,665052.542,3.671,210.206,1001161.55,11178468.104,0.66428,0.000004,0.00021,0,100,0,0,0,0,0.0175,3163.8133,150.26,157.61,38.71
South Carolina,SC,Cherokee,2025,FALSE,14,1008852.748,4.893,282.23,1555526.93,16969192.751,0.64856,0.000003,0.000181,0,100,0,0,0,0,0.0173,3574.5766,51.7,33.29,34.26
South Carolina,SC,Cherokee,2026,TRUE,14,535804.575,6.87,177.143,813577.67,8846189.997,0.65858,0.000008,0.000218,0,100,0,0,0,0,0.0388,3024.7008,-46.89,40.4,-37.23
South Carolina,SC,Darlington,2020,FALSE,10,4473.433,1.123,10.185,4559.55,62005.218,0.98111,0.000246,0.002234,0,89.05,10.95,0,0,0,0.1103,439.2178,,,
South Carolina,SC,Darlington,2021,FALSE,2,4942.36,0.027,4.637,5877.82,73563.364,0.84085,0.000005,0.000789,0,100,0,0,0,0,0.0058,1065.8529,10.48,-97.6,-54.47
South Carolina,SC,Darlington,2022,FALSE,2,71207.395,0.368,61.838,97758.35,1125858.416,0.7284,0.000004,0.000633,0,100,0,0,0,0,0.006,1151.5152,1340.76,1262.96,1233.58
South Carolina,SC,Darlington,2023,FALSE,2,17983.139,0.091,14.499,24140.09,285744.853,0.74495,0.000004,0.000601,0,100,0,0,0,0,0.0063,1240.302,-74.75,-75.27,-76.55
South Carolina,SC,Darlington,2024,FALSE,2,14488.269,0.072,13.42,18912.09,220684.924,0.76609,0.000004,0.00071,0,100,0,0,0,0,0.0054,1079.6028,-19.43,-20.88,-7.44
South Carolina,SC,Darlington,2025,FALSE,2,44825.375,0.225,45.653,58503.98,669881.014,0.76619,0.000004,0.00078,0,100,0,0,0,0,0.0049,981.8714,209.39,212.5,240.19
South Carolina,SC,Darlington,2026,TRUE,2,28071.42,0.141,27.697,37678.22,431557.133,0.74503,0.000004,0.000735,0,100,0,0,0,0,0.0051,1013.5184,-37.38,-37.33,-39.33
South Carolina,SC,Fairfield,2025,FALSE,2,11438.93,0.064,2.099,18024.26,186151.505,0.63464,0.000004,0.000116,0,100,0,0,0,0,0.0305,5449.7046,,,
South Carolina,SC,Fairfield,2026,TRUE,2,7010.852,0.045,2.164,10679.41,106993.577,0.65648,0.000004,0.000203,0,100,0,0,0,0,0.0208,3239.7652,-38.71,-29.69,3.1
South Carolina,SC,Florence,2020,FALSE,1,0,0,332.491,0,2971997.4,,,,100,0,0,0,0,0,0,0,,,
South Carolina,SC,Georgetown,2020,FALSE,4,2689178.031,1299.719,1005.532,2629805.51,26210305.23,1.02258,0.000494,0.000382,100,0,0,0,0,0,1.2926,2674.3833,,,
South Carolina,SC,Georgetown,2021,FALSE,4,3632698.089,2030.439,1386.791,3522661.97,35406433.644,1.03124,0.000576,0.000394,100,0,0,0,0,0,1.4641,2619.4993,35.09,56.22,37.92
South Carolina,SC,Georgetown,2022,FALSE,4,2862903.251,1346.175,1198.55,2711366.76,27903552.593,1.05589,0.000496,0.000442,100,0,0,0,0,0,1.1232,2388.639,-21.19,-33.7,-13.57
South Carolina,SC,Georgetown,2023,FALSE,4,3176781.85,1672.099,1512.359,3064772.25,30962806.313,1.03655,0.000546,0.000493,100,0,0,0,0,0,1.1056,2100.5475,10.96,24.21,26.18
South Carolina,SC,Georgetown,2024,FALSE,4,4329994.671,2377.601,2074.855,4172258.96,42202685.673,1.03781,0.00057,0.000497,100,0,0,0,0,0,1.1459,2086.8903,36.3,42.19,37.19
South Carolina,SC,Georgetown,2025,FALSE,4,4958339.042,3108.259,2403.64,4797448.48,48326935.978,1.03354,0.000648,0.000501,100,0,0,0,0,0,1.2931,2062.846,14.51,30.73,15.85
South Carolina,SC,Georgetown,2026,TRUE,4,2803159.519,1739.808,1337.067,2686507.34,27321263.155,1.04342,0.000648,0.000498,100,0,0,0,0,0,1.3012,2096.4989,-43.47,-44.03,-44.37
South Carolina,SC,Horry,2020,FALSE,2,0,0.654,1.567,113.76,2612.1,0,0.005749,0.013775,0,0,100,0,0,0,0.4174,0,,,
South Carolina,SC,Horry,2021,FALSE,2,0,1.947,4.67,319.55,7782,0,0.006093,0.014614,0,0,100,0,0,0,0.4169,0,,197.71,198.02
South Carolina,SC,Horry,2022,FALSE,2,0,17.08,40.983,1900.27,68303.8,0,0.008988,0.021567,0,0,100,0,0,0,0.4168,0,,777.25,777.58
South Carolina,SC,Horry,2023,FALSE,2,0,0.486,1.168,70.52,1946.1,0,0.006892,0.016563,0,0,100,0,0,0,0.4161,0,,-97.15,-97.15
South Carolina,SC,Horry,2024,FALSE,2,0,5.551,13.318,420.3,22198.1,0,0.013207,0.031687,0,0,100,0,0,0,0.4168,0,,1042.18,1040.24
South Carolina,SC,Horry,2025,FALSE,2,0,2.265,5.434,222.5,9057,0,0.01018,0.024422,0,0,100,0,0,0,0.4168,0,,-59.2,-59.2
South Carolina,SC,Horry,2026,TRUE,2,0,3.714,8.908,413.8,14846.6,0,0.008975,0.021527,0,0,100,0,0,0,0.4169,0,,63.97,63.93
South Carolina,SC,Jasper,2020,FALSE,3,2231415.451,11.266,155.381,5391243,37546655.606,0.4139,0.000002,0.000029,0,100,0,0,0,0,0.0725,14360.9286,,,
South Carolina,SC,Jasper,2021,FALSE,3,2039742.459,10.451,146.637,4880400.28,34319537.791,0.41795,0.000002,0.00003,0,100,0,0,0,0,0.0713,13910.1486,-8.59,-7.23,-5.63
South Carolina,SC,Jasper,2022,FALSE,3,2175035.691,10.985,153.173,5208093.87,36594775.14,0.41763,0.000002,0.000029,0,100,0,0,0,0,0.0717,14199.8635,6.63,5.11,4.46
South Carolina,SC,Jasper,2023,FALSE,3,2262070.579,11.422,159.366,5451635.65,38061148.695,0.41493,0.000002,0.000029,0,100,0,0,0,0,0.0717,14194.1856,4,3.98,4.04
South Carolina,SC,Jasper,2024,FALSE,3,1971042.526,9.953,138.583,4739218.67,33163208.104,0.4159,0.000002,0.000029,0,100,0,0,0,0,0.0718,14222.8305,-12.87,-12.86,-13.04
South Carolina,SC,Jasper,2025,FALSE,3,1534798.021,7.751,107.026,3697433.86,25822611.542,0.4151,0.000002,0.000029,0,100,0,0,0,0,0.0724,14340.4221,-22.13,-22.12,-22.77
South Carolina,SC,Jasper,2026,TRUE,3,869553.917,4.393,61.619,2094488.24,14627265.605,0.41516,0.000002,0.000029,0,100,0,0,0,0,0.0713,14111.7824,-43.34,-43.32,-42.43
South Carolina,SC,Lexington,2020,FALSE,2,558190.689,2.817,345.329,1104959.71,9416088.506,0.50517,0.000003,0.000313,0,100,0,0,0,0,0.0082,1616.4026,,,
South Carolina,SC,Lexington,2021,FALSE,2,491107.067,2.478,325.017,987537.09,8284593.568,0.4973,0.000003,0.000329,0,100,0,0,0,0,0.0076,1511.0196,-12.02,-12.03,-5.88
South Carolina,SC,Lexington,2022,FALSE,2,408756.922,2.028,272.321,812342.43,6895421.184,0.50318,0.000002,0.000335,0,100,0,0,0,0,0.0074,1501.0114,-16.77,-18.16,-16.21
South Carolina,SC,Lexington,2023,FALSE,2,402844.327,2.02,244.438,782344.96,6795623.662,0.51492,0.000003,0.000312,0,100,0,0,0,0,0.0083,1648.043,-1.45,-0.39,-10.24
South Carolina,SC,Lexington,2024,FALSE,2,453292.631,2.28,297.55,883510.01,7646664.568,0.51306,0.000003,0.000337,0,100,0,0,0,0,0.0077,1523.4167,12.52,12.87,21.73
South Carolina,SC,Lexington,2025,FALSE,2,139988.649,0.717,92.82,246019.67,2361469.609,0.56901,0.000003,0.000377,0,100,0,0,0,0,0.0077,1508.1733,-69.12,-68.55,-68.81
South Carolina,SC,Lexington,2026,TRUE,2,166950.295,0.842,139.374,298460.46,2816345.571,0.55937,0.000003,0.000467,0,100,0,0,0,0,0.006,1197.8582,19.26,17.43,50.16
South Carolina,SC,Marlboro,2020,FALSE,1,0,0,47.687,0,982832,,,,0,100,0,0,0,0,0,0,,,
South Carolina,SC,Orangeburg,2020,FALSE,1,693924.287,192.691,432.07,1027723.63,9646353.337,0.67521,0.000187,0.00042,0,100,0,0,0,0,0.446,1606.046,,,
South Carolina,SC,Orangeburg,2021,FALSE,1,1386475.989,507.743,931.397,1703556.95,18003784.612,0.81387,0.000298,0.000547,0,100,0,0,0,0,0.5451,1488.5983,99.8,163.5,115.57
South Carolina,SC,Orangeburg,2022,FALSE,1,1475718.94,717.55,1093.248,1844836.99,20180568.193,0.79992,0.000389,0.000593,0,100,0,0,0,0,0.6563,1349.8483,6.44,41.32,17.38
South Carolina,SC,Orangeburg,2023,FALSE,1,1063872.108,272.108,689.34,1476651.41,15502013.383,0.72046,0.000184,0.000467,0,100,0,0,0,0,0.3947,1543.3199,-27.91,-62.08,-36.95
South Carolina,SC,Orangeburg,2024,FALSE,1,1341748.403,597.117,996.824,1804980.28,17957094.429,0.74336,0.000331,0.000552,0,100,0,0,0,0,0.599,1346.0234,26.12,119.44,44.61
South Carolina,SC,Orangeburg,2025,FALSE,1,1253999.294,331.045,962.846,1874652.84,18160432.171,0.66892,0.000177,0.000514,0,100,0,0,0,0,0.3438,1302.3882,-6.54,-44.56,-3.41
South Carolina,SC,Orangeburg,2026,TRUE,1,542706.26,273.557,402.809,717075.77,6854200.679,0.75683,0.000381,0.000562,0,100,0,0,0,0,0.6791,1347.3042,-56.72,-17.37,-58.16
South Carolina,SC,Richland,2020,FALSE,3,886406.491,84.099,540.203,914770.58,9609686.963,0.96899,0.000092,0.000591,89.9,10.1,0,0,0,0,0.1557,1640.8767,,,
South Carolina,SC,Richland,2021,FALSE,1,1583756.5,159.018,950.751,1638844.4,15435984.287,0.96639,0.000097,0.00058,100,0,0,0,0,0,0.1673,1665.7953,78.67,89.08,76
South Carolina,SC,Richland,2022,FALSE,2,1938722.167,238.453,1178.798,2011044.85,18895983.401,0.96404,0.000119,0.000586,100,0,0,0,0,0,0.2023,1644.6602,22.41,49.95,23.99
South Carolina,SC,Richland,2023,FALSE,2,1790311.5,266.473,918.146,1917449.36,17449451.258,0.93369,0.000139,0.000479,100,0,0,0,0,0,0.2902,1949.9203,-7.66,11.75,-22.11
South Carolina,SC,Richland,2024,FALSE,2,2370256.794,223.827,1034.888,2463963.08,23102014.793,0.96197,0.000091,0.00042,100,0,0,0,0,0,0.2163,2290.351,32.39,-16,12.71
South Carolina,SC,Richland,2025,FALSE,2,2680595.994,473.688,1187.141,2616756.7,26126696.634,1.0244,0.000181,0.000454,100,0,0,0,0,0,0.399,2258.0266,13.09,111.63,14.71
South Carolina,SC,Richland,2026,TRUE,2,1787388.188,188.788,757.993,1712575.46,17420757.307,1.04368,0.00011,0.000443,100,0,0,0,0,0,0.2491,2358.0537,-33.32,-60.15,-36.15
South Carolina,SC,York,2020,FALSE,0,0,0,0,0,0,,,,,,,,,,,,,,
South Dakota,SD,Beadle,2020,FALSE,0,0,0,0,0,0,,,,,,,,,,,,,,
South Dakota,SD,Beadle,2021,FALSE,0,0,0,0,0,0,,,,,,,,,,,,,,
South Dakota,SD,Beadle,2022,FALSE,0,0,0,0,0,0,,,,,,,,,,,,,,
South Dakota,SD,Beadle,2023,FALSE,0,0,0,0,0,0,,,,,,,,,,,,,,
South Dakota,SD,Beadle,2024,FALSE,0,0,0,0,0,0,,,,,,,,,,,,,,
South Dakota,SD,Brown,2020,FALSE,5,450623.151,2.28,165.668,932213.25,7584090,0.48339,0.000002,0.000178,0,100,0,0,0,0,0.0138,2720.0374,,,
South Dakota,SD,Brown,2021,FALSE,5,430526.78,2.182,180.855,847639.85,7247269.341,0.50791,0.000003,0.000213,0,100,0,0,0,0,0.0121,2380.508,-4.46,-4.3,9.17
South Dakota,SD,Brown,2022,FALSE,5,508091.05,2.578,181.685,1015522.05,8552650.302,0.50032,0.000003,0.000179,0,100,0,0,0,0,0.0142,2796.5492,18.02,18.15,0.46
South Dakota,SD,Brown,2023,FALSE,5,631375.307,3.199,158.178,1338455.55,10625876.384,0.47172,0.000002,0.000118,0,100,0,0,0,0,0.0202,3991.5494,24.26,24.09,-12.94
South Dakota,SD,Brown,2024,FALSE,5,663045.539,3.417,151.343,1381586.98,11147900.65,0.47992,0.000002,0.00011,0,100,0,0,0,0,0.0226,4381.0783,5.02,6.81,-4.32
South Dakota,SD,Brown,2025,FALSE,4,731786.252,3.711,220.376,1493417.34,12317457.227,0.49001,0.000002,0.000148,0,100,0,0,0,0,0.0168,3320.6259,10.37,8.6,45.61
South Dakota,SD,Brown,2026,TRUE,5,352158.208,1.866,86.04,723699.69,5912493.79,0.48661,0.000003,0.000119,0,100,0,0,0,0,0.0217,4092.9592,-51.88,-49.72,-60.96
South Dakota,SD,Deuel,2021,FALSE,1,160587.054,0.811,30.943,262541.86,2702181.923,0.61166,0.000003,0.000118,0,100,0,0,0,0,0.0262,5189.77,,,
South Dakota,SD,Deuel,2022,FALSE,1,110070.888,0.556,23.801,176325.24,1852163.821,0.62425,0.000003,0.000135,0,100,0,0,0,0,0.0234,4624.6329,-31.46,-31.44,-23.08
South Dakota,SD,Deuel,2023,FALSE,1,250974.584,1.267,50.956,407920.4,4223136.667,0.61525,0.000003,0.000125,0,100,0,0,0,0,0.0249,4925.3196,128.01,127.88,114.09
South Dakota,SD,Deuel,2024,FALSE,1,254652,1.286,60.845,413862.19,4285018.016,0.61531,0.000003,0.000147,0,100,0,0,0,0,0.0211,4185.2576,1.47,1.5,19.41
South Dakota,SD,Deuel,2025,FALSE,1,283847.265,1.433,64.668,456246.3,4776286.804,0.62214,0.000003,0.000142,0,100,0,0,0,0,0.0222,4389.3002,11.46,11.43,6.28
South Dakota,SD,Deuel,2026,TRUE,1,102376.433,0.517,25.674,163876.48,1722659.296,0.62472,0.000003,0.000157,0,100,0,0,0,0,0.0201,3987.5529,-63.93,-63.92,-60.3
South Dakota,SD,Grant,2020,FALSE,1,2075891.345,664.003,784.43,1743985.08,19793030.226,1.19031,0.000381,0.00045,100,0,0,0,0,0,0.8465,2646.3691,,,
South Dakota,SD,Grant,2021,FALSE,1,2066414.732,667.319,750.527,1727005.39,19702669.899,1.19653,0.000386,0.000435,100,0,0,0,0,0,0.8891,2753.285,-0.46,0.5,-4.32
South Dakota,SD,Grant,2022,FALSE,1,2390422.701,780.769,942.255,1976671.63,22791967.156,1.20932,0.000395,0.000477,100,0,0,0,0,0,0.8286,2536.917,15.68,17,25.55
South Dakota,SD,Grant,2023,FALSE,1,2094916.223,726.938,794,1658505.34,19974388.52,1.26314,0.000438,0.000479,100,0,0,0,0,0,0.9155,2638.4335,-12.36,-6.89,-15.73
South Dakota,SD,Grant,2024,FALSE,1,2210266.433,724.02,788.669,1659183.84,21074250.461,1.33214,0.000436,0.000475,100,0,0,0,0,0,0.918,2802.5273,5.51,-0.4,-0.67
South Dakota,SD,Grant,2025,FALSE,1,2656747.154,857.064,984.819,2136206.05,25331296.972,1.24368,0.000401,0.000461,100,0,0,0,0,0,0.8703,2697.701,20.2,18.38,24.87
South Dakota,SD,Grant,2026,TRUE,1,836127.651,263.4,312.137,652517.75,7972235.447,1.28139,0.000404,0.000478,100,0,0,0,0,0,0.8439,2678.7201,-68.53,-69.27,-68.31
South Dakota,SD,Minnehaha,2020,FALSE,3,98691.592,0.498,33.707,139689.9,1656245.238,0.7065,0.000004,0.000241,0,100,0,0,0,0,0.0148,2927.9257,,,
South Dakota,SD,Minnehaha,2021,FALSE,3,121332.174,0.612,46.235,165453.36,1997209.871,0.73333,0.000004,0.000279,0,100,0,0,0,0,0.0132,2624.2495,22.94,22.89,37.17
South Dakota,SD,Minnehaha,2022,FALSE,3,87387.695,0.44,29.012,120947.74,1464832.394,0.72252,0.000004,0.00024,0,100,0,0,0,0,0.0152,3012.1224,-27.98,-28.1,-37.25
South Dakota,SD,Minnehaha,2023,FALSE,3,177101.003,0.893,70.459,238599.05,2979526.358,0.74225,0.000004,0.000295,0,100,0,0,0,0,0.0127,2513.5327,102.66,102.95,142.86
South Dakota,SD,Minnehaha,2024,FALSE,3,178925.972,0.901,68.246,243287.85,3002613.658,0.73545,0.000004,0.000281,0,100,0,0,0,0,0.0132,2621.7796,1.03,0.9,-3.14
South Dakota,SD,Minnehaha,2025,FALSE,3,184092.246,0.93,72.957,243999.33,3096857.901,0.75448,0.000004,0.000299,0,100,0,0,0,0,0.0127,2523.2979,2.89,3.22,6.9
South Dakota,SD,Minnehaha,2026,TRUE,3,32958.94,0.152,19.781,39901.49,503568.153,0.82601,0.000004,0.000496,0,100,0,0,0,0,0.0077,1666.1918,-82.1,-83.66,-72.89
South Dakota,SD,Pennington,2020,FALSE,1,22296.534,0.113,13.667,37648.55,375206.784,0.59223,0.000003,0.000363,0,100,0,0,0,0,0.0083,1631.4139,,,
South Dakota,SD,Pennington,2021,FALSE,1,27021.179,0.136,15.84,46228.53,454670.494,0.58451,0.000003,0.000343,0,100,0,0,0,0,0.0086,1705.8825,21.19,20.35,15.9
South Dakota,SD,Pennington,2022,FALSE,1,17840.404,0.09,9.514,30222.95,300199.505,0.59029,0.000003,0.000315,0,100,0,0,0,0,0.0095,1875.1738,-33.98,-33.82,-39.94
South Dakota,SD,Pennington,2023,FALSE,1,25821.395,0.13,12.117,41610.22,434504.478,0.62055,0.000003,0.000291,0,100,0,0,0,0,0.0107,2131.0056,44.74,44.44,27.36
South Dakota,SD,Pennington,2024,FALSE,1,75538.621,0.381,36.038,123440.42,1271093.255,0.61194,0.000003,0.000292,0,100,0,0,0,0,0.0106,2096.0825,192.54,193.08,197.42
South Dakota,SD,Pennington,2025,FALSE,1,92536.086,0.467,45.521,153679.12,1557136.104,0.60214,0.000003,0.000296,0,100,0,0,0,0,0.0103,2032.8219,22.5,22.57,26.31
South Dakota,SD,Pennington,2026,TRUE,1,21128.2,0.107,9.403,34252.07,355527.003,0.61684,0.000003,0.000275,0,100,0,0,0,0,0.0114,2246.9637,-77.17,-77.09,-79.34
Tennessee,TN,Anderson,2020,FALSE,1,745998.767,228.6,425.753,738714.37,7270929.042,1.00986,0.000309,0.000576,100,0,0,0,0,0,0.5369,1752.1868,,,
Tennessee,TN,Anderson,2021,FALSE,1,985835.2,273.66,476.903,953085.19,9608556.401,1.03436,0.000287,0.0005,100,0,0,0,0,0,0.5738,2067.1608,32.15,19.71,12.01
Tennessee,TN,Anderson,2022,FALSE,1,1269525.443,342.973,768.021,1223613.89,12373557.114,1.03752,0.00028,0.000628,100,0,0,0,0,0,0.4466,1652.9827,28.78,25.33,61.04
Tennessee,TN,Anderson,2023,FALSE,1,901593.139,348.141,446.951,847648.16,8787436.555,1.06364,0.000411,0.000527,100,0,0,0,0,0,0.7789,2017.208,-28.98,1.51,-41.8
Tennessee,TN,Hardin,2020,FALSE,1,0,0,48.948,0,633359.188,,,,0,0,100,0,0,0,0,0,,,
Tennessee,TN,Hardin,2021,FALSE,1,0,0,81.524,0,658322.327,,,,0,0,100,0,0,0,0,0,,,66.55
Tennessee,TN,Hardin,2022,FALSE,1,0,0,74.198,0,746096.5,,,,0,0,100,0,0,0,0,0,,,-8.99
Tennessee,TN,Hawkins,2020,FALSE,3,2131601.988,10.764,167.456,5174546.84,35867829.357,0.41194,0.000002,0.000032,0,100,0,0,0,0,0.0643,12729.3258,,,
Tennessee,TN,Hawkins,2021,FALSE,3,1782232.484,9.236,180.576,4132545.92,29945424.141,0.43127,0.000002,0.000044,0,100,0,0,0,0,0.0511,9869.7085,-16.39,-14.2,7.83
Tennessee,TN,Hawkins,2022,FALSE,7,1923702.792,9.761,826.1,4629668.62,34289700.022,0.41552,0.000002,0.000178,0,100,0,0,0,0,0.0118,2328.6561,7.94,5.68,357.48
Tennessee,TN,Hawkins,2023,FALSE,7,1884780.45,9.518,285.84,4419586.2,32338680.12,0.42646,0.000002,0.000065,0,100,0,0,0,0,0.0333,6593.8303,-2.02,-2.49,-65.4
Tennessee,TN,Hawkins,2024,FALSE,7,1812723.848,9.391,163.599,4226634.53,30938773.576,0.42888,0.000002,0.000039,0,100,0,0,0,0,0.0574,11080.2868,-3.82,-1.33,-42.77
Tennessee,TN,Hawkins,2025,FALSE,7,2080866.396,10.569,181.741,4889013.14,35505703.425,0.42562,0.000002,0.000037,0,100,0,0,0,0,0.0582,11449.6255,14.79,12.54,11.09
Tennessee,TN,Hawkins,2026,TRUE,7,836832.635,4.308,85.417,1939980.12,14235220.476,0.43136,0.000002,0.000044,0,100,0,0,0,0,0.0504,9797.0268,-59.78,-59.24,-53
Tennessee,TN,Haywood,2020,FALSE,18,1734099.265,9.177,287.671,4178491.86,29173048.234,0.41501,0.000002,0.000069,0,91.56,8.44,0,0,0,0.0319,6028.0642,,,
Tennessee,TN,Haywood,2021,FALSE,18,1449936.054,7.795,266.843,3320564.32,24390613.845,0.43665,0.000002,0.00008,0,88.91,11.09,0,0,0,0.0292,5433.6672,-16.39,-15.06,-7.24
Tennessee,TN,Haywood,2022,FALSE,18,2006479.038,15.205,393.017,4590106.9,33684024.086,0.43713,0.000003,0.000086,0,87.78,12.22,0,0,0,0.0387,5105.3238,38.38,95.06,47.28
Tennessee,TN,Haywood,2023,FALSE,18,1453527.649,7.588,200.059,3676176.14,24454528.065,0.39539,0.000002,0.000054,0,100,0,0,0,0,0.0379,7265.4949,-27.56,-50.1,-49.1
Tennessee,TN,Haywood,2024,FALSE,18,1600389.6,8.967,275.597,3898486.32,26915810.899,0.41052,0.000002,0.000071,0,100,0,0,0,0,0.0325,5806.9921,10.1,18.17,37.76
Tennessee,TN,Haywood,2025,FALSE,18,1440472.669,7.305,198.17,3663911.96,24238092.387,0.39315,0.000002,0.000054,0,100,0,0,0,0,0.0369,7268.8735,-9.99,-18.53,-28.09
Tennessee,TN,Haywood,2026,TRUE,18,836442.796,4.41,134.509,2071319.29,14071919.84,0.40382,0.000002,0.000065,0,100,0,0,0,0,0.0328,6218.4894,-41.93,-39.63,-32.12
Tennessee,TN,Humphreys,2020,FALSE,22,498715.351,17.143,92.535,1044772.45,8623089.481,0.47734,0.000016,0.000089,0,93.15,6.85,0,0,0,0.1853,5389.478,,,
Tennessee,TN,Humphreys,2021,FALSE,22,556962.885,28.396,233.261,1135318.85,9910447.854,0.49058,0.000025,0.000205,0,100,0,0,0,0,0.1217,2387.724,11.68,65.64,152.08
Tennessee,TN,Humphreys,2022,FALSE,22,638170.634,88.086,290.8,1249209.2,11071182.481,0.51086,0.000071,0.000233,0,100,0,0,0,0,0.3029,2194.5345,14.58,210.21,24.67
Tennessee,TN,Humphreys,2023,FALSE,22,493125.151,15.377,108.485,1009243.49,8801893.268,0.48861,0.000015,0.000107,0,100,0,0,0,0,0.1417,4545.5607,-22.73,-82.54,-62.69
Tennessee,TN,Humphreys,2024,FALSE,16,557480.454,9.448,146.602,1150326.55,10497735.64,0.48463,0.000008,0.000127,0,100,0,0,0,0,0.0644,3802.6797,13.05,-38.56,35.14
Tennessee,TN,Humphreys,2025,FALSE,26,895232.735,8.419,189.408,1829964.69,15346071.329,0.48921,0.000005,0.000104,0,100,0,0,0,0,0.0444,4726.4779,60.59,-10.89,29.2
Tennessee,TN,Humphreys,2026,TRUE,24,468460.49,5.523,190.229,932782.44,8296608.092,0.50222,0.000006,0.000204,0,100,0,0,0,0,0.029,2462.6134,-47.67,-34.4,0.43
Tennessee,TN,Loudon,2020,FALSE,4,0,0,148.347,329069.73,4967312.832,0,0,0.000451,0,100,0,0,0,0,0,0,,,
Tennessee,TN,Loudon,2021,FALSE,4,0,0,152.865,344387.45,5451143.104,0,0,0.000444,0,100,0,0,0,0,0,0,,,3.05
Tennessee,TN,Loudon,2022,FALSE,4,0,0,147.296,383592.45,5529110.859,0,0,0.000384,0,100,0,0,0,0,0,0,,,-3.64
Tennessee,TN,Loudon,2023,FALSE,4,0,0,135.903,396458.09,5405675.397,0,0,0.000343,0,100,0,0,0,0,0,0,,,-7.73
Tennessee,TN,Loudon,2024,FALSE,3,0,0,143.795,393195.34,5655877.856,0,0,0.000366,0,100,0,0,0,0,0,0,,,5.81
Tennessee,TN,Loudon,2025,FALSE,4,0,0,144.01,365344.95,5234274.636,0,0,0.000394,0,100,0,0,0,0,0,0,,,0.15
Tennessee,TN,Loudon,2026,TRUE,2,0,0,86.611,205615.85,2985168.002,0,0,0.000421,0,100,0,0,0,0,0,0,,,-39.86
Tennessee,TN,McMinn,2020,FALSE,1,0,0,94.921,0,1904765.958,,,,0,100,0,0,0,0,0,0,,,
Tennessee,TN,McMinn,2021,FALSE,2,0,0,138.767,0,1244810.912,,,,0,100,0,0,0,0,0,0,,,46.19
Tennessee,TN,McMinn,2022,FALSE,1,0,0,38.831,0,382208.731,,,,0,100,0,0,0,0,0,0,,,-72.02
Tennessee,TN,McMinn,2023,FALSE,0,0,0,0,0,0,,,,,,,,,,,,,,-100
Tennessee,TN,McMinn,2024,FALSE,0,0,0,0,0,0,,,,,,,,,,,,,,
Tennessee,TN,Roane,2020,FALSE,9,1958476.24,872.785,696.432,1745384.21,18878690.876,1.12209,0.0005,0.000399,100,0,0,0,0,0,1.2532,2812.1572,,,
Tennessee,TN,Roane,2021,FALSE,9,3466275.062,2012.848,1200.31,3154799.65,33413101.631,1.09873,0.000638,0.00038,100,0,0,0,0,0,1.6769,2887.8165,76.99,130.62,72.35
Tennessee,TN,Roane,2022,FALSE,9,4190937.879,2142.783,1639.881,3701139.87,40398480.496,1.13234,0.000579,0.000443,100,0,0,0,0,0,1.3067,2555.6354,20.91,6.46,36.62
Tennessee,TN,Roane,2023,FALSE,9,3199509.069,1942.417,1344.036,2801316.27,30807749.475,1.14214,0.000693,0.00048,100,0,0,0,0,0,1.4452,2380.5233,-23.66,-9.35,-18.04
Tennessee,TN,Roane,2024,FALSE,9,4396598.793,3387.556,1799.658,3906311.79,42311195.553,1.12551,0.000867,0.000461,100,0,0,0,0,0,1.8823,2443.0191,37.41,74.4,33.9
Tennessee,TN,Roane,2025,FALSE,9,4648292.164,3148.457,1762.803,4207111.29,44733418.91,1.10487,0.000748,0.000419,100,0,0,0,0,0,1.7861,2636.8756,5.72,-7.06,-2.05
Tennessee,TN,Roane,2026,TRUE,9,1851440.767,929.355,657.057,1723329.83,17798050.832,1.07434,0.000539,0.000381,100,0,0,0,0,0,1.4144,2817.778,-60.17,-70.48,-62.73
Tennessee,TN,Shelby,2020,FALSE,4,1464222.803,7.397,235.077,3809910.36,24820550.179,0.38432,0.000002,0.000062,0,100,0,0,0,0,0.0315,6228.6944,,,
Tennessee,TN,Shelby,2021,FALSE,5,1632351.047,8.786,191.497,4240346.18,28038216.476,0.38496,0.000002,0.000045,0,100,0,0,0,0,0.0459,8524.1599,11.48,18.78,-18.54
Tennessee,TN,Shelby,2022,FALSE,5,2108288.837,12.757,217.638,5589486.52,36112555.886,0.37719,0.000002,0.000039,0,100,0,0,0,0,0.0586,9687.1357,29.16,45.2,13.65
Tennessee,TN,Shelby,2023,FALSE,5,2132715.549,13.337,245.982,5494221.87,36483464.554,0.38817,0.000002,0.000045,0,100,0,0,0,0,0.0542,8670.2098,1.16,4.55,13.02
Tennessee,TN,Shelby,2024,FALSE,3,2521361.921,12.728,221.856,6583135.04,42802236.126,0.383,0.000002,0.000034,0,100,0,0,0,0,0.0574,11364.8579,18.22,-4.57,-9.81
Tennessee,TN,Shelby,2025,FALSE,3,2284807.746,11.534,170.264,6018530.34,38629943.153,0.37963,0.000002,0.000028,0,100,0,0,0,0,0.0677,13419.2063,-9.38,-9.38,-23.25
Tennessee,TN,Shelby,2026,TRUE,3,1056588.015,5.334,89.32,2718701.57,17928948.622,0.38864,0.000002,0.000033,0,100,0,0,0,0,0.0597,11829.2433,-53.76,-53.75,-47.54
Tennessee,TN,Stewart,2020,FALSE,4,10382601.489,7177.595,3921.137,10185966.44,101328432.745,1.0193,0.000705,0.000385,99.87,0,0.13,0,0,0,1.8305,2647.8548,,,
Tennessee,TN,Stewart,2021,FALSE,4,11709627.985,8928.575,4473.591,11118081.51,114283434.434,1.05321,0.000803,0.000402,99.86,0,0.14,0,0,0,1.9958,2617.5008,12.78,24.4,14.09
Tennessee,TN,Stewart,2022,FALSE,4,8372294.594,5780.936,3170.879,7861783.45,82061715.381,1.06494,0.000735,0.000403,99.44,0,0.56,0,0,0,1.8231,2640.3703,-28.5,-35.25,-29.12
Tennessee,TN,Stewart,2023,FALSE,4,10320486.05,4074.45,3504.61,9747990.78,100801039.935,1.05873,0.000418,0.00036,99.79,0,0.21,0,0,0,1.1626,2944.8315,23.27,-29.52,10.52
Tennessee,TN,Stewart,2024,FALSE,4,10826807.045,4599.982,4166.326,10296584.18,105830344.221,1.0515,0.000447,0.000405,99.71,0,0.29,0,0,0,1.1041,2598.6462,4.91,12.9,18.88
Tennessee,TN,Stewart,2025,FALSE,4,10281710.852,5209.335,4065.651,9794971.41,100510061.435,1.04969,0.000532,0.000415,99.7,0,0.3,0,0,0,1.2813,2528.9212,-5.03,13.25,-2.42
Tennessee,TN,Stewart,2026,TRUE,4,5395423.862,2944.375,2415.13,5296148.18,52826080.27,1.01874,0.000556,0.000456,99.55,0,0.45,0,0,0,1.2191,2234.0097,-47.52,-43.48,-40.6
Tennessee,TN,Sullivan,2020,FALSE,9,0,0,1418.074,0,16554910.57,,,,39.67,60.33,0,0,0,0,0,0,,,
Tennessee,TN,Sullivan,2021,FALSE,9,0,0,1487.549,0,17275799.332,,,,37.05,62.95,0,0,0,0,0,0,,,4.9
Tennessee,TN,Sullivan,2022,FALSE,9,0,0,1515.858,0,16909969.977,,,,35.1,64.9,0,0,0,0,0,0,,,1.9
Tennessee,TN,Sullivan,2023,FALSE,10,0,0,1388.132,0,15829218.891,,,,36.5,63.5,0,0,0,0,0,0,,,-8.43
Tennessee,TN,Sullivan,2024,FALSE,10,0,0,1622.121,0,16433412.055,,,,38.44,61.56,0,0,0,0,0,0,,,16.86
Tennessee,TN,Sullivan,2025,FALSE,9,0,0,1352.435,0,13965802.164,,,,40.24,59.76,0,0,0,0,0,0,,,-16.63
Tennessee,TN,Sullivan,2026,TRUE,9,0,0,474.603,0,5449883.576,,,,37.11,62.89,0,0,0,0,0,0,,,-64.91
Tennessee,TN,Sumner,2020,FALSE,11,2853724.553,1046.692,940.85,2760504.41,27983225.26,1.03377,0.000379,0.000341,93.56,0.53,5.91,0,0,0,1.1125,3033.1345,,,
Tennessee,TN,Sumner,2021,FALSE,11,4674720.898,1792.245,1328.469,4507724.12,44921989.406,1.03705,0.000398,0.000295,98.17,1.83,0,0,0,0,1.3491,3518.8784,63.81,71.23,41.2
Tennessee,TN,Sumner,2022,FALSE,12,5156512.883,1842.691,1415.357,5000581.74,50124559.334,1.03118,0.000368,0.000283,95.58,4.42,0,0,0,0,1.3019,3643.2595,10.31,2.81,6.54
Tennessee,TN,Sumner,2023,FALSE,11,4599323.74,1431.31,1236.607,4308843.25,44144181.602,1.06741,0.000332,0.000287,98.45,1.55,0,0,0,0,1.1574,3719.3092,-10.81,-22.33,-12.63
Tennessee,TN,Sumner,2024,FALSE,12,4850980.348,1398.598,1256.417,4628021.87,46599128.579,1.04818,0.000302,0.000271,98.23,1.77,0,0,0,0,1.1132,3860.9636,5.47,-2.29,1.6
Tennessee,TN,Sumner,2025,FALSE,12,5820471.819,1721.643,1616.018,5671131.24,56265439.179,1.02633,0.000304,0.000285,96.86,3.14,0,0,0,0,1.0654,3601.737,19.99,23.1,28.62
Tennessee,TN,Sumner,2026,TRUE,12,2594805.905,736.586,881.252,2550698.23,25844527.499,1.01729,0.000289,0.000345,90.18,9.82,0,0,0,0,0.8358,2944.4539,-55.42,-57.22,-45.47
Tennessee,TN,Weakley,2020,FALSE,3,291158.105,1.47,170.582,455513.05,4899365.157,0.63919,0.000003,0.000374,0,100,0,0,0,0,0.0086,1706.8513,,,
Tennessee,TN,Weakley,2021,FALSE,3,408590.844,2.062,253.921,631476.35,6875297.049,0.64704,0.000003,0.000402,0,100,0,0,0,0,0.0081,1609.1258,40.33,40.27,48.86
Tennessee,TN,Weakley,2022,FALSE,3,472891.042,2.387,303.803,731715.39,7957364.096,0.64628,0.000003,0.000415,0,100,0,0,0,0,0.0079,1556.5713,15.74,15.76,19.64
Tennessee,TN,Weakley,2023,FALSE,3,210179.58,1.061,129.866,324199.13,3536696.033,0.6483,0.000003,0.000401,0,100,0,0,0,0,0.0082,1618.4342,-55.55,-55.55,-57.25
Tennessee,TN,Weakley,2024,FALSE,3,461741.746,2.33,284.005,711526.28,7769682.255,0.64895,0.000003,0.000399,0,100,0,0,0,0,0.0082,1625.8226,119.69,119.6,118.69
Tennessee,TN,Weakley,2025,FALSE,3,470152.384,2.374,310.69,735125.17,7911235.446,0.63955,0.000003,0.000423,0,100,0,0,0,0,0.0076,1513.2524,1.82,1.89,9.4
Tennessee,TN,Weakley,2026,TRUE,3,224091.472,1.132,145.087,348744.51,3770785.186,0.64257,0.000003,0.000416,0,100,0,0,0,0,0.0078,1544.5317,-52.34,-52.32,-53.3
Texas,TX,Atascosa,2020,FALSE,1,3223528.661,10411.749,2357.693,2610443.07,29608943.004,1.23486,0.003988,0.000903,100,0,0,0,0,0,4.4161,1367.2385,,,
Texas,TX,Atascosa,2021,FALSE,1,2580844.827,7578.593,1820.022,2157717.26,23705760.403,1.1961,0.003512,0.000843,100,0,0,0,0,0,4.164,1418.0295,-19.94,-27.21,-22.8
Texas,TX,Atascosa,2022,FALSE,1,2722753.646,9487.717,2017.502,2359746.02,25009232.607,1.15383,0.004021,0.000855,100,0,0,0,0,0,4.7027,1349.5668,5.5,25.19,10.85
Texas,TX,Atascosa,2023,FALSE,1,1972164.289,4615.175,1426.175,1573373.95,18114837.765,1.25346,0.002933,0.000906,100,0,0,0,0,0,3.2361,1382.8347,-27.57,-51.36,-29.31
Texas,TX,Atascosa,2024,FALSE,1,1766041.141,3760.923,1216.045,1493658.99,16221583.471,1.18236,0.002518,0.000814,100,0,0,0,0,0,3.0927,1452.2827,-10.45,-18.51,-14.73
Texas,TX,Atascosa,2025,FALSE,1,1723039.253,5078.363,1024.124,1615063.71,15826558.426,1.06686,0.003144,0.000634,100,0,0,0,0,0,4.9587,1682.4518,-2.43,35.03,-15.78
Texas,TX,Atascosa,2026,TRUE,1,672759.583,1930,405.217,605415.8,6179395.094,1.11124,0.003188,0.000669,100,0,0,0,0,0,4.7629,1660.2452,-60.96,-62,-60.43
Texas,TX,Bastrop,2020,FALSE,7,2773639.211,14.003,970.776,5253353.64,46671620.113,0.52797,0.000003,0.000185,0,100,0,0,0,0,0.0144,2857.1362,,,
Texas,TX,Bastrop,2021,FALSE,7,2124151.002,10.724,924.58,3957283.2,35742919.83,0.53677,0.000003,0.000234,0,100,0,0,0,0,0.0116,2297.4226,-23.42,-23.42,-4.76
Texas,TX,Bastrop,2022,FALSE,7,3099592.889,15.647,1293.854,5917699.52,52156776.821,0.52378,0.000003,0.000219,0,100,0,0,0,0,0.0121,2395.628,45.92,45.91,39.94
Texas,TX,Bastrop,2023,FALSE,7,3441492.487,17.373,1329.428,6508696.1,57909665.9,0.52875,0.000003,0.000204,0,100,0,0,0,0,0.0131,2588.7017,11.03,11.03,2.75
Texas,TX,Bastrop,2024,FALSE,7,3204151.506,16.175,1132.323,6186355.26,53916040.505,0.51794,0.000003,0.000183,0,100,0,0,0,0,0.0143,2829.7151,-6.9,-6.9,-14.83
Texas,TX,Bastrop,2025,FALSE,7,2625853.215,13.256,971.7,4933960.27,44184980.494,0.5322,0.000003,0.000197,0,100,0,0,0,0,0.0136,2702.3291,-18.05,-18.05,-14.19
Texas,TX,Bastrop,2026,TRUE,7,1065221.753,5.377,313.375,2111375.3,17924515.887,0.50452,0.000003,0.000148,0,100,0,0,0,0,0.0172,3399.1919,-59.43,-59.44,-67.75
Texas,TX,Bell,2020,FALSE,4,2555158.964,12.899,155.989,5610577.05,42995459.605,0.45542,0.000002,0.000028,0,100,0,0,0,0,0.0827,16380.3792,,,
Texas,TX,Bell,2021,FALSE,4,2687169.617,13.565,177.06,5910674.05,45216799.565,0.45463,0.000002,0.00003,0,100,0,0,0,0,0.0766,15176.6046,5.17,5.16,13.51
Texas,TX,Bell,2022,FALSE,4,3245820.566,16.385,194.191,7225926.07,54617252.289,0.44919,0.000002,0.000027,0,100,0,0,0,0,0.0844,16714.5777,20.79,20.79,9.68
Texas,TX,Bell,2023,FALSE,4,3367775.702,17.002,200.835,7429959.13,56669381.749,0.45327,0.000002,0.000027,0,100,0,0,0,0,0.0847,16768.8685,3.76,3.77,3.42
Texas,TX,Bell,2024,FALSE,4,3538007.465,17.861,202.588,7628399.86,59533815.257,0.46379,0.000002,0.000027,0,100,0,0,0,0,0.0882,17464.0525,5.05,5.05,0.87
Texas,TX,Bell,2025,FALSE,4,3676902.735,18.563,218.355,7906832.82,61870997.848,0.46503,0.000002,0.000028,0,100,0,0,0,0,0.085,16839.1048,3.93,3.93,7.78
Texas,TX,Bell,2026,TRUE,4,2049217.386,10.345,123.734,4352039.13,34481997.626,0.47086,0.000002,0.000028,0,100,0,0,0,0,0.0836,16561.4737,-44.27,-44.27,-43.33
Texas,TX,Bexar,2020,FALSE,17,8966578.498,768.904,4221.212,10904920.78,105974450.612,0.82225,0.000071,0.000387,58.33,41.67,0,0,0,0,0.1822,2124.1716,,,
Texas,TX,Bexar,2021,FALSE,17,11411185.69,969.691,5070.39,12768732.2,129904621.302,0.89368,0.000076,0.000397,65.79,34.21,0,0,0,0,0.1912,2250.5538,27.26,26.11,20.12
Texas,TX,Bexar,2022,FALSE,17,11006204.914,1142.085,6066.758,13182366.54,130524623.732,0.83492,0.000087,0.00046,57.64,42.36,0,0,0,0,0.1883,1814.1823,-3.55,17.78,19.65
Texas,TX,Bexar,2023,FALSE,17,9808277.647,636.606,5688.988,12330834.51,121534371.954,0.79543,0.000052,0.000461,49.28,50.72,0,0,0,0,0.1119,1724.0813,-10.88,-44.26,-6.23
Texas,TX,Bexar,2024,FALSE,17,11304092.802,883.621,7675.846,14573229.81,139396620.715,0.77568,0.000061,0.000527,50.16,49.84,0,0,0,0,0.1151,1472.6836,15.25,38.8,34.92
Texas,TX,Bexar,2025,FALSE,17,11709108.21,796.723,5998.55,13963580.97,138867880.465,0.83855,0.000057,0.00043,57.65,42.35,0,0,0,0,0.1328,1951.9898,3.58,-9.83,-21.85
Texas,TX,Bexar,2026,TRUE,15,4380728.879,530.806,2572.096,5606027.91,51044769.733,0.78143,0.000095,0.000459,58.48,41.52,0,0,0,0,0.2064,1703.1747,-62.59,-33.38,-57.12
Texas,TX,Bosque,2020,FALSE,3,1820587.018,9.191,281.024,3963934.3,30634795.32,0.45929,0.000002,0.000071,0,100,0,0,0,0,0.0327,6478.404,,,
Texas,TX,Bosque,2021,FALSE,3,1720420.389,8.684,288.465,3725356.62,28949445.037,0.46181,0.000002,0.000077,0,100,0,0,0,0,0.0301,5964.0524,-5.5,-5.52,2.65
Texas,TX,Bosque,2022,FALSE,3,1937207.061,9.78,280.974,4272010.81,32597175.431,0.45346,0.000002,0.000066,0,100,0,0,0,0,0.0348,6894.6132,12.6,12.62,-2.6
Texas,TX,Bosque,2023,FALSE,3,2019725.609,10.196,301.169,4486284.75,33985713.618,0.4502,0.000002,0.000067,0,100,0,0,0,0,0.0339,6706.2865,4.26,4.25,7.19
Texas,TX,Bosque,2024,FALSE,3,1724364.556,8.706,392.969,3640176.56,29015695.945,0.4737,0.000002,0.000108,0,100,0,0,0,0,0.0222,4388.0422,-14.62,-14.61,30.48
Texas,TX,Bosque,2025,FALSE,3,1759277.016,8.881,284.749,3949474.99,29603234.451,0.44545,0.000002,0.000072,0,100,0,0,0,0,0.0312,6178.3431,2.02,2.01,-27.54
Texas,TX,Bosque,2026,TRUE,3,715653.985,3.613,118.62,1590748.36,12042291.975,0.44989,0.000002,0.000075,0,100,0,0,0,0,0.0305,6033.1646,-59.32,-59.32,-58.34
Texas,TX,Brazoria,2020,FALSE,4,3327820.999,18.174,756.352,3242525.72,55995276.912,1.02631,0.000006,0.000233,0,100,0,0,0,0,0.024,4399.831,,,
Texas,TX,Brazoria,2021,FALSE,4,3550459.632,17.105,404.542,3385156.43,59743303.426,1.04883,0.000005,0.00012,0,100,0,0,0,0,0.0423,8776.492,6.69,-5.88,-46.51
Texas,TX,Brazoria,2022,FALSE,7,2859149.503,13.232,266.632,3056673.37,48110720.964,0.93538,0.000004,0.000087,0,100,0,0,0,0,0.0496,10723.2047,-19.47,-22.64,-34.09
Texas,TX,Brazoria,2023,FALSE,18,3200865.226,15.137,322.305,3679138.39,53860650.916,0.87,0.000004,0.000088,0,100,0,0,0,0,0.047,9931.1684,11.95,14.4,20.88
Texas,TX,Brazoria,2024,FALSE,19,3369754.805,17.557,626.818,3905357.96,56702662.101,0.86285,0.000004,0.000161,0,100,0,0,0,0,0.028,5375.9701,5.28,15.99,94.48
Texas,TX,Brazoria,2025,FALSE,20,3416150.285,16.244,541.588,4037921.68,57483238.935,0.84602,0.000004,0.000134,0,100,0,0,0,0,0.03,6307.6551,1.38,-7.48,-13.6
Texas,TX,Brazoria,2026,TRUE,20,1503312.832,7.623,191.968,1796169.14,25296117.245,0.83696,0.000004,0.000107,0,100,0,0,0,0,0.0397,7831.0595,-55.99,-53.07,-64.55
Texas,TX,Brazos,2020,FALSE,3,124061.837,0.627,77.891,178871.12,2087481.998,0.69358,0.000004,0.000435,0,100,0,0,0,0,0.008,1592.7622,,,
Texas,TX,Brazos,2021,FALSE,3,149786.423,0.756,71.052,218287.5,2520360.495,0.68619,0.000003,0.000325,0,100,0,0,0,0,0.0106,2108.124,20.74,20.57,-8.78
Texas,TX,Brazos,2022,FALSE,3,132422.909,0.668,57.721,249097.49,2228298.265,0.53161,0.000003,0.000232,0,100,0,0,0,0,0.0116,2294.1894,-11.59,-11.64,-18.76
Texas,TX,Brazos,2023,FALSE,3,111048.713,0.561,46.486,212478.56,1868598.016,0.52263,0.000003,0.000219,0,100,0,0,0,0,0.0121,2388.8636,-16.14,-16.02,-19.46
Texas,TX,Brazos,2024,FALSE,3,90145.757,0.455,45.647,173051.7,1516957.592,0.52092,0.000003,0.000264,0,100,0,0,0,0,0.01,1974.8452,-18.82,-18.89,-1.8
Texas,TX,Brazos,2025,FALSE,3,115411.99,0.582,54.51,226620.64,1942029.601,0.50927,0.000003,0.000241,0,100,0,0,0,0,0.0107,2117.2627,28.03,27.91,19.42
Texas,TX,Brazos,2026,TRUE,3,59573.316,0.301,30.551,120024.52,1002432.615,0.49634,0.000003,0.000255,0,100,0,0,0,0,0.0099,1949.9629,-48.38,-48.28,-43.95
Texas,TX,Calhoun,2020,FALSE,2,26412.332,0.134,5.825,41014.75,444437.984,0.64397,0.000003,0.000142,0,100,0,0,0,0,0.023,4534.3059,,,
Texas,TX,Calhoun,2021,FALSE,2,38875.575,0.197,13.737,62082.37,654163.597,0.62619,0.000003,0.000221,0,100,0,0,0,0,0.0143,2829.9902,47.19,47.01,135.83
Texas,TX,Calhoun,2022,FALSE,2,56449.028,0.285,6.665,89497.62,949854.756,0.63073,0.000003,0.000074,0,100,0,0,0,0,0.0428,8469.4716,45.2,44.67,-51.48
Texas,TX,Calhoun,2023,FALSE,2,45034.687,0.227,4.403,70681.09,757842.79,0.63715,0.000003,0.000062,0,100,0,0,0,0,0.0516,10228.1824,-20.22,-20.35,-33.94
Texas,TX,Calhoun,2024,FALSE,2,49751.599,0.251,5.965,78723.69,836918.844,0.63198,0.000003,0.000076,0,100,0,0,0,0,0.0421,8340.5866,10.47,10.57,35.48
Texas,TX,Calhoun,2025,FALSE,2,16315.506,0.082,2.302,27091.7,274583.96,0.60223,0.000003,0.000085,0,100,0,0,0,0,0.0356,7087.5352,-67.21,-67.33,-61.41
Texas,TX,Calhoun,2026,TRUE,2,5498.541,0.028,0.722,8526.43,92525.305,0.64488,0.000003,0.000085,0,100,0,0,0,0,0.0388,7615.7078,-66.3,-65.85,-68.64
Texas,TX,Cameron,2020,FALSE,2,87410.28,0.442,32.495,113006.08,1470921.537,0.7735,0.000004,0.000288,0,100,0,0,0,0,0.0136,2689.9609,,,
Texas,TX,Cameron,2021,FALSE,2,54041.654,0.273,25.487,67272.87,909388.569,0.80332,0.000004,0.000379,0,100,0,0,0,0,0.0107,2120.3615,-38.17,-38.24,-21.57
Texas,TX,Cameron,2022,FALSE,2,46522.626,0.235,21.742,61024.8,782810.97,0.76236,0.000004,0.000356,0,100,0,0,0,0,0.0108,2139.7583,-13.91,-13.92,-14.69
Texas,TX,Cameron,2023,FALSE,2,92181.948,0.465,35.74,117878.87,1551187.878,0.78201,0.000004,0.000303,0,100,0,0,0,0,0.013,2579.2375,98.14,97.87,64.38
Texas,TX,Cameron,2024,FALSE,2,75209.403,0.38,29.086,93306.86,1265545.663,0.80604,0.000004,0.000312,0,100,0,0,0,0,0.0131,2585.7596,-18.41,-18.28,-18.62
Texas,TX,Cameron,2025,FALSE,2,41895.359,0.211,13.704,52308.17,705038.595,0.80093,0.000004,0.000262,0,100,0,0,0,0,0.0154,3057.1628,-44.3,-44.47,-52.88
Texas,TX,Cameron,2026,TRUE,1,9251.844,0.047,1.95,12737.34,155652.397,0.72636,0.000004,0.000153,0,100,0,0,0,0,0.0241,4744.5354,-77.92,-77.73,-85.77
Texas,TX,Chambers,2020,FALSE,7,4158814.292,20.995,906.475,8273971.52,69980029.578,0.50264,0.000003,0.00011,0,100,0,0,0,0,0.0232,4587.8974,,,
Texas,TX,Chambers,2021,FALSE,7,4853463.044,24.501,1064.86,9323618.47,81668905.645,0.52056,0.000003,0.000114,0,100,0,0,0,0,0.023,4557.8414,16.7,16.7,17.47
Texas,TX,Chambers,2022,FALSE,7,4062624.866,20.51,1260.33,7030319.84,68361358.411,0.57787,0.000003,0.000179,0,100,0,0,0,0,0.0163,3223.4612,-16.29,-16.29,18.36
Texas,TX,Chambers,2023,FALSE,7,4871430.487,24.593,1367.704,9746336.04,81971307.168,0.49982,0.000003,0.00014,0,100,0,0,0,0,0.018,3561.7579,19.91,19.91,8.52
Texas,TX,Chambers,2024,FALSE,7,5144892.232,25.973,1882.334,10224891.61,86573205.65,0.50317,0.000003,0.000184,0,100,0,0,0,0,0.0138,2733.2515,5.61,5.61,37.63
Texas,TX,Chambers,2025,FALSE,7,3856732.323,19.472,642.535,7517396.35,64896956.011,0.51304,0.000003,0.000085,0,100,0,0,0,0,0.0303,6002.3692,-25.04,-25.03,-65.86
Texas,TX,Chambers,2026,TRUE,7,2165600.902,10.932,386.081,4262098.16,36440416.803,0.50811,0.000003,0.000091,0,100,0,0,0,0,0.0283,5609.188,-43.85,-43.86,-39.91
Texas,TX,Cherokee,2020,FALSE,2,145992.466,0.737,117.118,222380.3,2456600.196,0.6565,0.000003,0.000527,0,100,0,0,0,0,0.0063,1246.5417,,,
Texas,TX,Cherokee,2021,FALSE,2,221106.878,1.152,231.384,324655.21,3716063.386,0.68105,0.000004,0.000713,0,100,0,0,0,0,0.005,955.5841,51.45,56.31,97.56
Texas,TX,Cherokee,2022,FALSE,2,194184.988,1.143,194.216,247473.84,3193819.266,0.78467,0.000005,0.000785,0,100,0,0,0,0,0.0059,999.8403,-12.18,-0.78,-16.06
Texas,TX,Cherokee,2023,FALSE,2,705385.243,3.561,714.903,1105309.75,11869253.817,0.63818,0.000003,0.000647,0,100,0,0,0,0,0.005,986.6866,263.25,211.55,268.1
Texas,TX,Cherokee,2024,FALSE,2,604342.457,3.056,681.165,964323.37,10166605.542,0.6267,0.000003,0.000706,0,100,0,0,0,0,0.0045,887.2189,-14.32,-14.18,-4.72
Texas,TX,Cherokee,2025,FALSE,2,905207.898,4.586,937.585,1403518.81,15224541.031,0.64496,0.000003,0.000668,0,100,0,0,0,0,0.0049,965.4676,49.78,50.07,37.64
Texas,TX,Cherokee,2026,TRUE,2,100076.961,0.509,94.504,152385.58,1675058.913,0.65674,0.000003,0.00062,0,100,0,0,0,0,0.0054,1058.9706,-88.94,-88.9,-89.92
Texas,TX,Collin,2020,FALSE,4,14853.475,0.075,5.717,20125.75,249777.525,0.73803,0.000004,0.000284,0,100,0,0,0,0,0.0131,2598.124,,,
Texas,TX,Collin,2021,FALSE,4,52246.075,0.264,25.459,75748.25,878979.15,0.68973,0.000003,0.000336,0,100,0,0,0,0,0.0104,2052.1652,251.74,252,345.32
Texas,TX,Collin,2022,FALSE,3,49426.55,0.25,23.39,67239.75,831666.075,0.73508,0.000004,0.000348,0,100,0,0,0,0,0.0107,2113.1488,-5.4,-5.3,-8.13
Texas,TX,Collin,2023,FALSE,3,82501.425,0.417,40.948,126445.5,1388931.525,0.65247,0.000003,0.000324,0,100,0,0,0,0,0.0102,2014.7852,66.92,66.8,75.07
Texas,TX,Collin,2024,FALSE,3,33319.1,0.168,14.328,44267.75,560716.8,0.75267,0.000004,0.000324,0,100,0,0,0,0,0.0117,2325.4537,-59.61,-59.71,-65.01
Texas,TX,Collin,2025,FALSE,3,47436,0.24,18.448,56449,797889.6,0.84033,0.000004,0.000327,0,100,0,0,0,0,0.013,2571.3356,42.37,42.86,28.75
Texas,TX,Collin,2026,TRUE,3,12924.05,0.065,4.167,13980.75,217463.25,0.92442,0.000005,0.000298,0,100,0,0,0,0,0.0156,3101.5239,-72.75,-72.92,-77.41
Texas,TX,Dallas,2020,FALSE,5,593620.744,2.997,305.029,888204.99,9988788.315,0.66834,0.000003,0.000343,0,100,0,0,0,0,0.0098,1946.1125,,,
Texas,TX,Dallas,2021,FALSE,5,623081.894,3.657,347.812,891346.92,10475746.18,0.69903,0.000004,0.00039,0,100,0,0,0,0,0.0105,1791.433,4.96,22.02,14.03
Texas,TX,Dallas,2022,FALSE,5,839562.619,5.687,525.144,1188517.07,13784120.135,0.7064,0.000005,0.000442,0,100,0,0,0,0,0.0108,1598.7284,34.74,55.51,50.99
Texas,TX,Dallas,2023,FALSE,5,1051817.578,6.658,535.908,1569498.82,17548679.07,0.67016,0.000004,0.000341,0,100,0,0,0,0,0.0124,1962.6831,25.28,17.07,2.05
Texas,TX,Dallas,2024,FALSE,5,1484847.217,16.842,742.367,2247715.16,24799668.454,0.6606,0.000007,0.00033,0,100,0,0,0,0,0.0227,2000.1525,41.17,152.96,38.53
Texas,TX,Dallas,2025,FALSE,5,1722480.784,25.514,896.21,2558681.91,28677512.232,0.67319,0.00001,0.00035,0,100,0,0,0,0,0.0285,1921.9611,16,51.49,20.72
Texas,TX,Dallas,2026,TRUE,5,203348.377,18.032,126.279,281283.46,3283691.508,0.72293,0.000064,0.000449,0,100,0,0,0,0,0.1428,1610.3103,-88.19,-29.33,-85.91
Texas,TX,Denton,2020,FALSE,2,2919.1,0.015,1.152,2896.5,49105.425,1.0078,0.000005,0.000398,0,100,0,0,0,0,0.013,2533.941,,,
Texas,TX,Denton,2021,FALSE,1,7440.125,0.038,3.096,9169,125209.725,0.81144,0.000004,0.000338,0,100,0,0,0,0,0.0123,2403.1411,154.88,153.33,168.75
Texas,TX,Denton,2022,FALSE,2,21678.9,0.11,20.103,28928.25,364719.55,0.7494,0.000004,0.000695,0,100,0,0,0,0,0.0055,1078.3913,191.38,189.47,549.32
Texas,TX,Denton,2023,FALSE,2,37249.125,0.188,22.234,54697,626765.325,0.68101,0.000003,0.000406,0,100,0,0,0,0,0.0085,1675.3227,71.82,70.91,10.6
Texas,TX,Denton,2024,FALSE,2,10915,0.055,11.387,13341,183643.8,0.81815,0.000004,0.000854,0,100,0,0,0,0,0.0048,958.5492,-70.7,-70.74,-48.79
Texas,TX,Denton,2025,FALSE,2,18839.025,0.095,19.656,23874.25,317029.65,0.78909,0.000004,0.000823,0,100,0,0,0,0,0.0048,958.4364,72.6,72.73,72.62
Texas,TX,Denton,2026,TRUE,2,5230.925,0.026,1.631,5846.75,88035.925,0.89467,0.000004,0.000279,0,100,0,0,0,0,0.0159,3207.1888,-72.23,-72.63,-91.7
Texas,TX,Ector,2020,FALSE,10,4117159.625,23.812,905.195,9242600.47,69278985.255,0.44545,0.000003,0.000098,0,100,0,0,0,0,0.0263,4548.3676,,,
Texas,TX,Ector,2021,FALSE,10,2086144.371,10.777,508.023,4967887.7,35103532.446,0.41993,0.000002,0.000102,0,100,0,0,0,0,0.0212,4106.3975,-49.33,-54.74,-43.88
Texas,TX,Ector,2022,FALSE,10,3242600.211,16.946,720.739,7608502.95,54562993.817,0.42618,0.000002,0.000095,0,100,0,0,0,0,0.0235,4498.9937,55.44,57.24,41.87
Texas,TX,Ector,2023,FALSE,10,4354696.923,23.971,876.703,9957748.05,73276215.959,0.43732,0.000002,0.000088,0,100,0,0,0,0,0.0273,4967.129,34.3,41.46,21.64
Texas,TX,Ector,2024,FALSE,10,5132922.526,28.94,1024.746,11495721.63,86371004.582,0.44651,0.000003,0.000089,0,100,0,0,0,0,0.0282,5008.9705,17.87,20.73,16.89
Texas,TX,Ector,2025,FALSE,10,5621007.602,32.688,1100.035,12356067.02,94584048.811,0.45492,0.000003,0.000089,0,100,0,0,0,0,0.0297,5109.8443,9.51,12.95,7.35
Texas,TX,Ector,2026,TRUE,10,2765794.343,15.515,544.12,6179824.56,46539910.908,0.44755,0.000003,0.000088,0,100,0,0,0,0,0.0285,5083.0595,-50.8,-52.54,-50.54
Texas,TX,El Paso,2020,FALSE,12,2245042.89,11.335,1599.185,4032289.39,38448719.042,0.55677,0.000003,0.000397,0,100,0,0,0,0,0.0071,1403.8669,,,
Texas,TX,El Paso,2021,FALSE,12,2265423.6,12.996,1822.093,3934594.91,38565121.189,0.57577,0.000003,0.000463,0,100,0,0,0,0,0.0071,1243.3084,0.91,14.65,13.94
Texas,TX,El Paso,2022,FALSE,12,2292058.368,11.593,1975.144,4053917.01,39418658.351,0.56539,0.000003,0.000487,0,100,0,0,0,0,0.0059,1160.4513,1.18,-10.8,8.4
Texas,TX,El Paso,2023,FALSE,12,2494388.402,12.613,1870.891,4578528.28,42819899.166,0.5448,0.000003,0.000409,0,100,0,0,0,0,0.0067,1333.2623,8.83,8.8,-5.28
Texas,TX,El Paso,2024,FALSE,13,2714839.416,13.728,1716.937,4920101.6,46516507.364,0.55179,0.000003,0.000349,0,100,0,0,0,0,0.008,1581.2109,8.84,8.84,-8.23
Texas,TX,El Paso,2025,FALSE,12,2826514.218,14.284,1682.284,5113560.28,48008632.778,0.55275,0.000003,0.000329,0,100,0,0,0,0,0.0085,1680.1647,4.11,4.05,-2.02
Texas,TX,El Paso,2026,TRUE,12,1043162.781,5.266,563.291,1933360.54,18081660.471,0.53956,0.000003,0.000291,0,100,0,0,0,0,0.0093,1851.9074,-63.09,-63.13,-66.52
Texas,TX,Ellis,2020,FALSE,7,2204391.217,11.128,326.401,4871932.75,37093085.589,0.45247,0.000002,0.000067,0,100,0,0,0,0,0.0341,6753.6289,,,
Texas,TX,Ellis,2021,FALSE,7,2347630.534,11.852,346.741,5209688.07,39503446.523,0.45063,0.000002,0.000067,0,100,0,0,0,0,0.0342,6770.5594,6.5,6.51,6.23
Texas,TX,Ellis,2022,FALSE,7,2923162.62,14.756,456.071,6539659.35,49187769.818,0.44699,0.000002,0.00007,0,100,0,0,0,0,0.0324,6409.4464,24.52,24.5,31.53
Texas,TX,Ellis,2023,FALSE,7,3071330.532,15.504,499.864,6909169.8,51681077.741,0.44453,0.000002,0.000072,0,100,0,0,0,0,0.031,6144.3323,5.07,5.07,9.6
Texas,TX,Ellis,2024,FALSE,7,3611844.55,18.235,561.658,8162567.85,60776239.621,0.44249,0.000002,0.000069,0,100,0,0,0,0,0.0325,6430.683,17.6,17.61,12.36
Texas,TX,Ellis,2025,FALSE,7,3921208.205,19.796,594.964,8707626.5,65981943.035,0.45032,0.000002,0.000068,0,100,0,0,0,0,0.0333,6590.6647,8.57,8.56,5.93
Texas,TX,Ellis,2026,TRUE,7,1750128.017,8.835,278.753,3864066.94,29449345.545,0.45292,0.000002,0.000072,0,100,0,0,0,0,0.0317,6278.4186,-55.37,-55.37,-53.15
Texas,TX,Fayette,2020,FALSE,7,10264282.87,912.582,5679.652,9440475.56,97992514.086,1.08726,0.000097,0.000602,99.7,0.3,0,0,0,0,0.1607,1807.2028,,,
Texas,TX,Fayette,2021,FALSE,7,12055449.465,1119.924,6512.108,11032898.35,115229660.603,1.09268,0.000102,0.00059,99.43,0.57,0,0,0,0,0.172,1851.2361,17.45,22.72,14.66
Texas,TX,Fayette,2022,FALSE,7,11584345.39,1152.256,6343.142,10525031.98,110817806.918,1.10065,0.000109,0.000603,99.24,0.76,0,0,0,0,0.1817,1826.2787,-3.91,2.89,-2.59
Texas,TX,Fayette,2023,FALSE,7,9298413.351,578.614,5368.411,8360514.5,89024688.111,1.11218,0.000069,0.000642,99.05,0.95,0,0,0,0,0.1078,1732.0606,-19.73,-49.78,-15.37
Texas,TX,Fayette,2024,FALSE,7,8618756.502,719.2,5289.102,7785295.15,82394117.183,1.10706,0.000092,0.000679,99.4,0.6,0,0,0,0,0.136,1629.5312,-7.31,24.3,-1.48
Texas,TX,Fayette,2025,FALSE,7,10184588.178,765.927,5843.248,9136964.93,97391937.435,1.11466,0.000084,0.00064,99.43,0.57,0,0,0,0,0.1311,1742.967,18.17,6.5,10.48
Texas,TX,Fayette,2026,TRUE,7,4978296.842,425.092,2945.013,4620194.82,47793210.529,1.07751,0.000092,0.000637,98.53,1.47,0,0,0,0,0.1443,1690.4159,-51.12,-44.5,-49.6
Texas,TX,Fort Bend,2020,FALSE,11,12969696.491,23873.278,4133.471,15393646.27,143190047.615,0.84254,0.001551,0.000269,74.45,25.55,0,0,0,0,5.7756,3137.7253,,,
Texas,TX,Fort Bend,2021,FALSE,10,16415741.659,33875.916,5787.772,18732538.46,173795936.653,0.87632,0.001808,0.000309,77.44,22.56,0,0,0,0,5.853,2836.2799,26.57,41.9,40.02
Texas,TX,Fort Bend,2022,FALSE,18,15218356.2,34144.193,5397.282,17799062.03,164900457.722,0.85501,0.001918,0.000303,72.58,27.42,0,0,0,0,6.3262,2819.6333,-7.29,0.79,-6.75
Texas,TX,Fort Bend,2023,FALSE,19,12681120.445,28506.724,5164.281,15480291.21,145299817.105,0.81918,0.001841,0.000334,69.46,30.54,0,0,0,0,5.52,2455.5442,-16.67,-16.51,-4.32
Texas,TX,Fort Bend,2024,FALSE,19,13741478.883,24146.139,7387.382,17355288.04,164324115.752,0.79177,0.001391,0.000426,65.67,34.33,0,0,0,0,3.2686,1860.1284,8.36,-15.3,43.05
Texas,TX,Fort Bend,2025,FALSE,19,17526496.511,35974.904,9308.968,21046851.48,200003768.759,0.83274,0.001709,0.000442,72.66,27.34,0,0,0,0,3.8645,1882.754,27.54,48.99,26.01
Texas,TX,Fort Bend,2026,TRUE,19,6579881.244,14110.573,3943.784,8109168.93,78293230.321,0.81141,0.00174,0.000486,69.44,30.56,0,0,0,0,3.5779,1668.4183,-62.46,-60.78,-57.63
Texas,TX,Freestone,2020,FALSE,4,2880402.058,14.541,716.696,7012863.8,48468395.127,0.41073,0.000002,0.000102,0,100,0,0,0,0,0.0203,4019.0012,,,
Texas,TX,Freestone,2021,FALSE,4,2427902.63,12.257,634.507,5931991.59,40853957.704,0.40929,0.000002,0.000107,0,100,0,0,0,0,0.0193,3826.4395,-15.71,-15.71,-11.47
Texas,TX,Freestone,2022,FALSE,4,2680229.654,13.53,692.348,6550737.27,45099975.335,0.40915,0.000002,0.000106,0,100,0,0,0,0,0.0195,3871.2174,10.39,10.39,9.12
Texas,TX,Freestone,2023,FALSE,4,3143007.486,15.867,790.889,7765041.24,52887274.418,0.40476,0.000002,0.000102,0,100,0,0,0,0,0.0201,3974.0185,17.27,17.27,14.23
Texas,TX,Freestone,2024,FALSE,4,2829455.372,14.283,719.084,7032219.08,47611092.026,0.40236,0.000002,0.000102,0,100,0,0,0,0,0.0199,3934.8051,-9.98,-9.98,-9.08
Texas,TX,Freestone,2025,FALSE,4,2696823.948,13.615,677.616,6644182.39,45379398.542,0.40589,0.000002,0.000102,0,100,0,0,0,0,0.0201,3979.8705,-4.69,-4.68,-5.77
Texas,TX,Freestone,2026,TRUE,4,1040112.002,5.25,264.393,2516526.36,17501945.176,0.41331,0.000002,0.000105,0,100,0,0,0,0,0.0199,3933.962,-61.43,-61.44,-60.98
Texas,TX,Galveston,2020,FALSE,12,4071594.183,96.159,787.941,3927817.26,68523702.124,1.0366,0.000024,0.000201,0,100,0,0,0,0,0.122,5167.3846,,,
Texas,TX,Galveston,2021,FALSE,22,4206999.789,72.481,839.171,4018085.74,70805276.452,1.04702,0.000018,0.000209,0,100,0,0,0,0,0.0864,5013.2807,3.33,-24.62,6.5
Texas,TX,Galveston,2022,FALSE,22,4221340.794,70.986,873.398,4222560.54,71045619.523,0.99971,0.000017,0.000207,0,100,0,0,0,0,0.0813,4833.2384,0.34,-2.06,4.08
Texas,TX,Galveston,2023,FALSE,22,4414523.353,68.294,968.385,4943900.41,74307271.025,0.89292,0.000014,0.000196,0,100,0,0,0,0,0.0705,4558.6449,4.58,-3.79,10.88
Texas,TX,Galveston,2024,FALSE,22,4633570.706,72.954,933.671,4865695.36,77974809.701,0.95229,0.000015,0.000192,0,100,0,0,0,0,0.0781,4962.7446,4.96,6.82,-3.58
Texas,TX,Galveston,2025,FALSE,22,4550423.35,71.063,1017.764,4613414.19,76569390.308,0.98635,0.000015,0.000221,0,100,0,0,0,0,0.0698,4471.0005,-1.79,-2.59,9.01
Texas,TX,Galveston,2026,TRUE,22,1756321.012,23.952,273.759,1295271.74,29553407.278,1.35595,0.000018,0.000211,0,100,0,0,0,0,0.0875,6415.5736,-61.4,-66.29,-73.1
Texas,TX,Goliad,2020,FALSE,1,3005980.887,8114.863,2031.158,2704811.72,28661161.895,1.11135,0.003,0.000751,100,0,0,0,0,0,3.9952,1479.9345,,,
Texas,TX,Goliad,2021,FALSE,1,3915408.878,10401.47,2742.207,3620282.09,37332278.804,1.08152,0.002873,0.000757,100,0,0,0,0,0,3.7931,1427.8313,30.25,28.18,35.01
Texas,TX,Goliad,2022,FALSE,1,3095292.173,8205.488,2273.81,2842669.73,29512741.381,1.08887,0.002887,0.0008,100,0,0,0,0,0,3.6087,1361.28,-20.95,-21.11,-17.08
Texas,TX,Goliad,2023,FALSE,1,3013749.179,9577.27,2121.567,2851065.68,28735198.007,1.05706,0.003359,0.000744,100,0,0,0,0,0,4.5142,1420.5298,-2.63,16.72,-6.7
Texas,TX,Goliad,2024,FALSE,1,3111550.307,8257.112,2152.417,2834810.45,29667702.529,1.09762,0.002913,0.000759,100,0,0,0,0,0,3.8362,1445.6076,3.25,-13.78,1.45
Texas,TX,Goliad,2025,FALSE,1,3619755.452,10401.651,2510.179,3324035.7,34513288.674,1.08896,0.003129,0.000755,100,0,0,0,0,0,4.1438,1442.0308,16.33,25.97,16.62
Texas,TX,Goliad,2026,TRUE,1,1410210.186,4179.453,910.461,1280909.81,13445946.006,1.10094,0.003263,0.000711,100,0,0,0,0,0,4.5905,1548.8969,-61.04,-59.82,-63.73
Texas,TX,Grayson,2020,FALSE,2,1132914.982,5.719,63.763,2783416.57,19063492.143,0.40702,0.000002,0.000023,0,100,0,0,0,0,0.0897,17767.5922,,,
Texas,TX,Grayson,2021,FALSE,2,997911.552,5.038,57.753,2364353.45,16791801.856,0.42207,0.000002,0.000024,0,100,0,0,0,0,0.0872,17278.9561,-11.92,-11.91,-9.43
Texas,TX,Grayson,2022,FALSE,2,1410827.459,7.122,83.931,3316499.06,23739918.043,0.4254,0.000002,0.000025,0,100,0,0,0,0,0.0849,16809.3727,41.38,41.37,45.33
Texas,TX,Grayson,2023,FALSE,2,1364133.573,6.886,81.43,3207532.88,22954257.78,0.42529,0.000002,0.000025,0,100,0,0,0,0,0.0846,16752.2237,-3.31,-3.31,-2.98
Texas,TX,Grayson,2024,FALSE,2,1660870.284,8.384,98.713,3926231.92,27947206.821,0.42302,0.000002,0.000025,0,100,0,0,0,0,0.0849,16825.2437,21.75,21.75,21.22
Texas,TX,Grayson,2025,FALSE,2,1382092.927,6.977,81.57,3220663.33,23256406.834,0.42913,0.000002,0.000025,0,100,0,0,0,0,0.0855,16943.6426,-16.79,-16.78,-17.37
Texas,TX,Grayson,2026,TRUE,2,603864.415,3.048,36.255,1408683.07,10161185.888,0.42867,0.000002,0.000026,0,100,0,0,0,0,0.0841,16656.0313,-56.31,-56.31,-55.55
Texas,TX,Gregg,2020,FALSE,1,101321.453,1.705,102.832,141423.6,1704954.682,0.71644,0.000012,0.000727,0,100,0,0,0,0,0.0166,985.3105,,,
Texas,TX,Gregg,2021,FALSE,1,125771.455,2.116,124.42,197759.33,2116371.699,0.63598,0.000011,0.000629,0,100,0,0,0,0,0.017,1010.862,24.13,24.11,20.99
Texas,TX,Gregg,2022,FALSE,1,229033.095,1.156,254.653,383848.84,3853951.531,0.59668,0.000003,0.000663,0,100,0,0,0,0,0.0045,899.3929,82.1,-45.37,104.67
Texas,TX,Gregg,2023,FALSE,1,301381.902,1.522,374.358,501603.96,5071367.391,0.60084,0.000003,0.000746,0,100,0,0,0,0,0.0041,805.0633,31.59,31.66,47.01
Texas,TX,Gregg,2024,FALSE,1,212257.496,1.072,215.663,342972.78,3571634.995,0.61888,0.000003,0.000629,0,100,0,0,0,0,0.005,984.2091,-29.57,-29.57,-42.39
Texas,TX,Gregg,2025,FALSE,1,353424.104,1.784,370.474,580264.62,5947041.352,0.60907,0.000003,0.000638,0,100,0,0,0,0,0.0048,953.9782,66.51,66.42,71.78
Texas,TX,Gregg,2026,TRUE,1,186073.3,0.939,188.717,305192.63,3131101.884,0.60969,0.000003,0.000618,0,100,0,0,0,0,0.005,985.9912,-47.35,-47.37,-49.06
Texas,TX,Grimes,2020,FALSE,3,1609632.521,8.127,493.736,3772668.68,27085063.826,0.42666,0.000002,0.000131,0,100,0,0,0,0,0.0165,3260.1077,,,
Texas,TX,Grimes,2021,FALSE,3,1137919.512,5.745,363.968,2624422.73,19147701.474,0.43359,0.000002,0.000139,0,100,0,0,0,0,0.0158,3126.4274,-29.31,-29.31,-26.28
Texas,TX,Grimes,2022,FALSE,3,1879121.901,9.486,605.295,4407576.41,31619804.943,0.42634,0.000002,0.000137,0,100,0,0,0,0,0.0157,3104.4729,65.14,65.12,66.3
Texas,TX,Grimes,2023,FALSE,3,1830775.605,9.242,632.173,4269599.22,30806372.477,0.42879,0.000002,0.000148,0,100,0,0,0,0,0.0146,2896.0041,-2.57,-2.57,4.44
Texas,TX,Grimes,2024,FALSE,3,1853338.98,9.357,603.286,4396585.08,31186037.541,0.42154,0.000002,0.000137,0,100,0,0,0,0,0.0155,3072.0736,1.23,1.24,-4.57
Texas,TX,Grimes,2025,FALSE,3,1486198.444,7.503,488.56,3578144.06,25008153.7,0.41535,0.000002,0.000137,0,100,0,0,0,0,0.0154,3041.9978,-19.81,-19.81,-19.02
Texas,TX,Grimes,2026,TRUE,3,849851.42,4.291,274.067,2029679.21,14300344.199,0.41871,0.000002,0.000135,0,100,0,0,0,0,0.0157,3100.8893,-42.82,-42.81,-43.9
Texas,TX,Guadalupe,2020,FALSE,7,4588701.083,23.166,1069.084,10618523.01,77213853.247,0.43214,0.000002,0.000101,0,100,0,0,0,0,0.0217,4292.1801,,,
Texas,TX,Guadalupe,2021,FALSE,7,3845218.246,19.411,804.399,9277756.89,64703003.642,0.41446,0.000002,0.000087,0,100,0,0,0,0,0.0241,4780.2375,-16.2,-16.21,-24.76
Texas,TX,Guadalupe,2022,FALSE,7,4719638.712,23.826,1083.396,11300920.23,79416822.004,0.41763,0.000002,0.000096,0,100,0,0,0,0,0.022,4356.3376,22.74,22.74,34.68
Texas,TX,Guadalupe,2023,FALSE,7,4996973.883,25.227,1171.285,11877338.87,84083759.07,0.42071,0.000002,0.000099,0,100,0,0,0,0,0.0215,4266.2323,5.88,5.88,8.11
Texas,TX,Guadalupe,2024,FALSE,7,5009487.701,25.29,1185.882,11996999.06,84294430.233,0.41756,0.000002,0.000099,0,100,0,0,0,0,0.0213,4224.2716,0.25,0.25,1.25
Texas,TX,Guadalupe,2025,FALSE,7,4296351.025,21.691,957.529,10325689.41,72294782.229,0.41608,0.000002,0.000093,0,100,0,0,0,0,0.0227,4486.9148,-14.24,-14.23,-19.26
Texas,TX,Guadalupe,2026,TRUE,7,2288748.8,11.555,517.905,5556301.96,38512626.351,0.41192,0.000002,0.000093,0,100,0,0,0,0,0.0223,4419.2445,-46.73,-46.73,-45.91
Texas,TX,Hale,2020,FALSE,3,411895.363,2.08,82.607,733855.4,6930909.28,0.56128,0.000003,0.000113,0,100,0,0,0,0,0.0252,4986.2041,,,
Texas,TX,Hale,2021,FALSE,3,190795.241,0.963,40.609,324183.87,3210507.731,0.58854,0.000003,0.000125,0,100,0,0,0,0,0.0237,4698.3487,-53.68,-53.7,-50.84
Texas,TX,Hale,2022,FALSE,3,429652.559,2.169,91.654,722863.54,7229723.444,0.59438,0.000003,0.000127,0,100,0,0,0,0,0.0237,4687.7666,125.19,125.23,125.7
Texas,TX,Hale,2023,FALSE,3,541211.041,2.731,116.909,942939.36,9106896.534,0.57396,0.000003,0.000124,0,100,0,0,0,0,0.0234,4629.336,25.96,25.91,27.55
Texas,TX,Hale,2024,FALSE,3,709098.08,3.58,153.125,1268582.77,11932008.051,0.55897,0.000003,0.000121,0,100,0,0,0,0,0.0234,4630.8446,31.02,31.09,30.98
Texas,TX,Hale,2025,FALSE,3,567311.129,2.864,126.978,1000108.48,9546063.993,0.56725,0.000003,0.000127,0,100,0,0,0,0,0.0226,4467.7907,-20,-20,-17.08
Texas,TX,Hale,2026,TRUE,3,406717.879,2.053,85.621,719768.27,6843815.387,0.56507,0.000003,0.000119,0,100,0,0,0,0,0.024,4750.2117,-28.31,-28.32,-32.57
Texas,TX,Hardin,2020,FALSE,2,69936.379,0.353,18.032,92160,1176841.821,0.75886,0.000004,0.000196,0,100,0,0,0,0,0.0196,3878.4594,,,
Texas,TX,Hardin,2021,FALSE,2,19691.098,0.099,5.464,26306.38,331335.84,0.74853,0.000004,0.000208,0,100,0,0,0,0,0.0181,3603.7881,-71.84,-71.95,-69.7
Texas,TX,Hardin,2022,FALSE,2,89506.734,0.451,26.545,125379.2,1506156.636,0.71389,0.000004,0.000212,0,100,0,0,0,0,0.017,3371.8868,354.55,355.56,385.82
Texas,TX,Hardin,2023,FALSE,2,93943.5,0.474,23.461,129398.88,1580834.055,0.726,0.000004,0.000181,0,100,0,0,0,0,0.0202,4004.2411,4.96,5.1,-11.62
Texas,TX,Hardin,2024,FALSE,2,142902.745,0.722,35.62,197419.86,2404603.527,0.72385,0.000004,0.00018,0,100,0,0,0,0,0.0203,4011.8682,52.12,52.32,51.83
Texas,TX,Hardin,2025,FALSE,2,188567.19,0.952,47.571,259234.94,3173020.438,0.7274,0.000004,0.000184,0,100,0,0,0,0,0.02,3963.9106,31.95,31.86,33.55
Texas,TX,Hardin,2026,TRUE,2,40675.478,0.206,21.795,56168.08,684447.698,0.72417,0.000004,0.000388,0,100,0,0,0,0,0.0095,1866.2757,-78.43,-78.36,-54.18
Texas,TX,Harris,2020,FALSE,54,17105644.372,70.743,2533.744,33453550,294880935.311,0.51133,0.000002,0.000076,0,100,0,0,0,0,0.0279,6751.1336,,,
Texas,TX,Harris,2021,FALSE,63,17251373.632,71.144,3277.439,33886888.15,303358205.953,0.50909,0.000002,0.000097,0,100,0,0,0,0,0.0217,5263.675,0.85,0.57,29.35
Texas,TX,Harris,2022,FALSE,64,17385196.472,71.205,3211.337,34024720.38,305272564.619,0.51096,0.000002,0.000094,0,100,0,0,0,0,0.0222,5413.6942,0.78,0.09,-2.02
Texas,TX,Harris,2023,FALSE,64,17447452.043,76.426,2584.384,34179491.76,299910761.342,0.51047,0.000002,0.000076,0,100,0,0,0,0,0.0296,6751.1067,0.36,7.33,-19.52
Texas,TX,Harris,2024,FALSE,71,18982802.775,84.414,2335.202,37681819.36,322950148.873,0.50377,0.000002,0.000062,0,100,0,0,0,0,0.0361,8128.9768,8.8,10.45,-9.64
Texas,TX,Harris,2025,FALSE,72,18465925.709,77.41,2300.413,36361127.16,314033845.62,0.50785,0.000002,0.000063,0,100,0,0,0,0,0.0337,8027.2219,-2.72,-8.3,-1.49
Texas,TX,Harris,2026,TRUE,75,8502957.599,36.246,1069.575,16452316.75,144325482.972,0.51682,0.000002,0.000065,0,100,0,0,0,0,0.0339,7949.847,-53.95,-53.18,-53.51
Texas,TX,Harrison,2020,FALSE,5,5213272.905,1807.577,2674.112,7927579.84,68786496.239,0.65761,0.000228,0.000337,33.09,66.91,0,0,0,0,0.676,1949.5342,,,
Texas,TX,Harrison,2021,FALSE,5,5898794.003,3144.114,3505.13,8103602.05,73615347.811,0.72792,0.000388,0.000433,41.87,58.13,0,0,0,0,0.897,1682.9031,13.15,73.94,31.08
Texas,TX,Harrison,2022,FALSE,5,6217100.326,1259.948,3431.107,8388903.01,76645146.158,0.74111,0.00015,0.000409,43.86,56.14,0,0,0,0,0.3672,1811.9809,5.4,-59.93,-2.11
Texas,TX,Harrison,2023,FALSE,5,3921923.069,382.311,1376.214,6996413.93,58234467.239,0.56056,0.000055,0.000197,16.02,83.98,0,0,0,0,0.2778,2849.7916,-36.92,-69.66,-59.89
Texas,TX,Harrison,2024,FALSE,4,2948386.596,14.885,570.039,6210434.5,49612126.164,0.47475,0.000002,0.000092,0,100,0,0,0,0,0.0261,5172.2542,-24.82,-96.11,-58.58
Texas,TX,Harrison,2025,FALSE,4,2692143.959,13.592,587.212,5426940.64,45300349.187,0.49607,0.000003,0.000108,0,100,0,0,0,0,0.0231,4584.6201,-8.69,-8.69,3.01
Texas,TX,Harrison,2026,TRUE,4,1395588.99,7.047,315.903,2793590.54,23483516.987,0.49957,0.000003,0.000113,0,100,0,0,0,0,0.0223,4417.7769,-48.16,-48.15,-46.2
Texas,TX,Hays,2020,FALSE,4,1085662.021,5.482,154.397,2449591.16,18268292.329,0.4432,0.000002,0.000063,0,100,0,0,0,0,0.0355,7031.6264,,,
Texas,TX,Hays,2021,FALSE,4,1267332.953,6.398,187.624,2871714.18,21325285.895,0.44132,0.000002,0.000065,0,100,0,0,0,0,0.0341,6754.642,16.73,16.71,21.52
Texas,TX,Hays,2022,FALSE,4,1571188.256,7.931,198.531,3587661.07,26438254.415,0.43794,0.000002,0.000055,0,100,0,0,0,0,0.0399,7914.0701,23.98,23.96,5.81
Texas,TX,Hays,2023,FALSE,4,2103063.427,10.617,227.212,4802960.88,35388083.022,0.43787,0.000002,0.000047,0,100,0,0,0,0,0.0467,9255.9523,33.85,33.87,14.45
Texas,TX,Hays,2024,FALSE,4,2443840.359,12.337,300.634,5604132.05,41122211.588,0.43608,0.000002,0.000054,0,100,0,0,0,0,0.041,8128.9553,16.2,16.2,32.31
Texas,TX,Hays,2025,FALSE,4,2442922.076,12.332,313.818,5543619.01,41106939.913,0.44067,0.000002,0.000057,0,100,0,0,0,0,0.0393,7784.5187,-0.04,-0.04,4.39
Texas,TX,Hays,2026,TRUE,4,1097104.184,5.539,141.341,2494677.41,18460960.609,0.43978,0.000002,0.000057,0,100,0,0,0,0,0.0392,7762.1085,-55.09,-55.08,-54.96
Texas,TX,Henderson,2020,FALSE,1,37882.898,0.191,59.488,46693,637461.958,0.81132,0.000004,0.001274,0,100,0,0,0,0,0.0032,636.8158,,,
Texas,TX,Henderson,2021,FALSE,1,93318.242,0.471,183.48,113592.62,1570248.485,0.82152,0.000004,0.001615,0,100,0,0,0,0,0.0026,508.6017,146.33,146.6,208.43
Texas,TX,Henderson,2022,FALSE,1,60534.664,0.306,101.863,64491.85,1018635.572,0.93864,0.000005,0.001579,0,100,0,0,0,0,0.003,594.2753,-35.13,-35.03,-44.48
Texas,TX,Henderson,2023,FALSE,1,251395.385,1.269,518.463,339322.11,4230250.784,0.74088,0.000004,0.001528,0,100,0,0,0,0,0.0024,484.8859,315.29,314.71,408.98
Texas,TX,Henderson,2024,FALSE,1,291039.433,1.469,546.174,387205.54,4897325.497,0.75164,0.000004,0.001411,0,100,0,0,0,0,0.0027,532.8694,15.77,15.76,5.34
Texas,TX,Henderson,2025,FALSE,1,330629.935,1.669,557.623,443715.83,5563477.692,0.74514,0.000004,0.001257,0,100,0,0,0,0,0.003,592.9274,13.6,13.61,2.1
Texas,TX,Henderson,2026,TRUE,1,54677.198,0.276,99.736,73757.38,920055.055,0.74131,0.000004,0.001352,0,100,0,0,0,0,0.0028,548.2193,-83.46,-83.46,-82.11
Texas,TX,Hidalgo,2020,FALSE,6,3713492.18,18.747,713.956,9217923.74,62486739.582,0.40286,0.000002,0.000077,0,100,0,0,0,0,0.0263,5201.29,,,
Texas,TX,Hidalgo,2021,FALSE,6,3228554.456,16.299,654.033,7939868.49,54326676.176,0.40663,0.000002,0.000082,0,100,0,0,0,0,0.0249,4936.3785,-13.06,-13.06,-8.39
Texas,TX,Hidalgo,2022,FALSE,6,3529426.417,17.818,699.086,8694144.26,59389459.193,0.40595,0.000002,0.00008,0,100,0,0,0,0,0.0255,5048.6298,9.32,9.32,6.89
Texas,TX,Hidalgo,2023,FALSE,6,3011026.838,15.2,601.715,7422795.16,50666033.389,0.40565,0.000002,0.000081,0,100,0,0,0,0,0.0253,5004.0747,-14.69,-14.69,-13.93
Texas,TX,Hidalgo,2024,FALSE,6,2798512.204,14.129,555.86,6919014.79,47090377.079,0.40447,0.000002,0.00008,0,100,0,0,0,0,0.0254,5034.563,-7.06,-7.05,-7.62
Texas,TX,Hidalgo,2025,FALSE,6,2997680.734,15.134,632.321,7363498.03,50441996.867,0.4071,0.000002,0.000086,0,100,0,0,0,0,0.0239,4740.7578,7.12,7.11,13.76
Texas,TX,Hidalgo,2026,TRUE,6,1040307.824,5.252,244.987,2546853.38,17505160.149,0.40847,0.000002,0.000096,0,100,0,0,0,0,0.0214,4246.3797,-65.3,-65.3,-61.26
Texas,TX,Hood,2020,FALSE,8,3097656.523,15.638,402.116,7625068.73,52426610.941,0.40625,0.000002,0.000053,0,100,0,0,0,0,0.0389,7703.3904,,,
Texas,TX,Hood,2021,FALSE,8,3190231.336,16.105,705.932,7910506,54604810.013,0.40329,0.000002,0.000089,0,100,0,0,0,0,0.0228,4519.1765,2.99,2.99,75.55
Texas,TX,Hood,2022,FALSE,8,3563524.611,17.989,718.468,8839675.5,61048701.679,0.40313,0.000002,0.000081,0,100,0,0,0,0,0.025,4959.8933,11.7,11.7,1.78
Texas,TX,Hood,2023,FALSE,8,4237171.122,21.39,646.983,10550846.31,72780683.985,0.4016,0.000002,0.000061,0,100,0,0,0,0,0.0331,6549.1228,18.9,18.91,-9.95
Texas,TX,Hood,2024,FALSE,8,4056849,20.48,496.718,10031710.57,68960519.033,0.4044,0.000002,0.00005,0,100,0,0,0,0,0.0412,8167.3082,-4.26,-4.25,-23.23
Texas,TX,Hood,2025,FALSE,8,3563694.012,17.99,494.164,8842407.68,60867123.904,0.40302,0.000002,0.000056,0,100,0,0,0,0,0.0364,7211.5614,-12.16,-12.16,-0.51
Texas,TX,Hood,2026,TRUE,8,1657617.504,8.368,201.408,4054610.83,28142261.506,0.40882,0.000002,0.00005,0,100,0,0,0,0,0.0415,8230.1473,-53.49,-53.49,-59.24
Texas,TX,Howard,2020,FALSE,2,365478.925,1.851,378.034,642222.57,6149831.097,0.56908,0.000003,0.000589,0,100,0,0,0,0,0.0049,966.7885,,,
Texas,TX,Howard,2021,FALSE,2,158378.437,0.799,150.97,278995.51,2664976.077,0.56767,0.000003,0.000541,0,100,0,0,0,0,0.0053,1049.0722,-56.67,-56.83,-60.06
Texas,TX,Howard,2022,FALSE,2,113052.613,0.571,115.921,192531.49,1902370.126,0.58719,0.000003,0.000602,0,100,0,0,0,0,0.0049,975.2557,-28.62,-28.54,-23.22
Texas,TX,Howard,2023,FALSE,2,79604.271,0.402,87.828,104076.42,1339503.377,0.76486,0.000004,0.000844,0,100,0,0,0,0,0.0046,906.3655,-29.59,-29.6,-24.23
Texas,TX,Howard,2024,FALSE,2,102808.368,0.519,39.89,134301.06,1729922.063,0.76551,0.000004,0.000297,0,100,0,0,0,0,0.013,2577.2968,29.15,29.1,-54.58
Texas,TX,Howard,2025,FALSE,2,318046.085,1.605,70.544,427562.82,5351511.588,0.74386,0.000004,0.000165,0,100,0,0,0,0,0.0228,4508.4782,209.36,209.25,76.85
Texas,TX,Howard,2026,TRUE,2,229658.868,1.16,54.713,310419.14,3864483.619,0.73983,0.000004,0.000176,0,100,0,0,0,0,0.0212,4197.5192,-27.79,-27.73,-22.44
Texas,TX,Hunt,2020,FALSE,2,6443.4,0.032,8.296,7727.75,108269.125,0.8338,0.000004,0.001074,0,100,0,0,0,0,0.0039,776.6876,,,
Texas,TX,Hunt,2021,FALSE,2,20420.725,2.065,27.871,16783.75,304053.825,1.2167,0.000123,0.001661,0,100,0,0,0,0,0.0741,732.6872,216.92,6353.12,235.96
Texas,TX,Hunt,2022,FALSE,2,21697.9,0.923,33.445,24846.25,342697.625,0.87329,0.000037,0.001346,0,100,0,0,0,0,0.0276,648.7636,6.25,-55.3,20
Texas,TX,Hunt,2023,FALSE,2,28707,0.567,47.689,36454.75,470180.25,0.78747,0.000016,0.001308,0,100,0,0,0,0,0.0119,601.9627,32.3,-38.57,42.59
Texas,TX,Hunt,2024,FALSE,2,14007.175,0.524,21.4,13581,222047.925,1.03138,0.000039,0.001576,0,100,0,0,0,0,0.0245,654.5409,-51.21,-7.58,-55.13
Texas,TX,Hunt,2025,FALSE,2,8835.975,0.213,13.122,9129.75,145262.1,0.96782,0.000023,0.001437,0,100,0,0,0,0,0.0162,673.3711,-36.92,-59.35,-38.68
Texas,TX,Hunt,2026,TRUE,2,5093.15,0.487,6.65,4475.25,72471.4,1.13807,0.000109,0.001486,0,100,0,0,0,0,0.0732,765.8872,-42.36,128.64,-49.32
Texas,TX,Hutchinson,2020,FALSE,2,1064517.741,60.849,439.682,1874245.93,17991850.827,0.56797,0.000032,0.000235,0,100,0,0,0,0,0.1384,2421.1083,,,
Texas,TX,Hutchinson,2021,FALSE,2,1043904.343,56.532,434.658,1834069.65,17641688.238,0.56917,0.000031,0.000237,0,100,0,0,0,0,0.1301,2401.6683,-1.94,-7.09,-1.14
Texas,TX,Hutchinson,2022,FALSE,2,1067909.811,57.938,435.826,1846854.67,18006645.093,0.57823,0.000031,0.000236,0,100,0,0,0,0,0.1329,2450.3123,2.3,2.49,0.27
Texas,TX,Hutchinson,2023,FALSE,2,1044815.983,61.462,407.611,1740733.71,17507695.519,0.60022,0.000035,0.000234,0,100,0,0,0,0,0.1508,2563.2674,-2.16,6.08,-6.47
Texas,TX,Hutchinson,2024,FALSE,2,1102755.284,74.042,433.406,1826468,18470910.425,0.60376,0.000041,0.000237,0,100,0,0,0,0,0.1708,2544.3932,5.55,20.47,6.33
Texas,TX,Hutchinson,2025,FALSE,2,1071862.09,63.632,441.483,1777681.22,17956475.797,0.60296,0.000036,0.000248,0,100,0,0,0,0,0.1441,2427.8672,-2.8,-14.06,1.86
Texas,TX,Hutchinson,2026,TRUE,2,519520.898,32.144,211.77,872494.2,8700691.186,0.59544,0.000037,0.000243,0,100,0,0,0,0,0.1518,2453.2318,-51.53,-49.48,-52.03
Texas,TX,Jack,2020,FALSE,4,1436549.374,7.252,203.949,3414564.57,24172733.752,0.42071,0.000002,0.00006,0,100,0,0,0,0,0.0356,7043.6696,,,
Texas,TX,Jack,2021,FALSE,4,1616738.789,8.162,180.226,3794023.66,27204702.574,0.42613,0.000002,0.000048,0,100,0,0,0,0,0.0453,8970.6191,12.54,12.55,-11.63
Texas,TX,Jack,2022,FALSE,4,2367512.767,11.951,246.781,5661690.23,39837903.187,0.41816,0.000002,0.000044,0,100,0,0,0,0,0.0484,9593.578,46.44,46.42,36.93
Texas,TX,Jack,2023,FALSE,4,2684959.692,13.555,254.059,6461103.77,45179635.839,0.41556,0.000002,0.000039,0,100,0,0,0,0,0.0534,10568.2526,13.41,13.42,2.95
Texas,TX,Jack,2024,FALSE,4,2926726.693,14.775,278.67,6982708.45,49247841.742,0.41914,0.000002,0.00004,0,100,0,0,0,0,0.053,10502.4821,9,9,9.69
Texas,TX,Jack,2025,FALSE,4,2728860.922,13.777,259.464,6459277.7,45918321.664,0.42247,0.000002,0.00004,0,100,0,0,0,0,0.0531,10517.3008,-6.76,-6.75,-6.89
Texas,TX,Jack,2026,TRUE,4,434776.995,2.194,49.224,882768.77,7315972.81,0.49252,0.000002,0.000056,0,100,0,0,0,0,0.0446,8832.6222,-84.07,-84.07,-81.03
Texas,TX,Jefferson,2020,FALSE,3,2210347.25,11.464,154.817,5546326.86,37203476.229,0.39852,0.000002,0.000028,0,100,0,0,0,0,0.074,14277.1611,,,
Texas,TX,Jefferson,2021,FALSE,3,2260524.605,9.34,156.853,5670342.57,38167135.614,0.39866,0.000002,0.000028,0,100,0,0,0,0,0.0595,14411.7397,2.27,-18.53,1.32
Texas,TX,Jefferson,2022,FALSE,3,2481279.788,12.272,260.816,6168294.51,41721964.644,0.40226,0.000002,0.000042,0,100,0,0,0,0,0.0471,9513.526,9.77,31.39,66.28
Texas,TX,Jefferson,2023,FALSE,3,2297823.374,7.96,176.791,5843783.52,38551245.248,0.39321,0.000001,0.00003,0,100,0,0,0,0,0.045,12997.4002,-7.39,-35.14,-32.22
Texas,TX,Jefferson,2024,FALSE,3,2370593.998,9.496,158.226,6120098.29,39948346.124,0.38735,0.000002,0.000026,0,100,0,0,0,0,0.06,14982.3291,3.17,19.3,-10.5
Texas,TX,Jefferson,2025,FALSE,3,2398526.519,9.756,183.503,6154017.61,40134994.411,0.38975,0.000002,0.00003,0,100,0,0,0,0,0.0532,13070.7755,1.18,2.74,15.98
Texas,TX,Jefferson,2026,TRUE,3,1149146.17,2.934,95.902,2977882.9,19296973.601,0.38589,0.000001,0.000032,0,100,0,0,0,0,0.0306,11982.5047,-52.09,-69.93,-47.74
Texas,TX,Johnson,2020,FALSE,1,440824.707,2.226,123.032,933017.84,7417756.133,0.47247,0.000002,0.000132,0,100,0,0,0,0,0.0181,3583.0085,,,
Texas,TX,Johnson,2021,FALSE,1,382480.315,3.095,98.798,793700.53,6403000.779,0.48189,0.000004,0.000124,0,100,0,0,0,0,0.0313,3871.3366,-13.24,39.04,-19.7
Texas,TX,Johnson,2022,FALSE,1,523865.318,4.159,133.601,1120912.32,8772252.005,0.46736,0.000004,0.000119,0,100,0,0,0,0,0.0311,3921.1182,36.97,34.38,35.23
Texas,TX,Johnson,2023,FALSE,1,530032.853,2.683,133.348,1165178.14,8918645.686,0.45489,0.000002,0.000114,0,100,0,0,0,0,0.0201,3974.8092,1.18,-35.49,-0.19
Texas,TX,Johnson,2024,FALSE,1,594269.493,3.057,157.119,1356038.58,9998117.243,0.43824,0.000002,0.000116,0,100,0,0,0,0,0.0195,3782.2892,12.12,13.94,17.83
Texas,TX,Johnson,2025,FALSE,1,585440.444,3.075,162.464,1306362.7,9847840.281,0.44815,0.000002,0.000124,0,100,0,0,0,0,0.0189,3603.5087,-1.49,0.59,3.4
Texas,TX,Johnson,2026,TRUE,1,121219.762,1.598,35.925,265666.57,2011855.718,0.45629,0.000006,0.000135,0,100,0,0,0,0,0.0445,3374.2453,-79.29,-48.03,-77.89
Texas,TX,Kaufman,2020,FALSE,6,4460347.393,22.517,1192.121,10603799.79,75053854.56,0.42064,0.000002,0.000112,0,100,0,0,0,0,0.0189,3741.5224,,,
Texas,TX,Kaufman,2021,FALSE,6,3898366.497,19.68,1100.184,9275709.07,65597575.104,0.42028,0.000002,0.000119,0,100,0,0,0,0,0.0179,3543.3768,-12.6,-12.6,-7.71
Texas,TX,Kaufman,2022,FALSE,6,4023805.777,20.315,1142.997,9562649.59,67708268.394,0.42078,0.000002,0.00012,0,100,0,0,0,0,0.0178,3520.3992,3.22,3.23,3.89
Texas,TX,Kaufman,2023,FALSE,6,4523686.662,22.837,1269.788,10692947.88,76119611.85,0.42305,0.000002,0.000119,0,100,0,0,0,0,0.018,3562.5527,12.42,12.41,11.09
Texas,TX,Kaufman,2024,FALSE,6,4244188.654,21.426,1266.533,9938752.2,71416552.089,0.42703,0.000002,0.000127,0,100,0,0,0,0,0.0169,3351.0289,-6.18,-6.18,-0.26
Texas,TX,Kaufman,2025,FALSE,6,4350239.209,21.961,1209.711,10258686.48,73201164.465,0.42405,0.000002,0.000118,0,100,0,0,0,0,0.0182,3596.0979,2.5,2.5,-4.49
Texas,TX,Kaufman,2026,TRUE,6,2126305.615,10.734,595.729,5015781.62,35779230.341,0.42392,0.000002,0.000119,0,100,0,0,0,0,0.018,3569.2498,-51.12,-51.12,-50.75
Texas,TX,Lamar,2020,FALSE,6,3158571.123,15.947,986.409,7521665.52,53148961.063,0.41993,0.000002,0.000131,0,100,0,0,0,0,0.0162,3202.0907,,,
Texas,TX,Lamar,2021,FALSE,6,2886122.654,14.57,981.895,6811614.16,48564564.306,0.42371,0.000002,0.000144,0,100,0,0,0,0,0.0148,2939.3394,-8.63,-8.63,-0.46
Texas,TX,Lamar,2022,FALSE,6,2691344.765,13.587,938.189,6260579.17,45287014.121,0.42989,0.000002,0.00015,0,100,0,0,0,0,0.0145,2868.6595,-6.75,-6.75,-4.45
Texas,TX,Lamar,2023,FALSE,6,2824908.905,14.261,999.81,6590241.87,47534300.729,0.42865,0.000002,0.000152,0,100,0,0,0,0,0.0143,2825.4457,4.96,4.96,6.57
Texas,TX,Lamar,2024,FALSE,6,2844902.777,14.36,958.6,6713027.91,47867928.978,0.42379,0.000002,0.000143,0,100,0,0,0,0,0.015,2967.7684,0.71,0.69,-4.12
Texas,TX,Lamar,2025,FALSE,6,3049034.629,15.391,893.593,7317126.66,51304000.042,0.4167,0.000002,0.000122,0,100,0,0,0,0,0.0172,3412.1067,7.18,7.18,-6.78
Texas,TX,Lamar,2026,TRUE,6,1476357.201,7.451,408.492,3542329.78,24841546.557,0.41678,0.000002,0.000115,0,100,0,0,0,0,0.0182,3614.1643,-51.58,-51.59,-54.29
Texas,TX,Lamb,2020,FALSE,5,2842400.796,4665.533,2674.656,3004820.18,31772236.28,0.94595,0.001553,0.00089,67.16,32.84,0,0,0,0,1.7443,1062.7164,,,
Texas,TX,Lamb,2021,FALSE,5,3180554.425,6915.879,2726.173,3044977.57,32141187.379,1.04452,0.002271,0.000895,87.54,12.46,0,0,0,0,2.5368,1166.6737,11.9,48.23,1.93
Texas,TX,Lamb,2022,FALSE,5,3337218.143,8671.322,2872.287,3322940.1,34356759.133,1.0043,0.00261,0.000864,83.45,16.55,0,0,0,0,3.019,1161.8679,4.93,25.38,5.36
Texas,TX,Lamb,2023,FALSE,3,3525258.967,8432.021,2632.94,3606352.76,36804130.344,0.97751,0.002338,0.00073,80.69,19.31,0,0,0,0,3.2025,1338.9059,5.63,-2.76,-8.33
Texas,TX,Lamb,2024,FALSE,3,2624652.587,5246.685,2179.179,2997535.9,28440352.101,0.8756,0.00175,0.000727,72.91,27.09,0,0,0,0,2.4076,1204.4227,-25.55,-37.78,-17.23
Texas,TX,Lamb,2025,FALSE,3,3551904.459,7758.165,3038.374,3771334.87,36214348.422,0.94182,0.002057,0.000806,85.4,14.6,0,0,0,0,2.5534,1169.0149,35.33,47.87,39.43
Texas,TX,Lamb,2026,TRUE,3,1297160.005,2360.682,1077.768,1467730.74,13879500.692,0.88379,0.001608,0.000734,75.29,24.71,0,0,0,0,2.1903,1203.5614,-63.48,-69.57,-64.53
Texas,TX,Limestone,2020,FALSE,2,6702640.394,4920.699,5027.378,6330416.09,63944990.991,1.0588,0.000777,0.000794,100,0,0,0,0,0,0.9788,1333.2279,,,
Texas,TX,Limestone,2021,FALSE,2,6538628.325,5103.949,5105.558,6256023.97,62382478.092,1.04517,0.000816,0.000816,100,0,0,0,0,0,0.9997,1280.6883,-2.45,3.72,1.56
Texas,TX,Limestone,2022,FALSE,2,8453804.918,6336.996,7069.352,7960767.63,80651226.482,1.06193,0.000796,0.000888,100,0,0,0,0,0,0.8964,1195.8387,29.29,24.16,38.46
Texas,TX,Limestone,2023,FALSE,2,7236001.664,5591.339,5510.945,6711822.2,69044241.042,1.0781,0.000833,0.000821,100,0,0,0,0,0,1.0146,1313.0237,-14.41,-11.77,-22.04
Texas,TX,Limestone,2024,FALSE,2,6203986.201,4518.098,5063.887,5936572.99,59213869.341,1.04505,0.000761,0.000853,100,0,0,0,0,0,0.8922,1225.1431,-14.26,-19.19,-8.11
Texas,TX,Limestone,2025,FALSE,2,9075848.692,17271.555,8710.39,8272159.12,86931281.131,1.09716,0.002088,0.001053,100,0,0,0,0,0,1.9829,1041.9566,46.29,282.27,72.01
Texas,TX,Limestone,2026,TRUE,2,3311217.575,3874.803,3083.592,3143295,31657680.734,1.05342,0.001233,0.000981,100,0,0,0,0,0,1.2566,1073.8183,-63.52,-77.57,-64.6
Texas,TX,Llano,2020,FALSE,2,1416400.308,7.15,71.975,2329161.99,23833676.627,0.60812,0.000003,0.000031,0,100,0,0,0,0,0.0993,19679.0595,,,
Texas,TX,Llano,2021,FALSE,2,1346190.45,6.796,67.083,2163487.03,22652262.003,0.62223,0.000003,0.000031,0,100,0,0,0,0,0.1013,20067.535,-4.96,-4.95,-6.8
Texas,TX,Llano,2022,FALSE,2,1255183.193,6.337,64.799,2045565.53,21121117.026,0.61361,0.000003,0.000032,0,100,0,0,0,0,0.0978,19370.4099,-6.76,-6.75,-3.4
Texas,TX,Llano,2023,FALSE,2,1493962.852,7.542,69.611,2462503.78,25138878.203,0.60668,0.000003,0.000028,0,100,0,0,0,0,0.1083,21461.5916,19.02,19.02,7.43
Texas,TX,Llano,2024,FALSE,2,1430728.787,7.222,68.298,2365270.83,24074665.366,0.60489,0.000003,0.000029,0,100,0,0,0,0,0.1057,20948.3263,-4.23,-4.24,-1.89
Texas,TX,Llano,2025,FALSE,2,1429794.59,7.141,71.415,2367859.25,24059064.768,0.60383,0.000003,0.00003,0,100,0,0,0,0,0.1,20020.9282,-0.07,-1.12,4.56
Texas,TX,Llano,2026,TRUE,2,676482.079,3.406,34.617,1127313.44,11383124.307,0.60008,0.000003,0.000031,0,100,0,0,0,0,0.0984,19541.9037,-52.69,-52.3,-51.53
Texas,TX,Lubbock,2020,FALSE,5,1736404.852,8.769,1450.815,2864305.85,29218403.03,0.60622,0.000003,0.000507,0,100,0,0,0,0,0.006,1196.8479,,,
Texas,TX,Lubbock,2021,FALSE,5,821963.536,4.642,477.764,1305966.96,13798042.636,0.62939,0.000004,0.000366,0,100,0,0,0,0,0.0097,1720.4384,-52.66,-47.06,-67.07
Texas,TX,Lubbock,2022,FALSE,5,1060412.961,5.576,706.251,1679142.64,17820578.86,0.63152,0.000003,0.000421,0,100,0,0,0,0,0.0079,1501.4676,29.01,20.12,47.82
Texas,TX,Lubbock,2023,FALSE,5,1203265.66,6.08,855.386,1961408.61,20243658.34,0.61347,0.000003,0.000436,0,100,0,0,0,0,0.0071,1406.6932,13.47,9.04,21.12
Texas,TX,Lubbock,2024,FALSE,4,1584667.007,8.092,1096.173,2603674.04,26651700.328,0.60863,0.000003,0.000421,0,100,0,0,0,0,0.0074,1445.6359,31.7,33.09,28.15
Texas,TX,Lubbock,2025,FALSE,4,1852699.492,9.353,1343.92,3064769.51,31172993.692,0.60452,0.000003,0.000439,0,100,0,0,0,0,0.007,1378.5787,16.91,15.58,22.6
Texas,TX,Lubbock,2026,TRUE,4,951780.029,4.805,757.006,1573616.85,16015561.632,0.60484,0.000003,0.000481,0,100,0,0,0,0,0.0063,1257.2952,-48.63,-48.63,-43.67
Texas,TX,Marion,2020,FALSE,3,467167.276,2.359,520.453,751084.13,7860591.172,0.62199,0.000003,0.000693,0,100,0,0,0,0,0.0045,897.6166,,,
Texas,TX,Marion,2021,FALSE,3,613515.847,3.098,717.441,951125.33,10324416.129,0.64504,0.000003,0.000754,0,100,0,0,0,0,0.0043,855.1447,31.33,31.33,37.85
Texas,TX,Marion,2022,FALSE,3,630168.047,3.43,812.665,1109442.84,10603514.36,0.568,0.000003,0.000732,0,100,0,0,0,0,0.0042,775.434,2.71,10.72,13.27
Texas,TX,Marion,2023,FALSE,3,733454.707,3.703,930.535,1191420.39,12341716.581,0.61561,0.000003,0.000781,0,100,0,0,0,0,0.004,788.2075,16.39,7.96,14.5
Texas,TX,Marion,2024,FALSE,3,777614.879,4.468,1066.255,1261201.98,13042966.234,0.61657,0.000004,0.000845,0,100,0,0,0,0,0.0042,729.2954,6.02,20.66,14.59
Texas,TX,Marion,2025,FALSE,3,693917.432,3.503,822.557,1073663.21,11676467.248,0.64631,0.000003,0.000766,0,100,0,0,0,0,0.0043,843.6101,-10.76,-21.6,-22.86
Texas,TX,Marion,2026,TRUE,3,380765.301,1.954,407.603,599609.64,6404597.065,0.63502,0.000003,0.00068,0,100,0,0,0,0,0.0048,934.1573,-45.13,-44.22,-50.45
Texas,TX,McLennan,2020,FALSE,1,4943073.232,2324.868,1067.37,4884513.75,47161984.87,1.01199,0.000476,0.000219,100,0,0,0,0,0,2.1781,4631.0775,,,
Texas,TX,McLennan,2021,FALSE,1,5933889.597,2842.38,1311.555,5719354.24,56670751.228,1.03751,0.000497,0.000229,100,0,0,0,0,0,2.1672,4524.3162,20.04,22.26,22.88
Texas,TX,McLennan,2022,FALSE,1,4637186.139,2005.354,1249.286,4176574.05,44524021.704,1.11028,0.00048,0.000299,100,0,0,0,0,0,1.6052,3711.8691,-21.85,-29.45,-4.75
Texas,TX,McLennan,2023,FALSE,1,3780874.034,1697.135,752.568,3549352.76,36169509.511,1.06523,0.000478,0.000212,100,0,0,0,0,0,2.2551,5023.9633,-18.47,-15.37,-39.76
Texas,TX,McLennan,2024,FALSE,1,3549444.191,1494.499,708.137,3276075.74,33917310.565,1.08344,0.000456,0.000216,100,0,0,0,0,0,2.1105,5012.3693,-6.12,-11.94,-5.9
Texas,TX,McLennan,2025,FALSE,1,805220.085,358.947,184.172,767593.67,7723525.9,1.04902,0.000468,0.00024,100,0,0,0,0,0,1.949,4372.1091,-77.31,-75.98,-73.99
Texas,TX,McLennan,2026,TRUE,0,0,0,0,0,0,,,,,,,,,,,,-100,-100,-100
Texas,TX,Mitchell,2020,FALSE,6,0,0,50.783,9467.89,142177.6,0,0,0.005364,0,100,0,0,0,0,0,0,,,
Texas,TX,Mitchell,2021,FALSE,6,0,0,386.365,62914.74,880083.1,0,0,0.006141,0,100,0,0,0,0,0,0,,,660.82
Texas,TX,Mitchell,2022,FALSE,6,0,0,170.866,21572.72,312915.1,0,0,0.00792,0,100,0,0,0,0,0,0,,,-55.78
Texas,TX,Mitchell,2023,FALSE,6,0,0,475.26,70828.06,987286.5,0,0,0.00671,0,100,0,0,0,0,0,0,,,178.15
Texas,TX,Mitchell,2024,FALSE,6,0,0,117.772,23438.69,311047.661,0,0,0.005025,0,100,0,0,0,0,0,0,,,-75.22
Texas,TX,Mitchell,2025,FALSE,6,0,0,65.111,35082.7,467188.128,0,0,0.001856,0,100,0,0,0,0,0,0,,,-44.71
Texas,TX,Mitchell,2026,TRUE,6,0,0,25.24,12945.22,167025.182,0,0,0.00195,0,100,0,0,0,0,0,0,,,-61.24
Texas,TX,Montgomery,2020,FALSE,4,1442162.124,7.28,297.492,2477920.61,24267200.921,0.582,0.000003,0.00012,0,100,0,0,0,0,0.0245,4847.7341,,,
Texas,TX,Montgomery,2021,FALSE,4,3030670.331,15.3,284.443,6815894.22,50996821.036,0.44465,0.000002,0.000042,0,100,0,0,0,0,0.0538,10654.7545,110.15,110.16,-4.39
Texas,TX,Montgomery,2022,FALSE,4,3821527.962,19.292,412.765,8509515.19,64304523.716,0.44909,0.000002,0.000049,0,100,0,0,0,0,0.0467,9258.3624,26.1,26.09,45.11
Texas,TX,Montgomery,2023,FALSE,4,3674481.012,18.55,379.599,8187502.61,61829986.702,0.44879,0.000002,0.000046,0,100,0,0,0,0,0.0489,9679.9017,-3.85,-3.85,-8.04
Texas,TX,Montgomery,2024,FALSE,4,4018652.598,20.287,442.806,8851671.46,67621514.828,0.454,0.000002,0.00005,0,100,0,0,0,0,0.0458,9075.4249,9.37,9.36,16.65
Texas,TX,Montgomery,2025,FALSE,4,4066358.586,20.528,393.468,9088796.92,68424319.613,0.4474,0.000002,0.000043,0,100,0,0,0,0,0.0522,10334.6615,1.19,1.19,-11.14
Texas,TX,Montgomery,2026,TRUE,4,2145853.701,10.833,205.28,4827042.62,36108071.158,0.44455,0.000002,0.000043,0,100,0,0,0,0,0.0528,10453.3013,-47.23,-47.23,-47.83
Texas,TX,Morris,2020,FALSE,0,0,0,0,0,0,,,,,,,,,,,,,,
Texas,TX,Nacogdoches,2020,FALSE,1,85703.184,1.516,34.558,61757.45,821611.453,1.38774,0.000025,0.00056,0,0,0,100,0,0,0.0439,2479.981,,,
Texas,TX,Nacogdoches,2021,FALSE,1,319061.932,2.747,131.867,234343.34,3059940.807,1.36151,0.000012,0.000563,0,0,0,100,0,0,0.0208,2419.5738,272.29,81.2,281.58
Texas,TX,Nacogdoches,2022,FALSE,1,623342.649,8.466,256.349,484601.89,5977370.921,1.2863,0.000017,0.000529,0,0,0,100,0,0,0.033,2431.6172,95.37,208.19,94.4
Texas,TX,Nacogdoches,2023,FALSE,1,372709.852,6.809,153.657,280402.35,3576099.143,1.3292,0.000024,0.000548,0,0,0,100,0,0,0.0443,2425.5963,-40.21,-19.57,-40.06
Texas,TX,Nacogdoches,2024,FALSE,1,303342.45,1.928,121.664,216182.26,2912406.766,1.40318,0.000009,0.000563,0,0,0,100,0,0,0.0158,2493.2803,-18.61,-71.68,-20.82
Texas,TX,Nacogdoches,2025,FALSE,1,388202.44,1.911,143.928,286422.29,3726021.778,1.35535,0.000007,0.000503,0,0,0,100,0,0,0.0133,2697.1989,27.97,-0.88,18.3
Texas,TX,Nacogdoches,2026,TRUE,1,281315.325,1.304,108.176,214336,2697209.805,1.3125,0.000006,0.000505,0,0,0,100,0,0,0.0121,2600.5336,-27.53,-31.76,-24.84
Texas,TX,Newton,2020,FALSE,4,2678989.193,13.544,251.515,6299426.42,45079097.467,0.42528,0.000002,0.00004,0,100,0,0,0,0,0.0538,10651.4092,,,
Texas,TX,Newton,2021,FALSE,4,2416947.478,12.191,248.201,5643113.65,40669722.289,0.4283,0.000002,0.000044,0,100,0,0,0,0,0.0491,9737.8636,-9.78,-9.99,-1.32
Texas,TX,Newton,2022,FALSE,4,2931956.173,14.803,263.004,6824428,49335943.528,0.42963,0.000002,0.000039,0,100,0,0,0,0,0.0563,11147.9528,21.31,21.43,5.96
Texas,TX,Newton,2023,FALSE,4,2625295.826,13.238,244.914,6043970.58,44175567.363,0.43437,0.000002,0.000041,0,100,0,0,0,0,0.0541,10719.2558,-10.46,-10.57,-6.88
Texas,TX,Newton,2024,FALSE,4,2649288.357,13.367,239.927,6110741.67,44579367.358,0.43355,0.000002,0.000039,0,100,0,0,0,0,0.0557,11042.0601,0.91,0.97,-2.04
Texas,TX,Newton,2025,FALSE,4,2034973.787,10.278,187.081,4701476.36,34242294.103,0.43284,0.000002,0.00004,0,100,0,0,0,0,0.0549,10877.5011,-23.19,-23.11,-22.03
Texas,TX,Newton,2026,TRUE,4,1325838.481,6.691,116.477,3041463.43,22309691.882,0.43592,0.000002,0.000038,0,100,0,0,0,0,0.0574,11382.8351,-34.85,-34.9,-37.74
Texas,TX,Nueces,2020,FALSE,7,2415108.381,12.19,597.927,5302577.26,40638836.844,0.45546,0.000002,0.000113,0,100,0,0,0,0,0.0204,4039.1358,,,
Texas,TX,Nueces,2021,FALSE,7,2374131.739,11.985,663.468,5162133.87,39949340.553,0.45991,0.000002,0.000129,0,100,0,0,0,0,0.0181,3578.3666,-1.7,-1.68,10.96
Texas,TX,Nueces,2022,FALSE,7,2612073.191,13.187,669.485,5679295.58,43953149.981,0.45993,0.000002,0.000118,0,100,0,0,0,0,0.0197,3901.6157,10.02,10.03,0.91
Texas,TX,Nueces,2023,FALSE,7,2710459.57,13.684,754.432,5877193.04,45608669.143,0.46118,0.000002,0.000128,0,100,0,0,0,0,0.0181,3592.7155,3.77,3.77,12.69
Texas,TX,Nueces,2024,FALSE,7,2944959.778,14.867,659.292,6589101.47,49554646.437,0.44694,0.000002,0.0001,0,100,0,0,0,0,0.0225,4466.852,8.65,8.65,-12.61
Texas,TX,Nueces,2025,FALSE,7,2826012.198,14.266,574.873,6339115.34,47553105.239,0.44581,0.000002,0.000091,0,100,0,0,0,0,0.0248,4915.8896,-4.04,-4.04,-12.8
Texas,TX,Nueces,2026,TRUE,6,1123917.928,5.674,209.753,2416505.04,18912092.362,0.4651,0.000002,0.000087,0,100,0,0,0,0,0.0271,5358.2925,-60.23,-60.23,-63.51
Texas,TX,Orange,2020,FALSE,8,4385897.358,21.573,3089.438,7647632.53,71908410.324,0.5735,0.000003,0.000404,0,100,0,0,0,0,0.007,1419.6425,,,
Texas,TX,Orange,2021,FALSE,6,3926397.425,18.954,2301.401,6908713.21,63173244.629,0.56833,0.000003,0.000333,0,100,0,0,0,0,0.0082,1706.0901,-10.48,-12.14,-25.51
Texas,TX,Orange,2022,FALSE,6,3520857.119,16.97,2259.794,6367679.86,56564566.486,0.55293,0.000003,0.000355,0,100,0,0,0,0,0.0075,1558.0434,-10.33,-10.47,-1.81
Texas,TX,Orange,2023,FALSE,6,3709158.884,18.146,2908.999,6588230.47,60484998.06,0.563,0.000003,0.000442,0,100,0,0,0,0,0.0062,1275.0637,5.35,6.93,28.73
Texas,TX,Orange,2024,FALSE,6,4123192.464,20.127,2810.227,7386254.48,67089393.451,0.55823,0.000003,0.00038,0,100,0,0,0,0,0.0072,1467.2098,11.16,10.92,-3.4
Texas,TX,Orange,2025,FALSE,6,3935231.888,19.515,2372.514,7039591.06,65042586.863,0.55901,0.000003,0.000337,0,100,0,0,0,0,0.0082,1658.6759,-4.56,-3.04,-15.58
Texas,TX,Orange,2026,TRUE,6,1542216.402,7.85,836.016,2779970.8,26160739.846,0.55476,0.000003,0.000301,0,100,0,0,0,0,0.0094,1844.7212,-60.81,-59.77,-64.76
Texas,TX,Palo Pinto,2020,FALSE,5,130374.992,0.693,148.096,195321.87,2193265.57,0.66749,0.000004,0.000758,0,100,0,0,0,0,0.0047,880.3411,,,
Texas,TX,Palo Pinto,2021,FALSE,4,183351.607,20.352,232.085,281581.65,2960205.784,0.65115,0.000072,0.000824,0,100,0,0,0,0,0.0877,790.0192,40.63,2836.8,56.71
Texas,TX,Palo Pinto,2022,FALSE,4,258871.273,23.091,358.34,383754.31,4199425.153,0.67458,0.00006,0.000934,0,100,0,0,0,0,0.0644,722.418,41.19,13.46,54.4
Texas,TX,Palo Pinto,2023,FALSE,4,355526.22,3.724,543.285,509348.9,5962696.761,0.698,0.000007,0.001067,0,100,0,0,0,0,0.0069,654.4009,37.34,-83.87,51.61
Texas,TX,Palo Pinto,2024,FALSE,4,374850.955,6.466,441.403,517434.15,6240979.588,0.72444,0.000012,0.000853,0,100,0,0,0,0,0.0146,849.2261,5.44,73.63,-18.75
Texas,TX,Palo Pinto,2025,FALSE,4,790267.069,4.063,1180.263,1119810.53,13275325.94,0.70571,0.000004,0.001054,0,100,0,0,0,0,0.0034,669.5686,110.82,-37.16,167.39
Texas,TX,Palo Pinto,2026,TRUE,4,87608.02,0.793,116.241,120329.61,1363491.355,0.72807,0.000007,0.000966,0,100,0,0,0,0,0.0068,753.6757,-88.91,-80.48,-90.15
Texas,TX,Potter,2020,FALSE,6,4532981.198,8190.549,3543.07,5039130.43,49607264.985,0.89956,0.001625,0.000703,71.24,28.76,0,0,0,0,2.3117,1279.3936,,,
Texas,TX,Potter,2021,FALSE,6,5946766.361,12705.399,4524.889,5949415.42,60015408.514,0.99955,0.002136,0.000761,87.76,12.24,0,0,0,0,2.8079,1314.2347,31.19,55.12,27.71
Texas,TX,Potter,2022,FALSE,6,5647495.983,15581.723,4735.839,5583414.95,57654320.695,1.01148,0.002791,0.000848,85.15,14.85,0,0,0,0,3.2902,1192.5017,-5.03,22.64,4.66
Texas,TX,Potter,2023,FALSE,6,4616263.345,10535.995,3101.437,4850617.59,50088662.638,0.95169,0.002172,0.000639,72.6,27.4,0,0,0,0,3.3971,1488.4273,-18.26,-32.38,-34.51
Texas,TX,Potter,2024,FALSE,6,3828845.21,6901.761,2921.983,4354370.76,45508335.467,0.87931,0.001585,0.000671,58.45,41.55,0,0,0,0,2.362,1310.3585,-17.06,-34.49,-5.79
Texas,TX,Potter,2025,FALSE,6,2445671.091,91.464,1527.472,3962354.69,41175692.376,0.61723,0.000023,0.000385,31.43,68.57,0,0,0,0,0.0599,1601.1234,-36.13,-98.67,-47.72
Texas,TX,Potter,2026,TRUE,6,1544012.003,7.796,1069.358,2575583.35,25981006.67,0.59948,0.000003,0.000415,0,100,0,0,0,0,0.0073,1443.8682,-36.87,-91.48,-29.99
Texas,TX,Robertson,2020,FALSE,4,17411229.44,11177.405,6858.076,16857682.46,159955381.307,1.03284,0.000663,0.000407,100,0,0,0,0,0,1.6298,2538.7921,,,
Texas,TX,Robertson,2021,FALSE,4,16776529.428,10941.532,6536.174,15938317.29,154137356.361,1.05259,0.000686,0.00041,100,0,0,0,0,0,1.674,2566.7201,-3.65,-2.11,-4.69
Texas,TX,Robertson,2022,FALSE,4,17018042.423,11093.128,6600.82,16347068.29,156364126.892,1.04105,0.000679,0.000404,100,0,0,0,0,0,1.6806,2578.171,1.44,1.39,0.99
Texas,TX,Robertson,2023,FALSE,4,16363541.458,10321.609,6276.227,15647560.38,150357494.08,1.04576,0.00066,0.000401,100,0,0,0,0,0,1.6446,2607.2259,-3.85,-6.95,-4.92
Texas,TX,Robertson,2024,FALSE,4,14843632.402,8451.212,5826.013,14257277.61,136589489.594,1.04113,0.000593,0.000409,100,0,0,0,0,0,1.4506,2547.82,-9.29,-18.12,-7.17
Texas,TX,Robertson,2025,FALSE,4,15295197.87,8702.714,6052.02,14589240.12,140625680.216,1.04839,0.000597,0.000415,100,0,0,0,0,0,1.438,2527.2881,3.04,2.98,3.88
Texas,TX,Robertson,2026,TRUE,4,7681168.5,4282.508,2951.863,7470787.86,70610255.691,1.02816,0.000573,0.000395,100,0,0,0,0,0,1.4508,2602.1426,-49.78,-50.79,-51.23
Texas,TX,Rusk,2020,FALSE,6,16579492.364,43592.194,10649.875,18250947.37,165963830.531,0.90842,0.002388,0.000584,81.85,18.15,0,0,0,0,4.0932,1556.7781,,,
Texas,TX,Rusk,2021,FALSE,6,16213923.586,48789.69,10149.42,17697457.29,160076479.423,0.91617,0.002757,0.000573,84.98,15.02,0,0,0,0,4.8071,1597.5222,-2.2,11.92,-4.7
Texas,TX,Rusk,2022,FALSE,6,16300759.412,17698.51,9511.826,17847347.84,167977465.811,0.91334,0.000992,0.000533,82.75,17.25,0,0,0,0,1.8607,1713.7361,0.54,-63.72,-6.28
Texas,TX,Rusk,2023,FALSE,6,15387035.007,13309.552,9563.88,16264890.14,156852127.617,0.94603,0.000818,0.000588,85.08,14.92,0,0,0,0,1.3916,1608.8695,-5.61,-24.8,0.55
Texas,TX,Rusk,2024,FALSE,6,12380044.422,9910.113,7978.239,12282054.3,123851424.249,1.00798,0.000807,0.00065,89.17,10.83,0,0,0,0,1.2421,1551.7264,-19.54,-25.54,-16.58
Texas,TX,Rusk,2025,FALSE,5,11664079.2,9988.026,7104.266,14131701,125911736.388,0.82538,0.000707,0.000503,73.06,26.94,0,0,0,0,1.4059,1641.8416,-5.78,0.79,-10.95
Texas,TX,Rusk,2026,TRUE,6,6229725.3,5084.117,3689.011,6919163.08,64742737.912,0.90036,0.000735,0.000533,80.95,19.05,0,0,0,0,1.3782,1688.7251,-46.59,-49.1,-48.07
Texas,TX,San Jacinto,2020,FALSE,2,167945.994,0.848,36.95,228625.55,2826051.008,0.73459,0.000004,0.000162,0,100,0,0,0,0,0.0229,4545.2231,,,
Texas,TX,San Jacinto,2021,FALSE,2,128146.184,0.647,30.075,169817.98,2156264.548,0.75461,0.000004,0.000177,0,100,0,0,0,0,0.0215,4260.8872,-23.7,-23.7,-18.61
Texas,TX,San Jacinto,2022,FALSE,2,70174.217,0.354,18.845,93367.8,1180791.44,0.75159,0.000004,0.000202,0,100,0,0,0,0,0.0188,3723.7579,-45.24,-45.29,-37.34
Texas,TX,San Jacinto,2023,FALSE,2,86503.207,0.437,17.605,114615.51,1455571.067,0.75473,0.000004,0.000154,0,100,0,0,0,0,0.0248,4913.559,23.27,23.45,-6.58
Texas,TX,San Jacinto,2024,FALSE,2,108377.351,0.547,23.417,142655.55,1823631.356,0.75971,0.000004,0.000164,0,100,0,0,0,0,0.0234,4628.1484,25.29,25.17,33.01
Texas,TX,San Jacinto,2025,FALSE,2,222613.055,1.123,50.323,290253.08,3745929.579,0.76696,0.000004,0.000173,0,100,0,0,0,0,0.0223,4423.6841,105.41,105.3,114.9
Texas,TX,San Jacinto,2026,TRUE,2,73823.707,0.373,18.054,95479.62,1242204.635,0.77319,0.000004,0.000189,0,100,0,0,0,0,0.0207,4089.0499,-66.84,-66.79,-64.12
Texas,TX,San Patricio,2020,FALSE,2,265300.42,1.345,59.391,639111.37,4464191.792,0.41511,0.000002,0.000093,0,100,0,0,0,0,0.0226,4467.0139,,,
Texas,TX,San Patricio,2021,FALSE,2,391449.584,2.029,82.522,687137.61,6586893.89,0.56968,0.000003,0.00012,0,100,0,0,0,0,0.0246,4743.5785,47.55,50.86,38.95
Texas,TX,San Patricio,2022,FALSE,2,376608.466,1.93,89.373,509599.65,6337173.846,0.73903,0.000004,0.000175,0,100,0,0,0,0,0.0216,4213.8953,-3.79,-4.88,8.3
Texas,TX,San Patricio,2023,FALSE,2,270907.178,1.383,65.434,372717.37,4558512.256,0.72684,0.000004,0.000176,0,100,0,0,0,0,0.0211,4140.1592,-28.07,-28.34,-26.79
Texas,TX,San Patricio,2024,FALSE,2,449177.157,2.279,112.64,693667.25,7558295.11,0.64754,0.000003,0.000162,0,100,0,0,0,0,0.0202,3987.7233,65.8,64.79,72.14
Texas,TX,San Patricio,2025,FALSE,2,328483.844,1.659,90.527,793953.53,5527367.362,0.41373,0.000002,0.000114,0,100,0,0,0,0,0.0183,3628.5732,-26.87,-27.2,-19.63
Texas,TX,San Patricio,2026,TRUE,2,124284.654,0.627,38.341,301209.34,2091333.694,0.41262,0.000002,0.000127,0,100,0,0,0,0,0.0164,3241.5601,-62.16,-62.21,-57.65
Texas,TX,Tarrant,2020,FALSE,3,427917.228,2.161,86.814,594990.62,7200511.4,0.7192,0.000004,0.000146,0,100,0,0,0,0,0.0249,4929.127,,,
Texas,TX,Tarrant,2021,FALSE,3,773958.363,3.907,117.165,1121503.03,13023370.295,0.69011,0.000003,0.000104,0,100,0,0,0,0,0.0333,6605.713,80.87,80.8,34.96
Texas,TX,Tarrant,2022,FALSE,3,787425.49,3.975,125.837,1119194.51,13249844.657,0.70356,0.000004,0.000112,0,100,0,0,0,0,0.0316,6257.5037,1.74,1.74,7.4
Texas,TX,Tarrant,2023,FALSE,3,1135286.904,5.732,153.783,1627558.58,19103428.874,0.69754,0.000004,0.000094,0,100,0,0,0,0,0.0373,7382.3953,44.18,44.2,22.21
Texas,TX,Tarrant,2024,FALSE,3,627266.786,3.166,102.744,903123.36,10554991.975,0.69455,0.000004,0.000114,0,100,0,0,0,0,0.0308,6105.1427,-44.75,-44.77,-33.19
Texas,TX,Tarrant,2025,FALSE,3,665725.682,3.361,132.381,937659.25,11202102.8,0.70999,0.000004,0.000141,0,100,0,0,0,0,0.0254,5028.8613,6.13,6.16,28.85
Texas,TX,Tarrant,2026,TRUE,3,189992.464,0.96,35.032,308559.03,3197000.582,0.61574,0.000003,0.000114,0,100,0,0,0,0,0.0274,5423.3976,-71.46,-71.44,-73.54
Texas,TX,Titus,2020,FALSE,2,4048551.427,8168.936,3671.634,3587163.34,38601790.456,1.12862,0.002277,0.001024,100,0,0,0,0,0,2.2249,1102.6566,,,
Texas,TX,Titus,2021,FALSE,2,5218554.42,9879.853,4981.477,4634639.38,49757440.919,1.12599,0.002132,0.001075,100,0,0,0,0,0,1.9833,1047.5918,28.9,20.94,35.67
Texas,TX,Titus,2022,FALSE,2,5155185.585,10915.686,4695.94,4538085.86,49153187.034,1.13598,0.002405,0.001035,100,0,0,0,0,0,2.3245,1097.7963,-1.21,10.48,-5.73
Texas,TX,Titus,2023,FALSE,2,4372159.174,9495.673,4016.782,3856800.23,41687240.157,1.13362,0.002462,0.001041,100,0,0,0,0,0,2.364,1088.4731,-15.19,-13.01,-14.46
Texas,TX,Titus,2024,FALSE,2,5323483.071,13129.73,4952.169,4688829.18,50757870.703,1.13535,0.0028,0.001056,100,0,0,0,0,0,2.6513,1074.9801,21.76,38.27,23.29
Texas,TX,Titus,2025,FALSE,2,4991569.303,11542.056,4710.82,4429828.64,47593145.304,1.12681,0.002606,0.001063,100,0,0,0,0,0,2.4501,1059.5967,-6.23,-12.09,-4.87
Texas,TX,Titus,2026,TRUE,2,1538141.792,3647.692,1497.991,1329353.16,14665729.194,1.15706,0.002744,0.001127,100,0,0,0,0,0,2.4351,1026.8031,-69.19,-68.4,-68.2
Texas,TX,Travis,2020,FALSE,17,1245642.3,7.228,709.899,2349512.75,21360024.751,0.53017,0.000003,0.000302,0,100,0,0,0,0,0.0102,1754.6754,,,
Texas,TX,Travis,2021,FALSE,16,1150792.604,8.879,676.948,2137532.8,19909461.47,0.53837,0.000004,0.000317,0,100,0,0,0,0,0.0131,1699.9719,-7.61,22.84,-4.64
Texas,TX,Travis,2022,FALSE,16,862893.48,4.55,368.604,1821813.69,15123091.546,0.47365,0.000002,0.000202,0,100,0,0,0,0,0.0123,2340.977,-25.02,-48.76,-45.55
Texas,TX,Travis,2023,FALSE,15,922646.108,4.658,568.737,2046527.25,16864390.171,0.45083,0.000002,0.000278,0,100,0,0,0,0,0.0082,1622.272,6.92,2.37,54.29
Texas,TX,Travis,2024,FALSE,15,1021032.84,5.154,559.899,2309124.28,18452400.574,0.44217,0.000002,0.000242,0,100,0,0,0,0,0.0092,1823.6018,10.66,10.65,-1.55
Texas,TX,Travis,2025,FALSE,15,968341.346,4.888,696.39,2164601.94,17968270.268,0.44735,0.000002,0.000322,0,100,0,0,0,0,0.007,1390.5159,-5.16,-5.16,24.38
Texas,TX,Travis,2026,TRUE,15,383750.338,1.937,344.537,870752.48,7302832.243,0.44071,0.000002,0.000396,0,100,0,0,0,0,0.0056,1113.8146,-60.37,-60.37,-50.53
Texas,TX,Victoria,2020,FALSE,8,600103.204,3.02,92.778,1221411.84,10071618.714,0.49132,0.000002,0.000076,0,100,0,0,0,0,0.0326,6468.1628,,,
Texas,TX,Victoria,2021,FALSE,8,519956.882,5.819,123.491,996682.75,8637700.93,0.52169,0.000006,0.000124,0,100,0,0,0,0,0.0471,4210.484,-13.36,92.68,33.1
Texas,TX,Victoria,2022,FALSE,10,753093.323,3.844,181.404,1493341.31,12586579.583,0.5043,0.000003,0.000121,0,100,0,0,0,0,0.0212,4151.4703,44.84,-33.94,46.9
Texas,TX,Victoria,2023,FALSE,10,745258.257,3.796,97.153,1469322.26,12469211.865,0.50721,0.000003,0.000066,0,100,0,0,0,0,0.0391,7670.9752,-1.04,-1.25,-46.44
Texas,TX,Victoria,2024,FALSE,10,972477.587,4.989,128.442,1948036.88,16316313.135,0.49921,0.000003,0.000066,0,100,0,0,0,0,0.0388,7571.3364,30.49,31.43,32.21
Texas,TX,Victoria,2025,FALSE,10,751302.028,3.848,104.052,1542770.79,12602466.302,0.48698,0.000002,0.000067,0,100,0,0,0,0,0.037,7220.4477,-22.74,-22.87,-18.99
Texas,TX,Victoria,2026,TRUE,10,356348.506,1.798,48.392,723420.48,5969447.579,0.49259,0.000002,0.000067,0,100,0,0,0,0,0.0372,7363.7896,-52.57,-53.27,-53.49
Texas,TX,Ward,2020,FALSE,5,268610.9,0,660.736,345288.31,4550546.2,0.77793,0,0.001914,0,100,0,0,0,0,0,406.5329,,,
Texas,TX,Ward,2021,FALSE,5,58937.388,0,108.423,67212.84,886824.934,0.87688,0,0.001613,0,100,0,0,0,0,0,543.5875,-78.06,,-83.59
Texas,TX,Ward,2022,FALSE,5,102527.084,0,213.58,129146.88,1722203.059,0.79388,0,0.001654,0,100,0,0,0,0,0,480.0407,73.96,,96.99
Texas,TX,Ward,2023,FALSE,5,266265.526,0,573.917,343776.25,4468029.497,0.77453,0,0.001669,0,100,0,0,0,0,0,463.9443,159.7,,168.71
Texas,TX,Ward,2024,FALSE,5,354112.826,0,721.588,464478.07,5939510.507,0.76239,0,0.001554,0,100,0,0,0,0,0,490.741,32.99,,25.73
Texas,TX,Ward,2025,FALSE,5,504076.814,0,1014.817,669860.74,8453327.479,0.75251,0,0.001515,0,100,0,0,0,0,0,496.717,42.35,,40.64
Texas,TX,Ward,2026,TRUE,5,283934.136,0,663.041,371498.27,4739990.152,0.76429,0,0.001785,0,100,0,0,0,0,0,428.2301,-43.67,,-34.66
Texas,TX,Webb,2020,FALSE,2,41638.487,0.211,4.06,75586.74,700677.91,0.55087,0.000003,0.000054,0,100,0,0,0,0,0.052,10255.785,,,
Texas,TX,Webb,2021,FALSE,2,57998.07,0.292,5.537,102714.42,975925.583,0.56465,0.000003,0.000054,0,100,0,0,0,0,0.0527,10474.6379,39.29,38.39,36.38
Texas,TX,Webb,2022,FALSE,2,20287.091,0.102,1.934,35982.96,341348.142,0.5638,0.000003,0.000054,0,100,0,0,0,0,0.0527,10489.7058,-65.02,-65.07,-65.07
Texas,TX,Webb,2023,FALSE,2,24081.589,0.121,2.29,42270.4,405213.473,0.5697,0.000003,0.000054,0,100,0,0,0,0,0.0528,10515.9777,18.7,18.63,18.41
Texas,TX,Webb,2024,FALSE,2,28972.049,0.146,2.996,52196.89,487511.855,0.55505,0.000003,0.000057,0,100,0,0,0,0,0.0487,9670.2433,20.31,20.66,30.83
Texas,TX,Webb,2025,FALSE,2,14211.407,0.072,1.467,24978.03,239129.612,0.56896,0.000003,0.000059,0,100,0,0,0,0,0.0491,9687.394,-50.95,-50.68,-51.03
Texas,TX,Webb,2026,TRUE,2,16913.54,0.086,1.558,30318.49,284600.899,0.55786,0.000003,0.000051,0,100,0,0,0,0,0.0552,10855.9307,19.01,19.44,6.2
Texas,TX,Wharton,2020,FALSE,7,3345564.259,16.89,276.865,8071633.18,56295536.699,0.41448,0.000002,0.000034,0,100,0,0,0,0,0.061,12083.7385,,,
Texas,TX,Wharton,2021,FALSE,6,3521465.745,17.776,245.795,8614939.74,59255394.376,0.40876,0.000002,0.000029,0,100,0,0,0,0,0.0723,14326.8404,5.26,5.25,-11.22
Texas,TX,Wharton,2022,FALSE,8,3380663.156,17.065,206.266,8334626.89,56886026.13,0.40562,0.000002,0.000025,0,100,0,0,0,0,0.0827,16389.8226,-4,-4,-16.08
Texas,TX,Wharton,2023,FALSE,9,4370977.828,22.066,337.864,10579378.81,73550143.359,0.41316,0.000002,0.000032,0,100,0,0,0,0,0.0653,12937.0925,29.29,29.31,63.8
Texas,TX,Wharton,2024,FALSE,9,4012273.093,20.256,276.822,9668293.12,67514007.808,0.41499,0.000002,0.000029,0,100,0,0,0,0,0.0732,14494.0543,-8.21,-8.2,-18.07
Texas,TX,Wharton,2025,FALSE,9,3506631.222,17.703,232.941,8510587.4,59005876.703,0.41203,0.000002,0.000027,0,100,0,0,0,0,0.076,15053.7313,-12.6,-12.6,-15.85
Texas,TX,Wharton,2026,TRUE,9,1703537.484,8.6,126.525,4212546.96,28665243.707,0.4044,0.000002,0.00003,0,100,0,0,0,0,0.068,13464.0386,-51.42,-51.42,-45.68
Texas,TX,Wilbarger,2020,FALSE,1,1354458.972,748.342,2089.424,1209176.79,12914358.63,1.12015,0.000619,0.001728,100,0,0,0,0,0,0.3582,648.2451,,,
Texas,TX,Wise,2020,FALSE,2,1082361.37,5.464,157.872,2509661.39,18212781.737,0.43128,0.000002,0.000063,0,100,0,0,0,0,0.0346,6855.9426,,,
Texas,TX,Wise,2021,FALSE,2,998908.652,5.042,156.482,2330138.23,16808546.758,0.42869,0.000002,0.000067,0,100,0,0,0,0,0.0322,6383.5371,-7.71,-7.72,-0.88
Texas,TX,Wise,2022,FALSE,2,1247628.002,6.298,202.795,2849980.46,20993770.547,0.43777,0.000002,0.000071,0,100,0,0,0,0,0.0311,6152.1635,24.9,24.91,29.6
Texas,TX,Wise,2023,FALSE,2,1408527.48,7.111,197.636,3483759.39,23701364.232,0.40431,0.000002,0.000057,0,100,0,0,0,0,0.036,7126.8771,12.9,12.91,-2.54
Texas,TX,Wise,2024,FALSE,2,1435474.141,7.246,186.303,3554176.84,24154700.694,0.40388,0.000002,0.000052,0,100,0,0,0,0,0.0389,7705.0511,1.91,1.9,-5.73
Texas,TX,Wise,2025,FALSE,2,1415136.448,7.144,210.904,3439697.16,23812339.654,0.41141,0.000002,0.000061,0,100,0,0,0,0,0.0339,6709.8606,-1.42,-1.41,13.2
Texas,TX,Wise,2026,TRUE,2,558887.692,2.821,87.421,1350465.7,9404416.03,0.41385,0.000002,0.000065,0,100,0,0,0,0,0.0323,6393.0599,-60.51,-60.51,-58.55
Texas,TX,Yoakum,2020,FALSE,5,1725324.741,8.71,498.018,3225882.24,29031898.096,0.53484,0.000003,0.000154,0,100,0,0,0,0,0.0175,3464.3823,,,
Texas,TX,Yoakum,2021,FALSE,5,636085.634,3.211,175.93,1009382.04,10703398.066,0.63017,0.000003,0.000174,0,100,0,0,0,0,0.0183,3615.5609,-63.13,-63.13,-64.67
Texas,TX,Yoakum,2022,FALSE,5,1218883.839,6.153,386.066,2083613.85,20510106.975,0.58499,0.000003,0.000185,0,100,0,0,0,0,0.0159,3157.1903,91.62,91.62,119.44
Texas,TX,Yoakum,2023,FALSE,5,1543541.848,7.793,477.702,3015922.05,25972944.704,0.5118,0.000003,0.000158,0,100,0,0,0,0,0.0163,3231.1815,26.64,26.65,23.74
Texas,TX,Yoakum,2024,FALSE,5,2150898.425,10.858,626.428,4105848.49,36193025.534,0.52386,0.000003,0.000153,0,100,0,0,0,0,0.0173,3433.5924,39.35,39.33,31.13
Texas,TX,Yoakum,2025,FALSE,5,2525427.392,12.75,782.613,4756497.5,42495174.251,0.53094,0.000003,0.000165,0,100,0,0,0,0,0.0163,3226.9173,17.41,17.42,24.93
Texas,TX,Yoakum,2026,TRUE,5,1141489.067,5.763,331.142,2091480.75,19207764.281,0.54578,0.000003,0.000158,0,100,0,0,0,0,0.0174,3447.1286,-54.8,-54.8,-57.69
Texas,TX,Young,2020,FALSE,2,140814.709,0.711,299.676,217208.25,2369463.469,0.64829,0.000003,0.00138,0,100,0,0,0,0,0.0024,469.8898,,,
Texas,TX,Young,2021,FALSE,2,193097.612,1.051,460.84,294046.54,3241178.764,0.65669,0.000004,0.001567,0,100,0,0,0,0,0.0023,419.0123,37.13,47.82,53.78
Texas,TX,Young,2022,FALSE,2,132154.335,0.79,263.172,177733.36,2096978.578,0.74355,0.000004,0.001481,0,100,0,0,0,0,0.003,502.1596,-31.56,-24.83,-42.89
Texas,TX,Young,2023,FALSE,2,695282.479,3.51,2356.001,1200760.55,11699142.949,0.57904,0.000003,0.001962,0,100,0,0,0,0,0.0015,295.1113,426.11,344.3,795.23
Texas,TX,Young,2024,FALSE,2,673651.245,3.409,2593.492,1091034.4,11327892.806,0.61744,0.000003,0.002377,0,100,0,0,0,0,0.0013,259.7468,-3.11,-2.88,10.08
Texas,TX,Young,2025,FALSE,2,760632.64,3.848,2956.132,1190030.17,12788793.584,0.63917,0.000003,0.002484,0,100,0,0,0,0,0.0013,257.3067,12.91,12.88,13.98
Texas,TX,Young,2026,TRUE,2,148436.491,0.749,602.728,230414.52,2496606.596,0.64422,0.000003,0.002616,0,100,0,0,0,0,0.0012,246.2744,-80.49,-80.54,-79.61
Utah,UT,Carbon,2020,FALSE,1,0,0,0,367272.81,0,0,0,0,,,,,,,,,,,
Utah,UT,Carbon,2021,FALSE,1,0,0,0,457462.33,0,0,0,0,,,,,,,,,,,
Utah,UT,Carbon,2022,FALSE,1,0,0,0,462666.69,0,0,0,0,,,,,,,,,,,
Utah,UT,Carbon,2023,FALSE,1,0,0,0,363108.72,0,0,0,0,,,,,,,,,,,
Utah,UT,Carbon,2024,FALSE,1,0,0,0,395668.14,0,0,0,0,,,,,,,,,,,
Utah,UT,Carbon,2025,FALSE,1,0,0,0,260814.06,0,0,0,0,,,,,,,,,,,
Utah,UT,Carbon,2026,TRUE,0,0,0,0,0,0,,,,,,,,,,,,,,
Utah,UT,Emery,2020,FALSE,5,13623607.229,4583.323,14100.753,13699423.84,132783697.245,0.99447,0.000335,0.001029,100,0,0,0,0,0,0.325,966.1617,,,
Utah,UT,Emery,2021,FALSE,5,16942460.949,6538.658,17644.932,16850360.38,165131291.382,1.00547,0.000388,0.001047,100,0,0,0,0,0,0.3706,960.1885,24.36,42.66,25.13
Utah,UT,Emery,2022,FALSE,5,14469331.697,5793.269,14320.415,14252203.39,141026611.758,1.01523,0.000406,0.001005,100,0,0,0,0,0,0.4045,1010.3989,-14.6,-11.4,-18.84
Utah,UT,Emery,2023,FALSE,5,8974159.508,2997.36,8453.272,8521075.65,87467490.972,1.05317,0.000352,0.000992,100,0,0,0,0,0,0.3546,1061.6196,-37.98,-48.26,-40.97
Utah,UT,Emery,2024,FALSE,5,8248612.726,2764.979,7746.766,7737202.17,80395890.972,1.0661,0.000357,0.001001,100,0,0,0,0,0,0.3569,1064.7814,-8.08,-7.75,-8.36
Utah,UT,Emery,2025,FALSE,5,12794715.58,4738.945,12908.432,12299678.97,124704935.816,1.04025,0.000385,0.001049,100,0,0,0,0,0,0.3671,991.1905,55.11,71.39,66.63
Utah,UT,Emery,2026,TRUE,5,5939868.682,2173.442,6111.247,5681347.89,57893470.15,1.0455,0.000383,0.001076,100,0,0,0,0,0,0.3556,971.9569,-53.58,-54.14,-52.66
Utah,UT,Juab,2020,FALSE,2,1035804.198,5.229,67.626,2391538.88,17429375.001,0.43311,0.000002,0.000028,0,100,0,0,0,0,0.0773,15316.6563,,,
Utah,UT,Juab,2021,FALSE,2,1215477.941,6.136,81.219,2810531.09,20452748.829,0.43247,0.000002,0.000029,0,100,0,0,0,0,0.0755,14965.4384,17.35,17.35,20.1
Utah,UT,Juab,2022,FALSE,2,1247554.159,6.298,91.182,2869263.83,20992526.556,0.4348,0.000002,0.000032,0,100,0,0,0,0,0.0691,13682.0223,2.64,2.64,12.27
Utah,UT,Juab,2023,FALSE,2,1257153.059,6.347,87.931,2942204.85,21154044.458,0.42728,0.000002,0.00003,0,100,0,0,0,0,0.0722,14297.0404,0.77,0.78,-3.57
Utah,UT,Juab,2024,FALSE,2,1250128.508,6.311,88.229,2923157.78,21035845.765,0.42766,0.000002,0.00003,0,100,0,0,0,0,0.0715,14169.1338,-0.56,-0.57,0.34
Utah,UT,Juab,2025,FALSE,2,1231545.834,6.217,99.291,2868173.46,20723153.447,0.42938,0.000002,0.000035,0,100,0,0,0,0,0.0626,12403.3984,-1.49,-1.49,12.54
Utah,UT,Juab,2026,TRUE,2,445414.059,2.249,41.487,1035981.99,7494884.458,0.42994,0.000002,0.00004,0,100,0,0,0,0,0.0542,10736.232,-63.83,-63.82,-58.22
Utah,UT,Millard,2020,FALSE,2,6892435.775,2207.258,8626.494,7314274.75,67177712.5,0.94233,0.000302,0.001179,100,0,0,0,0,0,0.2559,798.9846,,,
Utah,UT,Millard,2021,FALSE,2,7602078.25,2414.717,10633.028,8159698.5,74094325.275,0.93166,0.000296,0.001303,100,0,0,0,0,0,0.2271,714.9495,10.3,9.4,23.26
Utah,UT,Millard,2022,FALSE,2,5780885.175,1666.93,8225.011,5995542.75,56343903.425,0.9642,0.000278,0.001372,100,0,0,0,0,0,0.2027,702.8422,-23.96,-30.97,-22.65
Utah,UT,Millard,2023,FALSE,2,4825362.925,848.084,5219.576,4916969,47030878.475,0.98137,0.000172,0.001062,100,0,0,0,0,0,0.1625,924.4741,-16.53,-49.12,-36.54
Utah,UT,Millard,2024,FALSE,2,6032087.55,1643.662,7179.081,6215108.75,58792283.925,0.97055,0.000264,0.001155,100,0,0,0,0,0,0.229,840.2312,25.01,93.81,37.54
Utah,UT,Millard,2025,FALSE,4,5058270.613,1229.854,6156.371,5671461.18,52047807.549,0.89188,0.000217,0.001085,87.46,12.54,0,0,0,0,0.1998,821.6319,-16.14,-25.18,-14.25
Utah,UT,Millard,2026,TRUE,2,991669.22,5.007,51.976,2694583.59,16686776.667,0.36802,0.000002,0.000019,0,100,0,0,0,0,0.0963,19079.3678,-80.4,-99.59,-99.16
Utah,UT,Salt Lake,2020,FALSE,11,314672.62,1.59,119.082,465595.42,5294968.411,0.67585,0.000003,0.000256,0,100,0,0,0,0,0.0134,2642.4869,,,
Utah,UT,Salt Lake,2021,FALSE,11,245113.972,1.238,105.432,343429.67,4124539.984,0.71372,0.000004,0.000307,0,100,0,0,0,0,0.0117,2324.8537,-22.11,-22.14,-11.46
Utah,UT,Salt Lake,2022,FALSE,11,435880.076,2.202,147.094,653818.26,7334490.503,0.66667,0.000003,0.000225,0,100,0,0,0,0,0.015,2963.2757,77.83,77.87,39.52
Utah,UT,Salt Lake,2023,FALSE,11,738401.28,3.728,249.246,1128358.73,12425033.271,0.6544,0.000003,0.000221,0,100,0,0,0,0,0.015,2962.5401,69.4,69.3,69.45
Utah,UT,Salt Lake,2024,FALSE,11,815467.751,4.117,353.382,1198088.49,13721840.295,0.68064,0.000003,0.000295,0,100,0,0,0,0,0.0117,2307.6098,10.44,10.43,41.78
Utah,UT,Salt Lake,2025,FALSE,11,470779.143,2.377,231.35,673634.15,7921824.559,0.69886,0.000004,0.000343,0,100,0,0,0,0,0.0103,2034.9217,-42.27,-42.26,-34.53
Utah,UT,Salt Lake,2026,TRUE,11,158125.93,0.797,71.612,222801.52,2660760.967,0.70972,0.000004,0.000321,0,100,0,0,0,0,0.0111,2208.0926,-66.41,-66.47,-69.05
Utah,UT,Uintah,2020,FALSE,1,3575733.558,764.865,4268.091,3474281.35,34851215.795,1.0292,0.00022,0.001228,100,0,0,0,0,0,0.1792,837.7829,,,
Utah,UT,Uintah,2021,FALSE,1,3260271.826,849.251,3867.462,3111449.34,31776552.046,1.04783,0.000273,0.001243,100,0,0,0,0,0,0.2196,843.0004,-8.82,11.03,-9.39
Utah,UT,Uintah,2022,FALSE,1,3903410.663,959.421,4699.227,3670255.13,38044950.615,1.06353,0.000261,0.00128,100,0,0,0,0,0,0.2042,830.6495,19.73,12.97,21.51
Utah,UT,Uintah,2023,FALSE,1,3865499.478,613.87,4773.865,3662057.25,37675447.115,1.05555,0.000168,0.001304,100,0,0,0,0,0,0.1286,809.7212,-0.97,-36.02,1.59
Utah,UT,Uintah,2024,FALSE,1,3523661.657,517.681,4294.172,3431569.33,34343683.462,1.02684,0.000151,0.001251,100,0,0,0,0,0,0.1206,820.5684,-8.84,-15.67,-10.05
Utah,UT,Uintah,2025,FALSE,1,2769970.655,514.559,3343.048,2662982.87,26997802.343,1.04018,0.000193,0.001255,100,0,0,0,0,0,0.1539,828.5764,-21.39,-0.6,-22.15
Utah,UT,Uintah,2026,TRUE,1,874859.999,124.375,1033.524,910806.69,8526923.375,0.96053,0.000137,0.001135,100,0,0,0,0,0,0.1203,846.4825,-68.42,-75.83,-69.08
Utah,UT,Utah,2020,FALSE,5,2601119.992,13.131,175.498,6200645.03,43768789.368,0.41949,0.000002,0.000028,0,100,0,0,0,0,0.0748,14821.3654,,,
Utah,UT,Utah,2021,FALSE,5,2988827.537,15.09,181.487,7126866.91,50292665.169,0.41937,0.000002,0.000025,0,100,0,0,0,0,0.0831,16468.5489,14.91,14.92,3.41
Utah,UT,Utah,2022,FALSE,5,3004821.297,15.17,287.087,7160369.25,50561961.545,0.41965,0.000002,0.00004,0,100,0,0,0,0,0.0528,10466.5878,0.54,0.53,58.19
Utah,UT,Utah,2023,FALSE,5,3129609.943,15.8,270.756,7484844.42,52661651.031,0.41813,0.000002,0.000036,0,100,0,0,0,0,0.0584,11558.7833,4.15,4.15,-5.69
Utah,UT,Utah,2024,FALSE,5,3028810.373,15.29,236.102,7121602,50965449.48,0.4253,0.000002,0.000033,0,100,0,0,0,0,0.0648,12828.3978,-3.22,-3.23,-12.8
Utah,UT,Utah,2025,FALSE,5,2965037,14.968,709.738,7009917.35,49892062.72,0.42298,0.000002,0.000101,0,100,0,0,0,0,0.0211,4177.6501,-2.11,-2.11,200.61
Utah,UT,Utah,2026,TRUE,5,1346379.458,6.797,1445.873,3156268.95,22655111.074,0.42657,0.000002,0.000458,0,100,0,0,0,0,0.0047,931.1879,-54.59,-54.59,103.72
Utah,UT,Washington,2020,FALSE,2,64367.55,0.315,15.102,110281.47,1087877.951,0.58367,0.000003,0.000137,0,100,0,0,0,0,0.0209,4262.1871,,,
Utah,UT,Washington,2021,FALSE,2,78428.624,0.384,26.715,137012.23,1325487.387,0.57242,0.000003,0.000195,0,100,0,0,0,0,0.0144,2935.7523,21.84,21.9,76.9
Utah,UT,Washington,2022,FALSE,2,94725.8,0.47,24.028,163489.92,1599055.335,0.5794,0.000003,0.000147,0,100,0,0,0,0,0.0196,3942.309,20.78,22.4,-10.06
Utah,UT,Washington,2023,FALSE,2,72106.949,0.356,22.059,125593.21,1218039.792,0.57413,0.000003,0.000176,0,100,0,0,0,0,0.0161,3268.8222,-23.88,-24.26,-8.19
Utah,UT,Washington,2024,FALSE,2,91617.338,0.454,27.603,159408.89,1547392.126,0.57473,0.000003,0.000173,0,100,0,0,0,0,0.0164,3319.108,27.06,27.53,25.13
Utah,UT,Washington,2025,FALSE,2,89650.749,0.447,23.217,153949.8,1512850.505,0.58234,0.000003,0.000151,0,100,0,0,0,0,0.0193,3861.4269,-2.15,-1.54,-15.89
Utah,UT,Washington,2026,TRUE,1,21268.982,0.107,1.326,37508.24,357903.182,0.56705,0.000003,0.000035,0,100,0,0,0,0,0.0807,16039.9563,-76.28,-76.06,-94.29
Vermont,VT,Chittenden,2020,FALSE,3,385044.975,1.107,123.907,259501.25,3684236,1.48379,0.000004,0.000477,0,0,0.25,99.75,0,0,0.0089,3107.5321,,,
Vermont,VT,Chittenden,2021,FALSE,3,454220.225,1.339,148.91,308746,4335835.4,1.47118,0.000004,0.000482,0,0,0.19,99.81,0,0,0.009,3050.3003,17.97,20.96,20.18
Vermont,VT,Chittenden,2022,FALSE,3,376103.95,1.101,124.132,258762.25,3591739.575,1.45347,0.000004,0.00048,0,0,0.18,99.82,0,0,0.0089,3029.871,-17.2,-17.77,-16.64
Vermont,VT,Chittenden,2023,FALSE,3,330212.9,0.94,109.048,209141.5,3156158.275,1.5789,0.000004,0.000521,0,0,0.32,99.68,0,0,0.0086,3028.1427,-12.2,-14.62,-12.15
Vermont,VT,Chittenden,2024,FALSE,3,350231.375,0.962,113.754,224963.25,3200956.125,1.55684,0.000004,0.000506,0,0,0.24,99.76,0,0,0.0085,3078.8489,6.06,2.34,4.32
Vermont,VT,Chittenden,2025,FALSE,3,349963.975,0.986,114.697,238463,3344009.1,1.46758,0.000004,0.000481,0,0,0.44,99.56,0,0,0.0086,3051.2043,-0.08,2.49,0.83
Vermont,VT,Chittenden,2026,TRUE,3,150630.625,0.418,46.538,107997,1443477.225,1.39477,0.000004,0.000431,0,0,1.01,98.99,0,0,0.009,3236.7232,-56.96,-57.61,-59.43
Vermont,VT,Washington,2020,FALSE,2,344.4,0,0,0,4252,,,,0,0,100,0,0,0,,,,,
Vermont,VT,Washington,2021,FALSE,2,2402.1,0,0,0,29667.4,,,,0,0,100,0,0,0,,,597.47,,
Vermont,VT,Washington,2022,FALSE,2,3380.4,0,0,0,41733,,,,0,0,100,0,0,0,,,40.73,,
Vermont,VT,Washington,2023,FALSE,2,1243,0,0,0,15351.5,,,,0,0,100,0,0,0,,,-63.23,,
Vermont,VT,Washington,2024,FALSE,2,1400.4,0,0,0,17291.8,,,,0,0,100,0,0,0,,,12.66,,
Vermont,VT,Washington,2025,FALSE,2,2111.4,0,0,0,26058.5,,,,0,0,100,0,0,0,,,50.77,,
Vermont,VT,Washington,2026,TRUE,2,1122.3,0,0,0,13872.8,,,,0,0,100,0,0,0,,,-46.85,,
Virginia,VA,Accomack,2020,FALSE,8,20757.889,0.578,22.897,25480.69,268163.609,0.81465,0.000023,0.000899,0,0,100,0,0,0,0.0252,906.5768,,,
Virginia,VA,Accomack,2021,FALSE,8,32236.457,0.428,30.419,39728.83,397277.608,0.81141,0.000011,0.000766,0,0,100,0,0,0,0.0141,1059.7474,55.3,-25.95,32.85
Virginia,VA,Accomack,2022,FALSE,8,50265.691,0.697,62.864,60154.13,619476.146,0.83561,0.000012,0.001045,0,0,100,0,0,0,0.0111,799.5942,55.93,62.85,106.66
Virginia,VA,Accomack,2023,FALSE,8,24264.737,0.676,48.504,26601.56,299051.123,0.91215,0.000025,0.001823,0,0,100,0,0,0,0.0139,500.2626,-51.73,-3.01,-22.84
Virginia,VA,Accomack,2024,FALSE,8,25244.038,0.65,46.585,27059.1,311119.642,0.93292,0.000024,0.001722,0,0,100,0,0,0,0.014,541.892,4.04,-3.85,-3.96
Virginia,VA,Accomack,2025,FALSE,8,42578.611,0.759,62.689,49249.78,524743.709,0.86454,0.000015,0.001273,0,0,100,0,0,0,0.0121,679.2039,68.67,16.77,34.57
Virginia,VA,Accomack,2026,TRUE,8,56809.841,1.188,91.861,68897.37,700152.72,0.82456,0.000017,0.001333,0,0,100,0,0,0,0.0129,618.4326,33.42,56.52,46.53
Virginia,VA,Alleghany,2020,FALSE,4,0,0,1337.024,0,7559399.285,,,,83.27,16.73,0,0,0,0,0,0,,,
Virginia,VA,Alleghany,2021,FALSE,4,0,0,1516.231,0,9186982.152,,,,85.24,14.76,0,0,0,0,0,0,,,13.4
Virginia,VA,Alleghany,2022,FALSE,4,0,0,1323.762,0,8102902.161,,,,84.46,15.54,0,0,0,0,0,0,,,-12.69
Virginia,VA,Alleghany,2023,FALSE,4,0,0,959.377,0,5813707.252,,,,79.65,20.35,0,0,0,0,0,0,,,-27.53
Virginia,VA,Alleghany,2024,FALSE,4,0,0,1332.474,0,6899371.87,,,,80.44,19.56,0,0,0,0,0,0,,,38.89
Virginia,VA,Alleghany,2025,FALSE,4,0,0,1077.078,0,5847430.079,,,,81.86,18.14,0,0,0,0,0,0,,,-19.17
Virginia,VA,Alleghany,2026,TRUE,4,0,0,564.243,0,3246272.779,,,,84,16,0,0,0,0,0,0,,,-47.61
Virginia,VA,Bedford,2020,FALSE,1,0,0,7.121,0,557418.216,,,,0,100,0,0,0,0,0,0,,,
Virginia,VA,Bedford,2021,FALSE,1,0,0,6.812,0,573260.9,,,,0,100,0,0,0,0,0,0,,,-4.34
Virginia,VA,Bedford,2022,FALSE,1,0,0,7.13,0,591273.531,,,,0,100,0,0,0,0,0,0,,,4.67
Virginia,VA,Bedford,2023,FALSE,1,0,0,6.271,0,531380.204,,,,0,100,0,0,0,0,0,0,,,-12.05
Virginia,VA,Bedford,2024,FALSE,1,0,0,7.399,0,621205.892,,,,0,100,0,0,0,0,0,0,,,17.99
Virginia,VA,Bedford,2025,FALSE,1,0,0,6.612,0,590644.708,,,,0,100,0,0,0,0,0,0,,,-10.64
Virginia,VA,Bedford,2026,TRUE,1,0,0,2.693,0,229143.283,,,,0,100,0,0,0,0,0,0,,,-59.27
Virginia,VA,Brunswick,2020,FALSE,3,4135381.48,20.876,219.05,10163435.11,69586192.378,0.40689,0.000002,0.000022,0,100,0,0,0,0,0.0953,18878.7102,,,
Virginia,VA,Brunswick,2021,FALSE,3,3622395.148,18.286,189.263,8846922.31,60954192.75,0.40945,0.000002,0.000021,0,100,0,0,0,0,0.0966,19139.4787,-12.4,-12.41,-13.6
Virginia,VA,Brunswick,2022,FALSE,3,3041843.515,15.355,149.433,7378686.9,51184897.692,0.41225,0.000002,0.00002,0,100,0,0,0,0,0.1028,20355.9021,-16.03,-16.03,-21.04
Virginia,VA,Brunswick,2023,FALSE,3,2645976.273,13.358,128.798,6461635.3,44523901.817,0.40949,0.000002,0.00002,0,100,0,0,0,0,0.1037,20543.613,-13.01,-13.01,-13.81
Virginia,VA,Brunswick,2024,FALSE,3,3880971.253,19.592,188.309,9535394.58,65306023.124,0.40701,0.000002,0.00002,0,100,0,0,0,0,0.104,20609.5898,46.67,46.67,46.2
Virginia,VA,Brunswick,2025,FALSE,3,4030294.356,20.347,197.52,9897995.58,67819960.025,0.40718,0.000002,0.00002,0,100,0,0,0,0,0.103,20404.4874,3.85,3.85,4.89
Virginia,VA,Brunswick,2026,TRUE,3,2058486.367,10.391,99.686,5058125.1,34636592.452,0.40697,0.000002,0.00002,0,100,0,0,0,0,0.1042,20649.7037,-48.92,-48.93,-49.53
Virginia,VA,Buchanan,2020,FALSE,2,258931.451,1.307,160.563,456560.42,4357006.208,0.56714,0.000003,0.000352,0,100,0,0,0,0,0.0081,1612.6471,,,
Virginia,VA,Buchanan,2021,FALSE,2,225450.077,1.139,140.471,396086.46,3793655.841,0.56919,0.000003,0.000355,0,100,0,0,0,0,0.0081,1604.9582,-12.93,-12.85,-12.51
Virginia,VA,Buchanan,2022,FALSE,2,187384.984,0.946,119.189,330360.5,3153156.788,0.56721,0.000003,0.000361,0,100,0,0,0,0,0.0079,1572.1668,-16.88,-16.94,-15.15
Virginia,VA,Buchanan,2023,FALSE,2,107621.031,0.543,70.374,185766.28,1810925.8,0.57934,0.000003,0.000379,0,100,0,0,0,0,0.0077,1529.2726,-42.57,-42.6,-40.96
Virginia,VA,Buchanan,2024,FALSE,0,0,0,0,0,0,,,,,,,,,,,,-100,-100,-100
Virginia,VA,Buchanan,2025,FALSE,0,0,0,0,0,0,,,,,,,,,,,,,,
Virginia,VA,Buchanan,2026,TRUE,0,0,0,0,0,0,,,,,,,,,,,,,,
Virginia,VA,Buckingham,2020,FALSE,2,1805606.03,9.116,96.659,4401048.83,30382240.542,0.41027,0.000002,0.000022,0,100,0,0,0,0,0.0943,18680.1646,,,
Virginia,VA,Buckingham,2021,FALSE,2,1331703.927,6.722,86.407,3157199.5,22326004.411,0.4218,0.000002,0.000027,0,100,0,0,0,0,0.0778,15411.9912,-26.25,-26.26,-10.61
Virginia,VA,Buckingham,2022,FALSE,2,1018086.529,5.139,69.468,2476534.43,17069957.243,0.41109,0.000002,0.000028,0,100,0,0,0,0,0.074,14655.4749,-23.55,-23.55,-19.6
Virginia,VA,Buckingham,2023,FALSE,2,1260892.075,6.365,75.042,3136693.81,21211370.398,0.40198,0.000002,0.000024,0,100,0,0,0,0,0.0848,16802.4849,23.85,23.86,8.02
Virginia,VA,Buckingham,2024,FALSE,2,1426309.262,7.2,85.57,3542902.3,23995879.437,0.40258,0.000002,0.000024,0,100,0,0,0,0,0.0841,16668.3331,13.12,13.12,14.03
Virginia,VA,Buckingham,2025,FALSE,2,1402462.703,7.081,82.972,3473038.01,23596789.89,0.40381,0.000002,0.000024,0,100,0,0,0,0,0.0853,16902.8432,-1.67,-1.65,-3.04
Virginia,VA,Buckingham,2026,TRUE,2,642839.715,3.245,36.876,1582954.17,10816366.252,0.4061,0.000002,0.000023,0,100,0,0,0,0,0.088,17432.4687,-54.16,-54.17,-55.56
Virginia,VA,Campbell,2020,FALSE,2,460880.039,11.64,264.856,0,4216419.227,,,,0,0,0,100,0,0,0.0439,1740.1155,,,
Virginia,VA,Campbell,2021,FALSE,2,505399.327,12.918,284.918,0,4625059.057,,,,0,0,0,100,0,0,0.0453,1773.8413,9.66,10.98,7.57
Virginia,VA,Campbell,2022,FALSE,2,553252.132,14.074,308.803,0,5060494.786,,,,0,0,0,100,0,0,0.0456,1791.6022,9.47,8.95,8.38
Virginia,VA,Campbell,2023,FALSE,2,456765.39,11.806,256.491,0,4180708.924,,,,0,0,0,100,0,0,0.046,1780.8242,-17.44,-16.11,-16.94
Virginia,VA,Campbell,2024,FALSE,2,429855.533,10.918,233.988,0,3933153.279,,,,0,0,0,100,0,0,0.0467,1837.0837,-5.89,-7.52,-8.77
Virginia,VA,Campbell,2025,FALSE,2,500106.529,12.644,273.262,0,4574613.319,,,,0,0,0,100,0,0,0.0463,1830.1357,16.34,15.81,16.78
Virginia,VA,Campbell,2026,TRUE,2,241738.806,6.121,129.543,0,2212166.016,,,,0,0,0,100,0,0,0.0473,1866.0893,-51.66,-51.59,-52.59
Virginia,VA,Caroline,2020,FALSE,5,682849.364,5.085,175.116,1158721.39,11435831.524,0.58931,0.000004,0.000151,0,100,0,0,0,0,0.029,3899.4116,,,
Virginia,VA,Caroline,2021,FALSE,5,295405.641,4.988,89.282,476027.92,4846898.377,0.62056,0.00001,0.000188,0,100,0,0,0,0,0.0559,3308.6808,-56.74,-1.91,-49.02
Virginia,VA,Caroline,2022,FALSE,5,550696.401,11.334,176.206,877969.33,8957829.605,0.62724,0.000013,0.000201,0,100,0,0,0,0,0.0643,3125.2988,86.42,127.23,97.36
Virginia,VA,Caroline,2023,FALSE,5,518687.744,3.65,136.544,853290.57,8678748.669,0.60787,0.000004,0.00016,0,100,0,0,0,0,0.0267,3798.6857,-5.81,-67.8,-22.51
Virginia,VA,Caroline,2024,FALSE,5,494771.602,6.843,137.339,815633.95,8199095.173,0.60661,0.000008,0.000168,0,100,0,0,0,0,0.0498,3602.5572,-4.61,87.48,0.58
Virginia,VA,Caroline,2025,FALSE,5,637953.444,20.012,237.395,995620.56,10199410.319,0.64076,0.00002,0.000238,0,100,0,0,0,0,0.0843,2687.3078,28.94,192.44,72.85
Virginia,VA,Caroline,2026,TRUE,5,186262.091,5.822,77.307,290369.16,2929017.642,0.64147,0.00002,0.000266,0,100,0,0,0,0,0.0753,2409.382,-70.8,-70.91,-67.44
Virginia,VA,Chesapeake city,2020,FALSE,3,63054.9,0.756,66.131,85531.67,1062716.2,0.73721,0.000009,0.000773,0,100,0,0,0,0,0.0114,953.4847,,,
Virginia,VA,Chesapeake city,2021,FALSE,3,36446.8,5.042,48.945,43528.18,549292.1,0.83732,0.000116,0.001124,0,100,0,0,0,0,0.103,744.6481,-42.2,566.93,-25.99
Virginia,VA,Chesapeake city,2022,FALSE,3,53187.9,1.679,67.935,60877.19,771310.6,0.87369,0.000028,0.001116,0,100,0,0,0,0,0.0247,782.9234,45.93,-66.7,38.8
Virginia,VA,Chesapeake city,2023,FALSE,3,78091,0.502,84.805,110170.57,1313818.6,0.70882,0.000005,0.00077,0,100,0,0,0,0,0.0059,920.8301,46.82,-70.1,24.83
Virginia,VA,Chesapeake city,2024,FALSE,3,26324.3,1.017,41.372,29800.94,376630.9,0.88334,0.000034,0.001388,0,100,0,0,0,0,0.0246,636.283,-66.29,102.59,-51.22
Virginia,VA,Chesapeake city,2025,FALSE,3,147127.5,6.504,166.6,176011.51,2201885.2,0.8359,0.000037,0.000947,0,100,0,0,0,0,0.039,883.1182,458.9,539.53,302.69
Virginia,VA,Chesapeake city,2026,TRUE,3,95771,7.881,113.875,107956.64,1351213.2,0.88712,0.000073,0.001055,0,100,0,0,0,0,0.0692,841.0187,-34.91,21.17,-31.65
Virginia,VA,Chesterfield,2020,FALSE,4,2020768.003,567.481,1332.82,3645296.01,30464363.285,0.55435,0.000156,0.000366,55.23,44.77,0,0,0,0,0.4258,1516.1597,,,
Virginia,VA,Chesterfield,2021,FALSE,4,2050186.229,516.648,1316.681,3205918.28,26316936.184,0.6395,0.000161,0.000411,42.79,57.21,0,0,0,0,0.3924,1557.0865,1.46,-8.96,-1.21
Virginia,VA,Chesterfield,2022,FALSE,4,2388415.314,742.871,1326.477,3444893.35,29440387.006,0.69332,0.000216,0.000385,50.23,49.77,0,0,0,0,0.56,1800.5705,16.5,43.79,0.74
Virginia,VA,Chesterfield,2023,FALSE,4,1419057.711,187.948,1115.972,2513175.15,20322837.352,0.56465,0.000075,0.000444,24.08,75.92,0,0,0,0,0.1684,1271.589,-40.59,-74.7,-15.87
Virginia,VA,Chesterfield,2024,FALSE,2,933563.233,5.028,975.118,2092347.28,15705033.205,0.44618,0.000002,0.000466,0,100,0,0,0,0,0.0052,957.3849,-34.21,-97.32,-12.62
Virginia,VA,Chesterfield,2025,FALSE,2,954633.384,15.305,994.284,2130015.37,15914547.61,0.44818,0.000007,0.000467,0,100,0,0,0,0,0.0154,960.1214,2.26,204.4,1.97
Virginia,VA,Chesterfield,2026,TRUE,2,572182.854,12.316,598.468,1264068.32,9477222.676,0.45265,0.00001,0.000473,0,100,0,0,0,0,0.0206,956.0793,-40.06,-19.53,-39.81
Virginia,VA,Fauquier,2020,FALSE,7,775230.723,4.15,208.46,1274423.49,13037017.227,0.6083,0.000003,0.000164,0,100,0,0,0,0,0.0199,3718.8464,,,
Virginia,VA,Fauquier,2021,FALSE,7,719445.859,4.688,202.377,1170726.71,12052082.825,0.61453,0.000004,0.000173,0,100,0,0,0,0,0.0232,3554.9784,-7.2,12.96,-2.92
Virginia,VA,Fauquier,2022,FALSE,7,670108.351,10.065,221.197,1044559.1,10988588.686,0.64152,0.00001,0.000212,0,100,0,0,0,0,0.0455,3029.464,-6.86,114.7,9.3
Virginia,VA,Fauquier,2023,FALSE,7,331725.181,2.467,92.98,529684.7,5554742.415,0.62627,0.000005,0.000176,0,100,0,0,0,0,0.0265,3567.7047,-50.5,-75.49,-57.97
Virginia,VA,Fauquier,2024,FALSE,7,776069.55,6.594,213.023,1265383.71,12965527.857,0.61331,0.000005,0.000168,0,100,0,0,0,0,0.031,3643.1256,133.95,167.29,129.11
Virginia,VA,Fauquier,2025,FALSE,7,1253846.98,11.231,365.796,1962351.58,20781726.2,0.63895,0.000006,0.000186,0,100,0,0,0,0,0.0307,3427.722,61.56,70.32,71.72
Virginia,VA,Fauquier,2026,TRUE,7,618428.998,3.681,174.399,957510.34,10239619.76,0.64587,0.000004,0.000182,0,100,0,0,0,0,0.0211,3546.0582,-50.68,-67.22,-52.32
Virginia,VA,Fluvanna,2020,FALSE,3,1925324.45,9.729,137.047,4535059.55,32395611.093,0.42454,0.000002,0.00003,0,100,0,0,0,0,0.071,14048.6435,,,
Virginia,VA,Fluvanna,2021,FALSE,3,1546602.399,7.833,109.637,3692526.03,26022441.035,0.41885,0.000002,0.00003,0,100,0,0,0,0,0.0714,14106.5735,-19.67,-19.49,-20
Virginia,VA,Fluvanna,2022,FALSE,3,1592748.73,8.517,134.091,3771730.17,26761636.389,0.42229,0.000002,0.000036,0,100,0,0,0,0,0.0635,11878.1181,2.98,8.73,22.3
Virginia,VA,Fluvanna,2023,FALSE,3,1684192.828,8.637,104.157,3977946.24,28323991.084,0.42338,0.000002,0.000026,0,100,0,0,0,0,0.0829,16169.7517,5.74,1.41,-22.32
Virginia,VA,Fluvanna,2024,FALSE,3,2152264.767,10.872,113.92,5195257.62,36211947.044,0.41427,0.000002,0.000022,0,100,0,0,0,0,0.0954,18892.7736,27.79,25.88,9.37
Virginia,VA,Fluvanna,2025,FALSE,3,2131972.421,10.766,108.637,5208602.37,35861378.651,0.40932,0.000002,0.000021,0,100,0,0,0,0,0.0991,19624.7358,-0.94,-0.97,-4.64
Virginia,VA,Fluvanna,2026,TRUE,3,690030.774,3.484,34.157,1687780.29,11610492.449,0.40884,0.000002,0.00002,0,100,0,0,0,0,0.102,20201.7383,-67.63,-67.64,-68.56
Virginia,VA,Giles,2020,FALSE,5,0,0,57.914,0,3810732.3,,,,0,100,0,0,0,0,0,0,,,
Virginia,VA,Giles,2021,FALSE,5,0,0,58.127,0,3828443.7,,,,0,100,0,0,0,0,0,0,,,0.37
Virginia,VA,Giles,2022,FALSE,5,0,0,52.217,0,3472421.8,,,,0,100,0,0,0,0,0,0,,,-10.17
Virginia,VA,Giles,2023,FALSE,5,0,0,57.485,0,3830927.4,,,,0,100,0,0,0,0,0,0,,,10.09
Virginia,VA,Giles,2024,FALSE,5,0,0,58.236,0,3882353,,,,0,100,0,0,0,0,0,0,,,1.31
Virginia,VA,Giles,2025,FALSE,5,0,0,53.326,0,3546718.3,,,,0,100,0,0,0,0,0,0,,,-8.43
Virginia,VA,Giles,2026,TRUE,5,0,0,20.045,0,1328764.3,,,,0,100,0,0,0,0,0,0,,,-62.41
Virginia,VA,Greensville,2020,FALSE,3,4189822.459,21.151,192.426,10936952.19,70502052.51,0.38309,0.000002,0.000018,0,100,0,0,0,0,0.1099,21773.6816,,,
Virginia,VA,Greensville,2021,FALSE,3,4460052.562,22.516,193.714,11797323.47,75049279.826,0.37806,0.000002,0.000016,0,100,0,0,0,0,0.1162,23023.9041,6.45,6.45,0.67
Virginia,VA,Greensville,2022,FALSE,3,4286144.976,21.638,201.101,11414275.23,72122469.503,0.37551,0.000002,0.000018,0,100,0,0,0,0,0.1076,21313.3946,-3.9,-3.9,3.81
Virginia,VA,Greensville,2023,FALSE,3,3964667.978,20.014,168.775,10543700.67,66713288.058,0.37602,0.000002,0.000016,0,100,0,0,0,0,0.1186,23490.8486,-7.5,-7.51,-16.07
Virginia,VA,Greensville,2024,FALSE,3,4487816.445,22.656,191.66,11825459.54,75515931.451,0.3795,0.000002,0.000016,0,100,0,0,0,0,0.1182,23415.5089,13.2,13.2,13.56
Virginia,VA,Greensville,2025,FALSE,3,4392314.992,22.173,199.155,11612394.36,73908794.542,0.37824,0.000002,0.000017,0,100,0,0,0,0,0.1113,22054.7563,-2.13,-2.13,3.91
Virginia,VA,Greensville,2026,TRUE,3,2039360.858,10.295,94.569,5386940.78,34316151.328,0.37857,0.000002,0.000018,0,100,0,0,0,0,0.1089,21564.7925,-53.57,-53.57,-52.51
Virginia,VA,Halifax,2020,FALSE,2,1432252.161,378.476,1983.896,1360178.51,13959582.122,1.05299,0.000278,0.001459,100,0,0,0,0,0,0.1908,721.9391,,,
Virginia,VA,Halifax,2021,FALSE,2,1053088.107,326.764,1318.376,983745.18,10263990.484,1.07049,0.000332,0.00134,100,0,0,0,0,0,0.2479,798.7768,-26.47,-13.66,-33.55
Virginia,VA,Halifax,2022,FALSE,2,734507.26,193.56,957.207,696330.98,7158959.638,1.05482,0.000278,0.001375,100,0,0,0,0,0,0.2022,767.3442,-30.25,-40.76,-27.39
Virginia,VA,Halifax,2023,FALSE,2,306980.278,83.379,352.471,278237.11,2992010.338,1.1033,0.0003,0.001267,100,0,0,0,0,0,0.2366,870.9377,-58.21,-56.92,-63.18
Virginia,VA,Halifax,2024,FALSE,2,1082242.672,350.498,1259.842,988901.61,10548166.604,1.09439,0.000354,0.001274,100,0,0,0,0,0,0.2782,859.0305,252.54,320.37,257.43
Virginia,VA,Halifax,2025,FALSE,2,1908509.707,483.143,2428.765,1740133.86,18601436.203,1.09676,0.000278,0.001396,100,0,0,0,0,0,0.1989,785.7943,76.35,37.84,92.78
Virginia,VA,Halifax,2026,TRUE,2,860859.956,212.416,1096.606,788520.22,8390458.004,1.09174,0.000269,0.001391,100,0,0,0,0,0,0.1937,785.0221,-54.89,-56.03,-54.85
Virginia,VA,Hanover,2020,FALSE,7,3097620.62,15.724,863.228,5763987.6,52120200.275,0.53741,0.000003,0.00015,0,100,0,0,0,0,0.0182,3588.4154,,,
Virginia,VA,Hanover,2021,FALSE,7,2515762.324,14.187,727.121,4581019.06,42276742.848,0.54917,0.000003,0.000159,0,100,0,0,0,0,0.0195,3459.895,-18.78,-9.77,-15.77
Virginia,VA,Hanover,2022,FALSE,7,2493715.997,17.398,735.763,4580249.97,41781579.262,0.54445,0.000004,0.000161,0,100,0,0,0,0,0.0236,3389.2925,-0.88,22.63,1.19
Virginia,VA,Hanover,2023,FALSE,7,2842367.478,14.555,757.435,5305358.17,47820509.93,0.53575,0.000003,0.000143,0,100,0,0,0,0,0.0192,3752.6223,13.98,-16.34,2.95
Virginia,VA,Hanover,2024,FALSE,7,3045186.687,16.08,780.675,5650197.95,51214844.529,0.53895,0.000003,0.000138,0,100,0,0,0,0,0.0206,3900.7099,7.14,10.48,3.07
Virginia,VA,Hanover,2025,FALSE,7,2977833.028,19.943,771.54,5504377.42,49924648.206,0.54099,0.000004,0.00014,0,100,0,0,0,0,0.0258,3859.5964,-2.21,24.02,-1.17
Virginia,VA,Hanover,2026,TRUE,7,1361532.348,12.684,363.093,2586438.07,22694326.27,0.52641,0.000005,0.00014,0,100,0,0,0,0,0.0349,3749.8171,-54.28,-36.4,-52.94
Virginia,VA,Henrico,2020,FALSE,4,80893.3,7.154,104.669,104673.49,1346145.6,0.77282,0.000068,0.001,0,100,0,0,0,0,0.0683,772.8487,,,
Virginia,VA,Henrico,2021,FALSE,4,40965.9,10.154,54.367,48723.05,657384.5,0.84079,0.000208,0.001116,0,100,0,0,0,0,0.1868,753.5067,-49.36,41.93,-48.06
Virginia,VA,Henrico,2022,FALSE,4,48689.5,33.186,67.016,54179.49,703207.4,0.89867,0.000613,0.001237,0,100,0,0,0,0,0.4952,726.5355,18.85,226.83,23.27
Virginia,VA,Henrico,2023,FALSE,4,93930,6.407,164.248,118791.01,1570093.5,0.79072,0.000054,0.001383,0,100,0,0,0,0,0.039,571.8791,92.92,-80.69,145.09
Virginia,VA,Henrico,2024,FALSE,4,117027.4,23.083,212.071,145963.9,1900139.5,0.80176,0.000158,0.001453,0,100,0,0,0,0,0.1088,551.8312,24.59,260.28,29.12
Virginia,VA,Henrico,2025,FALSE,4,142043.1,57.19,260.88,167607.77,2198283.1,0.84747,0.000341,0.001556,0,100,0,0,0,0,0.2192,544.4768,21.38,147.76,23.02
Virginia,VA,Henrico,2026,TRUE,4,63650.1,29.575,133.466,74234.29,970328.4,0.85742,0.000398,0.001798,0,100,0,0,0,0,0.2216,476.9012,-55.19,-48.29,-48.84
Virginia,VA,Hopewell city,2020,FALSE,5,1156657.827,8.853,1006.203,1501929.5,18439981.638,0.77011,0.000006,0.00067,0,93.37,0,6.63,0,0,0.0088,1149.5273,,,
Virginia,VA,Hopewell city,2021,FALSE,5,1026631.309,18.247,775.186,738165.75,13317007.807,1.39079,0.000025,0.00105,0,64.68,0,35.32,0,0,0.0235,1324.3677,-11.24,106.11,-22.96
Virginia,VA,Hopewell city,2022,FALSE,5,957582.301,30.159,673.559,531060.25,11521363.502,1.80315,0.000057,0.001268,0,53.55,0,46.45,0,0,0.0448,1421.6755,-6.73,65.28,-13.11
Virginia,VA,Hopewell city,2023,FALSE,5,1058582.575,17.64,820.879,703394.09,13435804.499,1.50496,0.000025,0.001167,0,61.26,0,38.74,0,0,0.0215,1289.572,10.55,-41.51,21.87
Virginia,VA,Hopewell city,2024,FALSE,5,1612415.033,23.175,1295.348,1558238.55,22964563.911,1.03477,0.000015,0.000831,0,78.52,0,21.48,0,0,0.0179,1244.7736,52.32,31.38,57.8
Virginia,VA,Hopewell city,2025,FALSE,5,1518673.471,45.869,1363.671,1402969.12,21170656.15,1.08247,0.000033,0.000972,0,76.42,0,23.58,0,0,0.0336,1113.6656,-5.81,97.92,5.27
Virginia,VA,Hopewell city,2026,TRUE,5,718043.617,36.067,591.988,698633.31,10137021.219,1.02778,0.000052,0.000847,0,79.33,0,20.67,0,0,0.0609,1212.9361,-52.72,-21.37,-56.59
Virginia,VA,King George,2020,FALSE,1,108615.784,44.131,48.128,99461.54,1058633.744,1.09204,0.000444,0.000484,100,0,0,0,0,0,0.917,2256.8107,,,
Virginia,VA,King George,2021,FALSE,1,104810.073,47.78,49.608,101207.02,1021547.813,1.0356,0.000472,0.00049,100,0,0,0,0,0,0.9632,2112.7655,-3.5,8.27,3.08
Virginia,VA,King William,2020,FALSE,1,0,0,156.161,0,1555626.235,,,,100,0,0,0,0,0,0,0,,,
Virginia,VA,King William,2021,FALSE,1,0,0,182.762,0,1878465.44,,,,100,0,0,0,0,0,0,0,,,17.03
Virginia,VA,King William,2022,FALSE,1,0,0,173.878,0,1573852.8,,,,100,0,0,0,0,0,0,0,,,-4.86
Virginia,VA,King William,2023,FALSE,1,0,0,185.406,0,1731356.3,,,,100,0,0,0,0,0,0,0,,,6.63
Virginia,VA,King William,2024,FALSE,1,0,0,155.39,0,1650829.155,,,,100,0,0,0,0,0,0,0,,,-16.19
Virginia,VA,King William,2025,FALSE,1,0,0,169.78,0,1821634.944,,,,100,0,0,0,0,0,0,0,,,9.26
Virginia,VA,Loudoun,2020,FALSE,2,2012750.541,1.694,85.543,5064378.56,33868405.689,0.39743,0,0.000017,0,100,0,0,0,0,0.0198,23529.1086,,,
Virginia,VA,Loudoun,2021,FALSE,2,2099241.027,1.767,90.282,5228738.78,35323696.289,0.40148,0,0.000017,0,100,0,0,0,0,0.0196,23252.0439,4.3,4.31,5.54
Virginia,VA,Loudoun,2022,FALSE,2,1444186.215,1.232,64.354,3585854.71,24641530.382,0.40275,0,0.000018,0,100,0,0,0,0,0.0191,22441.2813,-31.2,-30.28,-28.72
Virginia,VA,Loudoun,2023,FALSE,2,1821332.462,1.568,80.227,4584839.44,31349487.988,0.39725,0,0.000017,0,100,0,0,0,0,0.0195,22702.2382,26.11,27.27,24.67
Virginia,VA,Loudoun,2024,FALSE,2,1944062.102,1.675,85.132,4893810.24,33485402.824,0.39725,0,0.000017,0,100,0,0,0,0,0.0197,22835.8561,6.74,6.82,6.11
Virginia,VA,Loudoun,2025,FALSE,2,1904773.005,1.64,70.994,4834145.12,32778929.062,0.39402,0,0.000015,0,100,0,0,0,0,0.0231,26830.0561,-2.02,-2.09,-16.61
Virginia,VA,Loudoun,2026,TRUE,2,851233.54,0.732,33.842,2142685.54,14633226.085,0.39727,0,0.000016,0,100,0,0,0,0,0.0216,25153.1688,-55.31,-55.37,-52.33
Virginia,VA,Louisa,2020,FALSE,7,832424.11,4.716,193.615,1550700.56,13997963.402,0.53681,0.000003,0.000125,0,100,0,0,0,0,0.0244,4299.3782,,,
Virginia,VA,Louisa,2021,FALSE,7,819169.941,5.828,208.248,1498371.9,13721287.201,0.54671,0.000004,0.000139,0,100,0,0,0,0,0.028,3933.6269,-1.59,23.58,7.56
Virginia,VA,Louisa,2022,FALSE,7,679438.028,6.523,171.978,1279456.23,11279412.176,0.53104,0.000005,0.000134,0,100,0,0,0,0,0.0379,3950.7264,-17.06,11.93,-17.42
Virginia,VA,Louisa,2023,FALSE,7,633243.321,3.388,151.595,1178061.63,10647758.166,0.53753,0.000003,0.000129,0,100,0,0,0,0,0.0223,4177.2045,-6.8,-48.06,-11.85
Virginia,VA,Louisa,2024,FALSE,7,1064722.861,5.6,248.885,1942763.56,17891879.271,0.54805,0.000003,0.000128,0,100,0,0,0,0,0.0225,4277.9712,68.14,65.29,64.18
Virginia,VA,Louisa,2025,FALSE,7,1157996.529,6.018,292.018,2067049.71,19341529.527,0.56022,0.000003,0.000141,0,100,0,0,0,0,0.0206,3965.4971,8.76,7.46,17.33
Virginia,VA,Louisa,2026,TRUE,7,569791.894,3.72,155.586,989468.48,9416595.474,0.57586,0.000004,0.000157,0,100,0,0,0,0,0.0239,3662.2311,-50.8,-38.19,-46.72
Virginia,VA,Prince George,2020,FALSE,3,0,0,145.389,0,2018827.575,,,,0,100,0,0,0,0,0,0,,,
Virginia,VA,Prince George,2021,FALSE,3,0,0,25.39,0,1758031.15,,,,0,100,0,0,0,0,0,0,,,-82.54
Virginia,VA,Prince George,2022,FALSE,3,0,0,22.888,0,1790082.825,,,,0,100,0,0,0,0,0,0,,,-9.85
Virginia,VA,Prince George,2023,FALSE,3,0,0,24.885,0,1855941.175,,,,0,100,0,0,0,0,0,0,,,8.73
Virginia,VA,Prince George,2024,FALSE,3,0,0,19.304,0,1763694.1,,,,0,100,0,0,0,0,0,0,,,-22.43
Virginia,VA,Prince George,2025,FALSE,3,0,0,18.201,0,1739324.55,,,,0,100,0,0,0,0,0,0,,,-5.71
Virginia,VA,Prince George,2026,TRUE,3,0,0,8.911,0,777369.425,,,,0,100,0,0,0,0,0,0,,,-51.04
Virginia,VA,Prince William,2020,FALSE,3,1604137.311,74.474,159.159,3861452.02,26901544.118,0.41542,0.000019,0.000041,0,99.09,0.91,0,0,0,0.4679,10078.8351,,,
Virginia,VA,Prince William,2021,FALSE,2,1005263.821,5.441,91.124,1654365.33,16908716.194,0.60764,0.000003,0.000055,0,100,0,0,0,0,0.0597,11031.8228,-37.33,-92.69,-42.75
Virginia,VA,Prince William,2022,FALSE,2,777458.644,6.369,69.577,1713981.06,13042295.01,0.4536,0.000004,0.000041,0,100,0,0,0,0,0.0915,11174.0754,-22.66,17.06,-23.65
Virginia,VA,Prince William,2023,FALSE,2,813389.994,4.106,65.819,1932251.26,13686771.582,0.42095,0.000002,0.000034,0,100,0,0,0,0,0.0624,12357.9816,4.62,-35.53,-5.4
Virginia,VA,Prince William,2024,FALSE,2,938073.55,4.83,75.006,2248823.28,15783271.411,0.41714,0.000002,0.000033,0,100,0,0,0,0,0.0644,12506.6468,15.33,17.63,13.96
Virginia,VA,Prince William,2025,FALSE,2,1197344.061,6.366,97.489,2886695.85,20142275.295,0.41478,0.000002,0.000034,0,100,0,0,0,0,0.0653,12281.8376,27.64,31.8,29.97
Virginia,VA,Prince William,2026,TRUE,2,525127.39,3.374,45.025,1259944.36,8824156.304,0.41679,0.000003,0.000036,0,100,0,0,0,0,0.0749,11663.0181,-56.14,-47,-53.82
Virginia,VA,Richmond city,2020,FALSE,4,337958.244,1.706,89.507,0,5686858.407,,,,0,100,0,0,0,0,0.0191,3775.7745,,,
Virginia,VA,Richmond city,2021,FALSE,4,356417.21,1.8,89.472,0,5997217.422,,,,0,100,0,0,0,0,0.0201,3983.5614,5.46,5.51,-0.04
Virginia,VA,Richmond city,2022,FALSE,4,370928.847,1.874,94.9,0,6241467.406,,,,0,100,0,0,0,0,0.0197,3908.6285,4.07,4.11,6.07
Virginia,VA,Richmond city,2023,FALSE,4,353880.186,1.787,86.791,0,5954629.374,,,,0,100,0,0,0,0,0.0206,4077.3834,-4.6,-4.64,-8.54
Virginia,VA,Richmond city,2024,FALSE,4,338009.729,1.707,82.772,0,5687690.667,,,,0,100,0,0,0,0,0.0206,4083.624,-4.48,-4.48,-4.63
Virginia,VA,Richmond city,2025,FALSE,4,358003.893,1.808,88.59,0,6024065.592,,,,0,100,0,0,0,0,0.0204,4041.1321,5.92,5.92,7.03
Virginia,VA,Richmond city,2026,TRUE,4,180962.633,0.913,46.479,0,3045199.225,,,,0,100,0,0,0,0,0.0196,3893.4278,-49.45,-49.5,-47.53
Virginia,VA,Russell,2020,FALSE,2,184039.754,79.745,213.724,287707.24,3096889.291,0.63968,0.000277,0.000743,0,100,0,0,0,0,0.3731,861.1094,,,
Virginia,VA,Russell,2021,FALSE,2,100316.862,43.467,110.145,143644.98,1688040.479,0.69837,0.000303,0.000767,0,100,0,0,0,0,0.3946,910.7709,-45.49,-45.49,-48.46
Virginia,VA,Russell,2022,FALSE,2,61147.518,26.496,68.724,91451.41,1028960.221,0.66863,0.00029,0.000751,0,100,0,0,0,0,0.3855,889.7549,-39.05,-39.04,-37.61
Virginia,VA,Russell,2023,FALSE,2,66784.892,28.938,72.603,92830.2,1123800.885,0.71943,0.000312,0.000782,0,100,0,0,0,0,0.3986,919.8641,9.22,9.22,5.64
Virginia,VA,Russell,2024,FALSE,2,144534.036,62.627,162.762,204855.28,2432132.011,0.70554,0.000306,0.000795,0,100,0,0,0,0,0.3848,888.0085,116.42,116.42,124.18
Virginia,VA,Russell,2025,FALSE,2,204553.293,88.633,235.055,299096.75,3442086.342,0.6839,0.000296,0.000786,0,100,0,0,0,0,0.3771,870.2359,41.53,41.53,44.42
Virginia,VA,Russell,2026,TRUE,2,133333.163,57.774,158.526,189382.36,2243643.57,0.70404,0.000305,0.000837,0,100,0,0,0,0,0.3644,841.0807,-34.82,-34.82,-32.56
Virginia,VA,Southampton,2020,FALSE,2,466122.877,13.583,257.831,0,4264259.028,,,,0,0,0,100,0,0,0.0527,1807.862,,,
Virginia,VA,Southampton,2021,FALSE,2,549989.96,16.476,318.043,0,5028545.915,,,,0,0,0,100,0,0,0.0518,1729.2943,17.99,21.3,23.35
Virginia,VA,Southampton,2022,FALSE,2,567216.149,16.294,317.378,0,5185172.886,,,,0,0,0,100,0,0,0.0513,1787.1943,3.13,-1.1,-0.21
Virginia,VA,Southampton,2023,FALSE,2,580553.763,16.601,325.688,0,5306361.086,,,,0,0,0,100,0,0,0.051,1782.5458,2.35,1.88,2.62
Virginia,VA,Southampton,2024,FALSE,2,549040.981,15.453,304.972,0,5020744.764,,,,0,0,0,100,0,0,0.0507,1800.2996,-5.43,-6.92,-6.36
Virginia,VA,Southampton,2025,FALSE,2,445497.872,12.503,243.782,0,4074800.043,,,,0,0,0,100,0,0,0.0513,1827.4437,-18.86,-19.09,-20.06
Virginia,VA,Southampton,2026,TRUE,2,243501.701,6.724,138.141,0,2228328.277,,,,0,0,0,100,0,0,0.0487,1762.7041,-45.34,-46.22,-43.33
Virginia,VA,Surry,2020,FALSE,4,113015.2,2.834,147.311,144699.68,1907276.9,0.78103,0.00002,0.001018,0,100,0,0,0,0,0.0192,767.1878,,,
Virginia,VA,Surry,2021,FALSE,4,21386.9,7.767,29.109,24176.85,334158.1,0.8846,0.000321,0.001204,0,100,0,0,0,0,0.2668,734.7178,-81.08,174.06,-80.24
Virginia,VA,Surry,2022,FALSE,4,28793.1,17.219,39.741,30257.06,424750.1,0.95162,0.000569,0.001313,0,100,0,0,0,0,0.4333,724.5188,34.63,121.69,36.52
Virginia,VA,Surry,2023,FALSE,4,70338.1,4.369,106.565,88285.69,1177420.4,0.79671,0.000049,0.001207,0,100,0,0,0,0,0.041,660.0488,144.29,-74.63,168.15
Virginia,VA,Surry,2024,FALSE,4,95077.4,16.324,172.203,116312.61,1552587.2,0.81743,0.00014,0.001481,0,100,0,0,0,0,0.0948,552.1239,35.17,273.63,61.59
Virginia,VA,Surry,2025,FALSE,4,146524.5,69.278,276.152,120795.2,2229241.8,1.213,0.000574,0.002286,0,100,0,0,0,0,0.2509,530.5937,54.11,324.39,60.36
Virginia,VA,Surry,2026,TRUE,4,57198.9,42.289,125.113,62304.04,813659.1,0.91806,0.000679,0.002008,0,100,0,0,0,0,0.338,457.1779,-60.96,-38.96,-54.69
Virginia,VA,Warren,2020,FALSE,3,3747810.748,18.919,175.257,9346687.03,63064073.155,0.40098,0.000002,0.000019,0,100,0,0,0,0,0.108,21384.6565,,,
Virginia,VA,Warren,2021,FALSE,3,2934625.737,14.814,146.7,7242826.59,49380568.996,0.40518,0.000002,0.00002,0,100,0,0,0,0,0.101,20004.2654,-21.7,-21.7,-16.29
Virginia,VA,Warren,2022,FALSE,3,3142028.35,15.862,150.643,7801807.68,52870868.847,0.40273,0.000002,0.000019,0,100,0,0,0,0,0.1053,20857.4467,7.07,7.07,2.69
Virginia,VA,Warren,2023,FALSE,3,3451963.677,17.426,166.759,8622893.68,58086030.344,0.40033,0.000002,0.000019,0,100,0,0,0,0,0.1045,20700.3141,9.86,9.86,10.7
Virginia,VA,Warren,2024,FALSE,3,3868139.009,19.527,183.699,9600252.48,65088844.511,0.40292,0.000002,0.000019,0,100,0,0,0,0,0.1063,21056.941,12.06,12.06,10.16
Virginia,VA,Warren,2025,FALSE,3,3565555.46,18,176.125,8888308.21,59997304.377,0.40115,0.000002,0.00002,0,100,0,0,0,0,0.1022,20244.4597,-7.82,-7.82,-4.12
Virginia,VA,Warren,2026,TRUE,3,1753087.948,8.849,84.15,4346275.74,29499118.218,0.40335,0.000002,0.000019,0,100,0,0,0,0,0.1052,20832.893,-50.83,-50.84,-52.22
Virginia,VA,Washington,2020,FALSE,10,68266.1,0.361,148.7,99722.15,1157880.2,0.68456,0.000004,0.001491,0,100,0,0,0,0,0.0024,459.0861,,,
Virginia,VA,Washington,2021,FALSE,10,41174.7,0.214,88.167,59872.07,698294.4,0.68771,0.000004,0.001473,0,100,0,0,0,0,0.0024,467.0081,-39.68,-40.72,-40.71
Virginia,VA,Washington,2022,FALSE,10,25209.6,0.13,59.093,37160.54,427928.7,0.6784,0.000003,0.00159,0,100,0,0,0,0,0.0022,426.6089,-38.77,-39.25,-32.98
Virginia,VA,Washington,2023,FALSE,10,50345.129,0.256,52.888,80157.97,847654.485,0.62807,0.000003,0.00066,0,100,0,0,0,0,0.0048,951.9197,99.71,96.92,-10.5
Virginia,VA,Washington,2024,FALSE,10,111039.504,0.56,100.068,183748.37,1868494.057,0.6043,0.000003,0.000545,0,100,0,0,0,0,0.0056,1109.6405,120.56,118.75,89.21
Virginia,VA,Washington,2025,FALSE,10,186718.897,0.941,180.302,293312.14,3142145.826,0.63659,0.000003,0.000615,0,100,0,0,0,0,0.0052,1035.5897,68.16,68.04,80.18
Virginia,VA,Washington,2026,TRUE,10,71344.1,0.421,79.77,115645.02,1209013.6,0.61692,0.000004,0.00069,0,100,0,0,0,0,0.0053,894.3726,-61.79,-55.26,-55.76
Virginia,VA,Wise,2020,FALSE,2,1109651.89,69.07,416.968,0,10793233.652,,,,100,0,0,0,0,0,0.1656,2661.2399,,,
Virginia,VA,Wise,2021,FALSE,2,1087383.803,90.481,325.562,0,10588581.32,,,,100,0,0,0,0,0,0.2779,3340.0207,-2.01,31,-21.92
Virginia,VA,Wise,2022,FALSE,2,1522163.036,56.191,481.594,0,14833805.191,,,,100,0,0,0,0,0,0.1167,3160.6769,39.98,-37.9,47.93
Virginia,VA,Wise,2023,FALSE,2,919434.16,72.952,326.288,0,8955820.251,,,,100,0,0,0,0,0,0.2236,2817.8608,-39.6,29.83,-32.25
Virginia,VA,Wise,2024,FALSE,2,1252556.57,77.643,440.752,0,12205978.454,,,,100,0,0,0,0,0,0.1762,2841.8625,36.23,6.43,35.08
Virginia,VA,Wise,2025,FALSE,2,2220728.636,108.479,720.203,0,21640358.358,,,,100,0,0,0,0,0,0.1506,3083.476,77.3,39.72,63.4
Virginia,VA,Wise,2026,TRUE,2,760891.68,54.677,244.335,0,7422479.67,,,,100,0,0,0,0,0,0.2238,3114.133,-65.74,-49.6,-66.07
Virginia,VA,York,2020,FALSE,1,62395.709,151.76,53.075,65699.75,770931.991,0.94971,0.00231,0.000808,0,0,100,0,0,0,2.8593,1175.6139,,,
Virginia,VA,York,2021,FALSE,1,48438.667,116.023,38.053,54660.42,598522.219,0.88617,0.002123,0.000696,0,0,100,0,0,0,3.049,1272.9264,-22.37,-23.55,-28.3
Virginia,VA,York,2022,FALSE,1,34294.609,77.175,28.664,33884.51,423922.98,1.0121,0.002278,0.000846,0,0,100,0,0,0,2.6924,1196.4349,-29.2,-33.48,-24.67
Virginia,VA,York,2023,FALSE,1,1624.589,0.75,0.218,0,20095.829,,,,0,0,100,0,0,0,3.4404,7452.2431,-95.26,-99.03,-99.24
Washington,WA,Clark,2020,FALSE,1,699342.272,3.162,80.693,1649795.38,11767962.942,0.4239,0.000002,0.000049,0,100,0,0,0,0,0.0392,8666.7031,,,
Washington,WA,Clark,2021,FALSE,1,811749.019,3.704,82.789,1978203.1,13659324.515,0.41035,0.000002,0.000042,0,100,0,0,0,0,0.0447,9805.0347,16.07,17.14,2.6
Washington,WA,Clark,2022,FALSE,1,720092.524,3.202,74.403,1723757.2,12116952.391,0.41775,0.000002,0.000043,0,100,0,0,0,0,0.043,9678.2727,-11.29,-13.55,-10.13
Washington,WA,Clark,2023,FALSE,1,771101.271,4.998,81.546,1859457.55,12975327.551,0.41469,0.000003,0.000044,0,100,0,0,0,0,0.0613,9456.0281,7.08,56.09,9.6
Washington,WA,Clark,2024,FALSE,1,674462.837,8.837,72.021,1588624.68,11349228.181,0.42456,0.000006,0.000045,0,100,0,0,0,0,0.1227,9364.808,-12.53,76.81,-11.68
Washington,WA,Clark,2025,FALSE,1,619433.815,7.896,65.216,1460001.15,10423189.295,0.42427,0.000005,0.000045,0,100,0,0,0,0,0.1211,9498.1878,-8.16,-10.65,-9.45
Washington,WA,Clark,2026,TRUE,1,4078.801,0.045,2.101,9215.99,68637.058,0.44258,0.000005,0.000228,0,100,0,0,0,0,0.0214,1941.3617,-99.34,-99.43,-96.78
Washington,WA,Cowlitz,2020,FALSE,1,791399.811,8.68,53.652,1784535.98,13316884.31,0.44348,0.000005,0.00003,0,100,0,0,0,0,0.1618,14750.6116,,,
Washington,WA,Cowlitz,2021,FALSE,1,805728.957,8.835,58.613,1853340.26,13557819.808,0.43474,0.000005,0.000032,0,100,0,0,0,0,0.1507,13746.5913,1.81,1.79,9.25
Washington,WA,Cowlitz,2022,FALSE,1,726075.947,7.947,56.147,1657258.13,12217621.211,0.43812,0.000005,0.000034,0,100,0,0,0,0,0.1415,12931.6962,-9.89,-10.05,-4.21
Washington,WA,Cowlitz,2023,FALSE,1,879568.752,9.596,59.869,2050113.31,14800414.64,0.42903,0.000005,0.000029,0,100,0,0,0,0,0.1603,14691.5558,21.14,20.75,6.63
Washington,WA,Cowlitz,2024,FALSE,1,1017984.479,15.491,62.734,2378153.47,17129584.364,0.42806,0.000007,0.000026,0,100,0,0,0,0,0.2469,16226.9978,15.74,61.43,4.79
Washington,WA,Cowlitz,2025,FALSE,1,1005471.974,15.288,61.926,2297838.97,16918990.64,0.43757,0.000007,0.000027,0,100,0,0,0,0,0.2469,16236.6692,-1.23,-1.31,-1.29
Washington,WA,Cowlitz,2026,TRUE,1,27373.186,0.417,5.258,58009.18,460609.813,0.47188,0.000007,0.000091,0,100,0,0,0,0,0.0793,5206.0072,-97.28,-97.27,-91.51
Washington,WA,Grays Harbor,2020,FALSE,2,1079384.58,7.105,61.055,2562669.79,18162762.71,0.4212,0.000003,0.000024,0,100,0,0,0,0,0.1164,17678.8892,,,
Washington,WA,Grays Harbor,2021,FALSE,2,1506112.799,11.471,81.249,3643488.95,25343185.067,0.41337,0.000003,0.000022,0,100,0,0,0,0,0.1412,18537.0011,39.53,61.45,33.08
Washington,WA,Grays Harbor,2022,FALSE,2,1332373.861,12.097,75.565,3234906.76,22419746.418,0.41187,0.000004,0.000023,0,100,0,0,0,0,0.1601,17632.1559,-11.54,5.46,-7
Washington,WA,Grays Harbor,2023,FALSE,2,1539148.026,10.249,89.967,3699845.7,25899146.664,0.416,0.000003,0.000024,0,100,0,0,0,0,0.1139,17107.9176,15.52,-15.28,19.06
Washington,WA,Grays Harbor,2024,FALSE,2,1183434.417,10.148,79.741,2860230.18,19913517.946,0.41375,0.000004,0.000028,0,100,0,0,0,0,0.1273,14840.9779,-23.11,-0.99,-11.37
Washington,WA,Grays Harbor,2025,FALSE,2,1576385.431,13.436,95.453,3751158.29,26525686.314,0.42024,0.000004,0.000025,0,100,0,0,0,0,0.1408,16514.7814,33.2,32.4,19.7
Washington,WA,Grays Harbor,2026,TRUE,2,21228.883,0.277,2.662,49285.53,357234.315,0.43073,0.000006,0.000054,0,100,0,0,0,0,0.1041,7974.787,-98.65,-97.94,-97.21
Washington,WA,Klickitat,2020,FALSE,1,804092.697,4.059,51.184,2019912.64,13530400.725,0.39808,0.000002,0.000025,0,100,0,0,0,0,0.0793,15709.8448,,,
Washington,WA,Klickitat,2021,FALSE,1,820397.079,4.142,50.628,2039591.46,13804824.056,0.40224,0.000002,0.000025,0,100,0,0,0,0,0.0818,16204.4141,2.03,2.04,-1.09
Washington,WA,Klickitat,2022,FALSE,1,656244.113,3.313,45.337,1594158.17,11042561.567,0.41166,0.000002,0.000028,0,100,0,0,0,0,0.0731,14474.8023,-20.01,-20.01,-10.45
Washington,WA,Klickitat,2023,FALSE,1,909764.3,4.593,55.028,2215362.11,15308569.539,0.41066,0.000002,0.000025,0,100,0,0,0,0,0.0835,16532.7524,38.63,38.64,21.38
Washington,WA,Klickitat,2024,FALSE,1,860010.187,4.342,54.332,2139184.15,14471286.224,0.40203,0.000002,0.000025,0,100,0,0,0,0,0.0799,15828.7968,-5.47,-5.46,-1.26
Washington,WA,Klickitat,2025,FALSE,1,661042.46,3.337,45.296,1641531.38,11123314.777,0.4027,0.000002,0.000028,0,100,0,0,0,0,0.0737,14593.8374,-23.14,-23.15,-16.63
Washington,WA,Klickitat,2026,TRUE,1,20668.121,0.104,3.333,48994.17,347778.365,0.42185,0.000002,0.000068,0,100,0,0,0,0,0.0312,6201.0564,-96.87,-96.88,-92.64
Washington,WA,Lewis,2020,FALSE,4,7451163.718,1562.53,5589.965,7996538.14,78780891.36,0.9318,0.000195,0.000699,77.34,22.66,0,0,0,0,0.2795,1332.9536,,,
Washington,WA,Lewis,2021,FALSE,3,4808864.06,802.98,3333.83,5697519.58,53148172.599,0.84403,0.000141,0.000585,68.32,31.68,0,0,0,0,0.2409,1442.4443,-35.46,-48.61,-40.36
Washington,WA,Lewis,2022,FALSE,3,5283954.628,1272.957,3729.028,6078986.86,57398920.465,0.86922,0.000209,0.000613,71.78,28.22,0,0,0,0,0.3414,1416.9791,9.88,58.53,11.85
Washington,WA,Lewis,2023,FALSE,3,5967295.851,1171.915,4187.063,6755100.25,64238093.743,0.88338,0.000173,0.00062,73.63,26.37,0,0,0,0,0.2799,1425.1746,12.93,-7.94,12.28
Washington,WA,Lewis,2024,FALSE,3,4694433.016,948.882,2893.961,5757313.8,53392787.622,0.81539,0.000165,0.000503,62.69,37.31,0,0,0,0,0.3279,1622.148,-21.33,-19.03,-30.88
Washington,WA,Lewis,2025,FALSE,3,4446665.244,1033.504,2991.775,5796425.82,50067583.438,0.76714,0.000178,0.000516,64.65,35.35,0,0,0,0,0.3454,1486.2967,-5.28,8.92,3.38
Washington,WA,Lewis,2026,TRUE,2,489715.896,5.129,45.187,1125736.33,8240397.134,0.43502,0.000005,0.00004,0,100,0,0,0,0,0.1135,10837.5395,-88.99,-99.5,-98.49
Washington,WA,Pierce,2020,FALSE,1,406892.349,2.054,38.216,971383.11,6846774.727,0.41888,0.000002,0.000039,0,100,0,0,0,0,0.0537,10647.1726,,,
Washington,WA,Pierce,2021,FALSE,1,543487.261,2.744,50.088,1303468.28,9145167.886,0.41695,0.000002,0.000038,0,100,0,0,0,0,0.0548,10850.6481,33.57,33.59,31.07
Washington,WA,Pierce,2022,FALSE,1,535247.429,2.702,48.141,1272795.29,9006597.468,0.42053,0.000002,0.000038,0,100,0,0,0,0,0.0561,11118.328,-1.52,-1.53,-3.89
Washington,WA,Pierce,2023,FALSE,1,780419.922,3.94,68.842,1843501.05,13132044.697,0.42334,0.000002,0.000037,0,100,0,0,0,0,0.0572,11336.3923,45.81,45.82,43
Washington,WA,Pierce,2024,FALSE,1,737346.459,3.722,63.736,1735837.77,12407282.49,0.42478,0.000002,0.000037,0,100,0,0,0,0,0.0584,11568.7596,-5.52,-5.53,-7.42
Washington,WA,Pierce,2025,FALSE,1,686999.86,3.468,61.502,1605380.09,11560098.708,0.42794,0.000002,0.000038,0,100,0,0,0,0,0.0564,11170.3662,-6.83,-6.82,-3.51
Washington,WA,Pierce,2026,TRUE,1,1842.829,0.009,0.898,3604.12,31006.412,0.51131,0.000002,0.000249,0,100,0,0,0,0,0.01,2052.1481,-99.73,-99.74,-98.54
Washington,WA,Skagit,2020,FALSE,2,19632.391,0.279,3.105,29471.15,321521.274,0.66616,0.000009,0.000105,0,100,0,0,0,0,0.0899,6322.8312,,,
Washington,WA,Skagit,2021,FALSE,2,113043.938,1.315,271.925,186648.26,1900481.428,0.60565,0.000007,0.001457,0,100,0,0,0,0,0.0048,415.7173,475.8,371.33,8657.65
Washington,WA,Skagit,2022,FALSE,2,34872.359,0.392,9.682,56891.15,586161.144,0.61297,0.000007,0.00017,0,100,0,0,0,0,0.0405,3601.7723,-69.15,-70.19,-96.44
Washington,WA,Skagit,2023,FALSE,2,180439.16,2.754,31.46,290542.31,3029270.194,0.62104,0.000009,0.000108,0,100,0,0,0,0,0.0875,5735.5105,417.43,602.55,224.93
Washington,WA,Skagit,2024,FALSE,2,89900.003,1.346,11.722,144902.3,1498130.645,0.62042,0.000009,0.000081,0,100,0,0,0,0,0.1148,7669.34,-50.18,-51.13,-62.74
Washington,WA,Skagit,2025,FALSE,2,8389.674,0.12,1.183,13428.43,135917.574,0.62477,0.000009,0.000088,0,100,0,0,0,0,0.1014,7091.8631,-90.67,-91.08,-89.91
Washington,WA,Skagit,2026,TRUE,2,1085.911,0.014,0.178,1659.91,16858.479,0.6542,0.000008,0.000107,0,100,0,0,0,0,0.0787,6100.6236,-87.06,-88.33,-84.95
Washington,WA,Whatcom,2020,FALSE,6,1006287.722,16.594,192.772,1345933.29,16932739.109,0.74765,0.000012,0.000143,0,100,0,0,0,0,0.0861,5220.0928,,,
Washington,WA,Whatcom,2021,FALSE,6,1257239.267,20.902,239.767,1641640.9,21147028.484,0.76584,0.000013,0.000146,0,100,0,0,0,0,0.0872,5243.5876,24.94,25.96,24.38
Washington,WA,Whatcom,2022,FALSE,6,976204.947,16.714,186.181,1260529.2,16394027.279,0.77444,0.000013,0.000148,0,100,0,0,0,0,0.0898,5243.3113,-22.35,-20.04,-22.35
Washington,WA,Whatcom,2023,FALSE,6,1686894.358,31.064,326.549,2218890.33,28370114.101,0.76024,0.000014,0.000147,0,100,0,0,0,0,0.0951,5165.8231,72.8,85.86,75.39
Washington,WA,Whatcom,2024,FALSE,6,1635147.043,28.681,332.992,2128556.19,27502936.957,0.7682,0.000013,0.000156,0,100,0,0,0,0,0.0861,4910.4694,-3.07,-7.67,1.97
Washington,WA,Whatcom,2025,FALSE,6,1081496.197,16.24,225.646,1849678.36,18197730.673,0.58469,0.000009,0.000122,0,100,0,0,0,0,0.072,4792.8888,-33.86,-43.38,-32.24
Washington,WA,Whatcom,2026,TRUE,6,47148.47,0.685,10.575,93019.74,793288.183,0.50687,0.000007,0.000114,0,100,0,0,0,0,0.0648,4458.4842,-95.64,-95.78,-95.31
West Virginia,WV,Grant,2020,FALSE,3,5140495.682,2008.303,1925.439,5066532.83,50102368.115,1.0146,0.000396,0.00038,100,0,0,0,0,0,1.043,2669.7785,,,
West Virginia,WV,Grant,2021,FALSE,3,5885931.252,2997.616,2083.675,5920232.42,57367773.104,0.99421,0.000506,0.000352,100,0,0,0,0,0,1.4386,2824.7837,14.5,49.26,8.22
West Virginia,WV,Grant,2022,FALSE,3,4994592.981,2818.173,1741.91,4994488.1,48680261.589,1.00002,0.000564,0.000349,100,0,0,0,0,0,1.6179,2867.3083,-15.14,-5.99,-16.4
West Virginia,WV,Grant,2023,FALSE,3,3890891.376,2056.626,1375.737,3803297.56,37922954.576,1.02303,0.000541,0.000362,100,0,0,0,0,0,1.4949,2828.2233,-22.1,-27.02,-21.02
West Virginia,WV,Grant,2024,FALSE,3,4546583.93,1982.275,1642.61,4498481,44313734.314,1.01069,0.000441,0.000365,100,0,0,0,0,0,1.2068,2767.9023,16.85,-3.62,19.4
West Virginia,WV,Grant,2025,FALSE,3,4676691.141,2620.639,1666.771,4661770.22,45581855.109,1.0032,0.000562,0.000358,100,0,0,0,0,0,1.5723,2805.839,2.86,32.2,1.47
West Virginia,WV,Grant,2026,TRUE,3,2646478.456,1339.901,962.208,2643821.52,25794184.336,1.001,0.000507,0.000364,100,0,0,0,0,0,1.3925,2750.4224,-43.41,-48.87,-42.27
West Virginia,WV,Harrison,2020,FALSE,3,10737557.678,9274.956,3879.845,11775463.92,104654602.334,0.91186,0.000788,0.000329,100,0,0,0,0,0,2.3905,2767.5223,,,
West Virginia,WV,Harrison,2021,FALSE,3,12009520.387,10010.762,3911.801,12413119.46,117051969.934,0.96749,0.000806,0.000315,100,0,0,0,0,0,2.5591,3070.0745,11.85,7.93,0.82
West Virginia,WV,Harrison,2022,FALSE,3,12787134.754,14920.948,4492.015,13034552.95,124630985.261,0.98102,0.001145,0.000345,100,0,0,0,0,0,3.3217,2846.6367,6.47,49.05,14.83
West Virginia,WV,Harrison,2023,FALSE,3,12224897.766,15651.218,4762.385,12130598.6,119151094.552,1.00777,0.00129,0.000393,100,0,0,0,0,0,3.2864,2566.9697,-4.4,4.89,6.02
West Virginia,WV,Harrison,2024,FALSE,3,10983451.347,14207.661,5519.865,11484367.88,107051142.865,0.95638,0.001237,0.000481,100,0,0,0,0,0,2.5739,1989.8043,-10.16,-9.22,15.91
West Virginia,WV,Harrison,2025,FALSE,3,11502752.153,18621.868,5246.998,11610614.02,112112604.298,0.99071,0.001604,0.000452,100,0,0,0,0,0,3.5491,2192.254,4.73,31.07,-4.94
West Virginia,WV,Harrison,2026,TRUE,3,5925800.976,5441.458,2907.524,6017828.35,57756367.678,0.98471,0.000904,0.000483,100,0,0,0,0,0,1.8715,2038.0919,-48.48,-70.78,-44.59
West Virginia,WV,Kanawha,2020,FALSE,4,0,0,26.117,0,1111033.797,,,,0,100,0,0,0,0,0,0,,,
West Virginia,WV,Kanawha,2021,FALSE,4,0,0,35.728,0,1374346.093,,,,0,100,0,0,0,0,0,0,,,36.8
West Virginia,WV,Kanawha,2022,FALSE,5,0,0,47.005,0,1469817.158,,,,0,100,0,0,0,0,0,0,,,31.56
West Virginia,WV,Kanawha,2023,FALSE,5,0,0,30.93,0,1249734.859,,,,0,100,0,0,0,0,0,0,,,-34.2
West Virginia,WV,Kanawha,2024,FALSE,4,0,0,35.929,0,1338250.544,,,,0,100,0,0,0,0,0,0,,,16.16
West Virginia,WV,Kanawha,2025,FALSE,5,0,0,34.496,0,1374366.659,,,,0,100,0,0,0,0,0,0,,,-3.99
West Virginia,WV,Kanawha,2026,TRUE,3,0,0,9.577,0,377290.301,,,,0,100,0,0,0,0,0,0,,,-72.24
West Virginia,WV,Marion,2020,FALSE,2,833260.691,1590.346,1330.933,0,8121427.722,,,,100,0,0,0,0,0,1.1949,626.0726,,,
West Virginia,WV,Marion,2021,FALSE,2,843784.461,1817.798,1404.451,0,8224031.037,,,,100,0,0,0,0,0,1.2943,600.7931,1.26,14.3,5.52
West Virginia,WV,Marion,2022,FALSE,2,828980.403,2039.257,892.781,0,8079646.993,,,,100,0,0,0,0,0,2.2842,928.5372,-1.75,12.18,-36.43
West Virginia,WV,Marion,2023,FALSE,2,798740.307,1949.312,935.557,0,7785026.168,,,,100,0,0,0,0,0,2.0836,853.7591,-3.65,-4.41,4.79
West Virginia,WV,Marion,2024,FALSE,2,815220.252,1984.619,1103.789,0,7945492.008,,,,100,0,0,0,0,0,1.798,738.5653,2.06,1.81,17.98
West Virginia,WV,Marion,2025,FALSE,2,547597.277,1337.968,962.171,0,5337172.676,,,,100,0,0,0,0,0,1.3906,569.1268,-32.83,-32.58,-12.83
West Virginia,WV,Marion,2026,TRUE,2,426492.355,1003.996,784.22,0,4156826.321,,,,100,0,0,0,0,0,1.2802,543.8427,-22.12,-24.96,-18.49
West Virginia,WV,Marshall,2020,FALSE,5,4455597.221,813.875,2066.261,3954910.19,49799502.323,1.1266,0.000206,0.000522,93.71,6.17,0.12,0,0,0,0.3939,2156.3574,,,
West Virginia,WV,Marshall,2021,FALSE,5,5565111.283,1924.269,2505.625,5158222.41,61064836.475,1.07888,0.000373,0.000486,94.3,5.65,0.05,0,0,0,0.768,2221.0472,24.9,136.43,21.26
West Virginia,WV,Marshall,2022,FALSE,5,4367728.593,1751.347,2084.375,3838068.18,47774115.275,1.138,0.000456,0.000543,93.91,6.01,0.08,0,0,0,0.8402,2095.462,-21.52,-8.99,-16.81
West Virginia,WV,Marshall,2023,FALSE,5,4315856.396,1193.065,2102.263,3675810.67,48198480.676,1.17412,0.000325,0.000572,93.29,6.57,0.13,0,0,0,0.5675,2052.9574,-1.19,-31.88,0.86
West Virginia,WV,Marshall,2024,FALSE,5,5161261.415,1822.162,2491.387,4556242.84,57226195.177,1.13279,0.0004,0.000547,93.63,6.09,0.28,0,0,0,0.7314,2071.6418,19.59,52.73,18.51
West Virginia,WV,Marshall,2025,FALSE,5,4642302.815,817.389,2205.157,4338580.82,51338922.228,1.07,0.000188,0.000508,93.52,6.21,0.28,0,0,0,0.3707,2105.2029,-10.05,-55.14,-11.49
West Virginia,WV,Marshall,2026,TRUE,5,1986893.841,454.378,1040.011,1775662.44,22245016.442,1.11896,0.000256,0.000586,93.48,5.87,0.65,0,0,0,0.4369,1910.4546,-57.2,-44.41,-52.84
West Virginia,WV,Mason,2020,FALSE,3,5491899.428,2610.108,2456.259,5764660.08,53620440.307,0.95268,0.000453,0.000426,99.83,0,0.17,0,0,0,1.0626,2235.8796,,,
West Virginia,WV,Mason,2021,FALSE,3,7348932.999,3117.566,2907.025,7721795.74,71684682.282,0.95171,0.000404,0.000376,99.92,0,0.08,0,0,0,1.0724,2527.991,33.81,19.44,18.35
West Virginia,WV,Mason,2022,FALSE,3,5470203.01,2589.114,2776.606,5690938.48,53453739.165,0.96121,0.000455,0.000488,99.74,0,0.26,0,0,0,0.9325,1970.1042,-25.56,-16.95,-4.49
West Virginia,WV,Mason,2023,FALSE,3,5301427.96,2805.317,2640.776,5459659.98,51715848.211,0.97102,0.000514,0.000484,99.91,0,0.09,0,0,0,1.0623,2007.5266,-3.09,8.35,-4.89
West Virginia,WV,Mason,2024,FALSE,3,5057232.409,2164.786,3090.054,5191103.71,49354011.304,0.97421,0.000417,0.000595,99.87,0,0.13,0,0,0,0.7006,1636.6162,-4.61,-22.83,17.01
West Virginia,WV,Mason,2025,FALSE,3,7233631.147,3401.033,6583.79,7493637.31,70589571.532,0.9653,0.000454,0.000879,99.88,0,0.12,0,0,0,0.5166,1098.7032,43.04,57.11,113.06
West Virginia,WV,Mason,2026,TRUE,3,3739788.882,1715.037,3639.083,3903856.96,36488198.873,0.95797,0.000439,0.000932,99.9,0,0.1,0,0,0,0.4713,1027.6734,-48.3,-49.57,-44.73
West Virginia,WV,Monongalia,2020,FALSE,5,9932750.297,5230.971,8311.915,11054522.51,97555024.648,0.89852,0.000473,0.000752,100,0,0,0,0,0,0.6293,1195.0014,,,
West Virginia,WV,Monongalia,2021,FALSE,4,10546062.513,4776.467,8950.734,11860597.03,102877259.239,0.88917,0.000403,0.000755,99.91,0.09,0,0,0,0,0.5336,1178.2344,6.17,-8.69,7.69
West Virginia,WV,Monongalia,2022,FALSE,4,9605588.43,4586.173,7986.212,10490797.99,93668531.198,0.91562,0.000437,0.000761,99.95,0.05,0,0,0,0,0.5743,1202.7715,-8.92,-3.98,-10.78
West Virginia,WV,Monongalia,2023,FALSE,4,8301402.684,3972.22,6437.202,9182920.21,80912148.243,0.904,0.000433,0.000701,100,0,0,0,0,0,0.6171,1289.598,-13.58,-13.39,-19.4
West Virginia,WV,Monongalia,2024,FALSE,3,8445629.195,3717.915,6361.578,9464097.27,82316196.669,0.89239,0.000393,0.000672,100,0,0,0,0,0,0.5844,1327.5997,1.74,-6.4,-1.17
West Virginia,WV,Monongalia,2025,FALSE,3,10723065.26,4547.907,9976.303,11833954,104513313.945,0.90613,0.000384,0.000843,100,0,0,0,0,0,0.4559,1074.8536,26.97,22.32,56.82
West Virginia,WV,Monongalia,2026,TRUE,3,4582170.67,2159.818,3746.613,5107213.91,44660574.779,0.8972,0.000423,0.000734,100,0,0,0,0,0,0.5765,1223.0168,-57.27,-52.51,-62.44
West Virginia,WV,Pleasants,2020,FALSE,4,6261780.174,7651.217,5250.275,7117182.51,68220129.854,0.87981,0.001075,0.000738,74.95,25.05,0,0,0,0,1.4573,1192.6576,,,
West Virginia,WV,Pleasants,2021,FALSE,4,8936021.9,16298.507,6742.081,9609244.32,92564692.9,0.92994,0.001696,0.000702,85.93,14.07,0,0,0,0,2.4174,1325.41,42.71,113.02,28.41
West Virginia,WV,Pleasants,2022,FALSE,4,9018669.807,12754.745,6692.097,9808570.27,91894092.595,0.91947,0.0013,0.000682,89.59,10.41,0,0,0,0,1.9059,1347.6598,0.92,-21.74,-0.74
West Virginia,WV,Pleasants,2023,FALSE,4,6374740.231,6994.405,4885.828,7360241.1,71807117.118,0.8661,0.00095,0.000664,67.97,32.03,0,0,0,0,1.4316,1304.741,-29.32,-45.16,-26.99
West Virginia,WV,Pleasants,2024,FALSE,4,2609801.906,2888.565,1150.929,3438574.08,35213100.892,0.75898,0.00084,0.000335,34.01,65.99,0,0,0,0,2.5098,2267.5612,-59.06,-58.7,-76.44
West Virginia,WV,Pleasants,2025,FALSE,4,1711330.422,2651.846,1011.716,2136585.39,23539787.418,0.80097,0.001241,0.000474,30.74,69.26,0,0,0,0,2.6211,1691.5127,-34.43,-8.2,-12.1
West Virginia,WV,Pleasants,2026,TRUE,4,1767344.208,5425.419,1630.786,1749247.57,20361208.398,1.01035,0.003102,0.000932,63.39,36.61,0,0,0,0,3.3269,1083.7377,3.27,104.59,61.19
West Virginia,WV,Putnam,2020,FALSE,5,11181736.999,4239.799,4862.425,11392869.73,109028027.615,0.98147,0.000372,0.000427,99.96,0,0.04,0,0,0,0.872,2299.6215,,,
West Virginia,WV,Putnam,2021,FALSE,5,12593909.605,6260.272,5278.919,13006187.57,122752259.516,0.9683,0.000481,0.000406,100,0,0,0,0,0,1.1859,2385.6986,12.63,47.65,8.57
West Virginia,WV,Putnam,2022,FALSE,4,8077842.156,5312.313,3507.325,8008811.46,78748564.277,1.00862,0.000663,0.000438,99.98,0,0.02,0,0,0,1.5146,2303.1348,-35.86,-15.14,-33.56
West Virginia,WV,Putnam,2023,FALSE,5,9557749.621,4536.782,4480.692,9188631.9,93206510.141,1.04017,0.000494,0.000488,99.95,0,0.05,0,0,0,1.0125,2133.0968,18.32,-14.6,27.75
West Virginia,WV,Putnam,2024,FALSE,5,10479851.765,4333.05,5752.62,10549696.3,102152981.33,0.99338,0.000411,0.000545,99.99,0,0.01,0,0,0,0.7532,1821.7528,9.65,-4.49,28.39
West Virginia,WV,Putnam,2025,FALSE,5,9584854.839,4655.395,4582.155,9783848.21,93532776.921,0.97966,0.000476,0.000468,99.88,0,0.12,0,0,0,1.016,2091.7788,-8.54,7.44,-20.35
West Virginia,WV,Putnam,2026,TRUE,5,3885617.129,4306.248,2066.974,3943999.34,37983326.388,0.9852,0.001092,0.000524,99.71,0,0.29,0,0,0,2.0834,1879.8578,-59.46,-7.5,-54.89
West Virginia,WV,Wayne,2020,FALSE,18,238461.9,1.264,349.223,348777.56,4040732.3,0.68371,0.000004,0.001001,0,100,0,0,0,0,0.0036,682.8356,,,
West Virginia,WV,Wayne,2021,FALSE,18,430823.8,2.215,479.373,609726.05,7302616.9,0.70659,0.000004,0.000786,0,100,0,0,0,0,0.0046,898.7235,80.67,75.24,37.27
West Virginia,WV,Wayne,2022,FALSE,18,451623,2.377,368.254,645850.69,7654921.3,0.69927,0.000004,0.00057,0,100,0,0,0,0,0.0065,1226.3899,4.83,7.31,-23.18
West Virginia,WV,Wayne,2023,FALSE,18,557190.309,2.868,428.631,785754.66,9420088.62,0.70911,0.000004,0.000546,0,100,0,0,0,0,0.0067,1299.93,23.38,20.66,16.4
West Virginia,WV,Wayne,2024,FALSE,18,539089.4,2.748,477.682,768734.57,9115099.104,0.70127,0.000004,0.000621,0,100,0,0,0,0,0.0058,1128.5529,-3.25,-4.18,11.44
West Virginia,WV,Wayne,2025,FALSE,18,714967.03,3.633,655.227,1026009.35,12092180.465,0.69684,0.000004,0.000639,0,100,0,0,0,0,0.0055,1091.1746,32.62,32.21,37.17
West Virginia,WV,Wayne,2026,TRUE,18,387212.679,1.955,377.409,575546.74,6551995.325,0.67277,0.000003,0.000656,0,100,0,0,0,0,0.0052,1025.9763,-45.84,-46.19,-42.4
Wisconsin,WI,Ashland,2020,FALSE,2,300886.493,128.843,318.773,178011.76,2891669.764,1.69026,0.000724,0.001791,0,0,0,100,0,0,0.4042,943.8895,,,
Wisconsin,WI,Ashland,2021,FALSE,2,318913.179,76.206,319.337,193464.4,3059517.149,1.64843,0.000394,0.001651,0,0,0,100,0,0,0.2386,998.6728,5.99,-40.85,0.18
Wisconsin,WI,Ashland,2022,FALSE,2,302080.964,63.04,282.266,183195.75,2897910.109,1.64895,0.000344,0.001541,0,0,0,100,0,0,0.2233,1070.1996,-5.28,-17.28,-11.61
Wisconsin,WI,Ashland,2023,FALSE,2,292938.164,54.057,243.538,159921.97,2809998.216,1.83176,0.000338,0.001523,0,0,0,100,0,0,0.222,1202.8438,-3.03,-14.25,-13.72
Wisconsin,WI,Ashland,2024,FALSE,2,294500.924,59.446,253.374,164824.57,2825270.067,1.78675,0.000361,0.001537,0,0,0,100,0,0,0.2346,1162.3171,0.53,9.97,4.04
Wisconsin,WI,Ashland,2025,FALSE,2,302544.06,59.196,273.778,182063.24,2901785.067,1.66175,0.000325,0.001504,0,0,0,100,0,0,0.2162,1105.0708,2.73,-0.42,8.05
Wisconsin,WI,Ashland,2026,TRUE,2,138706.655,29.133,129.121,82595.86,1330294.53,1.67934,0.000353,0.001563,0,0,0,100,0,0,0.2256,1074.2378,-54.15,-50.79,-52.84
Wisconsin,WI,Brown,2020,FALSE,2,124176.183,0.629,66.238,184719.27,2089459.756,0.67224,0.000003,0.000359,0,100,0,0,0,0,0.0095,1874.697,,,
Wisconsin,WI,Brown,2021,FALSE,2,186872.069,1.767,105.795,269216.9,3128782.396,0.69413,0.000007,0.000393,0,100,0,0,0,0,0.0167,1766.3601,50.49,180.92,59.72
Wisconsin,WI,Brown,2022,FALSE,2,201761.797,1.033,100.017,297052.74,3394456.016,0.67921,0.000003,0.000337,0,100,0,0,0,0,0.0103,2017.275,7.97,-41.54,-5.46
Wisconsin,WI,Brown,2023,FALSE,2,174958.71,0.913,87.677,257145,2942620.677,0.68039,0.000004,0.000341,0,100,0,0,0,0,0.0104,1995.4915,-13.28,-11.62,-12.34
Wisconsin,WI,Brown,2024,FALSE,2,135947.089,0.79,78.141,201455.07,2281376.441,0.67483,0.000004,0.000388,0,100,0,0,0,0,0.0101,1739.7664,-22.3,-13.47,-10.88
Wisconsin,WI,Brown,2025,FALSE,2,204241.519,1.21,108.144,300079.22,3424682.574,0.68063,0.000004,0.00036,0,100,0,0,0,0,0.0112,1888.607,50.24,53.16,38.4
Wisconsin,WI,Brown,2026,TRUE,2,25199.478,0.415,15.797,31655.62,388648.749,0.79605,0.000013,0.000499,0,100,0,0,0,0,0.0263,1595.2066,-87.66,-65.7,-85.39
Wisconsin,WI,Buffalo,2020,FALSE,1,1846887.813,709.091,660.567,1566270.37,17609570.054,1.17916,0.000453,0.000422,100,0,0,0,0,0,1.0735,2795.9129,,,
Wisconsin,WI,Buffalo,2021,FALSE,1,2145226.629,849.047,762.657,1879222.55,20454087.517,1.14155,0.000452,0.000406,100,0,0,0,0,0,1.1133,2812.8328,16.15,19.74,15.45
Wisconsin,WI,Buffalo,2022,FALSE,1,2480711.925,981.684,879.315,2290637.75,23652852.535,1.08298,0.000429,0.000384,100,0,0,0,0,0,1.1164,2821.1869,15.64,15.62,15.3
Wisconsin,WI,Buffalo,2023,FALSE,1,1695122.342,651.925,617.575,1378716.86,16162517.869,1.22949,0.000473,0.000448,100,0,0,0,0,0,1.0556,2744.804,-31.67,-33.59,-29.77
Wisconsin,WI,Buffalo,2024,FALSE,1,1386041.426,531.461,515.903,1015834.91,13215491.523,1.36444,0.000523,0.000508,100,0,0,0,0,0,1.0302,2686.6318,-18.23,-18.48,-16.46
Wisconsin,WI,Buffalo,2025,FALSE,1,1818889.938,703.823,660.359,1411401.54,17342581.634,1.28871,0.000499,0.000468,100,0,0,0,0,0,1.0658,2754.3956,31.23,32.43,28
Wisconsin,WI,Buffalo,2026,TRUE,1,508207.842,197.881,180.514,394442.59,4845615.271,1.28842,0.000502,0.000458,100,0,0,0,0,0,1.0962,2815.3375,-72.06,-71.88,-72.66
Wisconsin,WI,Chippewa,2020,FALSE,7,3737.1,1.633,83.93,41527.94,582588,0.08999,0.000039,0.002021,0,99.13,0.87,0,0,0,0.0195,44.5264,,,
Wisconsin,WI,Chippewa,2021,FALSE,7,48296.4,23.859,360.214,201646.81,2741673.7,0.23951,0.000118,0.001786,0,99.58,0.42,0,0,0,0.0662,134.077,1192.35,1361.05,329.18
Wisconsin,WI,Chippewa,2022,FALSE,7,28371.4,10.911,210.988,118211.57,1625387.136,0.24001,0.000092,0.001785,0,99.18,0.82,0,0,0,0.0517,134.4693,-41.26,-54.27,-41.43
Wisconsin,WI,Chippewa,2023,FALSE,7,26545.8,1.504,75.024,68882.24,955072.661,0.38538,0.000022,0.001089,0,99.49,0.51,0,0,0,0.02,353.8308,-6.43,-86.22,-64.44
Wisconsin,WI,Chippewa,2024,FALSE,6,19284.3,0.196,50.113,47740.57,638509.791,0.40394,0.000004,0.00105,0,100,0,0,0,0,0.0039,384.8163,-27.35,-86.97,-33.2
Wisconsin,WI,Chippewa,2025,FALSE,6,57809.1,0.342,45.803,95676.66,1118350.979,0.60421,0.000004,0.000479,0,100,0,0,0,0,0.0075,1262.1248,199.77,74.49,-8.6
Wisconsin,WI,Chippewa,2026,TRUE,3,98284.263,0.531,49.732,80421.08,1522722.246,1.22212,0.000007,0.000618,0,100,0,0,0,0,0.0107,1976.2781,70.02,55.26,8.58
Wisconsin,WI,Columbia,2020,FALSE,2,6212741.745,1662.452,2764.243,5643646.21,59242619.219,1.10084,0.000295,0.00049,100,0,0,0,0,0,0.6014,2247.5382,,,
Wisconsin,WI,Columbia,2021,FALSE,2,6997970.376,1880.183,3021.101,6409449.25,66731055.04,1.09182,0.000293,0.000471,100,0,0,0,0,0,0.6224,2316.3643,12.64,13.1,9.29
Wisconsin,WI,Columbia,2022,FALSE,2,4868703.948,1341.463,2147.672,4439650.82,46427039.813,1.09664,0.000302,0.000484,100,0,0,0,0,0,0.6246,2266.9681,-30.43,-28.65,-28.91
Wisconsin,WI,Columbia,2023,FALSE,2,5067154.754,1416.869,2178.218,4640315.81,48322437.236,1.09198,0.000305,0.000469,100,0,0,0,0,0,0.6505,2326.2845,4.08,5.62,1.42
Wisconsin,WI,Columbia,2024,FALSE,2,5767824.557,1572.025,2449.805,5250407.97,55001627.095,1.09855,0.000299,0.000467,100,0,0,0,0,0,0.6417,2354.4015,13.83,10.95,12.47
Wisconsin,WI,Columbia,2025,FALSE,2,7142119.811,1909.402,3323.437,6500042.88,68106925.051,1.09878,0.000294,0.000511,100,0,0,0,0,0,0.5745,2149.0162,23.83,21.46,35.66
Wisconsin,WI,Columbia,2026,TRUE,2,2732604.065,659.531,963.583,2502350.15,26061413.832,1.09202,0.000264,0.000385,100,0,0,0,0,0,0.6845,2835.8782,-61.74,-65.46,-71.01
Wisconsin,WI,Dane,2020,FALSE,9,600412.906,2.864,188.564,915689.38,10099546.669,0.65569,0.000003,0.000206,0,100,0,0,0,0,0.0152,3184.1333,,,
Wisconsin,WI,Dane,2021,FALSE,8,698327.255,3.554,214.103,1112824.86,11733255.285,0.62753,0.000003,0.000192,0,100,0,0,0,0,0.0166,3261.6416,16.31,24.09,13.54
Wisconsin,WI,Dane,2022,FALSE,9,691594.863,4.06,184.511,1073631.46,11637879.553,0.64416,0.000004,0.000172,0,100,0,0,0,0,0.022,3748.2582,-0.96,14.24,-13.82
Wisconsin,WI,Dane,2023,FALSE,9,631121.399,4.031,166.815,988823.2,10623973.224,0.63826,0.000004,0.000169,0,100,0,0,0,0,0.0242,3783.3612,-8.74,-0.71,-9.59
Wisconsin,WI,Dane,2024,FALSE,9,516001.401,3.19,219.449,793724.39,8689240.682,0.6501,0.000004,0.000276,0,100,0,0,0,0,0.0145,2351.35,-18.24,-20.86,31.55
Wisconsin,WI,Dane,2025,FALSE,9,634284.931,4.237,247.436,931594.93,10660397.736,0.68086,0.000005,0.000266,0,100,0,0,0,0,0.0171,2563.4303,22.92,32.82,12.75
Wisconsin,WI,Dane,2026,TRUE,9,267804.348,1.457,101.554,382102.39,4451705.701,0.70087,0.000004,0.000266,0,100,0,0,0,0,0.0143,2637.0635,-57.78,-65.61,-58.96
Wisconsin,WI,Fond du Lac,2020,FALSE,4,27342.738,0.158,14.948,26975.99,459570.29,1.0136,0.000006,0.000554,0,100,0,0,0,0,0.0106,1829.1904,,,
Wisconsin,WI,Fond du Lac,2021,FALSE,4,72653.035,3.409,52.976,60346.3,1141851.286,1.20394,0.000056,0.000878,0,100,0,0,0,0,0.0643,1371.433,165.71,2057.59,254.4
Wisconsin,WI,Fond du Lac,2022,FALSE,4,73420.413,2.223,48.542,72099.73,1186305.126,1.01832,0.000031,0.000673,0,100,0,0,0,0,0.0458,1512.5131,1.06,-34.79,-8.37
Wisconsin,WI,Fond du Lac,2023,FALSE,4,22891.143,0.116,12.988,24238.41,384723.113,0.94442,0.000005,0.000536,0,100,0,0,0,0,0.0089,1762.4841,-68.82,-94.78,-73.24
Wisconsin,WI,Fond du Lac,2024,FALSE,4,12337.608,0.067,7.672,11712.54,203521.122,1.05337,0.000006,0.000655,0,100,0,0,0,0,0.0087,1608.1345,-46.1,-42.24,-40.93
Wisconsin,WI,Fond du Lac,2025,FALSE,4,43202.645,0.22,24.099,41737.97,725657.861,1.03509,0.000005,0.000577,0,100,0,0,0,0,0.0091,1792.7153,250.17,228.36,214.12
Wisconsin,WI,Fond du Lac,2026,TRUE,4,30024.671,0.242,33.033,15894.16,409007.108,1.88904,0.000015,0.002078,0,100,0,0,0,0,0.0073,908.9296,-30.5,10,37.07
Wisconsin,WI,Jefferson,2020,FALSE,5,502206.032,2.535,106.398,981595.98,8448087.926,0.51162,0.000003,0.000108,0,100,0,0,0,0,0.0238,4720.0702,,,
Wisconsin,WI,Jefferson,2021,FALSE,5,550352.543,2.808,143.048,1047404.35,9206371.516,0.52544,0.000003,0.000137,0,100,0,0,0,0,0.0196,3847.3278,9.59,10.77,34.45
Wisconsin,WI,Jefferson,2022,FALSE,5,622901.215,3.146,165.713,1193496.91,10475129.255,0.52191,0.000003,0.000139,0,100,0,0,0,0,0.019,3758.9158,13.18,12.04,15.84
Wisconsin,WI,Jefferson,2023,FALSE,5,410551.098,2.073,108.124,793919.43,6904285.363,0.51712,0.000003,0.000136,0,100,0,0,0,0,0.0192,3797.0395,-34.09,-34.11,-34.75
Wisconsin,WI,Jefferson,2024,FALSE,5,492231.369,2.486,141.857,939318.92,8281212.605,0.52403,0.000003,0.000151,0,100,0,0,0,0,0.0175,3469.9124,19.9,19.92,31.2
Wisconsin,WI,Jefferson,2025,FALSE,5,504683.341,2.556,160.466,942106.07,8480673.54,0.5357,0.000003,0.00017,0,100,0,0,0,0,0.0159,3145.1107,2.53,2.82,13.12
Wisconsin,WI,Jefferson,2026,TRUE,5,73911.543,0.398,41.791,113609.34,1164686.115,0.65058,0.000004,0.000368,0,100,0,0,0,0,0.0095,1768.5995,-85.35,-84.43,-73.96
Wisconsin,WI,Kenosha,2020,FALSE,4,53989.864,0.274,36.941,66315.57,907399.468,0.81414,0.000004,0.000557,0,100,0,0,0,0,0.0074,1461.516,,,
Wisconsin,WI,Kenosha,2021,FALSE,4,125339.551,0.653,88.767,149816.7,2074006.606,0.83662,0.000004,0.000593,0,100,0,0,0,0,0.0074,1412.0062,132.15,138.32,140.29
Wisconsin,WI,Kenosha,2022,FALSE,4,200461.154,1.019,137.372,256270.09,3350135.733,0.78223,0.000004,0.000536,0,100,0,0,0,0,0.0074,1459.2577,59.93,56.05,54.76
Wisconsin,WI,Kenosha,2023,FALSE,4,128705.871,0.649,86.445,163683.32,2164984.719,0.78631,0.000004,0.000528,0,100,0,0,0,0,0.0075,1488.8758,-35.8,-36.31,-37.07
Wisconsin,WI,Kenosha,2024,FALSE,4,180215.157,0.91,120.595,230661.27,3032075.39,0.7813,0.000004,0.000523,0,100,0,0,0,0,0.0075,1494.3833,40.02,40.22,39.5
Wisconsin,WI,Kenosha,2025,FALSE,4,173826.007,0.88,115.156,218066.35,2919397.365,0.79712,0.000004,0.000528,0,100,0,0,0,0,0.0076,1509.4828,-3.55,-3.3,-4.51
Wisconsin,WI,Kenosha,2026,TRUE,4,41328.338,0.241,37.97,45381.95,618759.177,0.91068,0.000005,0.000837,0,100,0,0,0,0,0.0063,1088.4471,-76.22,-72.61,-67.03
Wisconsin,WI,La Crosse,2020,FALSE,2,0,2.215,5.315,537.62,8858.4,0,0.00412,0.009886,0,0,100,0,0,0,0.4167,0,,,
Wisconsin,WI,La Crosse,2021,FALSE,2,0,18.599,44.633,5149.57,74389.3,0,0.003612,0.008667,0,0,100,0,0,0,0.4167,0,,739.68,739.76
Wisconsin,WI,La Crosse,2022,FALSE,2,0,3.746,8.991,905.72,14984,0,0.004136,0.009927,0,0,100,0,0,0,0.4166,0,,-79.86,-79.86
Wisconsin,WI,La Crosse,2023,FALSE,2,0,0.173,0.415,144.78,691.9,0,0.001195,0.002866,0,0,100,0,0,0,0.4169,0,,-95.38,-95.38
Wisconsin,WI,La Crosse,2024,FALSE,2,0,10.712,25.708,2912.65,42843.2,0,0.003678,0.008826,0,0,100,0,0,0,0.4167,0,,6091.91,6094.7
Wisconsin,WI,La Crosse,2025,FALSE,1,0,1.06,2.543,156.3,4238,0,0.006782,0.01627,0,0,100,0,0,0,0.4168,0,,-90.1,-90.11
Wisconsin,WI,La Crosse,2026,TRUE,2,0,5.441,38.359,7315.51,107749.1,0,0.000744,0.005244,0,0,100,0,0,0,0.1418,0,,413.3,1408.42
Wisconsin,WI,Manitowoc,2020,FALSE,2,205666.367,239.827,71.177,0,1973959.089,,,,0,0,0,0,100,0,3.3694,2889.506,,,
Wisconsin,WI,Manitowoc,2021,FALSE,2,324384.087,360.321,141.236,0,3132359.943,,,,0,0,0,0,100,0,2.5512,2296.7522,57.72,50.24,98.43
Wisconsin,WI,Manitowoc,2022,FALSE,2,392497.082,311.867,137.72,0,3786997.699,,,,0,0,0,0,100,0,2.2645,2849.9643,21,-13.45,-2.49
Wisconsin,WI,Manitowoc,2023,FALSE,2,238065.304,104.848,106.77,0,2309457.698,,,,0,0,0,0,100,0,0.982,2229.7022,-39.35,-66.38,-22.47
Wisconsin,WI,Manitowoc,2024,FALSE,2,155327.756,10.387,94.905,0,1526089.07,,,,0,0,0,0,100,0,0.1094,1636.6657,-34.75,-90.09,-11.11
Wisconsin,WI,Manitowoc,2025,FALSE,2,221678.686,49.84,117.378,0,2167036.796,,,,0,0,0,0,100,0,0.4246,1888.588,42.72,379.83,23.68
Wisconsin,WI,Manitowoc,2026,TRUE,2,117330.627,46.287,60.566,0,1256818.442,,,,0,0,0,0,100,0,0.7642,1937.2359,-47.07,-7.13,-48.4
Wisconsin,WI,Marathon,2020,FALSE,6,4362979.794,589.513,1184.972,4569615.99,41680072.405,0.95478,0.000129,0.000259,92.19,0.04,0,7.78,0,0,0.4975,3681.9265,,,
Wisconsin,WI,Marathon,2021,FALSE,6,5045405.977,716.07,1412.461,5264167.27,48277559.672,0.95844,0.000136,0.000268,90.79,0.4,0,8.8,0,0,0.507,3572.0675,15.64,21.47,19.2
Wisconsin,WI,Marathon,2022,FALSE,5,4719864.109,679.237,1370.893,4869933.33,45139678.915,0.96918,0.000139,0.000282,88.46,0.18,0,11.36,0,0,0.4955,3442.9121,-6.45,-5.14,-2.94
Wisconsin,WI,Marathon,2023,FALSE,4,3740126.657,529.967,1093.394,3804524.77,35729651.376,0.98307,0.000139,0.000287,87.16,0.01,0,12.82,0,0,0.4847,3420.6577,-20.76,-21.98,-20.24
Wisconsin,WI,Marathon,2024,FALSE,3,4351940.037,598.039,1296.877,4421551,41566714.365,0.98426,0.000135,0.000293,88.73,0,0,11.27,0,0,0.4611,3355.7076,16.36,12.84,18.61
Wisconsin,WI,Marathon,2025,FALSE,3,5146553.635,805.031,1526.845,5374337.76,49147756.77,0.95762,0.00015,0.000284,90.83,0,0,9.17,0,0,0.5273,3370.7113,18.26,34.61,17.73
Wisconsin,WI,Marathon,2026,TRUE,3,1689471.771,248.295,534.475,1691998.46,16150201.587,0.99851,0.000147,0.000316,85.83,0,0,14.17,0,0,0.4646,3160.9931,-67.17,-69.16,-64.99
Wisconsin,WI,Marinette,2020,FALSE,6,86512.441,0.442,56.476,111123.21,1464473.521,0.77853,0.000004,0.000508,0,100,0,0,0,0,0.0078,1531.8443,,,
Wisconsin,WI,Marinette,2021,FALSE,6,99723.828,0.505,117.069,123521.67,1683538.839,0.80734,0.000004,0.000948,0,100,0,0,0,0,0.0043,851.838,15.27,14.25,107.29
Wisconsin,WI,Marinette,2022,FALSE,6,195819.14,0.997,221.365,249670.13,3306681.456,0.78431,0.000004,0.000887,0,100,0,0,0,0,0.0045,884.5985,96.36,97.43,89.09
Wisconsin,WI,Marinette,2023,FALSE,6,149720.984,0.758,174.351,189363.55,2527523.576,0.79065,0.000004,0.000921,0,100,0,0,0,0,0.0043,858.7332,-23.54,-23.97,-21.24
Wisconsin,WI,Marinette,2024,FALSE,4,60828.845,0.307,46.261,78067.74,1027900.398,0.77918,0.000004,0.000593,0,100,0,0,0,0,0.0066,1314.9055,-59.37,-59.5,-73.47
Wisconsin,WI,Marinette,2025,FALSE,6,141724.853,0.719,133.266,180858.87,2393432.021,0.78362,0.000004,0.000737,0,100,0,0,0,0,0.0054,1063.4735,132.99,134.2,188.07
Wisconsin,WI,Marinette,2026,TRUE,6,26690.596,0.133,24.498,33387.6,451015.163,0.79942,0.000004,0.000734,0,100,0,0,0,0,0.0054,1089.501,-81.17,-81.5,-81.62
Wisconsin,WI,Milwaukee,2020,FALSE,10,11779163.472,586.474,3635.078,11576643.31,115912869.821,1.01749,0.000051,0.000314,92.93,7.07,0,0,0,0,0.1613,3240.4156,,,
Wisconsin,WI,Milwaukee,2021,FALSE,10,13429344.458,835.309,4270.226,13111993.36,131307199.002,1.0242,0.000064,0.000326,94.36,5.64,0,0,0,0,0.1956,3144.8791,14.01,42.43,17.47
Wisconsin,WI,Milwaukee,2022,FALSE,10,10496967.22,545.684,3386.732,10148954.46,103886941.836,1.03429,0.000054,0.000334,91.74,8.26,0,0,0,0,0.1611,3099.4384,-21.84,-34.67,-20.69
Wisconsin,WI,Milwaukee,2023,FALSE,10,11235527.09,425.173,3544.365,11086580.67,110552335.298,1.01343,0.000038,0.00032,92.99,7.01,0,0,0,0,0.12,3169.969,7.04,-22.08,4.65
Wisconsin,WI,Milwaukee,2024,FALSE,10,10159853.846,577.643,3220.095,10530960.53,100481640.443,0.96476,0.000055,0.000306,91.92,8.08,0,0,0,0,0.1794,3155.141,-9.57,35.86,-9.15
Wisconsin,WI,Milwaukee,2025,FALSE,8,10194936.561,582.087,3162.092,10293605.67,101082938.086,0.99041,0.000057,0.000307,91.74,8.26,0,0,0,0,0.1841,3224.1113,0.35,0.77,-1.8
Wisconsin,WI,Milwaukee,2026,TRUE,8,5051742.132,234.039,1507.12,5108448.91,49864047.812,0.9889,0.000046,0.000295,92.31,7.69,0,0,0,0,0.1553,3351.9177,-50.45,-59.79,-52.34
Wisconsin,WI,Outagamie,2020,FALSE,5,1950434.833,9.841,140.26,5081196.23,32819709.275,0.38385,0.000002,0.000028,0,100,0,0,0,0,0.0702,13905.8522,,,
Wisconsin,WI,Outagamie,2021,FALSE,5,1952465.585,9.853,146.809,4628513.44,32853946.618,0.42183,0.000002,0.000032,0,100,0,0,0,0,0.0671,13299.3589,0.1,0.12,4.67
Wisconsin,WI,Outagamie,2022,FALSE,5,1953668.093,9.872,149.122,4662567.19,32871141.682,0.41901,0.000002,0.000032,0,100,0,0,0,0,0.0662,13101.1393,0.06,0.19,1.58
Wisconsin,WI,Outagamie,2023,FALSE,5,2012902.836,10.163,155.595,4785591.25,33871138.16,0.42062,0.000002,0.000033,0,100,0,0,0,0,0.0653,12936.8093,3.03,2.95,4.34
Wisconsin,WI,Outagamie,2024,FALSE,5,2005875.429,10.128,147.087,4853524.5,33752694.578,0.41328,0.000002,0.00003,0,100,0,0,0,0,0.0689,13637.34,-0.35,-0.34,-5.47
Wisconsin,WI,Outagamie,2025,FALSE,5,1661907.809,8.39,129.732,3980577.05,27965013.941,0.4175,0.000002,0.000033,0,100,0,0,0,0,0.0647,12810.3152,-17.15,-17.16,-11.8
Wisconsin,WI,Outagamie,2026,TRUE,5,858863.269,4.335,64.718,2069586.54,14451996.183,0.41499,0.000002,0.000031,0,100,0,0,0,0,0.067,13270.8562,-48.32,-48.33,-50.11
Wisconsin,WI,Ozaukee,2020,FALSE,4,3422935.237,17.28,288.392,8498354.12,57597461.083,0.40278,0.000002,0.000034,0,100,0,0,0,0,0.0599,11869.0367,,,
Wisconsin,WI,Ozaukee,2021,FALSE,4,2909610.659,14.689,243.904,7194307.11,48959594.298,0.40443,0.000002,0.000034,0,100,0,0,0,0,0.0602,11929.3274,-15,-14.99,-15.43
Wisconsin,WI,Ozaukee,2022,FALSE,4,3142119.871,15.862,274.779,7864845.17,52872156.124,0.39951,0.000002,0.000035,0,100,0,0,0,0,0.0577,11435.0801,7.99,7.99,12.66
Wisconsin,WI,Ozaukee,2023,FALSE,4,3472198.743,17.529,285.074,8655864.38,58426488.737,0.40114,0.000002,0.000033,0,100,0,0,0,0,0.0615,12179.991,10.5,10.51,3.75
Wisconsin,WI,Ozaukee,2024,FALSE,4,3101334.694,15.657,281.036,7712364.84,52185878.02,0.40212,0.000002,0.000036,0,100,0,0,0,0,0.0557,11035.3645,-10.68,-10.68,-1.42
Wisconsin,WI,Ozaukee,2025,FALSE,4,2973333.149,15.01,267.853,7425435.01,50031976.703,0.40043,0.000002,0.000036,0,100,0,0,0,0,0.056,11100.6154,-4.13,-4.13,-4.69
Wisconsin,WI,Ozaukee,2026,TRUE,4,1096526.073,5.535,104.312,2727258.2,18451129.928,0.40206,0.000002,0.000038,0,100,0,0,0,0,0.0531,10511.984,-63.12,-63.12,-61.06
Wisconsin,WI,Rock,2020,FALSE,10,1786707.467,9.044,94.92,4352134.76,30069077.938,0.41054,0.000002,0.000022,0,100,0,0,0,0,0.0953,18823.2982,,,
Wisconsin,WI,Rock,2021,FALSE,4,2128237.775,10.743,128.131,5307073.43,35811598.427,0.40102,0.000002,0.000024,0,100,0,0,0,0,0.0838,16609.8585,19.12,18.79,34.99
Wisconsin,WI,Rock,2022,FALSE,4,2394434.893,12.088,137.797,5989607.04,40290899.83,0.39976,0.000002,0.000023,0,100,0,0,0,0,0.0877,17376.5386,12.51,12.52,7.54
Wisconsin,WI,Rock,2023,FALSE,4,3150745.481,15.906,155.507,7978245.85,53017210.994,0.39492,0.000002,0.000019,0,100,0,0,0,0,0.1023,20261.1167,31.59,31.59,12.85
Wisconsin,WI,Rock,2024,FALSE,4,3367680.768,17.002,165.342,8495100.67,56667623.04,0.39643,0.000002,0.000019,0,100,0,0,0,0,0.1028,20367.9692,6.89,6.89,6.32
Wisconsin,WI,Rock,2025,FALSE,4,3127477.852,15.789,167.575,7817170.51,52625876.851,0.40008,0.000002,0.000021,0,100,0,0,0,0,0.0942,18663.1529,-7.13,-7.13,1.35
Wisconsin,WI,Rock,2026,TRUE,4,1451454.867,7.327,81.514,3590677.75,24423483.55,0.40423,0.000002,0.000023,0,100,0,0,0,0,0.0899,17806.2034,-53.59,-53.59,-51.36
Wisconsin,WI,Sheboygan,2020,FALSE,3,1677340.951,296.388,333.821,1774376.32,18761286.281,0.94531,0.000167,0.000188,65.95,34.05,0,0,0,0,0.8879,5024.6718,,,
Wisconsin,WI,Sheboygan,2021,FALSE,3,2930002.006,643.901,722.321,2830799.52,29701352.077,1.03504,0.000227,0.000255,86.29,13.71,0,0,0,0,0.8914,4056.3711,74.68,117.25,116.38
Wisconsin,WI,Sheboygan,2022,FALSE,3,2522813.83,555.589,647.372,2469601.81,25969681.383,1.02155,0.000225,0.000262,82.98,17.02,0,0,0,0,0.8582,3897.0079,-13.9,-13.72,-10.38
Wisconsin,WI,Sheboygan,2023,FALSE,3,2654843.184,392.556,630.318,2630536.14,27986900.048,1.00924,0.000149,0.00024,77.95,22.05,0,0,0,0,0.6228,4211.9108,5.23,-29.34,-2.63
Wisconsin,WI,Sheboygan,2024,FALSE,3,2934211.901,385.719,647.926,2895291.05,31165540.669,1.01344,0.000133,0.000224,76.39,23.61,0,0,0,0,0.5953,4528.6219,10.52,-1.74,2.79
Wisconsin,WI,Sheboygan,2025,FALSE,3,2640076.362,547.494,589.784,2598909.38,27438177.245,1.01584,0.000211,0.000227,80.95,19.05,0,0,0,0,0.9283,4476.3445,-10.02,41.94,-8.97
Wisconsin,WI,Sheboygan,2026,TRUE,3,1097544.52,169.231,228.15,1135024.27,11689717.385,0.96698,0.000149,0.000201,75.82,24.18,0,0,0,0,0.7418,4810.6269,-58.43,-69.09,-61.32
Wisconsin,WI,Vernon,2020,FALSE,1,1105690.912,247.375,604.63,1006183.06,10542454.298,1.0989,0.000246,0.000601,100,0,0,0,0,0,0.4091,1828.7067,,,
Wisconsin,WI,Vernon,2021,FALSE,1,466839.599,131.777,276.009,436231.91,4451182.138,1.07016,0.000302,0.000633,100,0,0,0,0,0,0.4774,1691.3927,-57.78,-46.73,-54.35
Wisconsin,WI,Washington,2020,FALSE,9,11944.483,1.267,25.494,11036.39,182282.465,1.08228,0.000115,0.00231,0,79.4,20.6,0,0,0,0.0497,468.5213,,,
Wisconsin,WI,Washington,2021,FALSE,9,34901.265,6.594,157.731,17768.23,488929.561,1.96425,0.000371,0.008877,0,47.73,52.27,0,0,0,0.0418,221.2708,192.2,420.44,518.7
Wisconsin,WI,Washington,2022,FALSE,9,26502.71,2.623,64.803,24296.38,409523.213,1.09081,0.000108,0.002667,0,75.5,24.5,0,0,0,0.0405,408.9735,-24.06,-60.22,-58.92
Wisconsin,WI,Washington,2023,FALSE,9,15021.339,1.359,33.681,14421.52,234003.012,1.04159,0.000094,0.002335,0,77.91,22.09,0,0,0,0.0403,445.9885,-43.32,-48.19,-48.03
Wisconsin,WI,Washington,2024,FALSE,9,25579.338,1.122,29.648,30098.76,415322.684,0.84985,0.000037,0.000985,0,90.37,9.63,0,0,0,0.0378,862.7677,70.29,-17.44,-11.97
Wisconsin,WI,Washington,2025,FALSE,9,32876.044,2.894,70.896,31808.77,513256.405,1.03355,0.000091,0.002229,0,78.59,21.41,0,0,0,0.0408,463.7221,28.53,157.93,139.13
Wisconsin,WI,Washington,2026,TRUE,9,22601.573,5.537,133.765,5615.16,290253.188,4.0251,0.000986,0.023822,0,24.81,75.19,0,0,0,0.0414,168.9648,-31.25,91.33,88.68
Wisconsin,WI,Winnebago,2020,FALSE,2,274772.3,1.395,128.738,413908.7,4657196.2,0.66385,0.000003,0.000311,0,100,0,0,0,0,0.0108,2134.3527,,,
Wisconsin,WI,Winnebago,2021,FALSE,2,309690.6,1.568,156.777,462582.68,5249117.1,0.66948,0.000003,0.000339,0,100,0,0,0,0,0.01,1975.3574,12.71,12.4,21.78
Wisconsin,WI,Winnebago,2022,FALSE,2,334261.6,1.694,136.963,500934.38,5665507.8,0.66728,0.000003,0.000273,0,100,0,0,0,0,0.0124,2440.5248,7.93,8.04,-12.64
Wisconsin,WI,Winnebago,2023,FALSE,2,405214.7,2.062,151.969,612717.6,6867938.3,0.66134,0.000003,0.000248,0,100,0,0,0,0,0.0136,2666.43,21.23,21.72,10.96
Wisconsin,WI,Winnebago,2024,FALSE,2,496584.8,2.508,192.564,743105.26,8417096.3,0.66826,0.000003,0.000259,0,100,0,0,0,0,0.013,2578.8039,22.55,21.63,26.71
Wisconsin,WI,Winnebago,2025,FALSE,2,325988.209,1.66,141.19,491093.58,5518109.664,0.6638,0.000003,0.000288,0,100,0,0,0,0,0.0118,2308.8619,-34.35,-33.81,-26.68
Wisconsin,WI,Winnebago,2026,TRUE,2,198241.981,1.001,46.304,300680.44,3335782.037,0.65931,0.000003,0.000154,0,100,0,0,0,0,0.0216,4281.3144,-39.19,-39.7,-67.2
Wisconsin,WI,Wood,2020,FALSE,2,1581.284,0.008,1.095,2399.62,26280.731,0.65897,0.000003,0.000456,0,100,0,0,0,0,0.0073,1444.095,,,
Wisconsin,WI,Wood,2021,FALSE,2,4817.545,0.024,3.462,7149.72,80187.325,0.67381,0.000003,0.000484,0,100,0,0,0,0,0.0069,1391.5497,204.66,200,216.16
Wisconsin,WI,Wood,2022,FALSE,2,6153.085,0.032,4.08,9170.86,103539.162,0.67094,0.000003,0.000445,0,100,0,0,0,0,0.0078,1508.1091,27.72,33.33,17.85
Wisconsin,WI,Wood,2023,FALSE,2,5952.734,0.03,3.932,8899.43,100171.65,0.66889,0.000003,0.000442,0,100,0,0,0,0,0.0076,1513.9201,-3.26,-6.25,-3.63
Wisconsin,WI,Wood,2024,FALSE,2,2654.576,0.014,1.764,3990,44671.375,0.66531,0.000004,0.000442,0,100,0,0,0,0,0.0079,1504.8617,-55.41,-53.33,-55.14
Wisconsin,WI,Wood,2025,FALSE,2,12892.731,0.065,8.573,19265.77,216935.139,0.6692,0.000003,0.000445,0,100,0,0,0,0,0.0076,1503.8762,385.68,364.29,386
Wisconsin,WI,Wood,2026,TRUE,2,317.436,0.002,0.211,485.35,5344.215,0.65404,0.000004,0.000435,0,100,0,0,0,0,0.0095,1504.436,-97.54,-96.92,-97.54
Wyoming,WY,Campbell,2020,FALSE,8,9791785.081,3843.769,5007.909,8826061.76,93749865.331,1.10942,0.000436,0.000567,99.04,0.96,0,0,0,0,0.7675,1955.2642,,,
Wyoming,WY,Campbell,2021,FALSE,8,8980441.886,3508.198,4745.765,8223376.31,86072762.973,1.09206,0.000427,0.000577,98.8,1.2,0,0,0,0,0.7392,1892.3065,-8.29,-8.73,-5.23
Wyoming,WY,Campbell,2022,FALSE,8,8960452.319,3826.879,4947.718,8181815.45,85769466.025,1.09517,0.000468,0.000605,99.1,0.9,0,0,0,0,0.7735,1811.0273,-0.22,9.08,4.26
Wyoming,WY,Campbell,2023,FALSE,8,9192626.361,3757.38,5011.581,8301813.91,88081750.37,1.1073,0.000453,0.000604,98.87,1.13,0,0,0,0,0.7497,1834.2767,2.59,-1.82,1.29
Wyoming,WY,Campbell,2024,FALSE,8,8745716.298,3882.317,5026.071,7998360.19,83775624.277,1.09344,0.000485,0.000628,98.93,1.07,0,0,0,0,0.7724,1740.0702,-4.86,3.33,0.29
Wyoming,WY,Campbell,2025,FALSE,8,7775278.26,3702.363,4771.334,7123651.55,74845492.005,1.09147,0.00052,0.00067,97.85,2.15,0,0,0,0,0.776,1629.5816,-11.1,-4.64,-5.07
Wyoming,WY,Campbell,2026,TRUE,8,3951340.638,1812.903,2166.714,3547620.21,37779533.373,1.1138,0.000511,0.000611,99.41,0.59,0,0,0,0,0.8367,1823.6558,-49.18,-51.03,-54.59
Wyoming,WY,Converse,2020,FALSE,4,5397569.887,7008.723,5601.078,4778446.07,51464143.522,1.12957,0.001467,0.001172,100,0,0,0,0,0,1.2513,963.6663,,,
Wyoming,WY,Converse,2021,FALSE,4,4569979.832,6327.779,4955.923,4008000.54,43573373.173,1.14021,0.001579,0.001237,100,0,0,0,0,0,1.2768,922.1249,-15.33,-9.72,-11.52
Wyoming,WY,Converse,2022,FALSE,4,4548651.419,7292.05,5170.139,3958739.39,43370064.702,1.14902,0.001842,0.001306,100,0,0,0,0,0,1.4104,879.7929,-0.47,15.24,4.32
Wyoming,WY,Converse,2023,FALSE,4,4556985.869,5500.426,4336.577,3942473.7,43449604.55,1.15587,0.001395,0.0011,100,0,0,0,0,0,1.2684,1050.8255,0.18,-24.57,-16.12
Wyoming,WY,Converse,2024,FALSE,4,4826767.1,6430.398,4776.921,4263044.96,46021823.285,1.13223,0.001508,0.001121,100,0,0,0,0,0,1.3461,1010.4348,5.92,16.91,10.15
Wyoming,WY,Converse,2025,FALSE,4,5297249.092,7254.861,5617.354,4710259.59,50507835.747,1.12462,0.00154,0.001193,100,0,0,0,0,0,1.2915,943.015,9.75,12.82,17.59
Wyoming,WY,Converse,2026,TRUE,3,1292069.307,2755.736,1765.308,1146235.35,12319549.827,1.12723,0.002404,0.00154,100,0,0,0,0,0,1.5611,731.9229,-75.61,-62.02,-68.57
Wyoming,WY,Laramie,2020,FALSE,3,165867.066,0.838,11.551,281841.17,2791108.734,0.58851,0.000003,0.000041,0,100,0,0,0,0,0.0725,14359.5417,,,
Wyoming,WY,Laramie,2021,FALSE,3,167550.754,0.846,12.253,284205.95,2819392.158,0.58954,0.000003,0.000043,0,100,0,0,0,0,0.069,13674.2638,1.02,0.95,6.08
Wyoming,WY,Laramie,2022,FALSE,3,132155.856,0.667,9.355,222547.98,2223800.39,0.59383,0.000003,0.000042,0,100,0,0,0,0,0.0713,14126.7617,-21.12,-21.16,-23.65
Wyoming,WY,Laramie,2023,FALSE,3,196260.511,0.991,13.775,333340.56,3302420.077,0.58877,0.000003,0.000041,0,100,0,0,0,0,0.0719,14247.587,48.51,48.58,47.25
Wyoming,WY,Laramie,2024,FALSE,3,216227.036,1.092,15.527,373617.38,3638469.282,0.57874,0.000003,0.000042,0,100,0,0,0,0,0.0703,13925.8734,10.17,10.19,12.72
Wyoming,WY,Laramie,2025,FALSE,3,227618.263,1.15,15.805,394618.87,3830175.224,0.57681,0.000003,0.00004,0,100,0,0,0,0,0.0728,14401.6617,5.27,5.31,1.79
Wyoming,WY,Laramie,2026,TRUE,3,97443.154,0.492,6.725,163218.28,1639675.817,0.59701,0.000003,0.000041,0,100,0,0,0,0,0.0732,14489.6883,-57.19,-57.22,-57.45
Wyoming,WY,Lincoln,2020,FALSE,3,3056807.435,2029.404,3120.727,2904460.38,30338463.637,1.05245,0.000699,0.001074,91.47,8.53,0,0,0,0,0.6503,979.5177,,,
Wyoming,WY,Lincoln,2021,FALSE,3,2921131.344,1639.838,2735.398,2843073.22,29591899.331,1.02746,0.000577,0.000962,86.65,13.35,0,0,0,0,0.5995,1067.8999,-4.44,-19.2,-12.35
Wyoming,WY,Lincoln,2022,FALSE,3,2674126.779,1426.074,2707.664,2706427.1,28586417.961,0.98807,0.000527,0.001,75.52,24.48,0,0,0,0,0.5267,987.614,-8.46,-13.04,-1.01
Wyoming,WY,Lincoln,2023,FALSE,3,2902136.777,1437.369,2567.424,3050275.4,32118847.105,0.95143,0.000471,0.000842,68.39,31.61,0,0,0,0,0.5598,1130.3691,8.53,0.79,-5.18
Wyoming,WY,Lincoln,2024,FALSE,3,2828158.022,1025.246,2433.616,3067222.1,32508131.015,0.92206,0.000334,0.000793,61.07,38.93,0,0,0,0,0.4213,1162.1217,-2.55,-28.67,-5.21
Wyoming,WY,Lincoln,2025,FALSE,3,2551017.838,1072.56,2348.566,2522320.44,27154701.92,1.01138,0.000425,0.000931,76.81,23.19,0,0,0,0,0.4567,1086.2023,-9.8,4.61,-3.49
Wyoming,WY,Lincoln,2026,TRUE,3,418886.525,7.181,230.575,592092.94,7052202.47,0.70747,0.000012,0.000389,23.35,76.65,0,0,0,0,0.0311,1816.704,-83.58,-99.33,-90.18
Wyoming,WY,Platte,2020,FALSE,3,10231153.943,5261.097,6130.213,8649850.34,97551039.731,1.18281,0.000608,0.000709,100,0,0,0,0,0,0.8582,1668.972,,,
Wyoming,WY,Platte,2021,FALSE,3,10792770.535,5401.429,5919.487,9014042.69,102906028.94,1.19733,0.000599,0.000657,100,0,0,0,0,0,0.9125,1823.2611,5.49,2.67,-3.44
Wyoming,WY,Platte,2022,FALSE,3,12604198.673,6858.687,7077.102,10640274.97,120177341.531,1.18457,0.000645,0.000665,100,0,0,0,0,0,0.9691,1780.983,16.78,26.98,19.56
Wyoming,WY,Platte,2023,FALSE,3,12007969.291,6630.402,6897.227,10239246.69,114492570.054,1.17274,0.000648,0.000674,100,0,0,0,0,0,0.9613,1740.9851,-4.73,-3.33,-2.54
Wyoming,WY,Platte,2024,FALSE,3,8954382.631,4707.199,4788.468,7416105.27,85377480.128,1.20742,0.000635,0.000646,100,0,0,0,0,0,0.983,1869.989,-25.43,-29.01,-30.57
Wyoming,WY,Platte,2025,FALSE,3,11538264.294,6843.109,6191.694,9859825.76,110014077.368,1.17023,0.000694,0.000628,100,0,0,0,0,0,1.1052,1863.5069,28.86,45.38,29.3
Wyoming,WY,Platte,2026,TRUE,3,4090846.37,2520.864,2240.915,3491958.09,39005071.781,1.17151,0.000722,0.000642,100,0,0,0,0,0,1.1249,1825.525,-64.55,-63.16,-63.81
Wyoming,WY,Sweetwater,2020,FALSE,4,12275116.354,8792.372,6923.981,11334029.14,117039764.935,1.08303,0.000776,0.000611,100,0,0,0,0,0,1.2698,1772.8408,,,
Wyoming,WY,Sweetwater,2021,FALSE,4,11844067.621,8226.153,6550.133,11200342.88,112929790.769,1.05747,0.000734,0.000585,100,0,0,0,0,0,1.2559,1808.2179,-3.51,-6.44,-5.4
Wyoming,WY,Sweetwater,2022,FALSE,4,12155439.192,7627.003,6552.314,11532872.82,115898577.403,1.05398,0.000661,0.000568,100,0,0,0,0,0,1.164,1855.1369,2.63,-7.28,0.03
Wyoming,WY,Sweetwater,2023,FALSE,4,9813084.092,6667.98,5487.452,9105956.02,93564898.346,1.07766,0.000732,0.000603,100,0,0,0,0,0,1.2151,1788.277,-19.27,-12.57,-16.25
Wyoming,WY,Sweetwater,2024,FALSE,4,7612103.514,3985.697,2991.71,8477458.25,87342689.529,0.89792,0.00047,0.000353,61.03,38.97,0,0,0,0,1.3322,2544.3989,-22.43,-40.23,-45.48
Wyoming,WY,Sweetwater,2025,FALSE,4,7663454.194,4256.429,2802.315,8267670.88,86107127.529,0.92692,0.000515,0.000339,65.06,34.94,0,0,0,0,1.5189,2734.6869,0.67,6.79,-6.33
Wyoming,WY,Sweetwater,2026,TRUE,4,2467112.408,1201.897,985.621,2710808.02,29646259.353,0.9101,0.000443,0.000364,52.34,47.66,0,0,0,0,1.2194,2503.1045,-67.81,-71.76,-64.83