fips code,county,sector,scc,pollutant desc,total emissions,emissions uom
36061,New York,Fuel Comb - Residential - Wood,2104008615,Manganese,0.0,LB
36061,New York,Fuel Comb - Residential - Wood,2104008615,Sulfate Portion of PM2.5-PRI,0.0,TON
36005,Bronx,Fuel Comb - Residential - Wood,2104008500,Ethyl Benzene,0.0,LB
36085,Richmond,Fuel Comb - Residential - Wood,2104008021,Phenol,1302.046,LB
36085,Richmond,Fuel Comb - Residential - Wood,2104008021,Propionaldehyde,632.422,LB
36085,Richmond,Fuel Comb - Residential - Wood,2104008021,"Benzo[g,h,i,]Perylene",0.572286,LB
36085,Richmond,Fuel Comb - Residential - Wood,2104008021,Lead,0.5031618,LB
36085,Richmond,Fuel Comb - Residential - Wood,2104008021,Phenanthrene,38.9374,LB
36085,Richmond,Fuel Comb - Residential - Wood,2104008021,Naphthalene,562.98,LB
36085,Richmond,Fuel Comb - Residential - Wood,2104008021,Acetophenone,9.67234,LB
36085,Richmond,Fuel Comb - Residential - Wood,2104008021,Elemental Carbon portion of PM2.5-PRI,0.5085,TON
36085,Richmond,Fuel Comb - Residential - Wood,2104008021,PM Condensible,0.4283066,TON
36085,Richmond,Fuel Comb - Residential - Wood,2104008021,Sulfate Portion of PM2.5-PRI,0.0373629,TON
36081,Queens,Fuel Comb - Residential - Other,2104002000,Ethylene Dibromide,0.0,LB
36081,Queens,Fuel Comb - Residential - Other,2104002000,Naphthalene,0.0,LB
36081,Queens,Fuel Comb - Residential - Other,2104002000,Remaining PMFINE portion of PM2.5-PRI,0.0,TON
36061,New York,Fuel Comb - Residential - Wood,2104008100,Ethyl Benzene,1.116542e-08,LB
36061,New York,Fuel Comb - Residential - Wood,2104008100,"1,3-Butadiene",5.7046e-08,LB
36061,New York,Fuel Comb - Residential - Wood,2104008100,Phenol,2.55976e-07,LB
36061,New York,Fuel Comb - Residential - Wood,2104008100,Cresol/Cresylic Acid (Mixed Isomers),2.28964e-07,LB
36085,Richmond,Fuel Comb - Residential - Wood,2104008615,Sulfate Portion of PM2.5-PRI,1.629e-14,TON
36085,Richmond,Fuel Comb - Residential - Wood,2104008615,"1,3-Butadiene",2.5485e-10,LB
36005,Bronx,Fuel Comb - Residential - Wood,2104008530,PM10 Filterable,0.0,TON
36085,Richmond,Fuel Comb - Residential - Wood,2104008700,Remaining PMFINE portion of PM2.5-PRI,2.0282e-09,TON
36085,Richmond,Fuel Comb - Residential - Natural Gas,2104006000,PM Condensible,2.111215,TON
36085,Richmond,Fuel Comb - Residential - Natural Gas,2104006000,Remaining PMFINE portion of PM2.5-PRI,0.803224,TON
36081,Queens,Fuel Comb - Residential - Wood,2104008500,Elemental Carbon portion of PM2.5-PRI,0.0,TON
36081,Queens,Fuel Comb - Residential - Wood,2104008500,PM2.5 Filterable,0.0,TON
36081,Queens,Fuel Comb - Residential - Wood,2104008630,Sulfate Portion of PM2.5-PRI,0.0,TON
36085,Richmond,Fuel Comb - Residential - Other,2104007000,Fluoranthene,0.000849656,LB
36061,New York,Fuel Comb - Residential - Oil,2104004000,Chromium III,23.03596,LB
36061,New York,Fuel Comb - Residential - Oil,2104004000,Arsenic,37.41678,LB
36061,New York,Fuel Comb - Residential - Oil,2104004000,Acetaldehyde,327.564,LB
36061,New York,Fuel Comb - Residential - Oil,2104004000,Fluorene,0.297604,LB
36061,New York,Fuel Comb - Residential - Oil,2104004000,PM10 Primary (Filt + Cond),79.22771,TON
36061,New York,Fuel Comb - Residential - Oil,2104004000,Volatile Organic Compounds,23.73502,TON
36085,Richmond,Fuel Comb - Residential - Oil,2104011000,Lead,0.19871802,LB
36085,Richmond,Fuel Comb - Residential - Oil,2104011000,Phenanthrene,0.001663776,LB
36085,Richmond,Fuel Comb - Residential - Oil,2104011000,Naphthalene,0.1792358,LB
36085,Richmond,Fuel Comb - Residential - Oil,2104011000,Organic Carbon portion of PM2.5-PRI,0.0295238,TON
36085,Richmond,Fuel Comb - Residential - Oil,2104011000,PM10 Primary (Filt + Cond),0.187808,TON
36085,Richmond,Fuel Comb - Residential - Oil,2104011000,PM2.5 Primary (Filt + Cond),0.168131,TON
36085,Richmond,Fuel Comb - Residential - Oil,2104011000,Remaining PMFINE portion of PM2.5-PRI,0.00825237,TON
36047,Kings,Fuel Comb - Residential - Other,2104007000,Sulfur Dioxide,0.5642321,TON
36081,Queens,Fuel Comb - Residential - Wood,2104008011,m-Xylene,57.7402,LB
36047,Kings,Fuel Comb - Residential - Other,2104007000,Elemental Carbon portion of PM2.5-PRI,0.0270477,TON
36085,Richmond,Fuel Comb - Residential - Wood,2104009000,Naphthalene,40.5076,LB
36085,Richmond,Fuel Comb - Residential - Wood,2104009000,Elemental Carbon portion of PM2.5-PRI,0.328993,TON
36085,Richmond,Fuel Comb - Residential - Wood,2104009000,Nitrate portion of PM2.5-PRI,0.0112023,TON
36085,Richmond,Fuel Comb - Residential - Wood,2104009000,PM Condensible,0.0,TON
36085,Richmond,Fuel Comb - Residential - Wood,2104009000,PM10 Primary (Filt + Cond),6.086929,TON
36081,Queens,Fuel Comb - Residential - Oil,2104004000,"Dibenzo(a,h)Anthracene",0.083401,LB
36085,Richmond,Fuel Comb - Residential - Wood,2104008614,Toluene,8.92162e-10,LB
36085,Richmond,Fuel Comb - Residential - Wood,2104008614,Pyrene,1.055914e-11,LB
36085,Richmond,Fuel Comb - Residential - Wood,2104008614,Acenaphthene,1.140612e-11,LB
36061,New York,Fuel Comb - Residential - Wood,2104008530,Elemental Carbon portion of PM2.5-PRI,0.0,TON
36061,New York,Fuel Comb - Residential - Wood,2104008630,"1,3-Butadiene",0.0,LB
36061,New York,Fuel Comb - Residential - Wood,2104008630,Cadmium,0.0,LB
36061,New York,Fuel Comb - Residential - Wood,2104008630,Organic Carbon portion of PM2.5-PRI,0.0,TON
36081,Queens,Fuel Comb - Residential - Wood,2104008611,Acrolein,0.0,LB
36085,Richmond,Fuel Comb - Residential - Wood,2104008031,2-Methylphenanthrene,0.678216,LB
36085,Richmond,Fuel Comb - Residential - Wood,2104008031,Acetaldehyde,621.332,LB
36047,Kings,Fuel Comb - Residential - Other,2104002000,Vinyl Acetate,0.0,LB
36047,Kings,Fuel Comb - Residential - Other,2104002000,Biphenyl,0.0,LB
36005,Bronx,Fuel Comb - Residential - Wood,2104008630,Acetaldehyde,0.0,LB
36081,Queens,Fuel Comb - Residential - Wood,2104008021,Pyrene,3.8831,LB
36081,Queens,Fuel Comb - Residential - Wood,2104008021,Sulfur Dioxide,0.1699341,TON
36047,Kings,Fuel Comb - Residential - Oil,2104011000,Fluorene,0.00705072,LB
36047,Kings,Fuel Comb - Residential - Oil,2104011000,Organic Carbon portion of PM2.5-PRI,0.29354,TON
36047,Kings,Fuel Comb - Residential - Wood,2104009000,Phenanthrene,3.90676,LB
36085,Richmond,Fuel Comb - Residential - Wood,2104008011,Ethyl Benzene,26.3204,LB
36085,Richmond,Fuel Comb - Residential - Wood,2104008011,Benzo[k]Fluoranthene,0.1517576,LB
36061,New York,Fuel Comb - Residential - Wood,2104008530,Naphthalene,0.0,LB
36061,New York,Fuel Comb - Residential - Wood,2104008630,Lead,0.0,LB
36081,Queens,Fuel Comb - Residential - Wood,2104008611,Arsenic,0.0,LB
36081,Queens,Fuel Comb - Residential - Wood,2104008611,Fluorene,0.0,LB
36047,Kings,Fuel Comb - Residential - Other,2104002000,Methyl Tert-Butyl Ether,0.0,LB
36047,Kings,Fuel Comb - Residential - Other,2104002000,Mercury,0.0,LB
36005,Bronx,Fuel Comb - Residential - Wood,2104008630,Phenol,0.0,LB
36005,Bronx,Fuel Comb - Residential - Wood,2104008630,Nickel,0.0,LB
36005,Bronx,Fuel Comb - Residential - Wood,2104008630,Arsenic,0.0,LB
36061,New York,Fuel Comb - Residential - Wood,2104008011,"Dibenzo(a,h)Anthracene",8.39096e-05,LB
36061,New York,Fuel Comb - Residential - Wood,2104008011,Naphthalene,1.873158,LB
36061,New York,Fuel Comb - Residential - Wood,2104008011,2-Methylnaphthalene,0.123777,LB
36081,Queens,Fuel Comb - Residential - Wood,2104008021,"Dibenzo(a,h)Anthracene",0.09326,LB
36081,Queens,Fuel Comb - Residential - Wood,2104008021,1-Methylnaphthalene,22.0112,LB
36047,Kings,Fuel Comb - Residential - Oil,2104011000,PM2.5 Primary (Filt + Cond),1.671642,TON
36047,Kings,Fuel Comb - Residential - Wood,2104009000,Pyrene,0.960824,LB
36081,Queens,Fuel Comb - Residential - Wood,2104008500,Propionaldehyde,0.0,LB
36081,Queens,Fuel Comb - Residential - Wood,2104008500,Lead,0.0,LB
36085,Richmond,Fuel Comb - Residential - Wood,2104008011,"Benzo(g,h,i)Fluoranthene",0.0942476,LB
36085,Richmond,Fuel Comb - Residential - Wood,2104008011,Benzo(a)Fluoranthene,0.0957058,LB
36061,New York,Fuel Comb - Residential - Other,2104001000,Hexane,0.0,LB
36061,New York,Fuel Comb - Residential - Other,2104001000,"Benzo[g,h,i,]Perylene",0.0,LB
36061,New York,Fuel Comb - Residential - Other,2104001000,Methyl Chloride,0.0,LB
36061,New York,Fuel Comb - Residential - Other,2104001000,Sulfur Dioxide,0.0,TON
36081,Queens,Fuel Comb - Residential - Wood,2104008700,2-Methylphenanthrene,0.0,LB
36081,Queens,Fuel Comb - Residential - Wood,2104008700,Manganese,0.0,LB
36081,Queens,Fuel Comb - Residential - Wood,2104008700,Sulfur Dioxide,0.0,TON
36081,Queens,Fuel Comb - Residential - Wood,2104008700,Volatile Organic Compounds,0.0,TON
36085,Richmond,Fuel Comb - Residential - Other,2104002000,Ethyl Benzene,0.0,LB
36085,Richmond,Fuel Comb - Residential - Other,2104002000,Cumene,0.0,LB
36061,New York,Fuel Comb - Residential - Wood,2104008614,Ethyl Benzene,0.0,LB
36061,New York,Fuel Comb - Residential - Wood,2104008614,Anthracene,0.0,LB
36061,New York,Fuel Comb - Residential - Wood,2104008614,Acetaldehyde,0.0,LB
36061,New York,Fuel Comb - Residential - Wood,2104008614,PM2.5 Filterable,0.0,TON
36081,Queens,Fuel Comb - Residential - Other,2104001000,Styrene,0.0,LB
36081,Queens,Fuel Comb - Residential - Other,2104001000,Hexane,0.0,LB
36081,Queens,Fuel Comb - Residential - Other,2104001000,Anthracene,0.0,LB
36081,Queens,Fuel Comb - Residential - Other,2104001000,Arsenic,0.0,LB
36005,Bronx,Fuel Comb - Residential - Wood,2104008700,"1,3-Butadiene",0.0,LB
36005,Bronx,Fuel Comb - Residential - Wood,2104008700,Arsenic,0.0,LB
36005,Bronx,Fuel Comb - Residential - Wood,2104008700,Nitrogen Oxides,0.0,TON
36085,Richmond,Fuel Comb - Residential - Wood,2104008100,Formaldehyde,772.064,LB
36085,Richmond,Fuel Comb - Residential - Wood,2104008100,Cadmium,0.08140607,LB
36085,Richmond,Fuel Comb - Residential - Wood,2104008100,Carbon Monoxide,35.91484,TON
36085,Richmond,Fuel Comb - Residential - Wood,2104008100,Remaining PMFINE portion of PM2.5-PRI,2.33245,TON
36005,Bronx,Fuel Comb - Residential - Oil,2104011000,Benzene,0.586418,LB
36005,Bronx,Fuel Comb - Residential - Oil,2104011000,Sulfur Dioxide,0.2353407,TON
36005,Bronx,Fuel Comb - Residential - Wood,2104008021,Toluene,54.2634,LB
36005,Bronx,Fuel Comb - Residential - Wood,2104008021,Benzo[e]Pyrene,0.231896,LB
36005,Bronx,Fuel Comb - Residential - Wood,2104008021,"Dibenzo(a,h)Anthracene",0.01542436,LB
36005,Bronx,Fuel Comb - Residential - Wood,2104008021,Acenaphthene,0.693746,LB
36005,Bronx,Fuel Comb - Residential - Wood,2104008021,2-Methylnaphthalene,5.15158,LB
36005,Bronx,Fuel Comb - Residential - Other,2104001000,"Indeno[1,2,3-c,d]Pyrene",0.0,LB
36005,Bronx,Fuel Comb - Residential - Other,2104001000,Formaldehyde,0.0,LB
36005,Bronx,Fuel Comb - Residential - Other,2104001000,Carbon Disulfide,0.0,LB
36085,Richmond,Fuel Comb - Residential - Wood,2104008530,Acenaphthylene,2.85162e-11,LB
36005,Bronx,Fuel Comb - Residential - Natural Gas,2104006000,Phenanthrene,0.419254,LB
36005,Bronx,Fuel Comb - Residential - Natural Gas,2104006000,Fluorene,0.0690538,LB
36005,Bronx,Fuel Comb - Residential - Natural Gas,2104006000,Remaining PMFINE portion of PM2.5-PRI,1.50125,TON
36005,Bronx,Fuel Comb - Residential - Natural Gas,2104006000,Volatile Organic Compounds,67.82061,TON
36081,Queens,Fuel Comb - Residential - Wood,2104008100,Hydroquinone,0.62973,LB
36081,Queens,Fuel Comb - Residential - Wood,2104008100,Acenaphthylene,0.680988,LB
36081,Queens,Fuel Comb - Residential - Wood,2104008100,Benzene,14.0225,LB
36081,Queens,Fuel Comb - Residential - Wood,2104008100,PM10 Primary (Filt + Cond),0.3142673,TON
36047,Kings,Fuel Comb - Residential - Wood,2104008021,Toluene,52.8524,LB
36047,Kings,Fuel Comb - Residential - Wood,2104008021,Catechol,104.3666,LB
36047,Kings,Fuel Comb - Residential - Wood,2104008021,Benz[a]Anthracene,0.221204,LB
36047,Kings,Fuel Comb - Residential - Wood,2104008021,Lead,0.06786522,LB
36047,Kings,Fuel Comb - Residential - Wood,2104008021,Cadmium,0.01510169,LB
36081,Queens,Fuel Comb - Residential - Wood,2104008530,PM10 Primary (Filt + Cond),0.0,TON
36047,Kings,Fuel Comb - Residential - Wood,2104008611,Nitrogen Oxides,0.0,TON
36047,Kings,Fuel Comb - Residential - Wood,2104008500,Toluene,0.0,LB
36047,Kings,Fuel Comb - Residential - Wood,2104008500,2-Methylphenanthrene,0.0,LB
36047,Kings,Fuel Comb - Residential - Wood,2104008500,Benzene,0.0,LB
36047,Kings,Fuel Comb - Residential - Wood,2104008500,Lead,0.0,LB
36047,Kings,Fuel Comb - Residential - Wood,2104008500,Phenanthrene,0.0,LB
36047,Kings,Fuel Comb - Residential - Wood,2104008500,2-Methylnaphthalene,0.0,LB
36005,Bronx,Fuel Comb - Residential - Wood,2104008031,Acrolein,3.1811,LB
36005,Bronx,Fuel Comb - Residential - Wood,2104008031,Phenol,26.5092,LB
36005,Bronx,Fuel Comb - Residential - Wood,2104008031,Sulfate Portion of PM2.5-PRI,0.000486859,TON
36061,New York,Fuel Comb - Residential - Other,2104002000,Vinyl Acetate,0.0,LB
36061,New York,Fuel Comb - Residential - Other,2104002000,Xylenes (Mixed Isomers),0.0,LB
36061,New York,Fuel Comb - Residential - Other,2104002000,Benzene,0.0,LB
36061,New York,Fuel Comb - Residential - Other,2104002000,PM10 Filterable,0.0,TON
36061,New York,Fuel Comb - Residential - Other,2104002000,PM2.5 Filterable,0.0,TON
36061,New York,Fuel Comb - Residential - Other,2104002000,PM2.5 Primary (Filt + Cond),0.0,TON
36005,Bronx,Fuel Comb - Residential - Wood,2104008400,Carbon Monoxide,0.0,TON
36005,Bronx,Fuel Comb - Residential - Wood,2104008400,Fluoranthene,0.0,LB
36047,Kings,Fuel Comb - Residential - Wood,2104008615,Toluene,0.0,LB
36047,Kings,Fuel Comb - Residential - Wood,2104008615,Nickel,0.0,LB
36047,Kings,Fuel Comb - Residential - Wood,2104008615,1-Methylphenanthrene,0.0,LB
36047,Kings,Fuel Comb - Residential - Wood,2104008011,Fluoranthene,0.47282,LB
36047,Kings,Fuel Comb - Residential - Wood,2104008011,Chrysene,0.01898082,LB
36047,Kings,Fuel Comb - Residential - Wood,2104008011,PM2.5 Primary (Filt + Cond),0.4757992,TON
36061,New York,Fuel Comb - Residential - Other,2104007000,Acetaldehyde,0.01332042,LB
36005,Bronx,Fuel Comb - Residential - Oil,2104004000,Naphthalene,80.8498,LB
36005,Bronx,Fuel Comb - Residential - Oil,2104004000,Sulfur Dioxide,7.619914,TON
36061,New York,Fuel Comb - Residential - Wood,2104008612,PM10 Primary (Filt + Cond),0.0,TON
36061,New York,Fuel Comb - Residential - Wood,2104008612,Volatile Organic Compounds,0.0,TON
36085,Richmond,Fuel Comb - Residential - Wood,2104008612,Pyrene,8.14652e-12,LB
36085,Richmond,Fuel Comb - Residential - Wood,2104008612,2-Methylphenanthrene,8.10294e-12,LB
36085,Richmond,Fuel Comb - Residential - Wood,2104008612,Benzene,1.66851e-09,LB
36085,Richmond,Fuel Comb - Residential - Wood,2104008612,Carbon Monoxide,9.237486e-11,TON
36085,Richmond,Fuel Comb - Residential - Wood,2104008612,PM10 Primary (Filt + Cond),7.94746e-12,TON
36061,New York,Fuel Comb - Residential - Wood,2104008612,Toluene,0.0,LB
36085,Richmond,Fuel Comb - Residential - Wood,2104008612,Acrolein,2.74454e-10,LB
36085,Richmond,Fuel Comb - Residential - Wood,2104008400,PM Condensible,0.0,TON
36085,Richmond,Fuel Comb - Residential - Wood,2104008400,Sulfate Portion of PM2.5-PRI,0.0,TON
36005,Bronx,Fuel Comb - Residential - Wood,2104008614,Toluene,0.0,LB
36005,Bronx,Fuel Comb - Residential - Wood,2104008614,Organic Carbon portion of PM2.5-PRI,0.0,TON
36005,Bronx,Fuel Comb - Residential - Wood,2104008614,Remaining PMFINE portion of PM2.5-PRI,0.0,TON
36005,Bronx,Fuel Comb - Residential - Wood,2104008614,Volatile Organic Compounds,0.0,TON
36005,Bronx,Fuel Comb - Residential - Wood,2104009000,Pyrene,0.50446,LB
36005,Bronx,Fuel Comb - Residential - Wood,2104009000,"Indeno[1,2,3-c,d]Pyrene",0.0809042,LB
36081,Queens,Fuel Comb - Residential - Wood,2104008614,"1,3-Butadiene",0.0,LB
36081,Queens,Fuel Comb - Residential - Wood,2104008614,Phenol,0.0,LB
36081,Queens,Fuel Comb - Residential - Wood,2104008614,Anthracene,0.0,LB
36081,Queens,Fuel Comb - Residential - Wood,2104008614,Propionaldehyde,0.0,LB
36081,Queens,Fuel Comb - Residential - Wood,2104008614,Nickel,0.0,LB
36081,Queens,Fuel Comb - Residential - Wood,2104008614,Sulfur Dioxide,0.0,TON
36081,Queens,Fuel Comb - Residential - Natural Gas,2104006000,Carbon Monoxide,1118.08,TON
36081,Queens,Fuel Comb - Residential - Natural Gas,2104006000,PM2.5 Filterable,3.074719,TON
36061,New York,Fuel Comb - Residential - Wood,2104008700,1-Methylnaphthalene,0.0,LB
36061,New York,Fuel Comb - Residential - Wood,2104008700,PM2.5 Filterable,0.0,TON
36061,New York,Fuel Comb - Residential - Wood,2104008700,Sulfur Dioxide,0.0,TON
36047,Kings,Fuel Comb - Residential - Other,2104001000,Bis(2-Ethylhexyl)Phthalate,0.0,LB
36081,Queens,Fuel Comb - Residential - Wood,2104008031,Benzo[k]Fluoranthene,0.142335,LB
36081,Queens,Fuel Comb - Residential - Wood,2104008031,Benzo[a]Pyrene,0.274154,LB
36081,Queens,Fuel Comb - Residential - Wood,2104008031,Acenaphthene,0.616704,LB
36081,Queens,Fuel Comb - Residential - Wood,2104008031,1-Methylnaphthalene,3.23616,LB
36081,Queens,Fuel Comb - Residential - Wood,2104008031,Nitrogen Oxides,0.2230385,TON
36081,Queens,Fuel Comb - Residential - Wood,2104008031,Volatile Organic Compounds,2.098686,TON
36081,Queens,Fuel Comb - Residential - Other,2104007000,Naphthalene,1.034524,LB
36047,Kings,Fuel Comb - Residential - Oil,2104004000,PM10 Filterable,21.772,TON
36047,Kings,Fuel Comb - Residential - Oil,2104004000,Volatile Organic Compounds,14.37355,TON
36047,Kings,Fuel Comb - Residential - Oil,2104004000,Fluoranthene,0.1951416,LB
36005,Bronx,Fuel Comb - Residential - Wood,2104008100,Cresol/Cresylic Acid (Mixed Isomers),0.1452786,LB
36061,New York,Fuel Comb - Residential - Oil,2104011000,Acenaphthylene,0.000652512,LB
36047,Kings,Fuel Comb - Residential - Natural Gas,2104006000,Sulfate Portion of PM2.5-PRI,1.82841,TON
36061,New York,Fuel Comb - Residential - Wood,2104009000,Phenanthrene,0.0,LB
36047,Kings,Fuel Comb - Residential - Wood,2104008031,Propionaldehyde,12.54108,LB
36047,Kings,Fuel Comb - Residential - Wood,2104008031,2-Methylnaphthalene,0.73771,LB
36061,New York,Fuel Comb - Residential - Wood,2104009000,Chrysene,0.0,LB
36047,Kings,Fuel Comb - Residential - Wood,2104008400,Anthracene,0.0,LB
36047,Kings,Fuel Comb - Residential - Wood,2104008400,Acetaldehyde,0.0,LB
36047,Kings,Fuel Comb - Residential - Wood,2104008400,o-Xylene,0.0,LB
36061,New York,Fuel Comb - Residential - Wood,2104008021,"1,3-Butadiene",2.08326,LB
36061,New York,Fuel Comb - Residential - Wood,2104008021,Nickel,0.0001035504,LB
36061,New York,Fuel Comb - Residential - Wood,2104008021,Arsenic,1.063419e-05,LB
36085,Richmond,Fuel Comb - Residential - Wood,2104008611,Acrolein,3.27276e-08,LB
36085,Richmond,Fuel Comb - Residential - Wood,2104008611,Sulfur Dioxide,1.075557e-10,TON
36005,Bronx,Fuel Comb - Residential - Wood,2104008611,Hydroquinone,0.0,LB
36005,Bronx,Fuel Comb - Residential - Wood,2104008611,"Benzo(g,h,i)Fluoranthene",0.0,LB
36061,New York,Fuel Comb - Residential - Wood,2104008611,Acenaphthylene,0.0,LB
36061,New York,Fuel Comb - Residential - Wood,2104008611,Nitrate portion of PM2.5-PRI,0.0,TON
36061,New York,Fuel Comb - Residential - Wood,2104008400,Cresol/Cresylic Acid (Mixed Isomers),0.0,LB
36061,New York,Fuel Comb - Residential - Wood,2104008400,Acenaphthylene,0.0,LB
36005,Bronx,Fuel Comb - Residential - Other,2104007000,Nitrogen Oxides,63.20833,TON
36005,Bronx,Fuel Comb - Residential - Other,2104007000,Remaining PMFINE portion of PM2.5-PRI,0.0543754,TON
36085,Richmond,Fuel Comb - Residential - Oil,2104004000,"Benzo[g,h,i,]Perylene",0.00916468,LB
36085,Richmond,Fuel Comb - Residential - Oil,2104004000,Acenaphthylene,0.001025958,LB
36085,Richmond,Fuel Comb - Residential - Oil,2104004000,Acenaphthene,0.0855642,LB
36085,Richmond,Fuel Comb - Residential - Oil,2104004000,PM10 Filterable,2.189792,TON
36085,Richmond,Fuel Comb - Residential - Oil,2104004000,Remaining PMFINE portion of PM2.5-PRI,1.98663,TON
36085,Richmond,Fuel Comb - Residential - Oil,2104004000,Sulfate Portion of PM2.5-PRI,0.820564,TON
36061,New York,Fuel Comb - Residential - Natural Gas,2104006000,Ammonia,344.1571,TON
36061,New York,Fuel Comb - Residential - Natural Gas,2104006000,PM2.5 Filterable,1.892864,TON
36081,Queens,Fuel Comb - Residential - Oil,2104011000,Naphthalene,2.20734,LB
36061,New York,Fuel Comb - Residential - Wood,2104008500,Acenaphthene,0.0,LB
36061,New York,Fuel Comb - Residential - Wood,2104008500,PM10 Filterable,0.0,TON
36061,New York,Fuel Comb - Residential - Wood,2104008500,m-Xylene,0.0,LB
36061,New York,Fuel Comb - Residential - Wood,2104008500,2-Methylphenanthrene,0.0,LB
36081,Queens,Fuel Comb - Residential - Wood,2104008400,Fluoranthene,0.0,LB
36081,Queens,Fuel Comb - Residential - Wood,2104008400,Benzo[a]Pyrene,0.0,LB
36081,Queens,Fuel Comb - Residential - Wood,2104008400,Acetaldehyde,0.0,LB
36081,Queens,Fuel Comb - Residential - Wood,2104008400,Naphthalene,0.0,LB
36081,Queens,Fuel Comb - Residential - Wood,2104008400,Ammonia,0.0,TON
36081,Queens,Fuel Comb - Residential - Wood,2104008400,Nitrate portion of PM2.5-PRI,0.0,TON
36005,Bronx,Fuel Comb - Residential - Other,2104002000,Hydrogen Fluoride,0.0,LB
36005,Bronx,Fuel Comb - Residential - Other,2104002000,Organic Carbon portion of PM2.5-PRI,0.0,TON
36005,Bronx,Fuel Comb - Residential - Other,2104002000,Volatile Organic Compounds,0.0,TON
36047,Kings,Fuel Comb - Residential - Wood,2104008100,Acetaldehyde,0.456026,LB
36047,Kings,Fuel Comb - Residential - Wood,2104008100,Phenanthrene,0.00420166,LB
36047,Kings,Fuel Comb - Residential - Wood,2104008100,Fluorene,0.001188238,LB
36005,Bronx,Fuel Comb - Residential - Wood,2104008615,2-Methylphenanthrene,0.0,LB
36005,Bronx,Fuel Comb - Residential - Wood,2104008615,Nickel,0.0,LB
36005,Bronx,Fuel Comb - Residential - Wood,2104008615,Cadmium,0.0,LB
36005,Bronx,Fuel Comb - Residential - Wood,2104008615,2-Methylnaphthalene,0.0,LB
36005,Bronx,Fuel Comb - Residential - Wood,2104008615,PM10 Primary (Filt + Cond),0.0,TON
36005,Bronx,Fuel Comb - Residential - Wood,2104008615,Sulfate Portion of PM2.5-PRI,0.0,TON
36047,Kings,Fuel Comb - Residential - Wood,2104008614,2-Methylphenanthrene,0.0,LB
36047,Kings,Fuel Comb - Residential - Wood,2104008614,Remaining PMFINE portion of PM2.5-PRI,0.0,TON
36061,New York,Fuel Comb - Residential - Wood,2104008031,Phenol,1.374378,LB
36061,New York,Fuel Comb - Residential - Wood,2104008031,Fluoranthene,0.00798448,LB
36061,New York,Fuel Comb - Residential - Wood,2104008031,Benzo[a]Pyrene,0.00235082,LB
36061,New York,Fuel Comb - Residential - Wood,2104008031,Benz[a]Anthracene,0.001384726,LB
36061,New York,Fuel Comb - Residential - Wood,2104008031,o-Xylene,0.0473834,LB
36061,New York,Fuel Comb - Residential - Wood,2104008031,PM Condensible,0.0002893526,TON
36005,Bronx,Fuel Comb - Residential - Wood,2104008011,Benzo[b]Fluoranthene,0.024442,LB
36005,Bronx,Fuel Comb - Residential - Wood,2104008011,Elemental Carbon portion of PM2.5-PRI,0.0272584,TON
36005,Bronx,Fuel Comb - Residential - Wood,2104008011,PM Condensible,0.02295958,TON
36005,Bronx,Fuel Comb - Residential - Wood,2104008011,Sulfur Dioxide,0.006691805,TON
36047,Kings,Fuel Comb - Residential - Wood,2104008700,Acenaphthylene,0.0,LB
36047,Kings,Fuel Comb - Residential - Wood,2104008700,Mercury,0.0,LB
36047,Kings,Fuel Comb - Residential - Wood,2104008700,Acetaldehyde,0.0,LB
36047,Kings,Fuel Comb - Residential - Wood,2104008700,Phenanthrene,0.0,LB
36081,Queens,Fuel Comb - Residential - Wood,2104009000,Naphthalene,18.13648,LB
36081,Queens,Fuel Comb - Residential - Wood,2104009000,Carbon Monoxide,11.62624,TON
36081,Queens,Fuel Comb - Residential - Wood,2104009000,PM Condensible,0.0,TON
36081,Queens,Fuel Comb - Residential - Wood,2104009000,PM10 Primary (Filt + Cond),2.725307,TON
36047,Kings,Fuel Comb - Residential - Wood,2104008530,Toluene,0.0,LB
36047,Kings,Fuel Comb - Residential - Wood,2104008530,Acenaphthylene,0.0,LB
36047,Kings,Fuel Comb - Residential - Wood,2104008530,Benzo[a]Pyrene,0.0,LB
36047,Kings,Fuel Comb - Residential - Wood,2104008530,PM10 Filterable,0.0,TON
36047,Kings,Fuel Comb - Residential - Wood,2104008530,Volatile Organic Compounds,0.0,TON
36085,Richmond,Fuel Comb - Residential - Other,2104001000,Propionaldehyde,0.0,LB
36085,Richmond,Fuel Comb - Residential - Other,2104001000,"Indeno[1,2,3-c,d]Pyrene",0.0,LB
36085,Richmond,Fuel Comb - Residential - Other,2104001000,Acetaldehyde,0.0,LB
36085,Richmond,Fuel Comb - Residential - Other,2104001000,Carbon Disulfide,0.0,LB
36085,Richmond,Fuel Comb - Residential - Other,2104001000,Carbon Monoxide,0.0,TON
36005,Bronx,Fuel Comb - Residential - Wood,2104008612,Manganese,0.0,LB
36005,Bronx,Fuel Comb - Residential - Wood,2104008612,Ammonia,0.0,TON
36047,Kings,Fuel Comb - Residential - Wood,2104008612,Acenaphthylene,0.0,LB
36047,Kings,Fuel Comb - Residential - Wood,2104008612,Benzo[a]Pyrene,0.0,LB
36047,Kings,Fuel Comb - Residential - Wood,2104008612,Nitrate portion of PM2.5-PRI,0.0,TON
36047,Kings,Fuel Comb - Residential - Wood,2104008612,Organic Carbon portion of PM2.5-PRI,0.0,TON
36081,Queens,Fuel Comb - Residential - Wood,2104008612,Arsenic,0.0,LB
36081,Queens,Fuel Comb - Residential - Wood,2104008612,Acenaphthene,0.0,LB
36081,Queens,Fuel Comb - Residential - Wood,2104008612,Sulfate Portion of PM2.5-PRI,0.0,TON
36085,Richmond,Fuel Comb - Residential - Wood,2104008500,Propionaldehyde,1.541358e-08,LB
36085,Richmond,Fuel Comb - Residential - Wood,2104008500,Nickel,7.8011e-13,LB
36085,Richmond,Fuel Comb - Residential - Wood,2104008500,Cadmium,1.199414e-11,LB
36085,Richmond,Fuel Comb - Residential - Wood,2104008500,PM10 Primary (Filt + Cond),9.801872e-10,TON
36061,New York,Fuel Comb - Residential - Wood,2104008615,Pyrene,0.0,LB
36061,New York,Fuel Comb - Residential - Wood,2104008615,Cresol/Cresylic Acid (Mixed Isomers),0.0,LB
36061,New York,Fuel Comb - Residential - Wood,2104008615,Lead,0.0,LB
36061,New York,Fuel Comb - Residential - Wood,2104008615,Fluorene,0.0,LB
36061,New York,Fuel Comb - Residential - Wood,2104008615,PM2.5 Filterable,0.0,TON
36061,New York,Fuel Comb - Residential - Wood,2104008615,Sulfur Dioxide,0.0,TON
36005,Bronx,Fuel Comb - Residential - Wood,2104008500,"Benzo(g,h,i)Fluoranthene",0.0,LB
36085,Richmond,Fuel Comb - Residential - Wood,2104008021,"1,3-Butadiene",290.17,LB
36085,Richmond,Fuel Comb - Residential - Wood,2104008021,Benzo[a]Pyrene,2.78462,LB
36085,Richmond,Fuel Comb - Residential - Wood,2104008021,Ammonia,0.3378351,TON
36085,Richmond,Fuel Comb - Residential - Wood,2104008021,Nitrate portion of PM2.5-PRI,0.0173145,TON
36085,Richmond,Fuel Comb - Residential - Wood,2104008021,Organic Carbon portion of PM2.5-PRI,4.81344,TON
36081,Queens,Fuel Comb - Residential - Other,2104002000,Anthracene,0.0,LB
36081,Queens,Fuel Comb - Residential - Other,2104002000,Chrysene,0.0,LB
36081,Queens,Fuel Comb - Residential - Other,2104002000,Formaldehyde,0.0,LB
36081,Queens,Fuel Comb - Residential - Other,2104002000,2-Chloroacetophenone,0.0,LB
36081,Queens,Fuel Comb - Residential - Other,2104002000,Organic Carbon portion of PM2.5-PRI,0.0,TON
36061,New York,Fuel Comb - Residential - Wood,2104008100,1-Methylnaphthalene,5.16826e-09,LB
36061,New York,Fuel Comb - Residential - Wood,2104008100,Acetophenone,1.901534e-09,LB
36085,Richmond,Fuel Comb - Residential - Wood,2104008615,Fluoranthene,6.64354e-12,LB
36085,Richmond,Fuel Comb - Residential - Wood,2104008615,Formaldehyde,2.53762e-09,LB
36005,Bronx,Fuel Comb - Residential - Wood,2104008530,Benzene,0.0,LB
36005,Bronx,Fuel Comb - Residential - Wood,2104008530,Acenaphthene,0.0,LB
36005,Bronx,Fuel Comb - Residential - Wood,2104008530,Acetophenone,0.0,LB
36085,Richmond,Fuel Comb - Residential - Wood,2104008700,Propionaldehyde,1.469482e-07,LB
36085,Richmond,Fuel Comb - Residential - Wood,2104008700,Manganese,5.695696e-11,LB
36085,Richmond,Fuel Comb - Residential - Wood,2104008700,Acetaldehyde,9.8196e-07,LB
36085,Richmond,Fuel Comb - Residential - Natural Gas,2104006000,Nitrogen Oxides,620.1694,TON
36081,Queens,Fuel Comb - Residential - Wood,2104008500,1-Methylnaphthalene,0.0,LB
36081,Queens,Fuel Comb - Residential - Wood,2104008500,Naphthalene,0.0,LB
36081,Queens,Fuel Comb - Residential - Wood,2104008500,Ammonia,0.0,TON
36081,Queens,Fuel Comb - Residential - Wood,2104008500,Sulfur Dioxide,0.0,TON
36081,Queens,Fuel Comb - Residential - Wood,2104008630,Arsenic,0.0,LB
36085,Richmond,Fuel Comb - Residential - Oil,2104011000,Anthracene,0.0001928734,LB
36085,Richmond,Fuel Comb - Residential - Oil,2104011000,Carbon Monoxide,0.3945137,TON
36081,Queens,Fuel Comb - Residential - Oil,2104004000,Fluorene,0.223236,LB
36081,Queens,Fuel Comb - Residential - Oil,2104004000,PM2.5 Primary (Filt + Cond),53.18686,TON
36081,Queens,Fuel Comb - Residential - Wood,2104008011,2-Methylnaphthalene,14.43502,LB
36047,Kings,Fuel Comb - Residential - Other,2104007000,Ammonia,0.4603567,TON
36085,Richmond,Fuel Comb - Residential - Wood,2104009000,Volatile Organic Compounds,8.212787,TON
36081,Queens,Fuel Comb - Residential - Oil,2104004000,Benzene,10.68732,LB
36085,Richmond,Fuel Comb - Residential - Wood,2104008614,o-Xylene,1.022034e-10,LB
36085,Richmond,Fuel Comb - Residential - Wood,2104008614,Acetophenone,2.20218e-11,LB
36085,Richmond,Fuel Comb - Residential - Wood,2104008614,PM2.5 Primary (Filt + Cond),3.68578e-11,TON
36061,New York,Fuel Comb - Residential - Wood,2104008530,Phenol,0.0,LB
36061,New York,Fuel Comb - Residential - Wood,2104008530,2-Methylnaphthalene,0.0,LB
36061,New York,Fuel Comb - Residential - Wood,2104008530,o-Xylene,0.0,LB
36061,New York,Fuel Comb - Residential - Wood,2104008630,Ethyl Benzene,0.0,LB
36061,New York,Fuel Comb - Residential - Wood,2104008630,Hydroquinone,0.0,LB
36061,New York,Fuel Comb - Residential - Wood,2104008630,Acetophenone,0.0,LB
36085,Richmond,Fuel Comb - Residential - Wood,2104008630,Cresol/Cresylic Acid (Mixed Isomers),5.75964e-10,LB
36085,Richmond,Fuel Comb - Residential - Wood,2104008630,Acenaphthylene,2.2813e-11,LB
36085,Richmond,Fuel Comb - Residential - Wood,2104008630,Mercury,1.842e-14,LB
36085,Richmond,Fuel Comb - Residential - Wood,2104008630,Acetophenone,4.78336e-12,LB
36081,Queens,Fuel Comb - Residential - Wood,2104008611,Fluoranthene,0.0,LB
36085,Richmond,Fuel Comb - Residential - Wood,2104008031,Cresol/Cresylic Acid (Mixed Isomers),171.2312,LB
36085,Richmond,Fuel Comb - Residential - Wood,2104008031,Ammonia,0.0850641,TON
36085,Richmond,Fuel Comb - Residential - Wood,2104008031,PM Condensible,0.04030279,TON
36085,Richmond,Fuel Comb - Residential - Wood,2104008031,PM10 Filterable,0.8172033,TON
36047,Kings,Fuel Comb - Residential - Other,2104002000,Benz[a]Anthracene,0.0,LB
36047,Kings,Fuel Comb - Residential - Other,2104002000,Acenaphthene,0.0,LB
36005,Bronx,Fuel Comb - Residential - Wood,2104008630,PM10 Filterable,0.0,TON
36005,Bronx,Fuel Comb - Residential - Wood,2104008630,Sulfate Portion of PM2.5-PRI,0.0,TON
36061,New York,Fuel Comb - Residential - Wood,2104008011,PM10 Filterable,0.02413622,TON
36061,New York,Fuel Comb - Residential - Wood,2104008011,Benzo[k]Fluoranthene,0.00108954,LB
36061,New York,Fuel Comb - Residential - Wood,2104008011,Benzene,3.16044,LB
36061,New York,Fuel Comb - Residential - Wood,2104008011,Mercury,6.938787e-06,LB
36081,Queens,Fuel Comb - Residential - Wood,2104008021,Benzo[k]Fluoranthene,1.212378,LB
36047,Kings,Fuel Comb - Residential - Oil,2104011000,"Indeno[1,2,3-c,d]Pyrene",0.00330454,LB
36047,Kings,Fuel Comb - Residential - Oil,2104011000,Acetaldehyde,7.7093,LB
36047,Kings,Fuel Comb - Residential - Oil,2104011000,PM10 Filterable,0.8464744,TON
36047,Kings,Fuel Comb - Residential - Wood,2104009000,Nitrogen Oxides,0.8706338,TON
36047,Kings,Fuel Comb - Residential - Wood,2104009000,PM2.5 Primary (Filt + Cond),3.217855,TON
36081,Queens,Fuel Comb - Residential - Wood,2104008500,m-Xylene,0.0,LB
36061,New York,Fuel Comb - Residential - Wood,2104008530,Hydroquinone,0.0,LB
36061,New York,Fuel Comb - Residential - Wood,2104008630,Toluene,0.0,LB
36085,Richmond,Fuel Comb - Residential - Wood,2104008630,m-Xylene,7.359e-11,LB
36081,Queens,Fuel Comb - Residential - Wood,2104008611,1-Methylnaphthalene,0.0,LB
36085,Richmond,Fuel Comb - Residential - Wood,2104008031,m-Xylene,21.878,LB
36005,Bronx,Fuel Comb - Residential - Wood,2104008630,Carbon Monoxide,0.0,TON
36061,New York,Fuel Comb - Residential - Wood,2104008011,PM2.5 Filterable,0.02413622,TON
36061,New York,Fuel Comb - Residential - Wood,2104008011,"Benzo[g,h,i,]Perylene",0.00043025,LB
36061,New York,Fuel Comb - Residential - Wood,2104008011,2-Methylphenanthrene,0.01534834,LB
36061,New York,Fuel Comb - Residential - Wood,2104008011,Lead,0.0013055184,LB
36061,New York,Fuel Comb - Residential - Wood,2104008011,Arsenic,2.41562e-06,LB
36061,New York,Fuel Comb - Residential - Wood,2104008011,Cadmium,0.0002929292,LB
36081,Queens,Fuel Comb - Residential - Wood,2104008021,Benzo[a]Pyrene,2.3315,LB
36081,Queens,Fuel Comb - Residential - Wood,2104008021,Mercury,0.003398682,LB
36081,Queens,Fuel Comb - Residential - Wood,2104008021,Acetophenone,8.09844,LB
36081,Queens,Fuel Comb - Residential - Wood,2104008021,Remaining PMFINE portion of PM2.5-PRI,3.12853,TON
36047,Kings,Fuel Comb - Residential - Oil,2104011000,Chromium III,0.5423634,LB
36047,Kings,Fuel Comb - Residential - Oil,2104011000,Volatile Organic Compounds,0.5501115,TON
36047,Kings,Fuel Comb - Residential - Wood,2104009000,Carbon Monoxide,14.17216,TON
36081,Queens,Fuel Comb - Residential - Wood,2104008500,Anthracene,0.0,LB
36081,Queens,Fuel Comb - Residential - Wood,2104008500,Formaldehyde,0.0,LB
36085,Richmond,Fuel Comb - Residential - Wood,2104008011,Perylene,0.046213,LB
36061,New York,Fuel Comb - Residential - Other,2104001000,Ethylene Dichloride,0.0,LB
36061,New York,Fuel Comb - Residential - Other,2104001000,Benzene,0.0,LB
36061,New York,Fuel Comb - Residential - Other,2104001000,Methyl Bromide,0.0,LB
36061,New York,Fuel Comb - Residential - Other,2104001000,Acetophenone,0.0,LB
36061,New York,Fuel Comb - Residential - Other,2104001000,Carbon Monoxide,0.0,TON
36081,Queens,Fuel Comb - Residential - Wood,2104008700,Catechol,0.0,LB
36081,Queens,Fuel Comb - Residential - Wood,2104008700,Nickel,0.0,LB
36081,Queens,Fuel Comb - Residential - Wood,2104008700,o-Xylene,0.0,LB
36085,Richmond,Fuel Comb - Residential - Other,2104002000,Ethylene Dibromide,0.0,LB
36085,Richmond,Fuel Comb - Residential - Other,2104002000,2-Chloroacetophenone,0.0,LB
36085,Richmond,Fuel Comb - Residential - Other,2104002000,Cyanide,0.0,LB
36085,Richmond,Fuel Comb - Residential - Other,2104002000,Chloroform,0.0,LB
36085,Richmond,Fuel Comb - Residential - Other,2104002000,Carbon Monoxide,0.0,TON
36081,Queens,Fuel Comb - Residential - Other,2104001000,Fluorene,0.0,LB
36081,Queens,Fuel Comb - Residential - Other,2104001000,Acetophenone,0.0,LB
36081,Queens,Fuel Comb - Residential - Other,2104001000,Nitrogen Oxides,0.0,TON
36081,Queens,Fuel Comb - Residential - Other,2104001000,Sulfur Dioxide,0.0,TON
36005,Bronx,Fuel Comb - Residential - Wood,2104008700,Ethyl Benzene,0.0,LB
36005,Bronx,Fuel Comb - Residential - Wood,2104008700,Acrolein,0.0,LB
36005,Bronx,Fuel Comb - Residential - Wood,2104008700,Phenanthrene,0.0,LB
36085,Richmond,Fuel Comb - Residential - Wood,2104008100,Sulfate Portion of PM2.5-PRI,0.023323,TON
36005,Bronx,Fuel Comb - Residential - Oil,2104011000,Organic Carbon portion of PM2.5-PRI,0.520911,TON
36005,Bronx,Fuel Comb - Residential - Wood,2104008021,Propionaldehyde,87.5768,LB
36005,Bronx,Fuel Comb - Residential - Wood,2104008021,Pyrene,0.64223,LB
36005,Bronx,Fuel Comb - Residential - Wood,2104008021,Acenaphthylene,6.38796,LB
36005,Bronx,Fuel Comb - Residential - Wood,2104008021,PM2.5 Filterable,1.202629,TON
36005,Bronx,Fuel Comb - Residential - Other,2104001000,Acrolein,0.0,LB
36085,Richmond,Fuel Comb - Residential - Wood,2104008530,m-Xylene,9.19876e-11,LB
36085,Richmond,Fuel Comb - Residential - Wood,2104008530,Sulfate Portion of PM2.5-PRI,2.03e-14,TON
36005,Bronx,Fuel Comb - Residential - Natural Gas,2104006000,Ammonia,246.6204,TON
36081,Queens,Fuel Comb - Residential - Wood,2104008100,Nitrogen Oxides,0.03462267,TON
36081,Queens,Fuel Comb - Residential - Wood,2104008100,Volatile Organic Compounds,0.2516802,TON
36047,Kings,Fuel Comb - Residential - Wood,2104008021,Methylchrysene,0.0223794,LB
36047,Kings,Fuel Comb - Residential - Wood,2104008021,Benzene,128.1166,LB
36047,Kings,Fuel Comb - Residential - Wood,2104008021,Elemental Carbon portion of PM2.5-PRI,0.0685852,TON
36081,Queens,Fuel Comb - Residential - Wood,2104008530,"1,3-Butadiene",0.0,LB
36081,Queens,Fuel Comb - Residential - Wood,2104008530,Toluene,0.0,LB
36081,Queens,Fuel Comb - Residential - Wood,2104008530,Phenol,0.0,LB
36081,Queens,Fuel Comb - Residential - Wood,2104008530,Fluoranthene,0.0,LB
36081,Queens,Fuel Comb - Residential - Wood,2104008530,Formaldehyde,0.0,LB
36081,Queens,Fuel Comb - Residential - Wood,2104008530,Cadmium,0.0,LB
36081,Queens,Fuel Comb - Residential - Wood,2104008530,Fluorene,0.0,LB
36047,Kings,Fuel Comb - Residential - Wood,2104008611,"Benzo(g,h,i)Fluoranthene",0.0,LB
36047,Kings,Fuel Comb - Residential - Wood,2104008611,Acenaphthylene,0.0,LB
36047,Kings,Fuel Comb - Residential - Wood,2104008611,1-Methylphenanthrene,0.0,LB
36047,Kings,Fuel Comb - Residential - Wood,2104008611,Volatile Organic Compounds,0.0,TON
36047,Kings,Fuel Comb - Residential - Wood,2104008500,Acenaphthylene,0.0,LB
36047,Kings,Fuel Comb - Residential - Wood,2104008500,Arsenic,0.0,LB
36047,Kings,Fuel Comb - Residential - Wood,2104008500,Organic Carbon portion of PM2.5-PRI,0.0,TON
36047,Kings,Fuel Comb - Residential - Wood,2104008611,Toluene,0.0,LB
36005,Bronx,Fuel Comb - Residential - Wood,2104008031,Manganese,0.003302661,LB
36005,Bronx,Fuel Comb - Residential - Wood,2104008031,Acetophenone,0.1969254,LB
36005,Bronx,Fuel Comb - Residential - Wood,2104008031,PM2.5 Primary (Filt + Cond),0.1187461,TON
36061,New York,Fuel Comb - Residential - Other,2104002000,Ethylene Dichloride,0.0,LB
36061,New York,Fuel Comb - Residential - Other,2104002000,Phenol,0.0,LB
36061,New York,Fuel Comb - Residential - Other,2104002000,Hexane,0.0,LB
36061,New York,Fuel Comb - Residential - Other,2104002000,Formaldehyde,0.0,LB
36061,New York,Fuel Comb - Residential - Other,2104002000,Naphthalene,0.0,LB
36061,New York,Fuel Comb - Residential - Other,2104002000,Sulfate Portion of PM2.5-PRI,0.0,TON
36061,New York,Fuel Comb - Residential - Other,2104002000,Volatile Organic Compounds,0.0,TON
36005,Bronx,Fuel Comb - Residential - Wood,2104008400,Chrysene,0.0,LB
36005,Bronx,Fuel Comb - Residential - Wood,2104008400,Fluorene,0.0,LB
36005,Bronx,Fuel Comb - Residential - Wood,2104008400,PM Condensible,0.0,TON
36005,Bronx,Fuel Comb - Residential - Wood,2104008400,PM2.5 Primary (Filt + Cond),0.0,TON
36005,Bronx,Fuel Comb - Residential - Wood,2104008400,Ethyl Benzene,0.0,LB
36047,Kings,Fuel Comb - Residential - Wood,2104008011,Perylene,0.0062331,LB
36061,New York,Fuel Comb - Residential - Other,2104007000,Fluoranthene,0.00308524,LB
36061,New York,Fuel Comb - Residential - Other,2104007000,Remaining PMFINE portion of PM2.5-PRI,0.0592749,TON
36005,Bronx,Fuel Comb - Residential - Oil,2104004000,"Indeno[1,2,3-c,d]Pyrene",0.1531138,LB
36005,Bronx,Fuel Comb - Residential - Oil,2104004000,Selenium,150.75266,LB
36005,Bronx,Fuel Comb - Residential - Oil,2104004000,Acenaphthene,1.509674,LB
36061,New York,Fuel Comb - Residential - Wood,2104008612,Fluoranthene,0.0,LB
36061,New York,Fuel Comb - Residential - Wood,2104008612,Lead,0.0,LB
36061,New York,Fuel Comb - Residential - Wood,2104008612,Phenanthrene,0.0,LB
36061,New York,Fuel Comb - Residential - Wood,2104008612,Naphthalene,0.0,LB
36061,New York,Fuel Comb - Residential - Wood,2104008612,2-Methylnaphthalene,0.0,LB
36061,New York,Fuel Comb - Residential - Wood,2104008612,Organic Carbon portion of PM2.5-PRI,0.0,TON
36061,New York,Fuel Comb - Residential - Wood,2104008612,PM10 Filterable,0.0,TON
36085,Richmond,Fuel Comb - Residential - Wood,2104008612,Fluorene,1.934252e-11,LB
36085,Richmond,Fuel Comb - Residential - Wood,2104008612,PM2.5 Filterable,7.57393e-12,TON
36085,Richmond,Fuel Comb - Residential - Wood,2104008400,Fluorene,0.0,LB
36085,Richmond,Fuel Comb - Residential - Wood,2104008400,o-Xylene,0.0,LB
36085,Richmond,Fuel Comb - Residential - Wood,2104008400,"1,3-Butadiene",0.0,LB
36005,Bronx,Fuel Comb - Residential - Wood,2104008614,Ethyl Benzene,0.0,LB
36005,Bronx,Fuel Comb - Residential - Wood,2104008614,Nickel,0.0,LB
36005,Bronx,Fuel Comb - Residential - Wood,2104008614,Acetaldehyde,0.0,LB
36005,Bronx,Fuel Comb - Residential - Wood,2104008614,Phenanthrene,0.0,LB
36005,Bronx,Fuel Comb - Residential - Wood,2104008614,o-Xylene,0.0,LB
36005,Bronx,Fuel Comb - Residential - Wood,2104008614,Nitrate portion of PM2.5-PRI,0.0,TON
36005,Bronx,Fuel Comb - Residential - Wood,2104009000,Nitrogen Oxides,0.4571078,TON
36081,Queens,Fuel Comb - Residential - Wood,2104008614,o-Xylene,0.0,LB
36081,Queens,Fuel Comb - Residential - Wood,2104008614,PM10 Filterable,0.0,TON
36081,Queens,Fuel Comb - Residential - Natural Gas,2104006000,Fluorene,0.156531,LB
36047,Kings,Fuel Comb - Residential - Other,2104001000,Hydrochloric Acid,0.0,LB
36047,Kings,Fuel Comb - Residential - Other,2104001000,Selenium,0.0,LB
36047,Kings,Fuel Comb - Residential - Other,2104001000,Organic Carbon portion of PM2.5-PRI,0.0,TON
36047,Kings,Fuel Comb - Residential - Other,2104001000,Tetrachloroethylene,0.0,LB
36047,Kings,Fuel Comb - Residential - Other,2104001000,Cadmium,0.0,LB
36081,Queens,Fuel Comb - Residential - Wood,2104008031,Carbon Monoxide,4.609463,TON
36081,Queens,Fuel Comb - Residential - Wood,2104008031,PM2.5 Primary (Filt + Cond),0.7179716,TON
36081,Queens,Fuel Comb - Residential - Wood,2104008031,Sulfate Portion of PM2.5-PRI,0.00294368,TON
36081,Queens,Fuel Comb - Residential - Other,2104007000,Sulfur Dioxide,0.4848068,TON
36081,Queens,Fuel Comb - Residential - Other,2104007000,Fluorene,0.00474664,LB
36081,Queens,Fuel Comb - Residential - Wood,2104008031,Acrolein,19.23382,LB
36047,Kings,Fuel Comb - Residential - Oil,2104004000,Naphthalene,45.56,LB
36005,Bronx,Fuel Comb - Residential - Wood,2104008100,Pyrene,0.000578516,LB
36005,Bronx,Fuel Comb - Residential - Wood,2104008100,Acenaphthylene,0.00575422,LB
36005,Bronx,Fuel Comb - Residential - Wood,2104008100,2-Methylphenanthrene,0.000575422,LB
36005,Bronx,Fuel Comb - Residential - Wood,2104008100,Organic Carbon portion of PM2.5-PRI,0.00140264,TON
36047,Kings,Fuel Comb - Residential - Wood,2104008031,Sulfate Portion of PM2.5-PRI,0.000474199,TON
36047,Kings,Fuel Comb - Residential - Wood,2104008031,Volatile Organic Compounds,0.3380782,TON
36061,New York,Fuel Comb - Residential - Oil,2104011000,Phenanthrene,0.027316,LB
36061,New York,Fuel Comb - Residential - Oil,2104011000,Volatile Organic Compounds,0.9083984,TON
36061,New York,Fuel Comb - Residential - Wood,2104009000,Acenaphthene,0.0,LB
36061,New York,Fuel Comb - Residential - Wood,2104009000,Nitrogen Oxides,0.0,TON
36047,Kings,Fuel Comb - Residential - Wood,2104008031,"1,3-Butadiene",5.75414,LB
36047,Kings,Fuel Comb - Residential - Wood,2104008031,Formaldehyde,57.2954,LB
36047,Kings,Fuel Comb - Residential - Wood,2104008400,Propionaldehyde,0.0,LB
36047,Kings,Fuel Comb - Residential - Wood,2104008400,Benzene,0.0,LB
36047,Kings,Fuel Comb - Residential - Wood,2104008400,Naphthalene,0.0,LB
36061,New York,Fuel Comb - Residential - Wood,2104008021,Benzo[k]Fluoranthene,0.01039586,LB
36061,New York,Fuel Comb - Residential - Wood,2104008021,Acenaphthylene,0.331186,LB
36061,New York,Fuel Comb - Residential - Wood,2104008021,Acetaldehyde,30.341,LB
36061,New York,Fuel Comb - Residential - Wood,2104008021,o-Xylene,0.322284,LB
36061,New York,Fuel Comb - Residential - Wood,2104008021,Acetophenone,0.0694424,LB
36085,Richmond,Fuel Comb - Residential - Wood,2104008611,2-Methylphenanthrene,9.66246e-10,LB
36085,Richmond,Fuel Comb - Residential - Wood,2104008611,Acetophenone,2.026e-09,LB
36005,Bronx,Fuel Comb - Residential - Wood,2104008611,2-Methylphenanthrene,0.0,LB
36061,New York,Fuel Comb - Residential - Wood,2104008400,Naphthalene,0.0,LB
36061,New York,Fuel Comb - Residential - Wood,2104008400,o-Xylene,0.0,LB
36061,New York,Fuel Comb - Residential - Wood,2104008400,Acetophenone,0.0,LB
36005,Bronx,Fuel Comb - Residential - Other,2104007000,Pyrene,0.00469458,LB
36005,Bronx,Fuel Comb - Residential - Other,2104007000,Organic Carbon portion of PM2.5-PRI,0.0940665,TON
36061,New York,Fuel Comb - Residential - Natural Gas,2104006000,Benzene,76.0588,LB
36081,Queens,Fuel Comb - Residential - Oil,2104011000,Acetaldehyde,9.54918,LB
36061,New York,Fuel Comb - Residential - Wood,2104008500,Carbon Monoxide,0.0,TON
36061,New York,Fuel Comb - Residential - Wood,2104008500,PM2.5 Filterable,0.0,TON
36061,New York,Fuel Comb - Residential - Wood,2104008500,Sulfur Dioxide,0.0,TON
36061,New York,Fuel Comb - Residential - Wood,2104008500,Toluene,0.0,LB
36061,New York,Fuel Comb - Residential - Wood,2104008500,Formaldehyde,0.0,LB
36061,New York,Fuel Comb - Residential - Wood,2104008500,Nickel,0.0,LB
36005,Bronx,Fuel Comb - Residential - Other,2104002000,Acrolein,0.0,LB
36005,Bronx,Fuel Comb - Residential - Other,2104002000,Xylenes (Mixed Isomers),0.0,LB
36005,Bronx,Fuel Comb - Residential - Other,2104002000,Methyl Tert-Butyl Ether,0.0,LB
36081,Queens,Fuel Comb - Residential - Wood,2104008400,Chrysene,0.0,LB
36081,Queens,Fuel Comb - Residential - Wood,2104008615,Formaldehyde,0.0,LB
36081,Queens,Fuel Comb - Residential - Wood,2104008615,Mercury,0.0,LB
36081,Queens,Fuel Comb - Residential - Wood,2104008615,Nickel,0.0,LB
36081,Queens,Fuel Comb - Residential - Wood,2104008615,1-Methylnaphthalene,0.0,LB
36081,Queens,Fuel Comb - Residential - Wood,2104008615,Naphthalene,0.0,LB
36047,Kings,Fuel Comb - Residential - Wood,2104008100,Nitrogen Oxides,0.0002530784,TON
36047,Kings,Fuel Comb - Residential - Wood,2104008100,Cresol/Cresylic Acid (Mixed Isomers),0.125675,LB
36047,Kings,Fuel Comb - Residential - Wood,2104008100,Mercury,7.787026e-07,LB
36005,Bronx,Fuel Comb - Residential - Wood,2104008615,Toluene,0.0,LB
36005,Bronx,Fuel Comb - Residential - Wood,2104008615,Remaining PMFINE portion of PM2.5-PRI,0.0,TON
36047,Kings,Fuel Comb - Residential - Wood,2104008630,Phenol,0.0,LB
36047,Kings,Fuel Comb - Residential - Wood,2104008630,Carbon Monoxide,0.0,TON
36047,Kings,Fuel Comb - Residential - Wood,2104008614,Hydroquinone,0.0,LB
36047,Kings,Fuel Comb - Residential - Wood,2104008614,Lead,0.0,LB
36047,Kings,Fuel Comb - Residential - Wood,2104008614,Manganese,0.0,LB
36047,Kings,Fuel Comb - Residential - Wood,2104008614,Sulfate Portion of PM2.5-PRI,0.0,TON
36061,New York,Fuel Comb - Residential - Wood,2104008031,Benzene,1.002642,LB
36061,New York,Fuel Comb - Residential - Wood,2104008031,Fluorene,0.01162332,LB
36061,New York,Fuel Comb - Residential - Wood,2104008031,1-Methylnaphthalene,0.0277494,LB
36005,Bronx,Fuel Comb - Residential - Wood,2104008011,Anthracene,0.547516,LB
36005,Bronx,Fuel Comb - Residential - Wood,2104008011,Nickel,0.0003674863,LB
36047,Kings,Fuel Comb - Residential - Wood,2104008700,Nitrate portion of PM2.5-PRI,0.0,TON
36047,Kings,Fuel Comb - Residential - Wood,2104008700,PM2.5 Primary (Filt + Cond),0.0,TON
36081,Queens,Fuel Comb - Residential - Wood,2104009000,"Benzo[g,h,i,]Perylene",0.1264128,LB
36047,Kings,Fuel Comb - Residential - Wood,2104008530,Anthracene,0.0,LB
36047,Kings,Fuel Comb - Residential - Wood,2104008700,Ethyl Benzene,0.0,LB
36047,Kings,Fuel Comb - Residential - Wood,2104008530,Propionaldehyde,0.0,LB
36047,Kings,Fuel Comb - Residential - Wood,2104008530,Fluoranthene,0.0,LB
36047,Kings,Fuel Comb - Residential - Wood,2104008530,Manganese,0.0,LB
36047,Kings,Fuel Comb - Residential - Wood,2104008530,Cadmium,0.0,LB
36047,Kings,Fuel Comb - Residential - Wood,2104008530,1-Methylphenanthrene,0.0,LB
36047,Kings,Fuel Comb - Residential - Wood,2104008530,Acetophenone,0.0,LB
36085,Richmond,Fuel Comb - Residential - Other,2104001000,Formaldehyde,0.0,LB
36085,Richmond,Fuel Comb - Residential - Other,2104001000,Benzofluoranthenes,0.0,LB
36085,Richmond,Fuel Comb - Residential - Other,2104001000,Methylene Chloride,0.0,LB
36085,Richmond,Fuel Comb - Residential - Other,2104001000,Phenanthrene,0.0,LB
36005,Bronx,Fuel Comb - Residential - Wood,2104008612,Mercury,0.0,LB
36005,Bronx,Fuel Comb - Residential - Wood,2104008612,Volatile Organic Compounds,0.0,TON
36047,Kings,Fuel Comb - Residential - Wood,2104008612,Toluene,0.0,LB
36047,Kings,Fuel Comb - Residential - Wood,2104008612,Phenol,0.0,LB
36047,Kings,Fuel Comb - Residential - Wood,2104008612,Catechol,0.0,LB
36047,Kings,Fuel Comb - Residential - Wood,2104008612,Propionaldehyde,0.0,LB
36047,Kings,Fuel Comb - Residential - Wood,2104008612,Volatile Organic Compounds,0.0,TON
36005,Bronx,Fuel Comb - Residential - Wood,2104008612,Toluene,0.0,LB
36081,Queens,Fuel Comb - Residential - Wood,2104008612,Acrolein,0.0,LB
36081,Queens,Fuel Comb - Residential - Wood,2104008612,Phenol,0.0,LB
36081,Queens,Fuel Comb - Residential - Wood,2104008612,Mercury,0.0,LB
36081,Queens,Fuel Comb - Residential - Wood,2104008612,Nickel,0.0,LB
36085,Richmond,Fuel Comb - Residential - Wood,2104008500,Acenaphthylene,1.124284e-09,LB
36085,Richmond,Fuel Comb - Residential - Wood,2104008500,Formaldehyde,7.04188e-08,LB
36085,Richmond,Fuel Comb - Residential - Wood,2104008500,Lead,5.345512e-11,LB
36085,Richmond,Fuel Comb - Residential - Wood,2104008500,Naphthalene,1.37211e-08,LB
36085,Richmond,Fuel Comb - Residential - Wood,2104008500,Remaining PMFINE portion of PM2.5-PRI,4.01904e-10,TON
36085,Richmond,Fuel Comb - Residential - Wood,2104008500,Sulfate Portion of PM2.5-PRI,4.01877e-12,TON
36005,Bronx,Fuel Comb - Residential - Wood,2104008500,Acetaldehyde,0.0,LB
36005,Bronx,Fuel Comb - Residential - Wood,2104008500,Sulfate Portion of PM2.5-PRI,0.0,TON
36061,New York,Fuel Comb - Residential - Wood,2104008615,Acenaphthylene,0.0,LB
36061,New York,Fuel Comb - Residential - Wood,2104008615,Acetophenone,0.0,LB
36061,New York,Fuel Comb - Residential - Wood,2104008615,PM2.5 Primary (Filt + Cond),0.0,TON
36005,Bronx,Fuel Comb - Residential - Wood,2104008500,Anthracene,0.0,LB
36005,Bronx,Fuel Comb - Residential - Wood,2104008500,Lead,0.0,LB
36005,Bronx,Fuel Comb - Residential - Wood,2104008500,Nickel,0.0,LB
36085,Richmond,Fuel Comb - Residential - Wood,2104008021,Cresol/Cresylic Acid (Mixed Isomers),1164.65,LB
36085,Richmond,Fuel Comb - Residential - Wood,2104008021,Benzo[k]Fluoranthene,1.447998,LB
36085,Richmond,Fuel Comb - Residential - Wood,2104008021,Cadmium,0.111966,LB
36081,Queens,Fuel Comb - Residential - Other,2104002000,Vinyl Acetate,0.0,LB
36081,Queens,Fuel Comb - Residential - Other,2104002000,Hexane,0.0,LB
36061,New York,Fuel Comb - Residential - Wood,2104008100,Catechol,1.521226e-07,LB
36061,New York,Fuel Comb - Residential - Wood,2104008100,PM10 Filterable,3.988457e-09,TON
36085,Richmond,Fuel Comb - Residential - Wood,2104008615,Benzene,8.34256e-10,LB
36085,Richmond,Fuel Comb - Residential - Wood,2104008615,2-Methylnaphthalene,3.26732e-11,LB
36085,Richmond,Fuel Comb - Residential - Wood,2104008615,Ammonia,9.7903e-13,TON
36005,Bronx,Fuel Comb - Residential - Wood,2104008530,Manganese,0.0,LB
36005,Bronx,Fuel Comb - Residential - Wood,2104008530,Arsenic,0.0,LB
36005,Bronx,Fuel Comb - Residential - Wood,2104008530,Naphthalene,0.0,LB
36005,Bronx,Fuel Comb - Residential - Wood,2104008530,Organic Carbon portion of PM2.5-PRI,0.0,TON
36085,Richmond,Fuel Comb - Residential - Wood,2104008700,Acetophenone,2.24744e-09,LB
36085,Richmond,Fuel Comb - Residential - Wood,2104008700,Elemental Carbon portion of PM2.5-PRI,2.76014e-10,TON
36085,Richmond,Fuel Comb - Residential - Wood,2104008700,Nitrate portion of PM2.5-PRI,9.39833e-12,TON
36085,Richmond,Fuel Comb - Residential - Wood,2104008700,PM10 Filterable,4.714004e-09,TON
36085,Richmond,Fuel Comb - Residential - Natural Gas,2104006000,Elemental Carbon portion of PM2.5-PRI,0.190075,TON
36085,Richmond,Fuel Comb - Residential - Wood,2104008011,Volatile Organic Compounds,7.900944,TON
36081,Queens,Fuel Comb - Residential - Wood,2104008630,Cadmium,0.0,LB
36081,Queens,Fuel Comb - Residential - Wood,2104008630,1-Methylphenanthrene,0.0,LB
36081,Queens,Fuel Comb - Residential - Wood,2104008630,Fluorene,0.0,LB
36081,Queens,Fuel Comb - Residential - Wood,2104008630,PM10 Filterable,0.0,TON
36085,Richmond,Fuel Comb - Residential - Other,2104007000,Naphthalene,0.1719544,LB
36085,Richmond,Fuel Comb - Residential - Other,2104007000,PM2.5 Primary (Filt + Cond),0.05765529,TON
36061,New York,Fuel Comb - Residential - Oil,2104004000,Nitrogen Oxides,599.2012,TON
36061,New York,Fuel Comb - Residential - Oil,2104004000,Organic Carbon portion of PM2.5-PRI,17.7264,TON
36061,New York,Fuel Comb - Residential - Oil,2104004000,PM Condensible,43.27564,TON
36061,New York,Fuel Comb - Residential - Oil,2104004000,PM2.5 Primary (Filt + Cond),70.90547,TON
36085,Richmond,Fuel Comb - Residential - Oil,2104011000,Chromium III,0.05455004,LB
36081,Queens,Fuel Comb - Residential - Oil,2104004000,Phenanthrene,0.524378,LB
36081,Queens,Fuel Comb - Residential - Oil,2104004000,Naphthalene,56.433,LB
36081,Queens,Fuel Comb - Residential - Wood,2104008011,Acrolein,60.6272,LB
36081,Queens,Fuel Comb - Residential - Wood,2104008011,2-Methylphenanthrene,1.789944,LB
36081,Queens,Fuel Comb - Residential - Wood,2104008011,Benzene,368.574,LB
36081,Queens,Fuel Comb - Residential - Wood,2104008011,Cadmium,0.03416177,LB
36081,Queens,Fuel Comb - Residential - Wood,2104008011,Acetaldehyde,1639.82,LB
36081,Queens,Fuel Comb - Residential - Wood,2104008011,o-Xylene,17.41826,LB
36085,Richmond,Fuel Comb - Residential - Wood,2104009000,Fluorene,2.27534,LB
36085,Richmond,Fuel Comb - Residential - Wood,2104009000,Sulfate Portion of PM2.5-PRI,0.0241733,TON
36081,Queens,Fuel Comb - Residential - Oil,2104004000,Manganese,42.09004,LB
36081,Queens,Fuel Comb - Residential - Oil,2104004000,Beryllium,21.04502,LB
36085,Richmond,Fuel Comb - Residential - Wood,2104008614,Acenaphthylene,1.050266e-10,LB
36085,Richmond,Fuel Comb - Residential - Wood,2104008614,PM Condensible,1.73231e-12,TON
36061,New York,Fuel Comb - Residential - Wood,2104008530,Lead,0.0,LB
36061,New York,Fuel Comb - Residential - Wood,2104008530,Manganese,0.0,LB
36061,New York,Fuel Comb - Residential - Wood,2104008530,Acenaphthene,0.0,LB
36061,New York,Fuel Comb - Residential - Wood,2104008630,Catechol,0.0,LB
36085,Richmond,Fuel Comb - Residential - Wood,2104008630,Fluorene,5.44566e-12,LB
36085,Richmond,Fuel Comb - Residential - Wood,2104008630,Nitrogen Oxides,7.27941e-12,TON
36081,Queens,Fuel Comb - Residential - Wood,2104008611,Acetaldehyde,0.0,LB
36081,Queens,Fuel Comb - Residential - Wood,2104008611,Ammonia,0.0,TON
36085,Richmond,Fuel Comb - Residential - Wood,2104008031,Acrolein,22.9718,LB
36085,Richmond,Fuel Comb - Residential - Wood,2104008031,Benzo[e]Pyrene,0.1969096,LB
36085,Richmond,Fuel Comb - Residential - Wood,2104008031,Methylchrysene,0.01951158,LB
36085,Richmond,Fuel Comb - Residential - Wood,2104008031,Nickel,0.01543508,LB
36085,Richmond,Fuel Comb - Residential - Wood,2104008031,o-Xylene,6.59984,LB
36005,Bronx,Fuel Comb - Residential - Wood,2104008630,Cresol/Cresylic Acid (Mixed Isomers),0.0,LB
36061,New York,Fuel Comb - Residential - Wood,2104008011,Benzo[b]Fluoranthene,0.001267204,LB
36061,New York,Fuel Comb - Residential - Wood,2104008530,Formaldehyde,0.0,LB
36061,New York,Fuel Comb - Residential - Wood,2104008630,Elemental Carbon portion of PM2.5-PRI,0.0,TON
36061,New York,Fuel Comb - Residential - Wood,2104008630,Sulfate Portion of PM2.5-PRI,0.0,TON
36085,Richmond,Fuel Comb - Residential - Wood,2104008630,2-Methylnaphthalene,1.839752e-11,LB
36085,Richmond,Fuel Comb - Residential - Wood,2104008630,Organic Carbon portion of PM2.5-PRI,2.09284e-12,TON
36081,Queens,Fuel Comb - Residential - Wood,2104008611,Toluene,0.0,LB
36081,Queens,Fuel Comb - Residential - Wood,2104008611,Catechol,0.0,LB
36081,Queens,Fuel Comb - Residential - Wood,2104008611,Naphthalene,0.0,LB
36085,Richmond,Fuel Comb - Residential - Wood,2104008031,"Benzo[g,h,i,]Perylene",0.0672814,LB
36085,Richmond,Fuel Comb - Residential - Wood,2104008031,Elemental Carbon portion of PM2.5-PRI,0.0478488,TON
36005,Bronx,Fuel Comb - Residential - Wood,2104008630,"1,3-Butadiene",0.0,LB
36047,Kings,Fuel Comb - Residential - Other,2104002000,Benzene,0.0,LB
36047,Kings,Fuel Comb - Residential - Other,2104002000,Phenanthrene,0.0,LB
36047,Kings,Fuel Comb - Residential - Other,2104002000,Carbon Monoxide,0.0,TON
36005,Bronx,Fuel Comb - Residential - Wood,2104008630,PM10 Primary (Filt + Cond),0.0,TON
36005,Bronx,Fuel Comb - Residential - Wood,2104008630,Remaining PMFINE portion of PM2.5-PRI,0.0,TON
36061,New York,Fuel Comb - Residential - Wood,2104008011,Methylchrysene,0.0001250084,LB
36081,Queens,Fuel Comb - Residential - Wood,2104008021,"1,3-Butadiene",242.954,LB
36081,Queens,Fuel Comb - Residential - Wood,2104008021,Benzo[b]Fluoranthene,1.408544,LB
36081,Queens,Fuel Comb - Residential - Wood,2104008021,PM2.5 Filterable,7.271429,TON
36085,Richmond,Fuel Comb - Residential - Wood,2104008011,Benzo[b]Fluoranthene,0.176504,LB
36085,Richmond,Fuel Comb - Residential - Wood,2104008011,Cadmium,0.04080095,LB
36061,New York,Fuel Comb - Residential - Other,2104001000,Benz[a]Anthracene,0.0,LB
36061,New York,Fuel Comb - Residential - Other,2104001000,Lead,0.0,LB
36061,New York,Fuel Comb - Residential - Other,2104001000,Cobalt,0.0,LB
36081,Queens,Fuel Comb - Residential - Wood,2104008700,Phenanthrene,0.0,LB
36081,Queens,Fuel Comb - Residential - Wood,2104008700,1-Methylnaphthalene,0.0,LB
36081,Queens,Fuel Comb - Residential - Wood,2104008700,Elemental Carbon portion of PM2.5-PRI,0.0,TON
36085,Richmond,Fuel Comb - Residential - Other,2104002000,Benzyl Chloride,0.0,LB
36085,Richmond,Fuel Comb - Residential - Other,2104002000,Chlorobenzene,0.0,LB
36085,Richmond,Fuel Comb - Residential - Other,2104002000,Benzo[a]Pyrene,0.0,LB
36085,Richmond,Fuel Comb - Residential - Other,2104002000,Benz[a]Anthracene,0.0,LB
36061,New York,Fuel Comb - Residential - Wood,2104008614,Fluoranthene,0.0,LB
36061,New York,Fuel Comb - Residential - Wood,2104008614,Benzene,0.0,LB
36061,New York,Fuel Comb - Residential - Wood,2104008614,Arsenic,0.0,LB
36081,Queens,Fuel Comb - Residential - Other,2104001000,Benz[a]Anthracene,0.0,LB
36005,Bronx,Fuel Comb - Residential - Wood,2104008700,Benzo[a]Pyrene,0.0,LB
36005,Bronx,Fuel Comb - Residential - Wood,2104008700,Cadmium,0.0,LB
36005,Bronx,Fuel Comb - Residential - Wood,2104008700,Nitrate portion of PM2.5-PRI,0.0,TON
36085,Richmond,Fuel Comb - Residential - Wood,2104008100,Fluorene,2.94246,LB
36005,Bronx,Fuel Comb - Residential - Oil,2104011000,Chrysene,0.0066479,LB
36005,Bronx,Fuel Comb - Residential - Oil,2104011000,Acenaphthene,0.0586418,LB
36005,Bronx,Fuel Comb - Residential - Wood,2104008021,Acrolein,21.6366,LB
36005,Bronx,Fuel Comb - Residential - Wood,2104008021,1-Methylphenanthrene,0.762434,LB
36005,Bronx,Fuel Comb - Residential - Wood,2104008021,Fluorene,1.524868,LB
36005,Bronx,Fuel Comb - Residential - Other,2104001000,Ethyl Benzene,0.0,LB
36005,Bronx,Fuel Comb - Residential - Other,2104001000,Anthracene,0.0,LB
36005,Bronx,Fuel Comb - Residential - Other,2104001000,Acenaphthylene,0.0,LB
36005,Bronx,Fuel Comb - Residential - Other,2104001000,Nickel,0.0,LB
36005,Bronx,Fuel Comb - Residential - Other,2104001000,Methyl Chloride,0.0,LB
36005,Bronx,Fuel Comb - Residential - Other,2104001000,Remaining PMFINE portion of PM2.5-PRI,0.0,TON
36085,Richmond,Fuel Comb - Residential - Wood,2104008530,Lead,2.64915e-12,LB
36085,Richmond,Fuel Comb - Residential - Wood,2104008530,Phenanthrene,2.407e-11,LB
36085,Richmond,Fuel Comb - Residential - Wood,2104008530,2-Methylnaphthalene,2.29968e-11,LB
36085,Richmond,Fuel Comb - Residential - Wood,2104008530,Carbon Monoxide,7.48674e-11,TON
36005,Bronx,Fuel Comb - Residential - Natural Gas,2104006000,Naphthalene,15.04384,LB
36047,Kings,Fuel Comb - Residential - Wood,2104008021,"1,3-Butadiene",39.1374,LB
36047,Kings,Fuel Comb - Residential - Wood,2104008021,2-Methylphenanthrene,0.622186,LB
36047,Kings,Fuel Comb - Residential - Wood,2104008021,1-Methylnaphthalene,3.54578,LB
36047,Kings,Fuel Comb - Residential - Wood,2104008021,Ammonia,0.04556637,TON
36047,Kings,Fuel Comb - Residential - Wood,2104008021,PM2.5 Primary (Filt + Cond),1.229126,TON
36081,Queens,Fuel Comb - Residential - Wood,2104008530,Ethyl Benzene,0.0,LB
36081,Queens,Fuel Comb - Residential - Wood,2104008530,Hydroquinone,0.0,LB
36081,Queens,Fuel Comb - Residential - Wood,2104008530,2-Methylphenanthrene,0.0,LB
36081,Queens,Fuel Comb - Residential - Wood,2104008530,Phenanthrene,0.0,LB
36081,Queens,Fuel Comb - Residential - Wood,2104008530,Remaining PMFINE portion of PM2.5-PRI,0.0,TON
36047,Kings,Fuel Comb - Residential - Wood,2104008611,Propionaldehyde,0.0,LB
36047,Kings,Fuel Comb - Residential - Wood,2104008611,Cresol/Cresylic Acid (Mixed Isomers),0.0,LB
36047,Kings,Fuel Comb - Residential - Wood,2104008611,2-Methylnaphthalene,0.0,LB
36047,Kings,Fuel Comb - Residential - Wood,2104008611,Acetophenone,0.0,LB
36047,Kings,Fuel Comb - Residential - Wood,2104008611,PM Condensible,0.0,TON
36047,Kings,Fuel Comb - Residential - Wood,2104008500,Manganese,0.0,LB
36047,Kings,Fuel Comb - Residential - Wood,2104008500,Nickel,0.0,LB
36005,Bronx,Fuel Comb - Residential - Wood,2104008031,2-Methylnaphthalene,0.757404,LB
36005,Bronx,Fuel Comb - Residential - Wood,2104008031,Carbon Monoxide,0.7623638,TON
36061,New York,Fuel Comb - Residential - Other,2104002000,Methyl Chloride,0.0,LB
36061,New York,Fuel Comb - Residential - Other,2104002000,Hydrochloric Acid,0.0,LB
36061,New York,Fuel Comb - Residential - Other,2104002000,Carbon Monoxide,0.0,TON
36005,Bronx,Fuel Comb - Residential - Wood,2104008400,Manganese,0.0,LB
36005,Bronx,Fuel Comb - Residential - Wood,2104008400,1-Methylphenanthrene,0.0,LB
36005,Bronx,Fuel Comb - Residential - Wood,2104008400,Organic Carbon portion of PM2.5-PRI,0.0,TON
36005,Bronx,Fuel Comb - Residential - Wood,2104008400,PM2.5 Filterable,0.0,TON
36005,Bronx,Fuel Comb - Residential - Wood,2104008400,"Benzo(g,h,i)Fluoranthene",0.0,LB
36047,Kings,Fuel Comb - Residential - Wood,2104008011,Acetaldehyde,264.16,LB
36047,Kings,Fuel Comb - Residential - Wood,2104008011,Acetophenone,0.60459,LB
36047,Kings,Fuel Comb - Residential - Wood,2104008011,Sulfate Portion of PM2.5-PRI,0.00195078,TON
36061,New York,Fuel Comb - Residential - Other,2104007000,Pyrene,0.00511758,LB
36005,Bronx,Fuel Comb - Residential - Oil,2104004000,Anthracene,0.0872892,LB
36005,Bronx,Fuel Comb - Residential - Oil,2104004000,Lead,90.4373,LB
36005,Bronx,Fuel Comb - Residential - Oil,2104004000,Nitrate portion of PM2.5-PRI,0.0,TON
36005,Bronx,Fuel Comb - Residential - Oil,2104004000,PM2.5 Filterable,29.69262,TON
36085,Richmond,Fuel Comb - Residential - Wood,2104008612,o-Xylene,7.88512e-11,LB
36085,Richmond,Fuel Comb - Residential - Wood,2104008612,PM10 Filterable,7.57393e-12,TON
36085,Richmond,Fuel Comb - Residential - Wood,2104008400,Phenanthrene,0.0,LB
36085,Richmond,Fuel Comb - Residential - Wood,2104008400,Nitrate portion of PM2.5-PRI,0.0,TON
36085,Richmond,Fuel Comb - Residential - Wood,2104008400,Remaining PMFINE portion of PM2.5-PRI,0.0,TON
36085,Richmond,Fuel Comb - Residential - Wood,2104008400,Catechol,0.0,LB
36085,Richmond,Fuel Comb - Residential - Wood,2104008400,Fluoranthene,0.0,LB
36005,Bronx,Fuel Comb - Residential - Wood,2104008614,Cadmium,0.0,LB
36005,Bronx,Fuel Comb - Residential - Wood,2104009000,Fluoranthene,0.50922,LB
36005,Bronx,Fuel Comb - Residential - Wood,2104009000,PM Condensible,0.0,TON
36005,Bronx,Fuel Comb - Residential - Wood,2104009000,Remaining PMFINE portion of PM2.5-PRI,0.692729,TON
36081,Queens,Fuel Comb - Residential - Wood,2104008614,m-Xylene,0.0,LB
36081,Queens,Fuel Comb - Residential - Natural Gas,2104006000,PM10 Primary (Filt + Cond),14.53504,TON
36081,Queens,Fuel Comb - Residential - Natural Gas,2104006000,Sulfate Portion of PM2.5-PRI,1.51444,TON
36081,Queens,Fuel Comb - Residential - Natural Gas,2104006000,Volatile Organic Compounds,153.7359,TON
36061,New York,Fuel Comb - Residential - Wood,2104008700,Naphthalene,0.0,LB
36061,New York,Fuel Comb - Residential - Wood,2104008700,Nitrate portion of PM2.5-PRI,0.0,TON
36061,New York,Fuel Comb - Residential - Wood,2104008700,"Benzo(g,h,i)Fluoranthene",0.0,LB
36061,New York,Fuel Comb - Residential - Wood,2104008700,Arsenic,0.0,LB
36047,Kings,Fuel Comb - Residential - Other,2104001000,Lead,0.0,LB
36047,Kings,Fuel Comb - Residential - Other,2104001000,Mercury,0.0,LB
36081,Queens,Fuel Comb - Residential - Wood,2104008031,2-Methylphenanthrene,0.567856,LB
36081,Queens,Fuel Comb - Residential - Wood,2104008031,Cadmium,0.01819027,LB
36081,Queens,Fuel Comb - Residential - Other,2104007000,Acetaldehyde,0.0220698,LB
36081,Queens,Fuel Comb - Residential - Wood,2104008031,m-Xylene,18.31792,LB
36005,Bronx,Fuel Comb - Residential - Wood,2104008100,Catechol,0.0965224,LB
36005,Bronx,Fuel Comb - Residential - Wood,2104008100,Mercury,9.0017e-07,LB
36005,Bronx,Fuel Comb - Residential - Wood,2104008100,Nitrate portion of PM2.5-PRI,5.04545e-06,TON
36005,Bronx,Fuel Comb - Residential - Wood,2104008100,PM10 Primary (Filt + Cond),0.002655502,TON
36047,Kings,Fuel Comb - Residential - Wood,2104008031,PM Condensible,0.005435941,TON
36047,Kings,Fuel Comb - Residential - Wood,2104008031,Remaining PMFINE portion of PM2.5-PRI,0.0474231,TON
36061,New York,Fuel Comb - Residential - Oil,2104011000,Fluoranthene,0.01273038,LB
36061,New York,Fuel Comb - Residential - Oil,2104011000,Cadmium,1.0875192,LB
36061,New York,Fuel Comb - Residential - Oil,2104011000,PM10 Filterable,1.397782,TON
36061,New York,Fuel Comb - Residential - Oil,2104011000,PM2.5 Filterable,1.074725,TON
36061,New York,Fuel Comb - Residential - Oil,2104011000,Remaining PMFINE portion of PM2.5-PRI,0.135488,TON
36047,Kings,Fuel Comb - Residential - Natural Gas,2104006000,Pyrene,0.33747,LB
36047,Kings,Fuel Comb - Residential - Natural Gas,2104006000,Formaldehyde,5062.04,LB
36047,Kings,Fuel Comb - Residential - Natural Gas,2104006000,Fluorene,0.1889828,LB
36047,Kings,Fuel Comb - Residential - Natural Gas,2104006000,Nitrogen Oxides,3172.211,TON
36047,Kings,Fuel Comb - Residential - Natural Gas,2104006000,PM2.5 Filterable,3.712162,TON
36061,New York,Fuel Comb - Residential - Wood,2104009000,PM10 Filterable,0.0,TON
36061,New York,Fuel Comb - Residential - Wood,2104009000,Benzo[b]Fluoranthene,0.0,LB
36047,Kings,Fuel Comb - Residential - Wood,2104008400,m-Xylene,0.0,LB
36047,Kings,Fuel Comb - Residential - Wood,2104008400,Formaldehyde,0.0,LB
36047,Kings,Fuel Comb - Residential - Wood,2104008400,Fluorene,0.0,LB
36047,Kings,Fuel Comb - Residential - Wood,2104008400,Nitrogen Oxides,0.0,TON
36061,New York,Fuel Comb - Residential - Wood,2104008021,Perylene,0.00317114,LB
36061,New York,Fuel Comb - Residential - Wood,2104008021,Methylchrysene,0.00119125,LB
36061,New York,Fuel Comb - Residential - Wood,2104008021,Benzo[a]Pyrene,0.01999204,LB
36061,New York,Fuel Comb - Residential - Wood,2104008021,Sulfate Portion of PM2.5-PRI,0.000268246,TON
36085,Richmond,Fuel Comb - Residential - Wood,2104008611,Fluoranthene,1.584436e-09,LB
36085,Richmond,Fuel Comb - Residential - Wood,2104008611,Remaining PMFINE portion of PM2.5-PRI,1.39037e-09,TON
36005,Bronx,Fuel Comb - Residential - Wood,2104008611,Ethyl Benzene,0.0,LB
36005,Bronx,Fuel Comb - Residential - Wood,2104008611,Nickel,0.0,LB
36005,Bronx,Fuel Comb - Residential - Wood,2104008611,Acenaphthene,0.0,LB
36061,New York,Fuel Comb - Residential - Wood,2104008611,Catechol,0.0,LB
36061,New York,Fuel Comb - Residential - Wood,2104008611,PM2.5 Filterable,0.0,TON
36061,New York,Fuel Comb - Residential - Wood,2104008400,Pyrene,0.0,LB
36061,New York,Fuel Comb - Residential - Wood,2104008400,Organic Carbon portion of PM2.5-PRI,0.0,TON
36005,Bronx,Fuel Comb - Residential - Other,2104007000,Fluorene,0.00262806,LB
36005,Bronx,Fuel Comb - Residential - Other,2104007000,Carbon Monoxide,17.92475,TON
36005,Bronx,Fuel Comb - Residential - Other,2104007000,Volatile Organic Compounds,2.460722,TON
36085,Richmond,Fuel Comb - Residential - Oil,2104004000,Elemental Carbon portion of PM2.5-PRI,0.431876,TON
36085,Richmond,Fuel Comb - Residential - Oil,2104004000,Nitrogen Oxides,36.49654,TON
36081,Queens,Fuel Comb - Residential - Oil,2104011000,Benz[a]Anthracene,0.00791766,LB
36081,Queens,Fuel Comb - Residential - Oil,2104011000,Lead,2.447276,LB
36081,Queens,Fuel Comb - Residential - Oil,2104011000,Elemental Carbon portion of PM2.5-PRI,1.59684,TON
36081,Queens,Fuel Comb - Residential - Oil,2104011000,Volatile Organic Compounds,0.6813982,TON
36005,Bronx,Fuel Comb - Residential - Other,2104002000,Chlorobenzene,0.0,LB
36005,Bronx,Fuel Comb - Residential - Other,2104002000,Anthracene,0.0,LB
36081,Queens,Fuel Comb - Residential - Wood,2104008400,Phenol,0.0,LB
36081,Queens,Fuel Comb - Residential - Wood,2104008400,Formaldehyde,0.0,LB
36081,Queens,Fuel Comb - Residential - Wood,2104008400,1-Methylphenanthrene,0.0,LB
36081,Queens,Fuel Comb - Residential - Wood,2104008400,2-Methylnaphthalene,0.0,LB
36081,Queens,Fuel Comb - Residential - Wood,2104008400,Carbon Monoxide,0.0,TON
36005,Bronx,Fuel Comb - Residential - Other,2104002000,2-Chloroacetophenone,0.0,LB
36005,Bronx,Fuel Comb - Residential - Other,2104002000,Acenaphthene,0.0,LB
36081,Queens,Fuel Comb - Residential - Wood,2104008615,Catechol,0.0,LB
36081,Queens,Fuel Comb - Residential - Wood,2104008615,o-Xylene,0.0,LB
36047,Kings,Fuel Comb - Residential - Wood,2104008100,Acenaphthene,0.000540596,LB
36047,Kings,Fuel Comb - Residential - Wood,2104008100,PM10 Filterable,0.002189206,TON
36047,Kings,Fuel Comb - Residential - Wood,2104008100,PM2.5 Filterable,0.002189206,TON
36047,Kings,Fuel Comb - Residential - Wood,2104008100,Acrolein,0.01686014,LB
36047,Kings,Fuel Comb - Residential - Wood,2104008100,Pyrene,0.000500452,LB
36047,Kings,Fuel Comb - Residential - Wood,2104008100,"Benzo(g,h,i)Fluoranthene",2.1945e-05,LB
36005,Bronx,Fuel Comb - Residential - Wood,2104008615,o-Xylene,0.0,LB
36005,Bronx,Fuel Comb - Residential - Wood,2104008615,Acetophenone,0.0,LB
36005,Bronx,Fuel Comb - Residential - Wood,2104008615,PM2.5 Primary (Filt + Cond),0.0,TON
36047,Kings,Fuel Comb - Residential - Wood,2104008630,Acrolein,0.0,LB
36047,Kings,Fuel Comb - Residential - Wood,2104008630,m-Xylene,0.0,LB
36047,Kings,Fuel Comb - Residential - Wood,2104008630,Pyrene,0.0,LB
36047,Kings,Fuel Comb - Residential - Wood,2104008630,Cadmium,0.0,LB
36047,Kings,Fuel Comb - Residential - Wood,2104008630,Acetaldehyde,0.0,LB
36047,Kings,Fuel Comb - Residential - Wood,2104008630,Elemental Carbon portion of PM2.5-PRI,0.0,TON
36047,Kings,Fuel Comb - Residential - Wood,2104008630,PM10 Primary (Filt + Cond),0.0,TON
36047,Kings,Fuel Comb - Residential - Wood,2104008614,Fluoranthene,0.0,LB
36047,Kings,Fuel Comb - Residential - Wood,2104008614,Carbon Monoxide,0.0,TON
36047,Kings,Fuel Comb - Residential - Wood,2104008614,Nitrogen Oxides,0.0,TON
36047,Kings,Fuel Comb - Residential - Wood,2104008614,Organic Carbon portion of PM2.5-PRI,0.0,TON
36047,Kings,Fuel Comb - Residential - Wood,2104008614,PM2.5 Filterable,0.0,TON
36061,New York,Fuel Comb - Residential - Wood,2104008031,Propionaldehyde,0.667556,LB
36061,New York,Fuel Comb - Residential - Wood,2104008031,Pyrene,0.0048954,LB
36005,Bronx,Fuel Comb - Residential - Wood,2104008011,Hydroquinone,2.73758,LB
36047,Kings,Fuel Comb - Residential - Wood,2104008700,Pyrene,0.0,LB
36047,Kings,Fuel Comb - Residential - Wood,2104008700,2-Methylphenanthrene,0.0,LB
36047,Kings,Fuel Comb - Residential - Wood,2104008700,Manganese,0.0,LB
36047,Kings,Fuel Comb - Residential - Wood,2104008700,Nitrogen Oxides,0.0,TON
36047,Kings,Fuel Comb - Residential - Wood,2104008530,Ethyl Benzene,0.0,LB
36047,Kings,Fuel Comb - Residential - Wood,2104008530,Phenanthrene,0.0,LB
36047,Kings,Fuel Comb - Residential - Wood,2104008530,Remaining PMFINE portion of PM2.5-PRI,0.0,TON
36085,Richmond,Fuel Comb - Residential - Other,2104001000,Manganese,0.0,LB
36085,Richmond,Fuel Comb - Residential - Other,2104001000,Sulfate Portion of PM2.5-PRI,0.0,TON
36005,Bronx,Fuel Comb - Residential - Wood,2104008612,"Benzo(g,h,i)Fluoranthene",0.0,LB
36005,Bronx,Fuel Comb - Residential - Wood,2104008612,Benzene,0.0,LB
36005,Bronx,Fuel Comb - Residential - Wood,2104008612,Cadmium,0.0,LB
36047,Kings,Fuel Comb - Residential - Wood,2104008612,Ethyl Benzene,0.0,LB
36047,Kings,Fuel Comb - Residential - Wood,2104008612,Pyrene,0.0,LB
36047,Kings,Fuel Comb - Residential - Wood,2104008612,Cresol/Cresylic Acid (Mixed Isomers),0.0,LB
36047,Kings,Fuel Comb - Residential - Wood,2104008612,Nickel,0.0,LB
36047,Kings,Fuel Comb - Residential - Wood,2104008612,2-Methylnaphthalene,0.0,LB
36047,Kings,Fuel Comb - Residential - Wood,2104008612,PM2.5 Filterable,0.0,TON
36005,Bronx,Fuel Comb - Residential - Wood,2104008612,Phenol,0.0,LB
36081,Queens,Fuel Comb - Residential - Wood,2104008612,Ethyl Benzene,0.0,LB
36081,Queens,Fuel Comb - Residential - Wood,2104008612,PM10 Primary (Filt + Cond),0.0,TON
36085,Richmond,Fuel Comb - Residential - Wood,2104008500,Arsenic,9.89e-14,LB
36085,Richmond,Fuel Comb - Residential - Wood,2104008500,Acetaldehyde,1.02999e-07,LB
36085,Richmond,Fuel Comb - Residential - Wood,2104008500,1-Methylphenanthrene,1.341888e-10,LB
36005,Bronx,Fuel Comb - Residential - Wood,2104008500,Arsenic,0.0,LB
36005,Bronx,Fuel Comb - Residential - Wood,2104008500,Naphthalene,0.0,LB
36005,Bronx,Fuel Comb - Residential - Wood,2104008500,Nitrate portion of PM2.5-PRI,0.0,TON
36005,Bronx,Fuel Comb - Residential - Wood,2104008500,Nitrogen Oxides,0.0,TON
36061,New York,Fuel Comb - Residential - Wood,2104008615,Catechol,0.0,LB
36061,New York,Fuel Comb - Residential - Wood,2104008615,Nickel,0.0,LB
36061,New York,Fuel Comb - Residential - Wood,2104008615,Ammonia,0.0,TON
36085,Richmond,Fuel Comb - Residential - Wood,2104008021,Acenaphthylene,46.1296,LB
36085,Richmond,Fuel Comb - Residential - Wood,2104008021,"Dibenzo(a,h)Anthracene",0.1113846,LB
36085,Richmond,Fuel Comb - Residential - Wood,2104008021,1-Methylnaphthalene,26.289,LB
36081,Queens,Fuel Comb - Residential - Other,2104002000,Chloroform,0.0,LB
36081,Queens,Fuel Comb - Residential - Other,2104002000,Cumene,0.0,LB
36081,Queens,Fuel Comb - Residential - Other,2104002000,Carbon Monoxide,0.0,TON
36081,Queens,Fuel Comb - Residential - Other,2104002000,PM2.5 Primary (Filt + Cond),0.0,TON
36061,New York,Fuel Comb - Residential - Wood,2104008100,2-Methylphenanthrene,9.06884e-10,LB
36061,New York,Fuel Comb - Residential - Wood,2104008100,Nickel,3.89545e-12,LB
36061,New York,Fuel Comb - Residential - Wood,2104008100,PM10 Primary (Filt + Cond),4.18516e-09,TON
36085,Richmond,Fuel Comb - Residential - Wood,2104008615,Phenol,1.143562e-09,LB
36085,Richmond,Fuel Comb - Residential - Wood,2104008615,Propionaldehyde,5.55444e-10,LB
36085,Richmond,Fuel Comb - Residential - Wood,2104008615,Benzo[a]Pyrene,1.21432e-12,LB
36085,Richmond,Fuel Comb - Residential - Wood,2104008615,Phenanthrene,3.4198e-11,LB
36085,Richmond,Fuel Comb - Residential - Wood,2104008615,Nitrate portion of PM2.5-PRI,7.55e-15,TON
36085,Richmond,Fuel Comb - Residential - Wood,2104008615,Nitrogen Oxides,7.3715e-13,TON
36005,Bronx,Fuel Comb - Residential - Wood,2104008530,"Benzo(g,h,i)Fluoranthene",0.0,LB
36005,Bronx,Fuel Comb - Residential - Wood,2104008530,Acenaphthylene,0.0,LB
36005,Bronx,Fuel Comb - Residential - Wood,2104008530,Benzo[a]Pyrene,0.0,LB
36005,Bronx,Fuel Comb - Residential - Wood,2104008530,Lead,0.0,LB
36005,Bronx,Fuel Comb - Residential - Wood,2104008530,PM Condensible,0.0,TON
36085,Richmond,Fuel Comb - Residential - Wood,2104008700,Anthracene,1.98236e-09,LB
36085,Richmond,Fuel Comb - Residential - Wood,2104008700,Pyrene,1.07762e-09,LB
36085,Richmond,Fuel Comb - Residential - Wood,2104008700,Arsenic,5.8374e-13,LB
36085,Richmond,Fuel Comb - Residential - Wood,2104008700,1-Methylphenanthrene,1.279314e-09,LB
36085,Richmond,Fuel Comb - Residential - Wood,2104008700,PM2.5 Filterable,4.714004e-09,TON
36085,Richmond,Fuel Comb - Residential - Wood,2104008700,Sulfur Dioxide,8.383879e-11,TON
36081,Queens,Fuel Comb - Residential - Wood,2104008500,Nitrate portion of PM2.5-PRI,0.0,TON
36085,Richmond,Fuel Comb - Residential - Wood,2104008011,Sulfur Dioxide,0.04832382,TON
36081,Queens,Fuel Comb - Residential - Wood,2104008630,Benzene,0.0,LB
36081,Queens,Fuel Comb - Residential - Wood,2104008630,PM2.5 Primary (Filt + Cond),0.0,TON
36085,Richmond,Fuel Comb - Residential - Other,2104007000,Nitrogen Oxides,18.97567,TON
36061,New York,Fuel Comb - Residential - Oil,2104004000,"Dibenzo(a,h)Anthracene",0.111185,LB
36061,New York,Fuel Comb - Residential - Oil,2104004000,Lead,84.15448,LB
36085,Richmond,Fuel Comb - Residential - Oil,2104011000,Manganese,0.13247868,LB
36085,Richmond,Fuel Comb - Residential - Oil,2104011000,Fluorene,0.00070915,LB
36085,Richmond,Fuel Comb - Residential - Oil,2104011000,Elemental Carbon portion of PM2.5-PRI,0.129663,TON
36085,Richmond,Fuel Comb - Residential - Oil,2104011000,Volatile Organic Compounds,0.05532933,TON
36047,Kings,Fuel Comb - Residential - Other,2104007000,Remaining PMFINE portion of PM2.5-PRI,0.114299,TON
36047,Kings,Fuel Comb - Residential - Other,2104007000,Volatile Organic Compounds,5.172521,TON
36081,Queens,Fuel Comb - Residential - Oil,2104004000,Ammonia,24.97036,TON
36081,Queens,Fuel Comb - Residential - Oil,2104004000,PM Condensible,32.46147,TON
36081,Queens,Fuel Comb - Residential - Wood,2104008011,Ammonia,0.1719571,TON
36081,Queens,Fuel Comb - Residential - Wood,2104008011,PM10 Primary (Filt + Cond),2.953617,TON
36081,Queens,Fuel Comb - Residential - Wood,2104008011,PM2.5 Filterable,2.814797,TON
36081,Queens,Fuel Comb - Residential - Wood,2104008011,Phenol,505.226,LB
36081,Queens,Fuel Comb - Residential - Wood,2104008011,Catechol,300.248,LB
36081,Queens,Fuel Comb - Residential - Wood,2104008011,Propionaldehyde,245.396,LB
36081,Queens,Fuel Comb - Residential - Wood,2104008011,Perylene,0.0386932,LB
36081,Queens,Fuel Comb - Residential - Wood,2104008011,Mercury,0.00080921,LB
36081,Queens,Fuel Comb - Residential - Wood,2104008011,Naphthalene,218.45,LB
36047,Kings,Fuel Comb - Residential - Other,2104007000,Lead,0.87785,LB
36047,Kings,Fuel Comb - Residential - Other,2104007000,Phenanthrene,0.0335706,LB
36047,Kings,Fuel Comb - Residential - Other,2104007000,Nitrate portion of PM2.5-PRI,0.0137661,TON
36085,Richmond,Fuel Comb - Residential - Wood,2104009000,PM10 Filterable,6.086929,TON
36081,Queens,Fuel Comb - Residential - Oil,2104004000,Chromium (VI),3.788204,LB
36081,Queens,Fuel Comb - Residential - Oil,2104004000,"Benzo[g,h,i,]Perylene",0.112866,LB
36081,Queens,Fuel Comb - Residential - Oil,2104004000,Lead,63.12506,LB
36085,Richmond,Fuel Comb - Residential - Wood,2104008614,Fluoranthene,1.722212e-11,LB
36061,New York,Fuel Comb - Residential - Wood,2104008530,Ammonia,0.0,TON
36085,Richmond,Fuel Comb - Residential - Wood,2104008630,Sulfate Portion of PM2.5-PRI,1.624e-14,TON
36081,Queens,Fuel Comb - Residential - Wood,2104008611,Anthracene,0.0,LB
36085,Richmond,Fuel Comb - Residential - Wood,2104008031,"1,3-Butadiene",42.662,LB
36085,Richmond,Fuel Comb - Residential - Wood,2104008031,Acenaphthene,0.736556,LB
36085,Richmond,Fuel Comb - Residential - Wood,2104008031,Nitrogen Oxides,0.266385,TON
36047,Kings,Fuel Comb - Residential - Other,2104002000,Benzo[a]Pyrene,0.0,LB
36047,Kings,Fuel Comb - Residential - Other,2104002000,Acetaldehyde,0.0,LB
36061,New York,Fuel Comb - Residential - Wood,2104008011,Sulfur Dioxide,0.0003469393,TON
36061,New York,Fuel Comb - Residential - Wood,2104008011,Benz[a]Anthracene,0.001235098,LB
36061,New York,Fuel Comb - Residential - Wood,2104008011,Acenaphthene,0.01666864,LB
36081,Queens,Fuel Comb - Residential - Wood,2104008021,Toluene,328.09,LB
36081,Queens,Fuel Comb - Residential - Wood,2104008021,Carbon Monoxide,41.29399,TON
36081,Queens,Fuel Comb - Residential - Wood,2104008021,PM10 Primary (Filt + Cond),7.630041,TON
36047,Kings,Fuel Comb - Residential - Oil,2104011000,Sulfate Portion of PM2.5-PRI,0.00493134,TON
36047,Kings,Fuel Comb - Residential - Wood,2104009000,Fluorene,1.241822,LB
36047,Kings,Fuel Comb - Residential - Wood,2104009000,Nitrate portion of PM2.5-PRI,0.00611392,TON
36047,Kings,Fuel Comb - Residential - Wood,2104009000,Remaining PMFINE portion of PM2.5-PRI,1.31941,TON
36085,Richmond,Fuel Comb - Residential - Wood,2104008011,Pyrene,2.1493,LB
36085,Richmond,Fuel Comb - Residential - Wood,2104008011,Nickel,0.002653745,LB
36085,Richmond,Fuel Comb - Residential - Wood,2104008011,Fluorene,5.10316,LB
36061,New York,Fuel Comb - Residential - Wood,2104008530,Fluoranthene,0.0,LB
36061,New York,Fuel Comb - Residential - Wood,2104008530,PM Condensible,0.0,TON
36061,New York,Fuel Comb - Residential - Wood,2104008630,Cresol/Cresylic Acid (Mixed Isomers),0.0,LB
36061,New York,Fuel Comb - Residential - Wood,2104008630,Ammonia,0.0,TON
36085,Richmond,Fuel Comb - Residential - Wood,2104008630,Propionaldehyde,3.12758e-10,LB
36081,Queens,Fuel Comb - Residential - Wood,2104008611,"1,3-Butadiene",0.0,LB
36081,Queens,Fuel Comb - Residential - Wood,2104008611,PM10 Primary (Filt + Cond),0.0,TON
36085,Richmond,Fuel Comb - Residential - Wood,2104008031,"Indeno[1,2,3-c,d]Pyrene",0.1363566,LB
36085,Richmond,Fuel Comb - Residential - Wood,2104008031,Benz[a]Anthracene,0.192873,LB
36047,Kings,Fuel Comb - Residential - Other,2104002000,Cyanide,0.0,LB
36047,Kings,Fuel Comb - Residential - Other,2104002000,Chloroform,0.0,LB
36047,Kings,Fuel Comb - Residential - Other,2104002000,Methyl Bromide,0.0,LB
36061,New York,Fuel Comb - Residential - Wood,2104008011,Acetophenone,0.032182,LB
36081,Queens,Fuel Comb - Residential - Wood,2104008021,Ethyl Benzene,47.5524,LB
36081,Queens,Fuel Comb - Residential - Wood,2104008021,Catechol,647.876,LB
36047,Kings,Fuel Comb - Residential - Wood,2104009000,PM2.5 Filterable,3.217855,TON
36081,Queens,Fuel Comb - Residential - Wood,2104008500,Ethyl Benzene,0.0,LB
36081,Queens,Fuel Comb - Residential - Wood,2104008500,Manganese,0.0,LB
36085,Richmond,Fuel Comb - Residential - Wood,2104008011,Benz[a]Anthracene,0.172032,LB
36061,New York,Fuel Comb - Residential - Other,2104001000,Benzo[a]Pyrene,0.0,LB
36061,New York,Fuel Comb - Residential - Other,2104001000,PM2.5 Filterable,0.0,TON
36081,Queens,Fuel Comb - Residential - Wood,2104008700,Pyrene,0.0,LB
36081,Queens,Fuel Comb - Residential - Wood,2104008700,Ammonia,0.0,TON
36081,Queens,Fuel Comb - Residential - Wood,2104008700,Nitrogen Oxides,0.0,TON
36081,Queens,Fuel Comb - Residential - Wood,2104008700,Organic Carbon portion of PM2.5-PRI,0.0,TON
36085,Richmond,Fuel Comb - Residential - Other,2104002000,5-Methylchrysene,0.0,LB
36085,Richmond,Fuel Comb - Residential - Other,2104002000,PM10 Primary (Filt + Cond),0.0,TON
36085,Richmond,Fuel Comb - Residential - Other,2104002000,Remaining PMFINE portion of PM2.5-PRI,0.0,TON
36061,New York,Fuel Comb - Residential - Wood,2104008614,Lead,0.0,LB
36061,New York,Fuel Comb - Residential - Wood,2104008614,Acenaphthene,0.0,LB
36081,Queens,Fuel Comb - Residential - Other,2104001000,Acenaphthylene,0.0,LB
36081,Queens,Fuel Comb - Residential - Other,2104001000,Lead,0.0,LB
36005,Bronx,Fuel Comb - Residential - Wood,2104008700,Pyrene,0.0,LB
36005,Bronx,Fuel Comb - Residential - Wood,2104008700,Lead,0.0,LB
36005,Bronx,Fuel Comb - Residential - Wood,2104008700,1-Methylnaphthalene,0.0,LB
36005,Bronx,Fuel Comb - Residential - Wood,2104008700,2-Methylnaphthalene,0.0,LB
36005,Bronx,Fuel Comb - Residential - Wood,2104008700,Organic Carbon portion of PM2.5-PRI,0.0,TON
36085,Richmond,Fuel Comb - Residential - Wood,2104008100,Ammonia,0.4338706,TON
36005,Bronx,Fuel Comb - Residential - Oil,2104011000,Acenaphthylene,0.000701226,LB
36005,Bronx,Fuel Comb - Residential - Oil,2104011000,Manganese,2.337422,LB
36085,Richmond,Fuel Comb - Residential - Wood,2104008100,"1,3-Butadiene",77.5376,LB
36085,Richmond,Fuel Comb - Residential - Wood,2104008100,m-Xylene,39.763,LB
36085,Richmond,Fuel Comb - Residential - Wood,2104008100,Cresol/Cresylic Acid (Mixed Isomers),311.212,LB
36085,Richmond,Fuel Comb - Residential - Wood,2104008100,Fluoranthene,2.02128,LB
36005,Bronx,Fuel Comb - Residential - Wood,2104008021,Phenanthrene,5.39198,LB
36005,Bronx,Fuel Comb - Residential - Wood,2104008021,Elemental Carbon portion of PM2.5-PRI,0.0704163,TON
36005,Bronx,Fuel Comb - Residential - Wood,2104008021,Sulfur Dioxide,0.02810558,TON
36005,Bronx,Fuel Comb - Residential - Other,2104001000,Benzofluoranthenes,0.0,LB
36005,Bronx,Fuel Comb - Residential - Other,2104001000,Isophorone,0.0,LB
36005,Bronx,Fuel Comb - Residential - Other,2104001000,Phenanthrene,0.0,LB
36005,Bronx,Fuel Comb - Residential - Other,2104001000,Nitrogen Oxides,0.0,TON
36085,Richmond,Fuel Comb - Residential - Wood,2104008530,"Benzo(g,h,i)Fluoranthene",1.2571e-13,LB
36085,Richmond,Fuel Comb - Residential - Wood,2104008530,Benzo[a]Pyrene,6.42506e-11,LB
36085,Richmond,Fuel Comb - Residential - Wood,2104008530,PM Condensible,2.3278e-13,TON
36081,Queens,Fuel Comb - Residential - Wood,2104008100,Ethyl Benzene,0.83842,LB
36081,Queens,Fuel Comb - Residential - Wood,2104008100,m-Xylene,2.19674,LB
36081,Queens,Fuel Comb - Residential - Wood,2104008100,Propionaldehyde,9.33612,LB
36081,Queens,Fuel Comb - Residential - Wood,2104008100,Nitrate portion of PM2.5-PRI,0.000597108,TON
36081,Queens,Fuel Comb - Residential - Wood,2104008100,Organic Carbon portion of PM2.5-PRI,0.165996,TON
36081,Queens,Fuel Comb - Residential - Wood,2104008100,PM Condensible,0.01477056,TON
36081,Queens,Fuel Comb - Residential - Wood,2104008100,Remaining PMFINE portion of PM2.5-PRI,0.128858,TON
36047,Kings,Fuel Comb - Residential - Wood,2104008021,Anthracene,1.150708,LB
36047,Kings,Fuel Comb - Residential - Wood,2104008021,"Benzo[g,h,i,]Perylene",0.0771884,LB
36047,Kings,Fuel Comb - Residential - Wood,2104008021,Arsenic,0.0001997799,LB
36047,Kings,Fuel Comb - Residential - Wood,2104008021,1-Methylphenanthrene,0.742608,LB
36047,Kings,Fuel Comb - Residential - Wood,2104008021,Acenaphthene,0.675706,LB
36047,Kings,Fuel Comb - Residential - Wood,2104008021,Acetophenone,1.304582,LB
36081,Queens,Fuel Comb - Residential - Wood,2104008530,Acenaphthene,0.0,LB
36081,Queens,Fuel Comb - Residential - Wood,2104008530,1-Methylnaphthalene,0.0,LB
36047,Kings,Fuel Comb - Residential - Wood,2104008611,Arsenic,0.0,LB
36047,Kings,Fuel Comb - Residential - Wood,2104008611,Phenanthrene,0.0,LB
36047,Kings,Fuel Comb - Residential - Wood,2104008611,PM10 Filterable,0.0,TON
36005,Bronx,Fuel Comb - Residential - Wood,2104008031,Propionaldehyde,12.87588,LB
36005,Bronx,Fuel Comb - Residential - Wood,2104008031,Benzo[a]Pyrene,0.0453428,LB
36005,Bronx,Fuel Comb - Residential - Wood,2104008031,Benzene,19.33908,LB
36005,Bronx,Fuel Comb - Residential - Wood,2104008031,1-Methylnaphthalene,0.535232,LB
36005,Bronx,Fuel Comb - Residential - Wood,2104008031,Naphthalene,11.46206,LB
36005,Bronx,Fuel Comb - Residential - Wood,2104008031,o-Xylene,0.913934,LB
36005,Bronx,Fuel Comb - Residential - Wood,2104008031,Remaining PMFINE portion of PM2.5-PRI,0.0486892,TON
36061,New York,Fuel Comb - Residential - Other,2104002000,Benzyl Chloride,0.0,LB
36061,New York,Fuel Comb - Residential - Other,2104002000,Pyrene,0.0,LB
36061,New York,Fuel Comb - Residential - Other,2104002000,Acetophenone,0.0,LB
36061,New York,Fuel Comb - Residential - Other,2104002000,Nitrate portion of PM2.5-PRI,0.0,TON
36061,New York,Fuel Comb - Residential - Other,2104002000,Sulfur Dioxide,0.0,TON
36005,Bronx,Fuel Comb - Residential - Wood,2104008400,Acenaphthene,0.0,LB
36005,Bronx,Fuel Comb - Residential - Wood,2104008400,2-Methylnaphthalene,0.0,LB
36005,Bronx,Fuel Comb - Residential - Wood,2104008400,Sulfur Dioxide,0.0,TON
36047,Kings,Fuel Comb - Residential - Wood,2104008615,Acenaphthylene,0.0,LB
36047,Kings,Fuel Comb - Residential - Wood,2104008615,Naphthalene,0.0,LB
36047,Kings,Fuel Comb - Residential - Wood,2104008615,Elemental Carbon portion of PM2.5-PRI,0.0,TON
36047,Kings,Fuel Comb - Residential - Wood,2104008615,PM Condensible,0.0,TON
36047,Kings,Fuel Comb - Residential - Wood,2104008011,Toluene,24.4936,LB
36047,Kings,Fuel Comb - Residential - Wood,2104008011,Phenol,81.387,LB
36047,Kings,Fuel Comb - Residential - Wood,2104008011,Acenaphthylene,2.88342,LB
36047,Kings,Fuel Comb - Residential - Wood,2104008011,Arsenic,4.538121e-05,LB
36047,Kings,Fuel Comb - Residential - Wood,2104008011,Fluorene,0.688302,LB
36047,Kings,Fuel Comb - Residential - Wood,2104008011,PM2.5 Filterable,0.4534367,TON
36061,New York,Fuel Comb - Residential - Other,2104007000,Lead,0.45525,LB
36061,New York,Fuel Comb - Residential - Other,2104007000,Sulfur Dioxide,0.2926084,TON
36005,Bronx,Fuel Comb - Residential - Oil,2104004000,Pyrene,0.304082,LB
36005,Bronx,Fuel Comb - Residential - Oil,2104004000,Chromium (VI),5.42724,LB
36005,Bronx,Fuel Comb - Residential - Oil,2104004000,Chrysene,0.1702854,LB
36005,Bronx,Fuel Comb - Residential - Oil,2104004000,Nitrogen Oxides,643.9364,TON
36005,Bronx,Fuel Comb - Residential - Oil,2104004000,PM10 Filterable,38.63618,TON
36061,New York,Fuel Comb - Residential - Wood,2104008612,Acenaphthylene,0.0,LB
36061,New York,Fuel Comb - Residential - Wood,2104008612,2-Methylphenanthrene,0.0,LB
36061,New York,Fuel Comb - Residential - Wood,2104008612,Nickel,0.0,LB
36061,New York,Fuel Comb - Residential - Wood,2104008612,o-Xylene,0.0,LB
36061,New York,Fuel Comb - Residential - Wood,2104008612,PM2.5 Filterable,0.0,TON
36085,Richmond,Fuel Comb - Residential - Wood,2104008612,Cresol/Cresylic Acid (Mixed Isomers),2.04578e-09,LB
36085,Richmond,Fuel Comb - Residential - Wood,2104008612,Arsenic,3.36e-15,LB
36085,Richmond,Fuel Comb - Residential - Wood,2104008612,Sulfur Dioxide,2.33816e-12,TON
36085,Richmond,Fuel Comb - Residential - Wood,2104008612,m-Xylene,2.61386e-10,LB
36085,Richmond,Fuel Comb - Residential - Wood,2104008400,Hydroquinone,0.0,LB
36005,Bronx,Fuel Comb - Residential - Wood,2104008614,"1,3-Butadiene",0.0,LB
36005,Bronx,Fuel Comb - Residential - Wood,2104008614,Propionaldehyde,0.0,LB
36005,Bronx,Fuel Comb - Residential - Wood,2104008614,2-Methylnaphthalene,0.0,LB
36005,Bronx,Fuel Comb - Residential - Wood,2104008614,Elemental Carbon portion of PM2.5-PRI,0.0,TON
36005,Bronx,Fuel Comb - Residential - Wood,2104008614,Sulfate Portion of PM2.5-PRI,0.0,TON
36005,Bronx,Fuel Comb - Residential - Wood,2104009000,Acenaphthene,0.1998804,LB
36005,Bronx,Fuel Comb - Residential - Wood,2104009000,Elemental Carbon portion of PM2.5-PRI,0.0942723,TON
36005,Bronx,Fuel Comb - Residential - Wood,2104009000,Organic Carbon portion of PM2.5-PRI,0.892376,TON
36081,Queens,Fuel Comb - Residential - Wood,2104008614,Acrolein,0.0,LB
36081,Queens,Fuel Comb - Residential - Wood,2104008614,1-Methylnaphthalene,0.0,LB
36081,Queens,Fuel Comb - Residential - Natural Gas,2104006000,Nitrogen Oxides,2627.487,TON
36061,New York,Fuel Comb - Residential - Wood,2104008700,1-Methylphenanthrene,0.0,LB
36061,New York,Fuel Comb - Residential - Wood,2104008700,2-Methylnaphthalene,0.0,LB
36061,New York,Fuel Comb - Residential - Wood,2104008700,2-Methylphenanthrene,0.0,LB
36047,Kings,Fuel Comb - Residential - Other,2104001000,Styrene,0.0,LB
36047,Kings,Fuel Comb - Residential - Other,2104001000,Chlorobenzene,0.0,LB
36047,Kings,Fuel Comb - Residential - Other,2104001000,Propionaldehyde,0.0,LB
36047,Kings,Fuel Comb - Residential - Other,2104001000,Fluoranthene,0.0,LB
36047,Kings,Fuel Comb - Residential - Other,2104001000,Chrysene,0.0,LB
36081,Queens,Fuel Comb - Residential - Wood,2104008031,Anthracene,1.050228,LB
36081,Queens,Fuel Comb - Residential - Wood,2104008031,Nitrate portion of PM2.5-PRI,0.00136415,TON
36081,Queens,Fuel Comb - Residential - Other,2104007000,Formaldehyde,125.7658,LB
36047,Kings,Fuel Comb - Residential - Oil,2104004000,Elemental Carbon portion of PM2.5-PRI,4.29392,TON
36047,Kings,Fuel Comb - Residential - Oil,2104004000,Nitrate portion of PM2.5-PRI,0.0,TON
36047,Kings,Fuel Comb - Residential - Oil,2104004000,Organic Carbon portion of PM2.5-PRI,10.7348,TON
36047,Kings,Fuel Comb - Residential - Oil,2104004000,PM Condensible,26.20703,TON
36047,Kings,Fuel Comb - Residential - Oil,2104004000,PM2.5 Filterable,16.73218,TON
36047,Kings,Fuel Comb - Residential - Oil,2104004000,Sulfate Portion of PM2.5-PRI,8.15845,TON
36005,Bronx,Fuel Comb - Residential - Wood,2104008100,Phenol,0.1624176,LB
36005,Bronx,Fuel Comb - Residential - Wood,2104008100,Acenaphthene,0.00062492,LB
36005,Bronx,Fuel Comb - Residential - Wood,2104008100,o-Xylene,0.00559954,LB
36005,Bronx,Fuel Comb - Residential - Wood,2104008100,Nitrogen Oxides,0.0002925553,TON
36005,Bronx,Fuel Comb - Residential - Wood,2104008100,PM Condensible,0.0001248086,TON
36047,Kings,Fuel Comb - Residential - Wood,2104008031,Nitrogen Oxides,0.03592936,TON
36047,Kings,Fuel Comb - Residential - Wood,2104008031,Sulfur Dioxide,0.006843688,TON
36061,New York,Fuel Comb - Residential - Oil,2104011000,"Indeno[1,2,3-c,d]Pyrene",0.00545678,LB
36061,New York,Fuel Comb - Residential - Oil,2104011000,Formaldehyde,87.3214,LB
36061,New York,Fuel Comb - Residential - Oil,2104011000,Lead,3.262558,LB
36047,Kings,Fuel Comb - Residential - Natural Gas,2104006000,Acetaldehyde,0.924666,LB
36047,Kings,Fuel Comb - Residential - Wood,2104008031,Cresol/Cresylic Acid (Mixed Isomers),23.0952,LB
36047,Kings,Fuel Comb - Residential - Wood,2104008031,"Indeno[1,2,3-c,d]Pyrene",0.01839146,LB
36047,Kings,Fuel Comb - Residential - Wood,2104008031,Perylene,0.00701776,LB
36047,Kings,Fuel Comb - Residential - Wood,2104008031,Fluoranthene,0.1500012,LB
36047,Kings,Fuel Comb - Residential - Wood,2104008031,Nickel,0.002081846,LB
36047,Kings,Fuel Comb - Residential - Wood,2104008031,1-Methylphenanthrene,0.1091812,LB
36047,Kings,Fuel Comb - Residential - Wood,2104008031,Fluorene,0.218362,LB
36047,Kings,Fuel Comb - Residential - Wood,2104008400,Cadmium,0.0,LB
36047,Kings,Fuel Comb - Residential - Wood,2104008400,Ammonia,0.0,TON
36061,New York,Fuel Comb - Residential - Wood,2104008021,Phenol,9.348,LB
36061,New York,Fuel Comb - Residential - Wood,2104008021,Chrysene,0.00962374,LB
36061,New York,Fuel Comb - Residential - Wood,2104008021,Mercury,2.91429e-05,LB
36085,Richmond,Fuel Comb - Residential - Wood,2104008611,"Benzo(g,h,i)Fluoranthene",4.2598e-11,LB
36085,Richmond,Fuel Comb - Residential - Wood,2104008611,Benzene,1.989634e-07,LB
36085,Richmond,Fuel Comb - Residential - Wood,2104008611,Nitrate portion of PM2.5-PRI,6.44274e-12,TON
36005,Bronx,Fuel Comb - Residential - Wood,2104008611,Formaldehyde,0.0,LB
36005,Bronx,Fuel Comb - Residential - Wood,2104008611,PM10 Filterable,0.0,TON
36061,New York,Fuel Comb - Residential - Wood,2104008611,Lead,0.0,LB
36061,New York,Fuel Comb - Residential - Wood,2104008611,Elemental Carbon portion of PM2.5-PRI,0.0,TON
36061,New York,Fuel Comb - Residential - Wood,2104008611,Remaining PMFINE portion of PM2.5-PRI,0.0,TON
36061,New York,Fuel Comb - Residential - Wood,2104008400,Ethyl Benzene,0.0,LB
36061,New York,Fuel Comb - Residential - Wood,2104008400,Benzene,0.0,LB
36061,New York,Fuel Comb - Residential - Wood,2104008400,Mercury,0.0,LB
36061,New York,Fuel Comb - Residential - Wood,2104008400,Acetaldehyde,0.0,LB
36061,New York,Fuel Comb - Residential - Wood,2104008400,Sulfate Portion of PM2.5-PRI,0.0,TON
36085,Richmond,Fuel Comb - Residential - Oil,2104004000,Sulfur Dioxide,0.4318757,TON
36061,New York,Fuel Comb - Residential - Natural Gas,2104006000,Pyrene,0.1720786,LB
36061,New York,Fuel Comb - Residential - Natural Gas,2104006000,PM Condensible,5.506513,TON
36061,New York,Fuel Comb - Residential - Natural Gas,2104006000,PM2.5 Primary (Filt + Cond),7.399377,TON
36081,Queens,Fuel Comb - Residential - Oil,2104011000,Formaldehyde,65.5006,LB
36081,Queens,Fuel Comb - Residential - Oil,2104011000,PM2.5 Primary (Filt + Cond),2.070587,TON
36061,New York,Fuel Comb - Residential - Wood,2104008500,Arsenic,0.0,LB
36061,New York,Fuel Comb - Residential - Wood,2104008500,Acetophenone,0.0,LB
36061,New York,Fuel Comb - Residential - Wood,2104008500,Organic Carbon portion of PM2.5-PRI,0.0,TON
36061,New York,Fuel Comb - Residential - Wood,2104008500,PM Condensible,0.0,TON
36061,New York,Fuel Comb - Residential - Wood,2104008500,Cresol/Cresylic Acid (Mixed Isomers),0.0,LB
36081,Queens,Fuel Comb - Residential - Wood,2104008400,Cadmium,0.0,LB
36081,Queens,Fuel Comb - Residential - Wood,2104008400,1-Methylnaphthalene,0.0,LB
36005,Bronx,Fuel Comb - Residential - Other,2104002000,Benzo[a]Pyrene,0.0,LB
36005,Bronx,Fuel Comb - Residential - Other,2104002000,Isophorone,0.0,LB
36005,Bronx,Fuel Comb - Residential - Other,2104002000,PM Condensible,0.0,TON
36005,Bronx,Fuel Comb - Residential - Other,2104002000,Sulfate Portion of PM2.5-PRI,0.0,TON
36081,Queens,Fuel Comb - Residential - Wood,2104008615,Sulfur Dioxide,0.0,TON
36047,Kings,Fuel Comb - Residential - Wood,2104008100,Naphthalene,0.06075,LB
36047,Kings,Fuel Comb - Residential - Wood,2104008100,Formaldehyde,0.311778,LB
36005,Bronx,Fuel Comb - Residential - Wood,2104008615,Catechol,0.0,LB
36005,Bronx,Fuel Comb - Residential - Wood,2104008615,Nitrate portion of PM2.5-PRI,0.0,TON
36047,Kings,Fuel Comb - Residential - Wood,2104008630,Ethyl Benzene,0.0,LB
36047,Kings,Fuel Comb - Residential - Wood,2104008630,Hydroquinone,0.0,LB
36047,Kings,Fuel Comb - Residential - Wood,2104008630,Acenaphthene,0.0,LB
36047,Kings,Fuel Comb - Residential - Wood,2104008630,Organic Carbon portion of PM2.5-PRI,0.0,TON
36047,Kings,Fuel Comb - Residential - Wood,2104008614,Acenaphthylene,0.0,LB
36047,Kings,Fuel Comb - Residential - Wood,2104008614,Phenanthrene,0.0,LB
36061,New York,Fuel Comb - Residential - Wood,2104008031,2-Methylphenanthrene,0.00486922,LB
36061,New York,Fuel Comb - Residential - Wood,2104008031,Manganese,0.0001712278,LB
36061,New York,Fuel Comb - Residential - Wood,2104008031,Mercury,7.285726e-06,LB
36005,Bronx,Fuel Comb - Residential - Wood,2104008011,Acenaphthylene,2.9604,LB
36005,Bronx,Fuel Comb - Residential - Wood,2104008011,Formaldehyde,185.4232,LB
36005,Bronx,Fuel Comb - Residential - Wood,2104008011,Mercury,0.0001338361,LB
36005,Bronx,Fuel Comb - Residential - Wood,2104008011,2-Methylnaphthalene,2.38742,LB
36005,Bronx,Fuel Comb - Residential - Wood,2104008011,Acetophenone,0.62073,LB
36005,Bronx,Fuel Comb - Residential - Wood,2104008011,Sulfate Portion of PM2.5-PRI,0.00200286,TON
36047,Kings,Fuel Comb - Residential - Wood,2104008700,Catechol,0.0,LB
36047,Kings,Fuel Comb - Residential - Wood,2104008700,Formaldehyde,0.0,LB
36047,Kings,Fuel Comb - Residential - Wood,2104008700,Arsenic,0.0,LB
36081,Queens,Fuel Comb - Residential - Wood,2104009000,Phenanthrene,3.20494,LB
36081,Queens,Fuel Comb - Residential - Wood,2104009000,Nitrate portion of PM2.5-PRI,0.00501561,TON
36047,Kings,Fuel Comb - Residential - Wood,2104008700,Acrolein,0.0,LB
36047,Kings,Fuel Comb - Residential - Wood,2104008530,Hydroquinone,0.0,LB
36047,Kings,Fuel Comb - Residential - Wood,2104008530,Cresol/Cresylic Acid (Mixed Isomers),0.0,LB
36047,Kings,Fuel Comb - Residential - Wood,2104008530,Elemental Carbon portion of PM2.5-PRI,0.0,TON
36047,Kings,Fuel Comb - Residential - Wood,2104008530,Organic Carbon portion of PM2.5-PRI,0.0,TON
36085,Richmond,Fuel Comb - Residential - Other,2104001000,Tetrachloroethylene,0.0,LB
36085,Richmond,Fuel Comb - Residential - Other,2104001000,Methyl Bromide,0.0,LB
36085,Richmond,Fuel Comb - Residential - Other,2104001000,Methyl Chloride,0.0,LB
36085,Richmond,Fuel Comb - Residential - Other,2104001000,Organic Carbon portion of PM2.5-PRI,0.0,TON
36005,Bronx,Fuel Comb - Residential - Wood,2104008612,Cresol/Cresylic Acid (Mixed Isomers),0.0,LB
36005,Bronx,Fuel Comb - Residential - Wood,2104008612,1-Methylnaphthalene,0.0,LB
36005,Bronx,Fuel Comb - Residential - Wood,2104008612,Elemental Carbon portion of PM2.5-PRI,0.0,TON
36005,Bronx,Fuel Comb - Residential - Wood,2104008612,Nitrate portion of PM2.5-PRI,0.0,TON
36005,Bronx,Fuel Comb - Residential - Wood,2104008612,Organic Carbon portion of PM2.5-PRI,0.0,TON
36047,Kings,Fuel Comb - Residential - Wood,2104008612,Acenaphthene,0.0,LB
36047,Kings,Fuel Comb - Residential - Wood,2104008612,PM2.5 Primary (Filt + Cond),0.0,TON
36081,Queens,Fuel Comb - Residential - Wood,2104008612,Benzene,0.0,LB
36081,Queens,Fuel Comb - Residential - Wood,2104008612,Naphthalene,0.0,LB
36081,Queens,Fuel Comb - Residential - Wood,2104008612,Nitrate portion of PM2.5-PRI,0.0,TON
36081,Queens,Fuel Comb - Residential - Wood,2104008612,PM10 Filterable,0.0,TON
36085,Richmond,Fuel Comb - Residential - Wood,2104008500,Fluorene,2.68378e-10,LB
36085,Richmond,Fuel Comb - Residential - Wood,2104008500,Organic Carbon portion of PM2.5-PRI,5.17735e-10,TON
36005,Bronx,Fuel Comb - Residential - Wood,2104008500,Cadmium,0.0,LB
36061,New York,Fuel Comb - Residential - Wood,2104008615,Formaldehyde,0.0,LB
36061,New York,Fuel Comb - Residential - Wood,2104008615,1-Methylphenanthrene,0.0,LB
36061,New York,Fuel Comb - Residential - Wood,2104008615,Phenanthrene,0.0,LB
36061,New York,Fuel Comb - Residential - Wood,2104008615,Volatile Organic Compounds,0.0,TON
36005,Bronx,Fuel Comb - Residential - Wood,2104008500,Propionaldehyde,0.0,LB
36005,Bronx,Fuel Comb - Residential - Wood,2104008500,Formaldehyde,0.0,LB
36085,Richmond,Fuel Comb - Residential - Wood,2104008021,Catechol,773.788,LB
36085,Richmond,Fuel Comb - Residential - Wood,2104008021,Chrysene,1.340452,LB
36085,Richmond,Fuel Comb - Residential - Wood,2104008021,Nitrogen Oxides,0.6494721,TON
36085,Richmond,Fuel Comb - Residential - Wood,2104008021,Remaining PMFINE portion of PM2.5-PRI,3.73655,TON
36081,Queens,Fuel Comb - Residential - Other,2104002000,Ethyl Benzene,0.0,LB
36081,Queens,Fuel Comb - Residential - Other,2104002000,"2,4-Dinitrotoluene",0.0,LB
36081,Queens,Fuel Comb - Residential - Other,2104002000,Methyl Tert-Butyl Ether,0.0,LB
36081,Queens,Fuel Comb - Residential - Other,2104002000,Carbon Disulfide,0.0,LB
36061,New York,Fuel Comb - Residential - Wood,2104008100,Benzo[a]Pyrene,3.54674e-10,LB
36061,New York,Fuel Comb - Residential - Wood,2104008100,Carbon Monoxide,2.642325e-08,TON
36085,Richmond,Fuel Comb - Residential - Wood,2104008615,Cresol/Cresylic Acid (Mixed Isomers),1.022888e-09,LB
36085,Richmond,Fuel Comb - Residential - Wood,2104008615,Lead,5.7109e-13,LB
36085,Richmond,Fuel Comb - Residential - Wood,2104008615,Acenaphthene,4.39998e-12,LB
36085,Richmond,Fuel Comb - Residential - Wood,2104008615,1-Methylnaphthalene,2.3089e-11,LB
36085,Richmond,Fuel Comb - Residential - Wood,2104008615,PM Condensible,1.8676e-13,TON
36085,Richmond,Fuel Comb - Residential - Wood,2104008615,PM10 Primary (Filt + Cond),3.97373e-12,TON
36005,Bronx,Fuel Comb - Residential - Wood,2104008530,Toluene,0.0,LB
36005,Bronx,Fuel Comb - Residential - Wood,2104008530,Hydroquinone,0.0,LB
36005,Bronx,Fuel Comb - Residential - Wood,2104008530,Cadmium,0.0,LB
36005,Bronx,Fuel Comb - Residential - Wood,2104008530,PM2.5 Filterable,0.0,TON
36085,Richmond,Fuel Comb - Residential - Wood,2104008700,m-Xylene,3.4576e-08,LB
36085,Richmond,Fuel Comb - Residential - Wood,2104008700,Catechol,1.797954e-07,LB
36085,Richmond,Fuel Comb - Residential - Natural Gas,2104006000,Benzene,29.1612,LB
36085,Richmond,Fuel Comb - Residential - Natural Gas,2104006000,Carbon Monoxide,263.9019,TON
36085,Richmond,Fuel Comb - Residential - Natural Gas,2104006000,PM10 Primary (Filt + Cond),3.430724,TON
36081,Queens,Fuel Comb - Residential - Wood,2104008500,Arsenic,0.0,LB
36081,Queens,Fuel Comb - Residential - Wood,2104008500,Cadmium,0.0,LB
36081,Queens,Fuel Comb - Residential - Wood,2104008500,Fluorene,0.0,LB
36081,Queens,Fuel Comb - Residential - Wood,2104008500,Carbon Monoxide,0.0,TON
36081,Queens,Fuel Comb - Residential - Wood,2104008500,Nitrogen Oxides,0.0,TON
36081,Queens,Fuel Comb - Residential - Wood,2104008500,PM Condensible,0.0,TON
36085,Richmond,Fuel Comb - Residential - Wood,2104008011,Nitrogen Oxides,0.1353067,TON
36085,Richmond,Fuel Comb - Residential - Wood,2104008011,PM2.5 Filterable,3.36184,TON
36081,Queens,Fuel Comb - Residential - Wood,2104008630,m-Xylene,0.0,LB
36081,Queens,Fuel Comb - Residential - Wood,2104008630,Anthracene,0.0,LB
36081,Queens,Fuel Comb - Residential - Wood,2104008630,Nitrate portion of PM2.5-PRI,0.0,TON
36085,Richmond,Fuel Comb - Residential - Other,2104007000,Acetaldehyde,0.00366836,LB
36085,Richmond,Fuel Comb - Residential - Other,2104007000,Sulfate Portion of PM2.5-PRI,0.00726457,TON
36061,New York,Fuel Comb - Residential - Oil,2104004000,Manganese,56.11186,LB
36061,New York,Fuel Comb - Residential - Oil,2104004000,Selenium,140.27964,LB
36061,New York,Fuel Comb - Residential - Oil,2104004000,PM10 Filterable,35.95207,TON
36061,New York,Fuel Comb - Residential - Oil,2104004000,PM2.5 Filterable,27.62983,TON
36081,Queens,Fuel Comb - Residential - Oil,2104004000,Sulfate Portion of PM2.5-PRI,10.1055,TON
36081,Queens,Fuel Comb - Residential - Oil,2104004000,Volatile Organic Compounds,17.80387,TON
36081,Queens,Fuel Comb - Residential - Wood,2104008011,Benzo(a)Fluoranthene,0.0801324,LB
36081,Queens,Fuel Comb - Residential - Wood,2104008011,Nickel,0.002221924,LB
36081,Queens,Fuel Comb - Residential - Wood,2104008011,Acenaphthene,1.943916,LB
36081,Queens,Fuel Comb - Residential - Wood,2104008011,Phenanthrene,15.10866,LB
36085,Richmond,Fuel Comb - Residential - Wood,2104009000,Nitrogen Oxides,1.595224,TON
36085,Richmond,Fuel Comb - Residential - Wood,2104008614,Organic Carbon portion of PM2.5-PRI,1.94683e-11,TON
36085,Richmond,Fuel Comb - Residential - Wood,2104008614,PM2.5 Filterable,3.512548e-11,TON
36085,Richmond,Fuel Comb - Residential - Wood,2104008614,Sulfur Dioxide,1.16908e-12,TON
36061,New York,Fuel Comb - Residential - Wood,2104008530,Mercury,0.0,LB
36061,New York,Fuel Comb - Residential - Wood,2104008530,PM2.5 Primary (Filt + Cond),0.0,TON
36061,New York,Fuel Comb - Residential - Wood,2104008630,Acetaldehyde,0.0,LB
36085,Richmond,Fuel Comb - Residential - Wood,2104008630,Hydroquinone,2.10958e-11,LB
36085,Richmond,Fuel Comb - Residential - Wood,2104008630,1-Methylphenanthrene,2.72284e-12,LB
36081,Queens,Fuel Comb - Residential - Wood,2104008611,Hydroquinone,0.0,LB
36081,Queens,Fuel Comb - Residential - Wood,2104008611,Benzo[a]Pyrene,0.0,LB
36085,Richmond,Fuel Comb - Residential - Wood,2104008031,Phenanthrene,5.72472,LB
36085,Richmond,Fuel Comb - Residential - Wood,2104008031,Carbon Monoxide,5.505291,TON
36047,Kings,Fuel Comb - Residential - Other,2104002000,Formaldehyde,0.0,LB
36047,Kings,Fuel Comb - Residential - Other,2104002000,Sulfur Dioxide,0.0,TON
36005,Bronx,Fuel Comb - Residential - Wood,2104008630,PM2.5 Filterable,0.0,TON
36061,New York,Fuel Comb - Residential - Wood,2104008011,Sulfate Portion of PM2.5-PRI,0.000103839,TON
36061,New York,Fuel Comb - Residential - Wood,2104008011,"1,3-Butadiene",0.96546,LB
36081,Queens,Fuel Comb - Residential - Wood,2104008021,Acrolein,130.821,LB
36081,Queens,Fuel Comb - Residential - Wood,2104008021,Lead,0.4212866,LB
36081,Queens,Fuel Comb - Residential - Wood,2104008021,Arsenic,0.001240173,LB
36081,Queens,Fuel Comb - Residential - Wood,2104008500,2-Methylphenanthrene,0.0,LB
36085,Richmond,Fuel Comb - Residential - Wood,2104008011,Anthracene,3.9538,LB
36085,Richmond,Fuel Comb - Residential - Wood,2104008011,Catechol,358.6,LB
36085,Richmond,Fuel Comb - Residential - Wood,2104008011,Methylchrysene,0.01741194,LB
36085,Richmond,Fuel Comb - Residential - Wood,2104008614,2-Methylnaphthalene,8.4699e-11,LB
36061,New York,Fuel Comb - Residential - Wood,2104008530,Catechol,0.0,LB
36061,New York,Fuel Comb - Residential - Wood,2104008530,Propionaldehyde,0.0,LB
36061,New York,Fuel Comb - Residential - Wood,2104008630,Chrysene,0.0,LB
36061,New York,Fuel Comb - Residential - Wood,2104008630,1-Methylnaphthalene,0.0,LB
36085,Richmond,Fuel Comb - Residential - Wood,2104008630,Acetaldehyde,2.08996e-09,LB
36081,Queens,Fuel Comb - Residential - Wood,2104008611,PM10 Filterable,0.0,TON
36081,Queens,Fuel Comb - Residential - Wood,2104008611,PM2.5 Filterable,0.0,TON
36085,Richmond,Fuel Comb - Residential - Wood,2104008031,Manganese,0.02384965,LB
36085,Richmond,Fuel Comb - Residential - Wood,2104008031,Arsenic,0.0007678488,LB
36085,Richmond,Fuel Comb - Residential - Wood,2104008031,Cadmium,0.02172546,LB
36085,Richmond,Fuel Comb - Residential - Wood,2104008031,Remaining PMFINE portion of PM2.5-PRI,0.351602,TON
36047,Kings,Fuel Comb - Residential - Other,2104002000,Pyrene,0.0,LB
36047,Kings,Fuel Comb - Residential - Other,2104002000,Carbon Disulfide,0.0,LB
36005,Bronx,Fuel Comb - Residential - Wood,2104008630,o-Xylene,0.0,LB
36047,Kings,Fuel Comb - Residential - Oil,2104011000,Chromium (VI),0.11893256,LB
36047,Kings,Fuel Comb - Residential - Oil,2104011000,Selenium,3.292922,LB
36047,Kings,Fuel Comb - Residential - Oil,2104011000,PM Condensible,1.020806,TON
36047,Kings,Fuel Comb - Residential - Wood,2104009000,Benzo[b]Fluoranthene,0.253802,LB
36047,Kings,Fuel Comb - Residential - Wood,2104009000,Benzo[a]Pyrene,0.271932,LB
36085,Richmond,Fuel Comb - Residential - Wood,2104008011,Hydroquinone,19.769,LB
36085,Richmond,Fuel Comb - Residential - Wood,2104008011,Elemental Carbon portion of PM2.5-PRI,0.196842,TON
36061,New York,Fuel Comb - Residential - Other,2104001000,Acenaphthylene,0.0,LB
36061,New York,Fuel Comb - Residential - Other,2104001000,Nickel,0.0,LB
36061,New York,Fuel Comb - Residential - Other,2104001000,Hydrogen Fluoride,0.0,LB
36061,New York,Fuel Comb - Residential - Other,2104001000,Phenanthrene,0.0,LB
36081,Queens,Fuel Comb - Residential - Wood,2104008700,Acrolein,0.0,LB
36081,Queens,Fuel Comb - Residential - Wood,2104008700,Formaldehyde,0.0,LB
36081,Queens,Fuel Comb - Residential - Wood,2104008700,Cadmium,0.0,LB
36081,Queens,Fuel Comb - Residential - Wood,2104008700,Acetophenone,0.0,LB
36085,Richmond,Fuel Comb - Residential - Other,2104002000,Styrene,0.0,LB
36085,Richmond,Fuel Comb - Residential - Other,2104002000,"2,4-Dinitrotoluene",0.0,LB
36085,Richmond,Fuel Comb - Residential - Other,2104002000,Acenaphthene,0.0,LB
36061,New York,Fuel Comb - Residential - Wood,2104008614,Hydroquinone,0.0,LB
36061,New York,Fuel Comb - Residential - Wood,2104008614,Cresol/Cresylic Acid (Mixed Isomers),0.0,LB
36061,New York,Fuel Comb - Residential - Wood,2104008614,Benzo[a]Pyrene,0.0,LB
36081,Queens,Fuel Comb - Residential - Other,2104001000,Elemental Carbon portion of PM2.5-PRI,0.0,TON
36081,Queens,Fuel Comb - Residential - Other,2104001000,PM10 Primary (Filt + Cond),0.0,TON
36005,Bronx,Fuel Comb - Residential - Wood,2104008700,m-Xylene,0.0,LB
36005,Bronx,Fuel Comb - Residential - Wood,2104008700,Propionaldehyde,0.0,LB
36005,Bronx,Fuel Comb - Residential - Wood,2104008700,Nickel,0.0,LB
36005,Bronx,Fuel Comb - Residential - Wood,2104008700,Acetophenone,0.0,LB
36005,Bronx,Fuel Comb - Residential - Wood,2104008700,PM10 Filterable,0.0,TON
36085,Richmond,Fuel Comb - Residential - Wood,2104008100,Elemental Carbon portion of PM2.5-PRI,0.31742,TON
36085,Richmond,Fuel Comb - Residential - Wood,2104008100,Organic Carbon portion of PM2.5-PRI,3.00468,TON
36005,Bronx,Fuel Comb - Residential - Oil,2104011000,Formaldehyde,93.8406,LB
36005,Bronx,Fuel Comb - Residential - Oil,2104011000,Lead,3.506134,LB
36005,Bronx,Fuel Comb - Residential - Oil,2104011000,Nitrate portion of PM2.5-PRI,0.00338474,TON
36005,Bronx,Fuel Comb - Residential - Oil,2104011000,PM2.5 Filterable,1.154962,TON
36085,Richmond,Fuel Comb - Residential - Wood,2104008100,Toluene,104.709,LB
36085,Richmond,Fuel Comb - Residential - Wood,2104008100,Catechol,206.768,LB
36005,Bronx,Fuel Comb - Residential - Wood,2104008021,Remaining PMFINE portion of PM2.5-PRI,0.517431,TON
36005,Bronx,Fuel Comb - Residential - Other,2104001000,Chlorobenzene,0.0,LB
36005,Bronx,Fuel Comb - Residential - Other,2104001000,Benzo[a]Pyrene,0.0,LB
36005,Bronx,Fuel Comb - Residential - Other,2104001000,PM10 Primary (Filt + Cond),0.0,TON
36085,Richmond,Fuel Comb - Residential - Wood,2104008530,Acetaldehyde,2.61244e-09,LB
36085,Richmond,Fuel Comb - Residential - Wood,2104008530,Acetophenone,5.9792e-12,LB
36085,Richmond,Fuel Comb - Residential - Wood,2104008530,Elemental Carbon portion of PM2.5-PRI,2.7636e-13,TON
36005,Bronx,Fuel Comb - Residential - Natural Gas,2104006000,Benzene,54.5032,LB
36005,Bronx,Fuel Comb - Residential - Natural Gas,2104006000,Organic Carbon portion of PM2.5-PRI,2.59709,TON
36081,Queens,Fuel Comb - Residential - Wood,2104008100,Arsenic,3.708706e-05,LB
36081,Queens,Fuel Comb - Residential - Wood,2104008100,1-Methylphenanthrene,0.0812792,LB
36081,Queens,Fuel Comb - Residential - Wood,2104008100,Carbon Monoxide,1.984145,TON
36081,Queens,Fuel Comb - Residential - Wood,2104008100,PM2.5 Filterable,0.2994968,TON
36047,Kings,Fuel Comb - Residential - Wood,2104008021,Benzo(a)Fluoranthene,0.1227766,LB
36047,Kings,Fuel Comb - Residential - Wood,2104008021,Nickel,0.001945356,LB
36047,Kings,Fuel Comb - Residential - Wood,2104008021,Phenanthrene,5.25178,LB
36047,Kings,Fuel Comb - Residential - Wood,2104008611,Benzo[a]Pyrene,0.0,LB
36047,Kings,Fuel Comb - Residential - Wood,2104008611,Mercury,0.0,LB
36047,Kings,Fuel Comb - Residential - Wood,2104008500,Ethyl Benzene,0.0,LB
36047,Kings,Fuel Comb - Residential - Wood,2104008500,m-Xylene,0.0,LB
36047,Kings,Fuel Comb - Residential - Wood,2104008500,o-Xylene,0.0,LB
36047,Kings,Fuel Comb - Residential - Wood,2104008500,Elemental Carbon portion of PM2.5-PRI,0.0,TON
36047,Kings,Fuel Comb - Residential - Wood,2104008500,Nitrate portion of PM2.5-PRI,0.0,TON
36005,Bronx,Fuel Comb - Residential - Wood,2104008031,Nickel,0.002137425,LB
36005,Bronx,Fuel Comb - Residential - Wood,2104008031,Cadmium,0.003008507,LB
36005,Bronx,Fuel Comb - Residential - Wood,2104008031,Nitrogen Oxides,0.03688857,TON
36061,New York,Fuel Comb - Residential - Other,2104002000,Toluene,0.0,LB
36061,New York,Fuel Comb - Residential - Other,2104002000,Acenaphthylene,0.0,LB
36061,New York,Fuel Comb - Residential - Other,2104002000,Hydrogen Fluoride,0.0,LB
36061,New York,Fuel Comb - Residential - Other,2104002000,Isophorone,0.0,LB
36005,Bronx,Fuel Comb - Residential - Wood,2104008400,Arsenic,0.0,LB
36005,Bronx,Fuel Comb - Residential - Wood,2104008400,Phenanthrene,0.0,LB
36005,Bronx,Fuel Comb - Residential - Wood,2104008400,Naphthalene,0.0,LB
36005,Bronx,Fuel Comb - Residential - Wood,2104008400,Catechol,0.0,LB
36005,Bronx,Fuel Comb - Residential - Wood,2104008400,Propionaldehyde,0.0,LB
36047,Kings,Fuel Comb - Residential - Wood,2104008615,Anthracene,0.0,LB
36047,Kings,Fuel Comb - Residential - Wood,2104008615,Catechol,0.0,LB
36047,Kings,Fuel Comb - Residential - Wood,2104008615,Cresol/Cresylic Acid (Mixed Isomers),0.0,LB
36047,Kings,Fuel Comb - Residential - Wood,2104008615,Mercury,0.0,LB
36047,Kings,Fuel Comb - Residential - Wood,2104008615,o-Xylene,0.0,LB
36047,Kings,Fuel Comb - Residential - Wood,2104008011,"Benzo(g,h,i)Fluoranthene",0.01271188,LB
36047,Kings,Fuel Comb - Residential - Wood,2104008011,Methylchrysene,0.00234848,LB
36047,Kings,Fuel Comb - Residential - Wood,2104008011,Benzo[a]Pyrene,0.0393692,LB
36047,Kings,Fuel Comb - Residential - Wood,2104008011,1-Methylphenanthrene,0.344152,LB
36047,Kings,Fuel Comb - Residential - Wood,2104008011,1-Methylnaphthalene,1.643244,LB
36047,Kings,Fuel Comb - Residential - Wood,2104008011,PM10 Filterable,0.4534367,TON
36061,New York,Fuel Comb - Residential - Other,2104007000,Nitrate portion of PM2.5-PRI,0.00713903,TON
36005,Bronx,Fuel Comb - Residential - Oil,2104004000,"Benzo[g,h,i,]Perylene",0.1616996,LB
36005,Bronx,Fuel Comb - Residential - Oil,2104004000,Benz[a]Anthracene,0.28691,LB
36085,Richmond,Fuel Comb - Residential - Wood,2104008612,Acenaphthylene,8.10294e-11,LB
36085,Richmond,Fuel Comb - Residential - Wood,2104008612,Catechol,1.359204e-09,LB
36085,Richmond,Fuel Comb - Residential - Wood,2104008400,1-Methylnaphthalene,0.0,LB
36085,Richmond,Fuel Comb - Residential - Wood,2104008400,2-Methylnaphthalene,0.0,LB
36085,Richmond,Fuel Comb - Residential - Wood,2104008400,Carbon Monoxide,0.0,TON
36085,Richmond,Fuel Comb - Residential - Wood,2104008400,Toluene,0.0,LB
36085,Richmond,Fuel Comb - Residential - Wood,2104008400,Acenaphthylene,0.0,LB
36005,Bronx,Fuel Comb - Residential - Wood,2104008614,Cresol/Cresylic Acid (Mixed Isomers),0.0,LB
36005,Bronx,Fuel Comb - Residential - Wood,2104008614,Mercury,0.0,LB
36081,Queens,Fuel Comb - Residential - Wood,2104008614,Cresol/Cresylic Acid (Mixed Isomers),0.0,LB
36081,Queens,Fuel Comb - Residential - Wood,2104008614,Acetaldehyde,0.0,LB
36081,Queens,Fuel Comb - Residential - Wood,2104008614,Phenanthrene,0.0,LB
36081,Queens,Fuel Comb - Residential - Wood,2104008614,Nitrogen Oxides,0.0,TON
36081,Queens,Fuel Comb - Residential - Wood,2104008614,PM2.5 Primary (Filt + Cond),0.0,TON
36081,Queens,Fuel Comb - Residential - Natural Gas,2104006000,Elemental Carbon portion of PM2.5-PRI,0.805297,TON
36061,New York,Fuel Comb - Residential - Wood,2104008700,Acenaphthylene,0.0,LB
36061,New York,Fuel Comb - Residential - Wood,2104008700,Mercury,0.0,LB
36047,Kings,Fuel Comb - Residential - Other,2104001000,Elemental Carbon portion of PM2.5-PRI,0.0,TON
36047,Kings,Fuel Comb - Residential - Other,2104001000,Nitrogen Oxides,0.0,TON
36047,Kings,Fuel Comb - Residential - Other,2104001000,Ethyl Benzene,0.0,LB
36047,Kings,Fuel Comb - Residential - Other,2104001000,Ethylene Dichloride,0.0,LB
36081,Queens,Fuel Comb - Residential - Other,2104007000,Volatile Organic Compounds,4.4444,TON
36081,Queens,Fuel Comb - Residential - Other,2104007000,Benzene,3.56202,LB
36047,Kings,Fuel Comb - Residential - Oil,2104004000,Beryllium,16.990222,LB
36047,Kings,Fuel Comb - Residential - Oil,2104004000,Acetaldehyde,198.367,LB
36005,Bronx,Fuel Comb - Residential - Wood,2104008100,Acrolein,0.01949012,LB
36005,Bronx,Fuel Comb - Residential - Wood,2104008100,Hydroquinone,0.00532112,LB
36005,Bronx,Fuel Comb - Residential - Wood,2104008100,Nickel,2.471682e-06,LB
36005,Bronx,Fuel Comb - Residential - Wood,2104008100,1-Methylphenanthrene,0.000686794,LB
36005,Bronx,Fuel Comb - Residential - Wood,2104008100,2-Methylnaphthalene,0.0046405,LB
36005,Bronx,Fuel Comb - Residential - Wood,2104008100,Acetophenone,0.00120653,LB
36005,Bronx,Fuel Comb - Residential - Wood,2104008100,Ammonia,0.0002025383,TON
36061,New York,Fuel Comb - Residential - Oil,2104011000,Manganese,2.175038,LB
36061,New York,Fuel Comb - Residential - Oil,2104011000,PM2.5 Primary (Filt + Cond),2.76038,TON
36047,Kings,Fuel Comb - Residential - Natural Gas,2104006000,Benzene,149.1614,LB
36047,Kings,Fuel Comb - Residential - Natural Gas,2104006000,Volatile Organic Compounds,185.6081,TON
36047,Kings,Fuel Comb - Residential - Wood,2104008031,Ethyl Benzene,1.126238,LB
36047,Kings,Fuel Comb - Residential - Wood,2104008031,Toluene,7.77054,LB
36047,Kings,Fuel Comb - Residential - Wood,2104008031,"Benzo[g,h,i,]Perylene",0.00907476,LB
36047,Kings,Fuel Comb - Residential - Wood,2104008031,Benzo[a]Pyrene,0.0441636,LB
36047,Kings,Fuel Comb - Residential - Wood,2104008031,Benzene,18.8362,LB
36047,Kings,Fuel Comb - Residential - Wood,2104008031,Lead,0.019177428,LB
36047,Kings,Fuel Comb - Residential - Wood,2104008031,Acetaldehyde,83.8038,LB
36047,Kings,Fuel Comb - Residential - Wood,2104008400,Acenaphthylene,0.0,LB
36047,Kings,Fuel Comb - Residential - Wood,2104008400,Elemental Carbon portion of PM2.5-PRI,0.0,TON
36047,Kings,Fuel Comb - Residential - Wood,2104008400,PM10 Filterable,0.0,TON
36047,Kings,Fuel Comb - Residential - Wood,2104008400,PM10 Primary (Filt + Cond),0.0,TON
36061,New York,Fuel Comb - Residential - Wood,2104008021,Remaining PMFINE portion of PM2.5-PRI,0.0268264,TON
36061,New York,Fuel Comb - Residential - Wood,2104008021,Sulfur Dioxide,0.001457145,TON
36085,Richmond,Fuel Comb - Residential - Wood,2104008611,"1,3-Butadiene",6.078e-08,LB
36085,Richmond,Fuel Comb - Residential - Wood,2104008611,Cresol/Cresylic Acid (Mixed Isomers),2.4395e-07,LB
36005,Bronx,Fuel Comb - Residential - Wood,2104008611,Benzene,0.0,LB
36005,Bronx,Fuel Comb - Residential - Wood,2104008611,PM2.5 Primary (Filt + Cond),0.0,TON
36005,Bronx,Fuel Comb - Residential - Wood,2104008611,Volatile Organic Compounds,0.0,TON
36061,New York,Fuel Comb - Residential - Wood,2104008611,Arsenic,0.0,LB
36061,New York,Fuel Comb - Residential - Wood,2104008611,Acetophenone,0.0,LB
36061,New York,Fuel Comb - Residential - Wood,2104008611,Organic Carbon portion of PM2.5-PRI,0.0,TON
36061,New York,Fuel Comb - Residential - Wood,2104008400,2-Methylphenanthrene,0.0,LB
36061,New York,Fuel Comb - Residential - Wood,2104008400,Arsenic,0.0,LB
36061,New York,Fuel Comb - Residential - Wood,2104008400,Cadmium,0.0,LB
36061,New York,Fuel Comb - Residential - Wood,2104008400,Fluorene,0.0,LB
36005,Bronx,Fuel Comb - Residential - Other,2104007000,Benzene,1.972172,LB
36005,Bronx,Fuel Comb - Residential - Other,2104007000,Sulfur Dioxide,0.268422,TON
36085,Richmond,Fuel Comb - Residential - Oil,2104004000,Chromium (VI),0.307601,LB
36085,Richmond,Fuel Comb - Residential - Oil,2104004000,Benz[a]Anthracene,0.01626124,LB
36085,Richmond,Fuel Comb - Residential - Oil,2104004000,Beryllium,1.7088492,LB
36085,Richmond,Fuel Comb - Residential - Oil,2104004000,Carbon Monoxide,10.13793,TON
36061,New York,Fuel Comb - Residential - Natural Gas,2104006000,PM10 Filterable,3.441571,TON
36081,Queens,Fuel Comb - Residential - Oil,2104011000,Manganese,1.6315168,LB
36081,Queens,Fuel Comb - Residential - Oil,2104011000,PM2.5 Filterable,0.8061613,TON
36061,New York,Fuel Comb - Residential - Wood,2104008500,Phenanthrene,0.0,LB
36061,New York,Fuel Comb - Residential - Wood,2104008500,Naphthalene,0.0,LB
36061,New York,Fuel Comb - Residential - Wood,2104008500,Catechol,0.0,LB
36005,Bronx,Fuel Comb - Residential - Other,2104002000,Benzyl Chloride,0.0,LB
36005,Bronx,Fuel Comb - Residential - Other,2104002000,Phenol,0.0,LB
36005,Bronx,Fuel Comb - Residential - Other,2104002000,Bis(2-Ethylhexyl)Phthalate,0.0,LB
36081,Queens,Fuel Comb - Residential - Wood,2104008400,Sulfur Dioxide,0.0,TON
36005,Bronx,Fuel Comb - Residential - Other,2104002000,Mercury,0.0,LB
36005,Bronx,Fuel Comb - Residential - Other,2104002000,Methylene Chloride,0.0,LB
36005,Bronx,Fuel Comb - Residential - Other,2104002000,Cumene,0.0,LB
36005,Bronx,Fuel Comb - Residential - Other,2104002000,Ammonia,0.0,TON
36081,Queens,Fuel Comb - Residential - Wood,2104008615,Benzo[a]Pyrene,0.0,LB
36081,Queens,Fuel Comb - Residential - Wood,2104008615,Acetaldehyde,0.0,LB
36081,Queens,Fuel Comb - Residential - Wood,2104008615,PM2.5 Filterable,0.0,TON
36047,Kings,Fuel Comb - Residential - Wood,2104008100,PM2.5 Primary (Filt + Cond),0.002297173,TON
36047,Kings,Fuel Comb - Residential - Wood,2104008100,Sulfur Dioxide,3.893513e-05,TON
36047,Kings,Fuel Comb - Residential - Wood,2104008100,Ethyl Benzene,0.00612854,LB
36047,Kings,Fuel Comb - Residential - Wood,2104008100,Benzo[a]Pyrene,0.0001946758,LB
36005,Bronx,Fuel Comb - Residential - Wood,2104008615,Acrolein,0.0,LB
36005,Bronx,Fuel Comb - Residential - Wood,2104008615,Acenaphthene,0.0,LB
36005,Bronx,Fuel Comb - Residential - Wood,2104008615,Fluorene,0.0,LB
36005,Bronx,Fuel Comb - Residential - Wood,2104008615,Carbon Monoxide,0.0,TON
36005,Bronx,Fuel Comb - Residential - Wood,2104008615,Elemental Carbon portion of PM2.5-PRI,0.0,TON
36047,Kings,Fuel Comb - Residential - Wood,2104008630,Chrysene,0.0,LB
36047,Kings,Fuel Comb - Residential - Wood,2104008630,Phenanthrene,0.0,LB
36047,Kings,Fuel Comb - Residential - Wood,2104008630,Fluorene,0.0,LB
36061,New York,Fuel Comb - Residential - Wood,2104008031,Ethyl Benzene,0.059949,LB
36047,Kings,Fuel Comb - Residential - Wood,2104008614,"Benzo(g,h,i)Fluoranthene",0.0,LB
36047,Kings,Fuel Comb - Residential - Wood,2104008614,PM2.5 Primary (Filt + Cond),0.0,TON
36061,New York,Fuel Comb - Residential - Wood,2104008031,Anthracene,0.00900546,LB
36061,New York,Fuel Comb - Residential - Wood,2104008031,Benzo[e]Pyrene,0.001413706,LB
36061,New York,Fuel Comb - Residential - Wood,2104008031,Benzo[k]Fluoranthene,0.00122049,LB
36061,New York,Fuel Comb - Residential - Wood,2104008031,"Dibenzo(a,h)Anthracene",9.40324e-05,LB
36005,Bronx,Fuel Comb - Residential - Wood,2104008011,Chrysene,0.01948754,LB
36005,Bronx,Fuel Comb - Residential - Wood,2104008011,Nitrogen Oxides,0.01873705,TON
36005,Bronx,Fuel Comb - Residential - Wood,2104008011,PM2.5 Filterable,0.4655422,TON
36047,Kings,Fuel Comb - Residential - Wood,2104008700,Benzene,0.0,LB
36047,Kings,Fuel Comb - Residential - Wood,2104008700,Lead,0.0,LB
36047,Kings,Fuel Comb - Residential - Wood,2104008700,2-Methylnaphthalene,0.0,LB
36047,Kings,Fuel Comb - Residential - Wood,2104008700,Sulfur Dioxide,0.0,TON
36081,Queens,Fuel Comb - Residential - Wood,2104009000,Benzene,198.5422,LB
36081,Queens,Fuel Comb - Residential - Wood,2104009000,Remaining PMFINE portion of PM2.5-PRI,1.08239,TON
36047,Kings,Fuel Comb - Residential - Wood,2104008530,Catechol,0.0,LB
36047,Kings,Fuel Comb - Residential - Wood,2104008530,PM Condensible,0.0,TON
36047,Kings,Fuel Comb - Residential - Wood,2104008530,PM2.5 Primary (Filt + Cond),0.0,TON
36085,Richmond,Fuel Comb - Residential - Other,2104001000,Acrolein,0.0,LB
36085,Richmond,Fuel Comb - Residential - Other,2104001000,Fluoranthene,0.0,LB
36085,Richmond,Fuel Comb - Residential - Other,2104001000,Nitrate portion of PM2.5-PRI,0.0,TON
36005,Bronx,Fuel Comb - Residential - Wood,2104008612,Hydroquinone,0.0,LB
36005,Bronx,Fuel Comb - Residential - Wood,2104008612,Propionaldehyde,0.0,LB
36005,Bronx,Fuel Comb - Residential - Wood,2104008612,Acenaphthylene,0.0,LB
36005,Bronx,Fuel Comb - Residential - Wood,2104008612,Naphthalene,0.0,LB
36005,Bronx,Fuel Comb - Residential - Wood,2104008612,Nitrogen Oxides,0.0,TON
36047,Kings,Fuel Comb - Residential - Wood,2104008612,"1,3-Butadiene",0.0,LB
36047,Kings,Fuel Comb - Residential - Wood,2104008612,Manganese,0.0,LB
36047,Kings,Fuel Comb - Residential - Wood,2104008612,1-Methylphenanthrene,0.0,LB
36047,Kings,Fuel Comb - Residential - Wood,2104008612,Phenanthrene,0.0,LB
36005,Bronx,Fuel Comb - Residential - Wood,2104008612,Acrolein,0.0,LB
36085,Richmond,Fuel Comb - Residential - Wood,2104008500,Hydroquinone,1.03966e-09,LB
36085,Richmond,Fuel Comb - Residential - Wood,2104008500,Benzene,2.31506e-08,LB
36085,Richmond,Fuel Comb - Residential - Wood,2104008500,Mercury,2.8411e-13,LB
36061,New York,Fuel Comb - Residential - Wood,2104008615,Ethyl Benzene,0.0,LB
36005,Bronx,Fuel Comb - Residential - Wood,2104008500,PM Condensible,0.0,TON
36061,New York,Fuel Comb - Residential - Wood,2104008615,"Benzo(g,h,i)Fluoranthene",0.0,LB
36061,New York,Fuel Comb - Residential - Wood,2104008615,Benzene,0.0,LB
36005,Bronx,Fuel Comb - Residential - Wood,2104008500,Acrolein,0.0,LB
36085,Richmond,Fuel Comb - Residential - Wood,2104008021,Anthracene,8.5315,LB
36081,Queens,Fuel Comb - Residential - Other,2104002000,Acenaphthylene,0.0,LB
36081,Queens,Fuel Comb - Residential - Other,2104002000,Bromoform,0.0,LB
36081,Queens,Fuel Comb - Residential - Other,2104002000,PM Condensible,0.0,TON
36081,Queens,Fuel Comb - Residential - Other,2104002000,Sulfate Portion of PM2.5-PRI,0.0,TON
36061,New York,Fuel Comb - Residential - Wood,2104008100,Toluene,7.70364e-08,LB
36061,New York,Fuel Comb - Residential - Wood,2104008100,Acetaldehyde,8.30824e-07,LB
36061,New York,Fuel Comb - Residential - Wood,2104008100,Acenaphthene,9.84896e-10,LB
36061,New York,Fuel Comb - Residential - Wood,2104008100,Nitrate portion of PM2.5-PRI,7.9518e-12,TON
36061,New York,Fuel Comb - Residential - Wood,2104008100,Sulfur Dioxide,7.093491e-11,TON
36085,Richmond,Fuel Comb - Residential - Wood,2104008615,Nickel,1.637e-14,LB
36085,Richmond,Fuel Comb - Residential - Wood,2104008615,Acetaldehyde,3.71168e-09,LB
36085,Richmond,Fuel Comb - Residential - Wood,2104008615,o-Xylene,3.94256e-11,LB
36005,Bronx,Fuel Comb - Residential - Wood,2104008530,Phenol,0.0,LB
36005,Bronx,Fuel Comb - Residential - Wood,2104008530,Cresol/Cresylic Acid (Mixed Isomers),0.0,LB
36085,Richmond,Fuel Comb - Residential - Wood,2104008700,Phenanthrene,9.0474e-09,LB
36085,Richmond,Fuel Comb - Residential - Wood,2104008700,Fluorene,2.55862e-09,LB
36085,Richmond,Fuel Comb - Residential - Wood,2104008700,Naphthalene,1.308128e-07,LB
36085,Richmond,Fuel Comb - Residential - Wood,2104008700,o-Xylene,1.043044e-08,LB
36085,Richmond,Fuel Comb - Residential - Wood,2104008700,Carbon Monoxide,3.122995e-08,TON
36085,Richmond,Fuel Comb - Residential - Wood,2104008700,Sulfate Portion of PM2.5-PRI,2.02806e-11,TON
36085,Richmond,Fuel Comb - Residential - Natural Gas,2104006000,Phenanthrene,0.224316,LB
36085,Richmond,Fuel Comb - Residential - Natural Gas,2104006000,Fluorene,0.0369462,LB
36081,Queens,Fuel Comb - Residential - Wood,2104008500,Remaining PMFINE portion of PM2.5-PRI,0.0,TON
36081,Queens,Fuel Comb - Residential - Wood,2104008500,Sulfate Portion of PM2.5-PRI,0.0,TON
36085,Richmond,Fuel Comb - Residential - Wood,2104008011,Ammonia,0.2053762,TON
36085,Richmond,Fuel Comb - Residential - Wood,2104008011,Nitrate portion of PM2.5-PRI,0.00670251,TON
36085,Richmond,Fuel Comb - Residential - Wood,2104008011,PM2.5 Primary (Filt + Cond),3.527639,TON
36085,Richmond,Fuel Comb - Residential - Wood,2104008011,Remaining PMFINE portion of PM2.5-PRI,1.44643,TON
36081,Queens,Fuel Comb - Residential - Wood,2104008630,Propionaldehyde,0.0,LB
36081,Queens,Fuel Comb - Residential - Wood,2104008630,"Benzo(g,h,i)Fluoranthene",0.0,LB
36081,Queens,Fuel Comb - Residential - Wood,2104008630,Mercury,0.0,LB
36081,Queens,Fuel Comb - Residential - Wood,2104008630,PM Condensible,0.0,TON
36085,Richmond,Fuel Comb - Residential - Other,2104007000,Organic Carbon portion of PM2.5-PRI,0.0282396,TON
36061,New York,Fuel Comb - Residential - Oil,2104004000,"Benzo[g,h,i,]Perylene",0.150466,LB
36061,New York,Fuel Comb - Residential - Oil,2104004000,Elemental Carbon portion of PM2.5-PRI,7.09055,TON
36061,New York,Fuel Comb - Residential - Oil,2104004000,Ammonia,33.28895,TON
36061,New York,Fuel Comb - Residential - Oil,2104004000,Nitrate portion of PM2.5-PRI,0.0,TON
36085,Richmond,Fuel Comb - Residential - Oil,2104011000,"Benzo[g,h,i,]Perylene",0.000354576,LB
36085,Richmond,Fuel Comb - Residential - Oil,2104011000,Formaldehyde,5.31862,LB
36085,Richmond,Fuel Comb - Residential - Oil,2104011000,Nickel,0.06623934,LB
36085,Richmond,Fuel Comb - Residential - Oil,2104011000,Acenaphthene,0.00332366,LB
36085,Richmond,Fuel Comb - Residential - Oil,2104011000,PM2.5 Filterable,0.06546005,TON
36085,Richmond,Fuel Comb - Residential - Oil,2104011000,Sulfate Portion of PM2.5-PRI,0.000495986,TON
36047,Kings,Fuel Comb - Residential - Other,2104007000,PM10 Filterable,0.1888643,TON
36081,Queens,Fuel Comb - Residential - Oil,2104004000,PM10 Filterable,26.96799,TON
36081,Queens,Fuel Comb - Residential - Oil,2104004000,PM10 Primary (Filt + Cond),59.42945,TON
36081,Queens,Fuel Comb - Residential - Wood,2104008011,PM2.5 Primary (Filt + Cond),2.953617,TON
36081,Queens,Fuel Comb - Residential - Wood,2104008011,Ethyl Benzene,22.0374,LB
36081,Queens,Fuel Comb - Residential - Wood,2104008011,Cresol/Cresylic Acid (Mixed Isomers),451.912,LB
36081,Queens,Fuel Comb - Residential - Wood,2104008011,Benzo[e]Pyrene,0.1470342,LB
36081,Queens,Fuel Comb - Residential - Wood,2104008011,Benzo[k]Fluoranthene,0.1270634,LB
36047,Kings,Fuel Comb - Residential - Other,2104007000,Benzene,4.14558,LB
36085,Richmond,Fuel Comb - Residential - Wood,2104009000,"Benzo[g,h,i,]Perylene",0.28234,LB
36085,Richmond,Fuel Comb - Residential - Wood,2104009000,"Indeno[1,2,3-c,d]Pyrene",0.28234,LB
36085,Richmond,Fuel Comb - Residential - Wood,2104009000,Benzo[b]Fluoranthene,0.46503,LB
36081,Queens,Fuel Comb - Residential - Oil,2104004000,Benz[a]Anthracene,0.200262,LB
36085,Richmond,Fuel Comb - Residential - Wood,2104008614,m-Xylene,3.38796e-10,LB
36085,Richmond,Fuel Comb - Residential - Wood,2104008614,Cresol/Cresylic Acid (Mixed Isomers),2.65164e-09,LB
36085,Richmond,Fuel Comb - Residential - Wood,2104008614,Nickel,1.265e-14,LB
36085,Richmond,Fuel Comb - Residential - Wood,2104008614,1-Methylnaphthalene,5.9854e-11,LB
36085,Richmond,Fuel Comb - Residential - Wood,2104008614,Carbon Monoxide,2.073251e-10,TON
36061,New York,Fuel Comb - Residential - Wood,2104008530,Benzo[a]Pyrene,0.0,LB
36061,New York,Fuel Comb - Residential - Wood,2104008630,Mercury,0.0,LB
36061,New York,Fuel Comb - Residential - Wood,2104008630,PM Condensible,0.0,TON
36085,Richmond,Fuel Comb - Residential - Wood,2104008630,Ethyl Benzene,2.80868e-11,LB
36085,Richmond,Fuel Comb - Residential - Wood,2104008630,Phenanthrene,1.925606e-11,LB
36005,Bronx,Fuel Comb - Residential - Wood,2104008630,Acrolein,0.0,LB
36047,Kings,Fuel Comb - Residential - Other,2104002000,Phenol,0.0,LB
36005,Bronx,Fuel Comb - Residential - Wood,2104008630,Benzene,0.0,LB
36005,Bronx,Fuel Comb - Residential - Wood,2104008630,1-Methylphenanthrene,0.0,LB
36005,Bronx,Fuel Comb - Residential - Wood,2104008630,1-Methylnaphthalene,0.0,LB
36005,Bronx,Fuel Comb - Residential - Wood,2104008630,Naphthalene,0.0,LB
36061,New York,Fuel Comb - Residential - Wood,2104008011,Acrolein,0.519864,LB
36061,New York,Fuel Comb - Residential - Wood,2104008011,Propionaldehyde,2.1042,LB
36061,New York,Fuel Comb - Residential - Wood,2104008011,Benzo[a]Pyrene,0.0020956,LB
36081,Queens,Fuel Comb - Residential - Wood,2104008021,Acetaldehyde,3538.4,LB
36047,Kings,Fuel Comb - Residential - Oil,2104011000,Pyrene,0.00662458,LB
36047,Kings,Fuel Comb - Residential - Oil,2104011000,Acenaphthene,0.0330454,LB
36047,Kings,Fuel Comb - Residential - Oil,2104011000,Nitrate portion of PM2.5-PRI,0.00190734,TON
36081,Queens,Fuel Comb - Residential - Wood,2104008500,Acrolein,0.0,LB
36085,Richmond,Fuel Comb - Residential - Wood,2104008614,Mercury,4.6e-15,LB
36085,Richmond,Fuel Comb - Residential - Wood,2104008614,PM10 Primary (Filt + Cond),3.68578e-11,TON
36061,New York,Fuel Comb - Residential - Wood,2104008530,2-Methylphenanthrene,0.0,LB
36061,New York,Fuel Comb - Residential - Wood,2104008630,Anthracene,0.0,LB
36061,New York,Fuel Comb - Residential - Wood,2104008630,"Benzo(g,h,i)Fluoranthene",0.0,LB
36061,New York,Fuel Comb - Residential - Wood,2104008630,PM10 Filterable,0.0,TON
36085,Richmond,Fuel Comb - Residential - Wood,2104008630,Anthracene,4.21916e-12,LB
36085,Richmond,Fuel Comb - Residential - Wood,2104008630,Catechol,3.82668e-10,LB
36085,Richmond,Fuel Comb - Residential - Wood,2104008630,Acenaphthene,2.47754e-12,LB
36081,Queens,Fuel Comb - Residential - Wood,2104008611,2-Methylphenanthrene,0.0,LB
36081,Queens,Fuel Comb - Residential - Wood,2104008611,Lead,0.0,LB
36081,Queens,Fuel Comb - Residential - Wood,2104008611,PM2.5 Primary (Filt + Cond),0.0,TON
36085,Richmond,Fuel Comb - Residential - Wood,2104008031,Sulfur Dioxide,0.05074001,TON
36005,Bronx,Fuel Comb - Residential - Wood,2104008630,m-Xylene,0.0,LB
36047,Kings,Fuel Comb - Residential - Other,2104002000,Elemental Carbon portion of PM2.5-PRI,0.0,TON
36047,Kings,Fuel Comb - Residential - Other,2104002000,Nitrogen Oxides,0.0,TON
36005,Bronx,Fuel Comb - Residential - Wood,2104008630,Catechol,0.0,LB
36005,Bronx,Fuel Comb - Residential - Wood,2104008630,Cadmium,0.0,LB
36061,New York,Fuel Comb - Residential - Wood,2104008011,PM Condensible,0.001190349,TON
36081,Queens,Fuel Comb - Residential - Wood,2104008021,Fluoranthene,6.3334,LB
36081,Queens,Fuel Comb - Residential - Wood,2104008021,Chrysene,1.122332,LB
36081,Queens,Fuel Comb - Residential - Wood,2104008021,Naphthalene,471.372,LB
36047,Kings,Fuel Comb - Residential - Wood,2104009000,Sulfate Portion of PM2.5-PRI,0.0131932,TON
36085,Richmond,Fuel Comb - Residential - Wood,2104008011,Acrolein,72.4098,LB
36081,Queens,Fuel Comb - Residential - Wood,2104008500,"1,3-Butadiene",0.0,LB
36081,Queens,Fuel Comb - Residential - Wood,2104008500,Mercury,0.0,LB
36061,New York,Fuel Comb - Residential - Other,2104001000,Tetrachloroethylene,0.0,LB
36081,Queens,Fuel Comb - Residential - Wood,2104008700,Fluoranthene,0.0,LB
36081,Queens,Fuel Comb - Residential - Wood,2104008700,1-Methylphenanthrene,0.0,LB
36081,Queens,Fuel Comb - Residential - Wood,2104008700,Fluorene,0.0,LB
36081,Queens,Fuel Comb - Residential - Wood,2104008700,Nitrate portion of PM2.5-PRI,0.0,TON
36085,Richmond,Fuel Comb - Residential - Other,2104002000,Anthracene,0.0,LB
36085,Richmond,Fuel Comb - Residential - Other,2104002000,Propionaldehyde,0.0,LB
36085,Richmond,Fuel Comb - Residential - Other,2104002000,Xylenes (Mixed Isomers),0.0,LB
36085,Richmond,Fuel Comb - Residential - Other,2104002000,"Indeno[1,2,3-c,d]Pyrene",0.0,LB
36085,Richmond,Fuel Comb - Residential - Other,2104002000,Methyl Methacrylate,0.0,LB
36061,New York,Fuel Comb - Residential - Wood,2104008614,Propionaldehyde,0.0,LB
36061,New York,Fuel Comb - Residential - Wood,2104008614,Naphthalene,0.0,LB
36061,New York,Fuel Comb - Residential - Wood,2104008614,Sulfate Portion of PM2.5-PRI,0.0,TON
36081,Queens,Fuel Comb - Residential - Other,2104001000,Acetaldehyde,0.0,LB
36081,Queens,Fuel Comb - Residential - Other,2104001000,PM2.5 Primary (Filt + Cond),0.0,TON
36005,Bronx,Fuel Comb - Residential - Wood,2104008700,"Benzo(g,h,i)Fluoranthene",0.0,LB
36005,Bronx,Fuel Comb - Residential - Wood,2104008700,Fluorene,0.0,LB
36005,Bronx,Fuel Comb - Residential - Wood,2104008700,Elemental Carbon portion of PM2.5-PRI,0.0,TON
36085,Richmond,Fuel Comb - Residential - Wood,2104008100,2-Methylphenanthrene,1.23265,LB
36085,Richmond,Fuel Comb - Residential - Wood,2104008100,Benzo[a]Pyrene,0.482078,LB
36085,Richmond,Fuel Comb - Residential - Wood,2104008100,PM10 Primary (Filt + Cond),5.688526,TON
36085,Richmond,Fuel Comb - Residential - Wood,2104008100,Sulfur Dioxide,0.09641569,TON
36005,Bronx,Fuel Comb - Residential - Oil,2104011000,Fluoranthene,0.0136808,LB
36005,Bronx,Fuel Comb - Residential - Oil,2104011000,Ammonia,1.392142,TON
36085,Richmond,Fuel Comb - Residential - Wood,2104008100,"Benzo(g,h,i)Fluoranthene",0.0543426,LB
36005,Bronx,Fuel Comb - Residential - Wood,2104008021,Phenol,180.3054,LB
36005,Bronx,Fuel Comb - Residential - Wood,2104008021,Mercury,0.0005621116,LB
36005,Bronx,Fuel Comb - Residential - Wood,2104008021,Nickel,0.001997291,LB
36005,Bronx,Fuel Comb - Residential - Wood,2104008021,Cadmium,0.01550487,LB
36005,Bronx,Fuel Comb - Residential - Wood,2104008021,PM Condensible,0.0593112,TON
36005,Bronx,Fuel Comb - Residential - Oil,2104011000,Chromium III,0.9624682,LB
36005,Bronx,Fuel Comb - Residential - Other,2104001000,Phenol,0.0,LB
36005,Bronx,Fuel Comb - Residential - Other,2104001000,Chrysene,0.0,LB
36005,Bronx,Fuel Comb - Residential - Other,2104001000,Cobalt,0.0,LB
36005,Bronx,Fuel Comb - Residential - Other,2104001000,Acetaldehyde,0.0,LB
36005,Bronx,Fuel Comb - Residential - Other,2104001000,PM2.5 Filterable,0.0,TON
36085,Richmond,Fuel Comb - Residential - Wood,2104008530,1-Methylphenanthrene,3.40354e-12,LB
36081,Queens,Fuel Comb - Residential - Wood,2104008100,Lead,0.02004364,LB
36081,Queens,Fuel Comb - Residential - Wood,2104008100,Mercury,0.0001065313,LB
36081,Queens,Fuel Comb - Residential - Wood,2104008100,1-Methylnaphthalene,0.38809,LB
36081,Queens,Fuel Comb - Residential - Wood,2104008100,Sulfur Dioxide,0.005326565,TON
36047,Kings,Fuel Comb - Residential - Wood,2104008021,Chrysene,0.180797,LB
36047,Kings,Fuel Comb - Residential - Wood,2104008021,Acetaldehyde,570.002,LB
36047,Kings,Fuel Comb - Residential - Wood,2104008021,Nitrogen Oxides,0.0875992,TON
36047,Kings,Fuel Comb - Residential - Wood,2104008021,PM2.5 Filterable,1.171357,TON
36081,Queens,Fuel Comb - Residential - Wood,2104008530,Lead,0.0,LB
36081,Queens,Fuel Comb - Residential - Wood,2104008530,Naphthalene,0.0,LB
36081,Queens,Fuel Comb - Residential - Wood,2104008530,PM Condensible,0.0,TON
36081,Queens,Fuel Comb - Residential - Wood,2104008530,PM10 Filterable,0.0,TON
36085,Richmond,Fuel Comb - Residential - Wood,2104008530,Ethyl Benzene,3.51086e-11,LB
36085,Richmond,Fuel Comb - Residential - Wood,2104008530,Acrolein,9.6587e-11,LB
36047,Kings,Fuel Comb - Residential - Wood,2104008611,Benzene,0.0,LB
36047,Kings,Fuel Comb - Residential - Wood,2104008500,Anthracene,0.0,LB
36047,Kings,Fuel Comb - Residential - Wood,2104008611,m-Xylene,0.0,LB
36005,Bronx,Fuel Comb - Residential - Wood,2104008031,m-Xylene,3.02962,LB
36005,Bronx,Fuel Comb - Residential - Wood,2104008031,Cresol/Cresylic Acid (Mixed Isomers),23.7118,LB
36005,Bronx,Fuel Comb - Residential - Wood,2104008031,Fluoranthene,0.1540056,LB
36005,Bronx,Fuel Comb - Residential - Wood,2104008031,Methylchrysene,0.00270194,LB
36005,Bronx,Fuel Comb - Residential - Wood,2104008031,Benz[a]Anthracene,0.0267088,LB
36005,Bronx,Fuel Comb - Residential - Wood,2104008031,PM10 Primary (Filt + Cond),0.1187461,TON
36061,New York,Fuel Comb - Residential - Other,2104002000,Tetrachloroethylene,0.0,LB
36061,New York,Fuel Comb - Residential - Other,2104002000,Benz[a]Anthracene,0.0,LB
36061,New York,Fuel Comb - Residential - Other,2104002000,Mercury,0.0,LB
36061,New York,Fuel Comb - Residential - Other,2104002000,Fluorene,0.0,LB
36005,Bronx,Fuel Comb - Residential - Wood,2104008400,Pyrene,0.0,LB
36047,Kings,Fuel Comb - Residential - Wood,2104008615,Acetaldehyde,0.0,LB
36047,Kings,Fuel Comb - Residential - Wood,2104008615,Nitrogen Oxides,0.0,TON
36047,Kings,Fuel Comb - Residential - Wood,2104008011,Hydroquinone,2.6664,LB
36061,New York,Fuel Comb - Residential - Other,2104007000,Nitrogen Oxides,68.90376,TON
36005,Bronx,Fuel Comb - Residential - Oil,2104004000,Nickel,30.15054,LB
36005,Bronx,Fuel Comb - Residential - Oil,2104004000,Cadmium,30.15054,LB
36005,Bronx,Fuel Comb - Residential - Oil,2104004000,Phenanthrene,0.751258,LB
36061,New York,Fuel Comb - Residential - Wood,2104008612,Fluorene,0.0,LB
36061,New York,Fuel Comb - Residential - Wood,2104008612,PM Condensible,0.0,TON
36061,New York,Fuel Comb - Residential - Wood,2104008612,Sulfur Dioxide,0.0,TON
36085,Richmond,Fuel Comb - Residential - Wood,2104008612,1-Methylnaphthalene,4.6178e-11,LB
36061,New York,Fuel Comb - Residential - Wood,2104008612,m-Xylene,0.0,LB
36085,Richmond,Fuel Comb - Residential - Wood,2104008400,m-Xylene,0.0,LB
36005,Bronx,Fuel Comb - Residential - Wood,2104008614,PM10 Primary (Filt + Cond),0.0,TON
36005,Bronx,Fuel Comb - Residential - Wood,2104008614,Sulfur Dioxide,0.0,TON
36005,Bronx,Fuel Comb - Residential - Wood,2104009000,Chrysene,0.223676,LB
36081,Queens,Fuel Comb - Residential - Wood,2104008614,Pyrene,0.0,LB
36081,Queens,Fuel Comb - Residential - Wood,2104008614,Cadmium,0.0,LB
36081,Queens,Fuel Comb - Residential - Wood,2104008614,Elemental Carbon portion of PM2.5-PRI,0.0,TON
36081,Queens,Fuel Comb - Residential - Wood,2104008614,Organic Carbon portion of PM2.5-PRI,0.0,TON
36081,Queens,Fuel Comb - Residential - Wood,2104008614,PM2.5 Filterable,0.0,TON
36081,Queens,Fuel Comb - Residential - Natural Gas,2104006000,Phenanthrene,0.950368,LB
36081,Queens,Fuel Comb - Residential - Natural Gas,2104006000,Ammonia,559.0398,TON
36081,Queens,Fuel Comb - Residential - Natural Gas,2104006000,PM Condensible,8.944637,TON
36061,New York,Fuel Comb - Residential - Wood,2104008700,Nitrogen Oxides,0.0,TON
36061,New York,Fuel Comb - Residential - Wood,2104008700,Volatile Organic Compounds,0.0,TON
36061,New York,Fuel Comb - Residential - Wood,2104008700,Toluene,0.0,LB
36061,New York,Fuel Comb - Residential - Wood,2104008700,Benzene,0.0,LB
36047,Kings,Fuel Comb - Residential - Other,2104001000,PM10 Filterable,0.0,TON
36047,Kings,Fuel Comb - Residential - Other,2104001000,Sulfur Dioxide,0.0,TON
36047,Kings,Fuel Comb - Residential - Other,2104001000,Cobalt,0.0,LB
36081,Queens,Fuel Comb - Residential - Wood,2104008031,Phenol,160.2818,LB
36081,Queens,Fuel Comb - Residential - Wood,2104008031,Perylene,0.0435642,LB
36081,Queens,Fuel Comb - Residential - Wood,2104008031,"Dibenzo(a,h)Anthracene",0.01096618,LB
36081,Queens,Fuel Comb - Residential - Wood,2104008031,Naphthalene,69.3028,LB
36081,Queens,Fuel Comb - Residential - Wood,2104008031,PM10 Filterable,0.6842269,TON
36081,Queens,Fuel Comb - Residential - Other,2104007000,PM10 Filterable,0.1622784,TON
36081,Queens,Fuel Comb - Residential - Other,2104007000,PM2.5 Filterable,0.08925313,TON
36047,Kings,Fuel Comb - Residential - Oil,2104004000,Nickel,16.990222,LB
36005,Bronx,Fuel Comb - Residential - Wood,2104008100,Benzene,0.1184876,LB
36005,Bronx,Fuel Comb - Residential - Wood,2104008100,Lead,0.00016936514,LB
36005,Bronx,Fuel Comb - Residential - Wood,2104008100,Arsenic,3.133789e-07,LB
36005,Bronx,Fuel Comb - Residential - Wood,2104008100,Fluorene,0.001373588,LB
36005,Bronx,Fuel Comb - Residential - Wood,2104008100,Naphthalene,0.0702262,LB
36047,Kings,Fuel Comb - Residential - Wood,2104008031,Ammonia,0.01147324,TON
36061,New York,Fuel Comb - Residential - Oil,2104011000,"Benzo[g,h,i,]Perylene",0.00582142,LB
36061,New York,Fuel Comb - Residential - Oil,2104011000,"Dibenzo(a,h)Anthracene",0.00436926,LB
36061,New York,Fuel Comb - Residential - Oil,2104011000,Fluorene,0.01164286,LB
36061,New York,Fuel Comb - Residential - Oil,2104011000,Nitrogen Oxides,23.31769,TON
36061,New York,Fuel Comb - Residential - Oil,2104011000,Organic Carbon portion of PM2.5-PRI,0.484723,TON
36047,Kings,Fuel Comb - Residential - Natural Gas,2104006000,Organic Carbon portion of PM2.5-PRI,7.10758,TON
36061,New York,Fuel Comb - Residential - Wood,2104009000,PM10 Primary (Filt + Cond),0.0,TON
36061,New York,Fuel Comb - Residential - Wood,2104009000,PM2.5 Filterable,0.0,TON
36061,New York,Fuel Comb - Residential - Wood,2104009000,Remaining PMFINE portion of PM2.5-PRI,0.0,TON
36047,Kings,Fuel Comb - Residential - Wood,2104008031,Acrolein,3.09838,LB
36047,Kings,Fuel Comb - Residential - Wood,2104008031,m-Xylene,2.95084,LB
36047,Kings,Fuel Comb - Residential - Wood,2104008031,Catechol,15.34438,LB
36047,Kings,Fuel Comb - Residential - Wood,2104008031,Pyrene,0.0919678,LB
36047,Kings,Fuel Comb - Residential - Wood,2104008031,Benzo(a)Fluoranthene,0.01445906,LB
36047,Kings,Fuel Comb - Residential - Wood,2104008031,Acenaphthylene,0.91476,LB
36047,Kings,Fuel Comb - Residential - Wood,2104008031,o-Xylene,0.89017,LB
36047,Kings,Fuel Comb - Residential - Wood,2104008400,Phenol,0.0,LB
36047,Kings,Fuel Comb - Residential - Wood,2104008400,Catechol,0.0,LB
36047,Kings,Fuel Comb - Residential - Wood,2104008400,2-Methylnaphthalene,0.0,LB
36061,New York,Fuel Comb - Residential - Wood,2104008021,Toluene,2.8133,LB
36061,New York,Fuel Comb - Residential - Wood,2104008021,Fluorene,0.0790574,LB
36085,Richmond,Fuel Comb - Residential - Wood,2104008611,Acenaphthylene,9.66246e-09,LB
36085,Richmond,Fuel Comb - Residential - Wood,2104008611,Formaldehyde,6.05202e-07,LB
36085,Richmond,Fuel Comb - Residential - Wood,2104008611,Cadmium,1.789395e-11,LB
36085,Richmond,Fuel Comb - Residential - Wood,2104008611,Acetaldehyde,8.85206e-07,LB
36085,Richmond,Fuel Comb - Residential - Wood,2104008611,PM2.5 Filterable,3.231544e-09,TON
36085,Richmond,Fuel Comb - Residential - Wood,2104008611,Sulfate Portion of PM2.5-PRI,1.39028e-11,TON
36005,Bronx,Fuel Comb - Residential - Wood,2104008611,"1,3-Butadiene",0.0,LB
36005,Bronx,Fuel Comb - Residential - Wood,2104008611,Fluoranthene,0.0,LB
36005,Bronx,Fuel Comb - Residential - Wood,2104008611,Acetaldehyde,0.0,LB
36005,Bronx,Fuel Comb - Residential - Wood,2104008611,Naphthalene,0.0,LB
36005,Bronx,Fuel Comb - Residential - Wood,2104008611,Nitrogen Oxides,0.0,TON
36061,New York,Fuel Comb - Residential - Wood,2104008611,"1,3-Butadiene",0.0,LB
36061,New York,Fuel Comb - Residential - Wood,2104008611,2-Methylphenanthrene,0.0,LB
36061,New York,Fuel Comb - Residential - Wood,2104008611,Acenaphthene,0.0,LB
36061,New York,Fuel Comb - Residential - Wood,2104008400,Chrysene,0.0,LB
36061,New York,Fuel Comb - Residential - Wood,2104008400,Elemental Carbon portion of PM2.5-PRI,0.0,TON
36061,New York,Fuel Comb - Residential - Wood,2104008400,PM10 Filterable,0.0,TON
36061,New York,Fuel Comb - Residential - Wood,2104008400,Remaining PMFINE portion of PM2.5-PRI,0.0,TON
36061,New York,Fuel Comb - Residential - Wood,2104008400,Sulfur Dioxide,0.0,TON
36005,Bronx,Fuel Comb - Residential - Other,2104007000,Acetaldehyde,0.01221938,LB
36005,Bronx,Fuel Comb - Residential - Other,2104007000,Nitrate portion of PM2.5-PRI,0.00654894,TON
36085,Richmond,Fuel Comb - Residential - Oil,2104004000,Naphthalene,4.58234,LB
36085,Richmond,Fuel Comb - Residential - Oil,2104004000,Organic Carbon portion of PM2.5-PRI,1.07969,TON
36061,New York,Fuel Comb - Residential - Natural Gas,2104006000,Sulfur Dioxide,10.32471,TON
36081,Queens,Fuel Comb - Residential - Oil,2104011000,Acenaphthylene,0.000489456,LB
36081,Queens,Fuel Comb - Residential - Oil,2104011000,Organic Carbon portion of PM2.5-PRI,0.363595,TON
36061,New York,Fuel Comb - Residential - Wood,2104008500,Elemental Carbon portion of PM2.5-PRI,0.0,TON
36061,New York,Fuel Comb - Residential - Wood,2104008500,Ammonia,0.0,TON
36061,New York,Fuel Comb - Residential - Wood,2104008500,PM10 Primary (Filt + Cond),0.0,TON
36061,New York,Fuel Comb - Residential - Wood,2104008500,Propionaldehyde,0.0,LB
36061,New York,Fuel Comb - Residential - Wood,2104008500,Benzene,0.0,LB
36061,New York,Fuel Comb - Residential - Wood,2104008500,Lead,0.0,LB
36081,Queens,Fuel Comb - Residential - Wood,2104008400,Hydroquinone,0.0,LB
36081,Queens,Fuel Comb - Residential - Wood,2104008400,Propionaldehyde,0.0,LB
36081,Queens,Fuel Comb - Residential - Wood,2104008400,Acenaphthylene,0.0,LB
36081,Queens,Fuel Comb - Residential - Wood,2104008400,Mercury,0.0,LB
36081,Queens,Fuel Comb - Residential - Wood,2104008400,Fluorene,0.0,LB
36081,Queens,Fuel Comb - Residential - Wood,2104008400,Nitrogen Oxides,0.0,TON
36005,Bronx,Fuel Comb - Residential - Other,2104002000,"Indeno[1,2,3-c,d]Pyrene",0.0,LB
36005,Bronx,Fuel Comb - Residential - Other,2104002000,Hydrochloric Acid,0.0,LB
36005,Bronx,Fuel Comb - Residential - Other,2104002000,Phenanthrene,0.0,LB
36005,Bronx,Fuel Comb - Residential - Other,2104002000,PM2.5 Primary (Filt + Cond),0.0,TON
36005,Bronx,Fuel Comb - Residential - Other,2104002000,Sulfur Dioxide,0.0,TON
36081,Queens,Fuel Comb - Residential - Wood,2104008615,Ethyl Benzene,0.0,LB
36081,Queens,Fuel Comb - Residential - Wood,2104008615,Anthracene,0.0,LB
36081,Queens,Fuel Comb - Residential - Wood,2104008615,Organic Carbon portion of PM2.5-PRI,0.0,TON
36047,Kings,Fuel Comb - Residential - Wood,2104008100,Remaining PMFINE portion of PM2.5-PRI,0.000941905,TON
36047,Kings,Fuel Comb - Residential - Wood,2104008100,Sulfate Portion of PM2.5-PRI,9.41841e-06,TON
36047,Kings,Fuel Comb - Residential - Wood,2104008100,"1,3-Butadiene",0.0313118,LB
36047,Kings,Fuel Comb - Residential - Wood,2104008100,Benzene,0.102499,LB
36005,Bronx,Fuel Comb - Residential - Wood,2104008615,Ethyl Benzene,0.0,LB
36005,Bronx,Fuel Comb - Residential - Wood,2104008615,Pyrene,0.0,LB
36005,Bronx,Fuel Comb - Residential - Wood,2104008615,Volatile Organic Compounds,0.0,TON
36047,Kings,Fuel Comb - Residential - Wood,2104008630,Catechol,0.0,LB
36047,Kings,Fuel Comb - Residential - Wood,2104008630,Fluoranthene,0.0,LB
36061,New York,Fuel Comb - Residential - Wood,2104008031,Chrysene,0.001130324,LB
36061,New York,Fuel Comb - Residential - Wood,2104008031,Methylchrysene,0.0001400828,LB
36061,New York,Fuel Comb - Residential - Wood,2104008031,Ammonia,0.000610715,TON
36061,New York,Fuel Comb - Residential - Wood,2104008031,Nitrogen Oxides,0.001912503,TON
36005,Bronx,Fuel Comb - Residential - Wood,2104008011,Propionaldehyde,40.5862,LB
36005,Bronx,Fuel Comb - Residential - Wood,2104008011,"Benzo[g,h,i,]Perylene",0.00829872,LB
36005,Bronx,Fuel Comb - Residential - Wood,2104008011,Remaining PMFINE portion of PM2.5-PRI,0.200299,TON
36047,Kings,Fuel Comb - Residential - Wood,2104008700,Propionaldehyde,0.0,LB
36047,Kings,Fuel Comb - Residential - Wood,2104008700,Fluoranthene,0.0,LB
36047,Kings,Fuel Comb - Residential - Wood,2104008700,1-Methylnaphthalene,0.0,LB
36047,Kings,Fuel Comb - Residential - Wood,2104008700,Acetophenone,0.0,LB
36047,Kings,Fuel Comb - Residential - Wood,2104008700,Ammonia,0.0,TON
36047,Kings,Fuel Comb - Residential - Wood,2104008700,Remaining PMFINE portion of PM2.5-PRI,0.0,TON
36081,Queens,Fuel Comb - Residential - Wood,2104009000,Benzo[a]Pyrene,0.223082,LB
36081,Queens,Fuel Comb - Residential - Wood,2104009000,Benz[a]Anthracene,0.223082,LB
36081,Queens,Fuel Comb - Residential - Wood,2104009000,Fluorene,1.018738,LB
36047,Kings,Fuel Comb - Residential - Wood,2104008530,"1,3-Butadiene",0.0,LB
36047,Kings,Fuel Comb - Residential - Wood,2104008700,Phenol,0.0,LB
36047,Kings,Fuel Comb - Residential - Wood,2104008530,Arsenic,0.0,LB
36047,Kings,Fuel Comb - Residential - Wood,2104008530,1-Methylnaphthalene,0.0,LB
36047,Kings,Fuel Comb - Residential - Wood,2104008530,PM2.5 Filterable,0.0,TON
36085,Richmond,Fuel Comb - Residential - Other,2104001000,Benz[a]Anthracene,0.0,LB
36085,Richmond,Fuel Comb - Residential - Other,2104001000,Hydrogen Fluoride,0.0,LB
36085,Richmond,Fuel Comb - Residential - Other,2104001000,Isophorone,0.0,LB
36085,Richmond,Fuel Comb - Residential - Other,2104001000,Fluorene,0.0,LB
36085,Richmond,Fuel Comb - Residential - Other,2104001000,Ammonia,0.0,TON
36005,Bronx,Fuel Comb - Residential - Wood,2104008612,Formaldehyde,0.0,LB
36005,Bronx,Fuel Comb - Residential - Wood,2104008612,Lead,0.0,LB
36047,Kings,Fuel Comb - Residential - Wood,2104008612,Benzene,0.0,LB
36047,Kings,Fuel Comb - Residential - Wood,2104008612,Lead,0.0,LB
36081,Queens,Fuel Comb - Residential - Wood,2104008612,"1,3-Butadiene",0.0,LB
36081,Queens,Fuel Comb - Residential - Wood,2104008612,Catechol,0.0,LB
36081,Queens,Fuel Comb - Residential - Wood,2104008612,Benzo[a]Pyrene,0.0,LB
36081,Queens,Fuel Comb - Residential - Wood,2104008612,Carbon Monoxide,0.0,TON
36081,Queens,Fuel Comb - Residential - Wood,2104008612,PM2.5 Primary (Filt + Cond),0.0,TON
36085,Richmond,Fuel Comb - Residential - Wood,2104008500,"1,3-Butadiene",7.0721e-09,LB
36085,Richmond,Fuel Comb - Residential - Wood,2104008500,Carbon Monoxide,6.53458e-09,TON
36085,Richmond,Fuel Comb - Residential - Wood,2104008500,PM10 Filterable,9.341183e-10,TON
36005,Bronx,Fuel Comb - Residential - Wood,2104008500,Acenaphthene,0.0,LB
36005,Bronx,Fuel Comb - Residential - Wood,2104008500,1-Methylnaphthalene,0.0,LB
36005,Bronx,Fuel Comb - Residential - Wood,2104008500,Organic Carbon portion of PM2.5-PRI,0.0,TON
36005,Bronx,Fuel Comb - Residential - Wood,2104008500,PM2.5 Filterable,0.0,TON
36005,Bronx,Fuel Comb - Residential - Wood,2104008500,Remaining PMFINE portion of PM2.5-PRI,0.0,TON
36061,New York,Fuel Comb - Residential - Wood,2104008615,m-Xylene,0.0,LB
36061,New York,Fuel Comb - Residential - Wood,2104008615,1-Methylnaphthalene,0.0,LB
36061,New York,Fuel Comb - Residential - Wood,2104008615,Remaining PMFINE portion of PM2.5-PRI,0.0,TON
36005,Bronx,Fuel Comb - Residential - Wood,2104008500,Manganese,0.0,LB
36085,Richmond,Fuel Comb - Residential - Wood,2104008021,Toluene,391.854,LB
36081,Queens,Fuel Comb - Residential - Other,2104002000,Bis(2-Ethylhexyl)Phthalate,0.0,LB
36081,Queens,Fuel Comb - Residential - Other,2104002000,Ethyl Chloride,0.0,LB
36081,Queens,Fuel Comb - Residential - Other,2104002000,Isophorone,0.0,LB
36081,Queens,Fuel Comb - Residential - Other,2104002000,Nitrate portion of PM2.5-PRI,0.0,TON
36081,Queens,Fuel Comb - Residential - Other,2104002000,Nitrogen Oxides,0.0,TON
36061,New York,Fuel Comb - Residential - Wood,2104008100,Acrolein,3.0717e-08,LB
36061,New York,Fuel Comb - Residential - Wood,2104008100,Hydroquinone,8.38624e-09,LB
36061,New York,Fuel Comb - Residential - Wood,2104008100,"Benzo(g,h,i)Fluoranthene",3.9981e-11,LB
36061,New York,Fuel Comb - Residential - Wood,2104008100,Lead,2.669252e-10,LB
36061,New York,Fuel Comb - Residential - Wood,2104008100,Mercury,1.41869e-12,LB
36061,New York,Fuel Comb - Residential - Wood,2104008100,Arsenic,4.9389e-13,LB
36085,Richmond,Fuel Comb - Residential - Wood,2104008615,2-Methylphenanthrene,4.05148e-12,LB
36085,Richmond,Fuel Comb - Residential - Wood,2104008615,Sulfur Dioxide,1.16908e-12,TON
36005,Bronx,Fuel Comb - Residential - Wood,2104008530,1-Methylnaphthalene,0.0,LB
36005,Bronx,Fuel Comb - Residential - Wood,2104008530,o-Xylene,0.0,LB
36005,Bronx,Fuel Comb - Residential - Wood,2104008530,Carbon Monoxide,0.0,TON
36085,Richmond,Fuel Comb - Residential - Natural Gas,2104006000,Naphthalene,8.049,LB
36081,Queens,Fuel Comb - Residential - Wood,2104008630,Chrysene,0.0,LB
36081,Queens,Fuel Comb - Residential - Wood,2104008630,Acetaldehyde,0.0,LB
36081,Queens,Fuel Comb - Residential - Wood,2104008630,Elemental Carbon portion of PM2.5-PRI,0.0,TON
36081,Queens,Fuel Comb - Residential - Wood,2104008630,PM10 Primary (Filt + Cond),0.0,TON
36085,Richmond,Fuel Comb - Residential - Other,2104007000,Carbon Monoxide,5.38116,TON
36061,New York,Fuel Comb - Residential - Oil,2104004000,Anthracene,0.081225,LB
36085,Richmond,Fuel Comb - Residential - Oil,2104011000,Acetaldehyde,0.77539,LB
36085,Richmond,Fuel Comb - Residential - Oil,2104011000,PM10 Filterable,0.08513703,TON
36047,Kings,Fuel Comb - Residential - Other,2104007000,PM Condensible,0.2998221,TON
36047,Kings,Fuel Comb - Residential - Other,2104007000,PM2.5 Filterable,0.1038754,TON
36047,Kings,Fuel Comb - Residential - Other,2104007000,PM2.5 Primary (Filt + Cond),0.4036974,TON
36047,Kings,Fuel Comb - Residential - Other,2104007000,Sulfate Portion of PM2.5-PRI,0.0508659,TON
36081,Queens,Fuel Comb - Residential - Oil,2104004000,Cadmium,21.04502,LB
36081,Queens,Fuel Comb - Residential - Wood,2104008011,Organic Carbon portion of PM2.5-PRI,1.5601,TON
36047,Kings,Fuel Comb - Residential - Other,2104007000,Fluoranthene,0.00594922,LB
36085,Richmond,Fuel Comb - Residential - Wood,2104009000,Acenaphthylene,3.10574,LB
36085,Richmond,Fuel Comb - Residential - Wood,2104009000,Benzo[a]Pyrene,0.498248,LB
36085,Richmond,Fuel Comb - Residential - Wood,2104009000,Anthracene,0.96328,LB
36085,Richmond,Fuel Comb - Residential - Wood,2104009000,Pyrene,1.760476,LB
36081,Queens,Fuel Comb - Residential - Oil,2104004000,Formaldehyde,1648.044,LB
36085,Richmond,Fuel Comb - Residential - Wood,2104008614,Phenanthrene,8.86516e-11,LB
36085,Richmond,Fuel Comb - Residential - Wood,2104008614,Ammonia,9.7903e-13,TON
36085,Richmond,Fuel Comb - Residential - Wood,2104008614,Nitrogen Oxides,6.4501e-13,TON
36061,New York,Fuel Comb - Residential - Wood,2104008530,Chrysene,0.0,LB
36061,New York,Fuel Comb - Residential - Wood,2104008530,Benzene,0.0,LB
36061,New York,Fuel Comb - Residential - Wood,2104008630,m-Xylene,0.0,LB
36061,New York,Fuel Comb - Residential - Wood,2104008630,Acenaphthene,0.0,LB
36061,New York,Fuel Comb - Residential - Wood,2104008630,Nitrogen Oxides,0.0,TON
36061,New York,Fuel Comb - Residential - Wood,2104008630,Remaining PMFINE portion of PM2.5-PRI,0.0,TON
36061,New York,Fuel Comb - Residential - Wood,2104008630,Volatile Organic Compounds,0.0,TON
36085,Richmond,Fuel Comb - Residential - Wood,2104008630,Remaining PMFINE portion of PM2.5-PRI,1.62462e-12,TON
36085,Richmond,Fuel Comb - Residential - Wood,2104008630,"1,3-Butadiene",1.435006e-10,LB
36081,Queens,Fuel Comb - Residential - Wood,2104008611,1-Methylphenanthrene,0.0,LB
36081,Queens,Fuel Comb - Residential - Wood,2104008611,Phenanthrene,0.0,LB
36081,Queens,Fuel Comb - Residential - Wood,2104008611,o-Xylene,0.0,LB
36081,Queens,Fuel Comb - Residential - Wood,2104008611,Carbon Monoxide,0.0,TON
36005,Bronx,Fuel Comb - Residential - Wood,2104008630,Pyrene,0.0,LB
36081,Queens,Fuel Comb - Residential - Wood,2104008021,Perylene,0.369822,LB
36085,Richmond,Fuel Comb - Residential - Wood,2104008011,2-Methylnaphthalene,17.24042,LB
36085,Richmond,Fuel Comb - Residential - Wood,2104008614,Manganese,1.5649e-13,LB
36085,Richmond,Fuel Comb - Residential - Wood,2104008614,PM10 Filterable,3.512548e-11,TON
36061,New York,Fuel Comb - Residential - Wood,2104008630,2-Methylphenanthrene,0.0,LB
36081,Queens,Fuel Comb - Residential - Wood,2104008611,Sulfur Dioxide,0.0,TON
36085,Richmond,Fuel Comb - Residential - Wood,2104008031,Toluene,57.6118,LB
36085,Richmond,Fuel Comb - Residential - Wood,2104008031,Perylene,0.0520306,LB
36047,Kings,Fuel Comb - Residential - Other,2104002000,Remaining PMFINE portion of PM2.5-PRI,0.0,TON
36061,New York,Fuel Comb - Residential - Wood,2104008011,Ammonia,0.001474492,TON
36061,New York,Fuel Comb - Residential - Wood,2104008011,Benzo[e]Pyrene,0.001260784,LB
36081,Queens,Fuel Comb - Residential - Wood,2104008021,Nickel,0.01207618,LB
36081,Queens,Fuel Comb - Residential - Wood,2104008021,Nitrate portion of PM2.5-PRI,0.0144971,TON
36047,Kings,Fuel Comb - Residential - Oil,2104011000,Ammonia,0.78449,TON
36047,Kings,Fuel Comb - Residential - Wood,2104009000,Anthracene,0.525734,LB
36085,Richmond,Fuel Comb - Residential - Wood,2104008011,Fluoranthene,3.50556,LB
36085,Richmond,Fuel Comb - Residential - Wood,2104008011,Benzo[a]Pyrene,0.291888,LB
36085,Richmond,Fuel Comb - Residential - Wood,2104008011,Acetaldehyde,1958.51,LB
36061,New York,Fuel Comb - Residential - Other,2104001000,Phenol,0.0,LB
36061,New York,Fuel Comb - Residential - Other,2104001000,Bis(2-Ethylhexyl)Phthalate,0.0,LB
36061,New York,Fuel Comb - Residential - Other,2104001000,Fluoranthene,0.0,LB
36061,New York,Fuel Comb - Residential - Other,2104001000,Mercury,0.0,LB
36061,New York,Fuel Comb - Residential - Other,2104001000,Acenaphthene,0.0,LB
36061,New York,Fuel Comb - Residential - Other,2104001000,Volatile Organic Compounds,0.0,TON
36081,Queens,Fuel Comb - Residential - Wood,2104008700,Toluene,0.0,LB
36081,Queens,Fuel Comb - Residential - Wood,2104008700,Phenol,0.0,LB
36081,Queens,Fuel Comb - Residential - Wood,2104008700,Benzene,0.0,LB
36081,Queens,Fuel Comb - Residential - Wood,2104008700,Lead,0.0,LB
36081,Queens,Fuel Comb - Residential - Wood,2104008700,Arsenic,0.0,LB
36081,Queens,Fuel Comb - Residential - Wood,2104008700,Remaining PMFINE portion of PM2.5-PRI,0.0,TON
36085,Richmond,Fuel Comb - Residential - Other,2104002000,Ethyl Chloride,0.0,LB
36085,Richmond,Fuel Comb - Residential - Other,2104002000,Organic Carbon portion of PM2.5-PRI,0.0,TON
36061,New York,Fuel Comb - Residential - Wood,2104008614,PM Condensible,0.0,TON
36081,Queens,Fuel Comb - Residential - Other,2104001000,Benzene,0.0,LB
36081,Queens,Fuel Comb - Residential - Other,2104001000,Isophorone,0.0,LB
36081,Queens,Fuel Comb - Residential - Other,2104001000,Naphthalene,0.0,LB
36081,Queens,Fuel Comb - Residential - Other,2104001000,Ammonia,0.0,TON
36081,Queens,Fuel Comb - Residential - Other,2104001000,PM10 Filterable,0.0,TON
36081,Queens,Fuel Comb - Residential - Other,2104001000,Sulfate Portion of PM2.5-PRI,0.0,TON
36005,Bronx,Fuel Comb - Residential - Wood,2104008700,Catechol,0.0,LB
36005,Bronx,Fuel Comb - Residential - Wood,2104008700,Cresol/Cresylic Acid (Mixed Isomers),0.0,LB
36005,Bronx,Fuel Comb - Residential - Wood,2104008700,Fluoranthene,0.0,LB
36005,Bronx,Fuel Comb - Residential - Wood,2104008700,Ammonia,0.0,TON
36005,Bronx,Fuel Comb - Residential - Wood,2104008700,PM2.5 Filterable,0.0,TON
36005,Bronx,Fuel Comb - Residential - Wood,2104008700,Remaining PMFINE portion of PM2.5-PRI,0.0,TON
36005,Bronx,Fuel Comb - Residential - Wood,2104008700,Sulfur Dioxide,0.0,TON
36005,Bronx,Fuel Comb - Residential - Wood,2104008700,Sulfate Portion of PM2.5-PRI,0.0,TON
36085,Richmond,Fuel Comb - Residential - Wood,2104008100,Benzene,253.82,LB
36085,Richmond,Fuel Comb - Residential - Wood,2104008100,1-Methylnaphthalene,7.02478,LB
36005,Bronx,Fuel Comb - Residential - Oil,2104011000,Acetaldehyde,13.6808,LB
36005,Bronx,Fuel Comb - Residential - Oil,2104011000,Carbon Monoxide,6.960708,TON
36005,Bronx,Fuel Comb - Residential - Oil,2104011000,Sulfate Portion of PM2.5-PRI,0.00875107,TON
36005,Bronx,Fuel Comb - Residential - Oil,2104011000,Volatile Organic Compounds,0.9762178,TON
36085,Richmond,Fuel Comb - Residential - Wood,2104008100,Hydroquinone,11.3987,LB
36005,Bronx,Fuel Comb - Residential - Wood,2104008021,Benzo(a)Fluoranthene,0.1260544,LB
36005,Bronx,Fuel Comb - Residential - Wood,2104008021,Fluoranthene,1.047488,LB
36005,Bronx,Fuel Comb - Residential - Wood,2104008021,Methylchrysene,0.022977,LB
36005,Bronx,Fuel Comb - Residential - Wood,2104008021,Sulfate Portion of PM2.5-PRI,0.00517396,TON
36005,Bronx,Fuel Comb - Residential - Wood,2104008021,Volatile Organic Compounds,2.360869,TON
36005,Bronx,Fuel Comb - Residential - Other,2104001000,Hexane,0.0,LB
36005,Bronx,Fuel Comb - Residential - Other,2104001000,Antimony,0.0,LB
36005,Bronx,Fuel Comb - Residential - Other,2104001000,Cadmium,0.0,LB
36005,Bronx,Fuel Comb - Residential - Other,2104001000,Selenium,0.0,LB
36005,Bronx,Fuel Comb - Residential - Other,2104001000,Organic Carbon portion of PM2.5-PRI,0.0,TON
36085,Richmond,Fuel Comb - Residential - Wood,2104008530,PM10 Filterable,4.71998e-12,TON
36005,Bronx,Fuel Comb - Residential - Natural Gas,2104006000,Pyrene,0.1233102,LB
36005,Bronx,Fuel Comb - Residential - Natural Gas,2104006000,Formaldehyde,1849.652,LB
36005,Bronx,Fuel Comb - Residential - Natural Gas,2104006000,PM10 Primary (Filt + Cond),6.412131,TON
36081,Queens,Fuel Comb - Residential - Wood,2104008100,Pyrene,0.068465,LB
36081,Queens,Fuel Comb - Residential - Wood,2104008100,Fluoranthene,0.1116674,LB
36081,Queens,Fuel Comb - Residential - Wood,2104008100,Phenanthrene,0.574812,LB
36081,Queens,Fuel Comb - Residential - Wood,2104008100,Ammonia,0.02396954,TON
36047,Kings,Fuel Comb - Residential - Wood,2104008021,Perylene,0.059575,LB
36047,Kings,Fuel Comb - Residential - Wood,2104008021,Acenaphthylene,6.22186,LB
36047,Kings,Fuel Comb - Residential - Wood,2104008021,PM10 Filterable,1.171357,TON
36081,Queens,Fuel Comb - Residential - Wood,2104008530,Catechol,0.0,LB
36081,Queens,Fuel Comb - Residential - Wood,2104008530,Propionaldehyde,0.0,LB
36081,Queens,Fuel Comb - Residential - Wood,2104008530,Benzene,0.0,LB
36081,Queens,Fuel Comb - Residential - Wood,2104008530,o-Xylene,0.0,LB
36081,Queens,Fuel Comb - Residential - Wood,2104008530,Elemental Carbon portion of PM2.5-PRI,0.0,TON
36047,Kings,Fuel Comb - Residential - Wood,2104008611,Pyrene,0.0,LB
36047,Kings,Fuel Comb - Residential - Wood,2104008611,Nickel,0.0,LB
36047,Kings,Fuel Comb - Residential - Wood,2104008500,Propionaldehyde,0.0,LB
36047,Kings,Fuel Comb - Residential - Wood,2104008500,Formaldehyde,0.0,LB
36047,Kings,Fuel Comb - Residential - Wood,2104008611,Ethyl Benzene,0.0,LB
36047,Kings,Fuel Comb - Residential - Wood,2104008611,Anthracene,0.0,LB
36005,Bronx,Fuel Comb - Residential - Wood,2104008031,Pyrene,0.0944232,LB
36005,Bronx,Fuel Comb - Residential - Wood,2104008031,"Indeno[1,2,3-c,d]Pyrene",0.01888246,LB
36005,Bronx,Fuel Comb - Residential - Wood,2104008031,Ammonia,0.01177954,TON
36005,Bronx,Fuel Comb - Residential - Wood,2104008031,Volatile Organic Compounds,0.3471039,TON
36061,New York,Fuel Comb - Residential - Other,2104002000,Benzo[a]Pyrene,0.0,LB
36061,New York,Fuel Comb - Residential - Other,2104002000,Dimethyl Sulfate,0.0,LB
36061,New York,Fuel Comb - Residential - Other,2104002000,Methyl Methacrylate,0.0,LB
36047,Kings,Fuel Comb - Residential - Wood,2104008615,"1,3-Butadiene",0.0,LB
36047,Kings,Fuel Comb - Residential - Wood,2104008615,m-Xylene,0.0,LB
36047,Kings,Fuel Comb - Residential - Wood,2104008615,Propionaldehyde,0.0,LB
36047,Kings,Fuel Comb - Residential - Wood,2104008011,Ethyl Benzene,3.55002,LB
36047,Kings,Fuel Comb - Residential - Wood,2104008011,m-Xylene,9.30138,LB
36047,Kings,Fuel Comb - Residential - Wood,2104008011,Catechol,48.3672,LB
36047,Kings,Fuel Comb - Residential - Wood,2104008011,Pyrene,0.289892,LB
36047,Kings,Fuel Comb - Residential - Wood,2104008011,2-Methylphenanthrene,0.288342,LB
36047,Kings,Fuel Comb - Residential - Wood,2104008011,"Dibenzo(a,h)Anthracene",0.001576374,LB
36061,New York,Fuel Comb - Residential - Other,2104007000,Carbon Monoxide,19.53987,TON
36061,New York,Fuel Comb - Residential - Other,2104007000,PM10 Primary (Filt + Cond),0.2534307,TON
36005,Bronx,Fuel Comb - Residential - Oil,2104004000,Ammonia,35.77425,TON
36005,Bronx,Fuel Comb - Residential - Oil,2104004000,PM2.5 Primary (Filt + Cond),76.19914,TON
36005,Bronx,Fuel Comb - Residential - Oil,2104004000,Sulfate Portion of PM2.5-PRI,14.4778,TON
36061,New York,Fuel Comb - Residential - Wood,2104008612,Formaldehyde,0.0,LB
36061,New York,Fuel Comb - Residential - Wood,2104008612,Acenaphthene,0.0,LB
36061,New York,Fuel Comb - Residential - Wood,2104008612,Carbon Monoxide,0.0,TON
36085,Richmond,Fuel Comb - Residential - Wood,2104008612,Mercury,9.21e-15,LB
36085,Richmond,Fuel Comb - Residential - Wood,2104008612,1-Methylphenanthrene,9.67126e-12,LB
36085,Richmond,Fuel Comb - Residential - Wood,2104008612,Ammonia,1.95807e-12,TON
36061,New York,Fuel Comb - Residential - Wood,2104008612,Anthracene,0.0,LB
36085,Richmond,Fuel Comb - Residential - Wood,2104008612,Phenol,2.28712e-09,LB
36085,Richmond,Fuel Comb - Residential - Wood,2104008612,Propionaldehyde,1.110888e-09,LB
36085,Richmond,Fuel Comb - Residential - Wood,2104008400,Acetaldehyde,0.0,LB
36085,Richmond,Fuel Comb - Residential - Wood,2104008400,Nitrogen Oxides,0.0,TON
36005,Bronx,Fuel Comb - Residential - Wood,2104008614,Fluoranthene,0.0,LB
36005,Bronx,Fuel Comb - Residential - Wood,2104008614,Acenaphthylene,0.0,LB
36081,Queens,Fuel Comb - Residential - Wood,2104008614,Ethyl Benzene,0.0,LB
36081,Queens,Fuel Comb - Residential - Wood,2104008614,"Benzo(g,h,i)Fluoranthene",0.0,LB
36081,Queens,Fuel Comb - Residential - Wood,2104008614,Fluorene,0.0,LB
36081,Queens,Fuel Comb - Residential - Wood,2104008614,Acetophenone,0.0,LB
36081,Queens,Fuel Comb - Residential - Natural Gas,2104006000,Pyrene,0.27952,LB
36061,New York,Fuel Comb - Residential - Wood,2104008700,Acetaldehyde,0.0,LB
36061,New York,Fuel Comb - Residential - Wood,2104008700,Elemental Carbon portion of PM2.5-PRI,0.0,TON
36047,Kings,Fuel Comb - Residential - Other,2104001000,Nitrate portion of PM2.5-PRI,0.0,TON
36047,Kings,Fuel Comb - Residential - Other,2104001000,PM Condensible,0.0,TON
36047,Kings,Fuel Comb - Residential - Other,2104001000,PM10 Primary (Filt + Cond),0.0,TON
36047,Kings,Fuel Comb - Residential - Other,2104001000,Acenaphthylene,0.0,LB
36081,Queens,Fuel Comb - Residential - Wood,2104008031,Nickel,0.01292346,LB
36081,Queens,Fuel Comb - Residential - Wood,2104008031,Phenanthrene,4.79318,LB
36081,Queens,Fuel Comb - Residential - Wood,2104008031,Fluorene,1.355526,LB
36047,Kings,Fuel Comb - Residential - Oil,2104004000,Manganese,33.98044,LB
36047,Kings,Fuel Comb - Residential - Oil,2104004000,Selenium,84.95112,LB
36047,Kings,Fuel Comb - Residential - Oil,2104004000,Sulfur Dioxide,4.293922,TON
36047,Kings,Fuel Comb - Residential - Oil,2104004000,Chrysene,0.095958,LB
36005,Bronx,Fuel Comb - Residential - Wood,2104008100,"1,3-Butadiene",0.036196,LB
36005,Bronx,Fuel Comb - Residential - Wood,2104008100,Propionaldehyde,0.0788886,LB
36005,Bronx,Fuel Comb - Residential - Wood,2104008100,PM10 Filterable,0.002530693,TON
36005,Bronx,Fuel Comb - Residential - Wood,2104008100,Sulfate Portion of PM2.5-PRI,1.08876e-05,TON
36047,Kings,Fuel Comb - Residential - Wood,2104008031,Elemental Carbon portion of PM2.5-PRI,0.00645373,TON
36061,New York,Fuel Comb - Residential - Oil,2104011000,Anthracene,0.0031666,LB
36061,New York,Fuel Comb - Residential - Oil,2104011000,Selenium,5.437596,LB
36061,New York,Fuel Comb - Residential - Oil,2104011000,Carbon Monoxide,6.477137,TON
36047,Kings,Fuel Comb - Residential - Natural Gas,2104006000,Naphthalene,41.1712,LB
36061,New York,Fuel Comb - Residential - Wood,2104009000,Volatile Organic Compounds,0.0,TON
36047,Kings,Fuel Comb - Residential - Wood,2104008031,Benzo[k]Fluoranthene,0.0229288,LB
36047,Kings,Fuel Comb - Residential - Wood,2104008031,Chrysene,0.0212348,LB
36047,Kings,Fuel Comb - Residential - Wood,2104008031,Benz[a]Anthracene,0.0260142,LB
36047,Kings,Fuel Comb - Residential - Wood,2104008031,Naphthalene,11.16402,LB
36047,Kings,Fuel Comb - Residential - Wood,2104008031,Carbon Monoxide,0.7425401,TON
36061,New York,Fuel Comb - Residential - Wood,2104009000,"Benzo[g,h,i,]Perylene",0.0,LB
36061,New York,Fuel Comb - Residential - Wood,2104009000,Fluoranthene,0.0,LB
36061,New York,Fuel Comb - Residential - Wood,2104008021,Cresol/Cresylic Acid (Mixed Isomers),8.36156,LB
36061,New York,Fuel Comb - Residential - Wood,2104008021,"Indeno[1,2,3-c,d]Pyrene",0.00832772,LB
36061,New York,Fuel Comb - Residential - Wood,2104008021,Formaldehyde,20.7436,LB
36061,New York,Fuel Comb - Residential - Wood,2104008021,PM Condensible,0.003075013,TON
36061,New York,Fuel Comb - Residential - Wood,2104008021,PM10 Primary (Filt + Cond),0.06542582,TON
36085,Richmond,Fuel Comb - Residential - Wood,2104008611,Catechol,1.620798e-07,LB
36085,Richmond,Fuel Comb - Residential - Wood,2104008611,Mercury,4.2386e-13,LB
36085,Richmond,Fuel Comb - Residential - Wood,2104008611,Arsenic,1.4756e-13,LB
36085,Richmond,Fuel Comb - Residential - Wood,2104008611,Naphthalene,1.179236e-07,LB
36005,Bronx,Fuel Comb - Residential - Wood,2104008611,Toluene,0.0,LB
36005,Bronx,Fuel Comb - Residential - Wood,2104008611,Catechol,0.0,LB
36005,Bronx,Fuel Comb - Residential - Wood,2104008611,o-Xylene,0.0,LB
36005,Bronx,Fuel Comb - Residential - Wood,2104008611,PM Condensible,0.0,TON
36005,Bronx,Fuel Comb - Residential - Wood,2104008611,PM10 Primary (Filt + Cond),0.0,TON
36061,New York,Fuel Comb - Residential - Wood,2104008611,Toluene,0.0,LB
36061,New York,Fuel Comb - Residential - Wood,2104008611,Phenol,0.0,LB
36061,New York,Fuel Comb - Residential - Wood,2104008611,Anthracene,0.0,LB
36061,New York,Fuel Comb - Residential - Wood,2104008611,Pyrene,0.0,LB
36061,New York,Fuel Comb - Residential - Wood,2104008400,Carbon Monoxide,0.0,TON
36005,Bronx,Fuel Comb - Residential - Other,2104007000,Elemental Carbon portion of PM2.5-PRI,0.0128674,TON
36085,Richmond,Fuel Comb - Residential - Oil,2104004000,"Indeno[1,2,3-c,d]Pyrene",0.00867806,LB
36085,Richmond,Fuel Comb - Residential - Oil,2104004000,Cadmium,1.7088492,LB
36085,Richmond,Fuel Comb - Residential - Oil,2104004000,Ammonia,2.027586,TON
36061,New York,Fuel Comb - Residential - Natural Gas,2104006000,Nitrate portion of PM2.5-PRI,0.252319,TON
36081,Queens,Fuel Comb - Residential - Oil,2104011000,Mercury,0.8157584,LB
36081,Queens,Fuel Comb - Residential - Oil,2104011000,Nickel,0.8157584,LB
36081,Queens,Fuel Comb - Residential - Oil,2104011000,Phenanthrene,0.02049,LB
36081,Queens,Fuel Comb - Residential - Oil,2104011000,Ammonia,0.9717123,TON
36081,Queens,Fuel Comb - Residential - Oil,2104011000,Nitrogen Oxides,17.49082,TON
36081,Queens,Fuel Comb - Residential - Oil,2104011000,PM10 Filterable,1.04849,TON
36061,New York,Fuel Comb - Residential - Wood,2104008500,Fluorene,0.0,LB
36061,New York,Fuel Comb - Residential - Wood,2104008500,Hydroquinone,0.0,LB
36061,New York,Fuel Comb - Residential - Wood,2104008500,Pyrene,0.0,LB
36005,Bronx,Fuel Comb - Residential - Other,2104002000,Styrene,0.0,LB
36005,Bronx,Fuel Comb - Residential - Other,2104002000,Vinyl Acetate,0.0,LB
36005,Bronx,Fuel Comb - Residential - Other,2104002000,"Benzo[g,h,i,]Perylene",0.0,LB
36081,Queens,Fuel Comb - Residential - Wood,2104008400,m-Xylene,0.0,LB
36081,Queens,Fuel Comb - Residential - Wood,2104008400,Catechol,0.0,LB
36081,Queens,Fuel Comb - Residential - Wood,2104008400,Manganese,0.0,LB
36081,Queens,Fuel Comb - Residential - Wood,2104008400,Phenanthrene,0.0,LB
36081,Queens,Fuel Comb - Residential - Wood,2104008400,Elemental Carbon portion of PM2.5-PRI,0.0,TON
36005,Bronx,Fuel Comb - Residential - Other,2104002000,Acetophenone,0.0,LB
36081,Queens,Fuel Comb - Residential - Wood,2104008615,"Benzo(g,h,i)Fluoranthene",0.0,LB
36081,Queens,Fuel Comb - Residential - Wood,2104008615,Fluoranthene,0.0,LB
36081,Queens,Fuel Comb - Residential - Wood,2104008615,Manganese,0.0,LB
36081,Queens,Fuel Comb - Residential - Wood,2104008615,Acenaphthene,0.0,LB
36081,Queens,Fuel Comb - Residential - Wood,2104008615,Remaining PMFINE portion of PM2.5-PRI,0.0,TON
36047,Kings,Fuel Comb - Residential - Wood,2104008100,Acetophenone,0.001043724,LB
36005,Bronx,Fuel Comb - Residential - Wood,2104008615,Nitrogen Oxides,0.0,TON
36047,Kings,Fuel Comb - Residential - Wood,2104008614,Acrolein,0.0,LB
36047,Kings,Fuel Comb - Residential - Wood,2104008614,Anthracene,0.0,LB
36061,New York,Fuel Comb - Residential - Wood,2104008031,"Benzo(g,h,i)Fluoranthene",0.000214664,LB
36061,New York,Fuel Comb - Residential - Wood,2104008031,Formaldehyde,3.04982,LB
36061,New York,Fuel Comb - Residential - Wood,2104008031,Nickel,0.0001108157,LB
36061,New York,Fuel Comb - Residential - Wood,2104008031,1-Methylphenanthrene,0.00581166,LB
36061,New York,Fuel Comb - Residential - Wood,2104008031,Carbon Monoxide,0.03952506,TON
36061,New York,Fuel Comb - Residential - Wood,2104008031,PM10 Filterable,0.005867086,TON
36061,New York,Fuel Comb - Residential - Wood,2104008031,PM2.5 Primary (Filt + Cond),0.006156438,TON
36061,New York,Fuel Comb - Residential - Wood,2104008031,Remaining PMFINE portion of PM2.5-PRI,0.00252431,TON
36061,New York,Fuel Comb - Residential - Wood,2104008031,Sulfur Dioxide,0.0003642863,TON
36005,Bronx,Fuel Comb - Residential - Wood,2104008011,Benzo(a)Fluoranthene,0.01325318,LB
36005,Bronx,Fuel Comb - Residential - Wood,2104008011,Manganese,0.004546163,LB
36005,Bronx,Fuel Comb - Residential - Wood,2104008011,1-Methylphenanthrene,0.353338,LB
36005,Bronx,Fuel Comb - Residential - Wood,2104008011,Naphthalene,36.1296,LB
36005,Bronx,Fuel Comb - Residential - Wood,2104008011,PM10 Filterable,0.4655422,TON
36047,Kings,Fuel Comb - Residential - Wood,2104008700,Volatile Organic Compounds,0.0,TON
36047,Kings,Fuel Comb - Residential - Wood,2104008700,"1,3-Butadiene",0.0,LB
36047,Kings,Fuel Comb - Residential - Wood,2104008530,Nickel,0.0,LB
36047,Kings,Fuel Comb - Residential - Wood,2104008530,Ammonia,0.0,TON
36085,Richmond,Fuel Comb - Residential - Other,2104001000,Lead,0.0,LB
36085,Richmond,Fuel Comb - Residential - Other,2104001000,Hydrochloric Acid,0.0,LB
36085,Richmond,Fuel Comb - Residential - Other,2104001000,PM10 Primary (Filt + Cond),0.0,TON
36085,Richmond,Fuel Comb - Residential - Other,2104001000,PM2.5 Primary (Filt + Cond),0.0,TON
36005,Bronx,Fuel Comb - Residential - Wood,2104008612,Pyrene,0.0,LB
36047,Kings,Fuel Comb - Residential - Wood,2104008612,Elemental Carbon portion of PM2.5-PRI,0.0,TON
36005,Bronx,Fuel Comb - Residential - Wood,2104008612,Anthracene,0.0,LB
36081,Queens,Fuel Comb - Residential - Wood,2104008612,Lead,0.0,LB
36081,Queens,Fuel Comb - Residential - Wood,2104008612,1-Methylnaphthalene,0.0,LB
36081,Queens,Fuel Comb - Residential - Wood,2104008612,Organic Carbon portion of PM2.5-PRI,0.0,TON
36081,Queens,Fuel Comb - Residential - Wood,2104008612,PM Condensible,0.0,TON
36085,Richmond,Fuel Comb - Residential - Wood,2104008500,Ethyl Benzene,1.3842e-09,LB
36085,Richmond,Fuel Comb - Residential - Wood,2104008500,Acrolein,3.80806e-09,LB
36085,Richmond,Fuel Comb - Residential - Wood,2104008500,Manganese,9.65076e-12,LB
36085,Richmond,Fuel Comb - Residential - Wood,2104008500,Nitrogen Oxides,3.977571e-11,TON
36061,New York,Fuel Comb - Residential - Wood,2104008615,Toluene,0.0,LB
36061,New York,Fuel Comb - Residential - Wood,2104008615,Fluoranthene,0.0,LB
36061,New York,Fuel Comb - Residential - Wood,2104008615,Elemental Carbon portion of PM2.5-PRI,0.0,TON
36005,Bronx,Fuel Comb - Residential - Wood,2104008500,Fluoranthene,0.0,LB
36085,Richmond,Fuel Comb - Residential - Wood,2104008021,Ethyl Benzene,56.794,LB
36085,Richmond,Fuel Comb - Residential - Wood,2104008021,m-Xylene,148.8052,LB
36085,Richmond,Fuel Comb - Residential - Wood,2104008021,Acetaldehyde,4226.08,LB
36081,Queens,Fuel Comb - Residential - Other,2104002000,Benzyl Chloride,0.0,LB
36081,Queens,Fuel Comb - Residential - Other,2104002000,Ethylene Dichloride,0.0,LB
36081,Queens,Fuel Comb - Residential - Other,2104002000,Acetaldehyde,0.0,LB
36081,Queens,Fuel Comb - Residential - Other,2104002000,Biphenyl,0.0,LB
36081,Queens,Fuel Comb - Residential - Other,2104002000,PM2.5 Filterable,0.0,TON
36061,New York,Fuel Comb - Residential - Wood,2104008100,Pyrene,9.1176e-10,LB
36061,New York,Fuel Comb - Residential - Wood,2104008100,Benzene,1.867402e-07,LB
36061,New York,Fuel Comb - Residential - Wood,2104008100,Volatile Organic Compounds,3.351675e-09,TON
36085,Richmond,Fuel Comb - Residential - Wood,2104008615,Toluene,3.44158e-10,LB
36085,Richmond,Fuel Comb - Residential - Wood,2104008615,Cadmium,1.2708e-13,LB
36005,Bronx,Fuel Comb - Residential - Wood,2104008530,Anthracene,0.0,LB
36005,Bronx,Fuel Comb - Residential - Wood,2104008530,Formaldehyde,0.0,LB
36005,Bronx,Fuel Comb - Residential - Wood,2104008530,Acetaldehyde,0.0,LB
36005,Bronx,Fuel Comb - Residential - Wood,2104008530,Nitrate portion of PM2.5-PRI,0.0,TON
36005,Bronx,Fuel Comb - Residential - Wood,2104008530,Remaining PMFINE portion of PM2.5-PRI,0.0,TON
36085,Richmond,Fuel Comb - Residential - Wood,2104008700,Acrolein,3.63048e-08,LB
36085,Richmond,Fuel Comb - Residential - Wood,2104008700,Phenol,3.0254e-07,LB
36085,Richmond,Fuel Comb - Residential - Wood,2104008700,1-Methylnaphthalene,6.10844e-09,LB
36085,Richmond,Fuel Comb - Residential - Natural Gas,2104006000,PM2.5 Filterable,0.7257301,TON
36085,Richmond,Fuel Comb - Residential - Natural Gas,2104006000,PM2.5 Primary (Filt + Cond),2.836945,TON
36081,Queens,Fuel Comb - Residential - Wood,2104008500,Acetaldehyde,0.0,LB
36081,Queens,Fuel Comb - Residential - Wood,2104008630,Toluene,0.0,LB
36081,Queens,Fuel Comb - Residential - Wood,2104008630,Catechol,0.0,LB
36081,Queens,Fuel Comb - Residential - Wood,2104008630,Fluoranthene,0.0,LB
36081,Queens,Fuel Comb - Residential - Wood,2104008630,Formaldehyde,0.0,LB
36081,Queens,Fuel Comb - Residential - Wood,2104008630,Sulfur Dioxide,0.0,TON
36061,New York,Fuel Comb - Residential - Oil,2104004000,Chromium (VI),5.0502,LB
36061,New York,Fuel Comb - Residential - Oil,2104004000,Fluoranthene,0.322238,LB
36061,New York,Fuel Comb - Residential - Oil,2104004000,Acenaphthylene,0.0168442,LB
36061,New York,Fuel Comb - Residential - Oil,2104004000,Remaining PMFINE portion of PM2.5-PRI,32.6165,TON
36085,Richmond,Fuel Comb - Residential - Oil,2104011000,Chrysene,0.000376784,LB
36085,Richmond,Fuel Comb - Residential - Oil,2104011000,Nitrate portion of PM2.5-PRI,0.000191837,TON
36081,Queens,Fuel Comb - Residential - Oil,2104004000,Organic Carbon portion of PM2.5-PRI,13.2967,TON
36081,Queens,Fuel Comb - Residential - Wood,2104008011,Toluene,152.049,LB
36081,Queens,Fuel Comb - Residential - Wood,2104008011,"Benzo[g,h,i,]Perylene",0.0501764,LB
36081,Queens,Fuel Comb - Residential - Wood,2104008011,Benzo[b]Fluoranthene,0.147783,LB
36081,Queens,Fuel Comb - Residential - Wood,2104008011,Formaldehyde,1121.12,LB
36081,Queens,Fuel Comb - Residential - Wood,2104008011,1-Methylphenanthrene,2.13638,LB
36047,Kings,Fuel Comb - Residential - Other,2104007000,Pyrene,0.00986816,LB
36081,Queens,Fuel Comb - Residential - Oil,2104004000,Fluoranthene,0.241714,LB
36085,Richmond,Fuel Comb - Residential - Wood,2104008614,Formaldehyde,6.57828e-09,LB
36061,New York,Fuel Comb - Residential - Wood,2104008530,Carbon Monoxide,0.0,TON
36061,New York,Fuel Comb - Residential - Wood,2104008630,Propionaldehyde,0.0,LB
36061,New York,Fuel Comb - Residential - Wood,2104008630,2-Methylnaphthalene,0.0,LB
36061,New York,Fuel Comb - Residential - Wood,2104008630,Sulfur Dioxide,0.0,TON
36085,Richmond,Fuel Comb - Residential - Wood,2104008630,2-Methylphenanthrene,2.2813e-12,LB
36085,Richmond,Fuel Comb - Residential - Wood,2104008630,Lead,2.11932e-12,LB
36081,Queens,Fuel Comb - Residential - Wood,2104008611,Cadmium,0.0,LB
36081,Queens,Fuel Comb - Residential - Wood,2104008611,Sulfate Portion of PM2.5-PRI,0.0,TON
36085,Richmond,Fuel Comb - Residential - Wood,2104008031,"Dibenzo(a,h)Anthracene",0.0130974,LB
36085,Richmond,Fuel Comb - Residential - Wood,2104008031,PM2.5 Primary (Filt + Cond),0.8575061,TON
36047,Kings,Fuel Comb - Residential - Other,2104002000,Acetophenone,0.0,LB
36005,Bronx,Fuel Comb - Residential - Wood,2104008630,"Benzo(g,h,i)Fluoranthene",0.0,LB
36005,Bronx,Fuel Comb - Residential - Wood,2104008630,Acenaphthylene,0.0,LB
36061,New York,Fuel Comb - Residential - Wood,2104008011,1-Methylnaphthalene,0.087469,LB
36081,Queens,Fuel Comb - Residential - Wood,2104008021,Acenaphthylene,38.6234,LB
36081,Queens,Fuel Comb - Residential - Wood,2104008021,2-Methylphenanthrene,3.86234,LB
36047,Kings,Fuel Comb - Residential - Wood,2104009000,"Indeno[1,2,3-c,d]Pyrene",0.1540946,LB
36085,Richmond,Fuel Comb - Residential - Wood,2104008011,Arsenic,0.0003364623,LB
36085,Richmond,Fuel Comb - Residential - Wood,2104008011,Acetophenone,4.4825,LB
36085,Richmond,Fuel Comb - Residential - Wood,2104008614,"1,3-Butadiene",6.60652e-10,LB
36061,New York,Fuel Comb - Residential - Wood,2104008530,Phenanthrene,0.0,LB
36061,New York,Fuel Comb - Residential - Wood,2104008530,PM10 Primary (Filt + Cond),0.0,TON
36085,Richmond,Fuel Comb - Residential - Wood,2104008630,Pyrene,2.29356e-12,LB
36085,Richmond,Fuel Comb - Residential - Wood,2104008630,Carbon Monoxide,5.989392e-11,TON
36081,Queens,Fuel Comb - Residential - Wood,2104008611,Acenaphthylene,0.0,LB
36085,Richmond,Fuel Comb - Residential - Wood,2104008031,Hydroquinone,6.27168,LB
36047,Kings,Fuel Comb - Residential - Other,2104002000,Fluorene,0.0,LB
36005,Bronx,Fuel Comb - Residential - Wood,2104008630,Lead,0.0,LB
36005,Bronx,Fuel Comb - Residential - Wood,2104008630,Acetophenone,0.0,LB
36005,Bronx,Fuel Comb - Residential - Wood,2104008630,Ammonia,0.0,TON
36005,Bronx,Fuel Comb - Residential - Wood,2104008630,Organic Carbon portion of PM2.5-PRI,0.0,TON
36061,New York,Fuel Comb - Residential - Wood,2104008011,Ethyl Benzene,0.1889662,LB
36081,Queens,Fuel Comb - Residential - Wood,2104008021,Cresol/Cresylic Acid (Mixed Isomers),975.136,LB
36047,Kings,Fuel Comb - Residential - Oil,2104011000,Naphthalene,1.782052,LB
36047,Kings,Fuel Comb - Residential - Oil,2104011000,PM2.5 Filterable,0.6508362,TON
36047,Kings,Fuel Comb - Residential - Wood,2104009000,Chrysene,0.426026,LB
36047,Kings,Fuel Comb - Residential - Wood,2104009000,Benzene,242.018,LB
36047,Kings,Fuel Comb - Residential - Wood,2104009000,Volatile Organic Compounds,4.482336,TON
36085,Richmond,Fuel Comb - Residential - Wood,2104008011,1-Methylnaphthalene,12.18322,LB
36085,Richmond,Fuel Comb - Residential - Wood,2104008011,Carbon Monoxide,21.11751,TON
36061,New York,Fuel Comb - Residential - Other,2104001000,Remaining PMFINE portion of PM2.5-PRI,0.0,TON
36061,New York,Fuel Comb - Residential - Other,2104001000,Sulfate Portion of PM2.5-PRI,0.0,TON
36081,Queens,Fuel Comb - Residential - Wood,2104008700,m-Xylene,0.0,LB
36081,Queens,Fuel Comb - Residential - Wood,2104008700,Propionaldehyde,0.0,LB
36081,Queens,Fuel Comb - Residential - Wood,2104008700,PM Condensible,0.0,TON
36085,Richmond,Fuel Comb - Residential - Other,2104002000,Bis(2-Ethylhexyl)Phthalate,0.0,LB
36085,Richmond,Fuel Comb - Residential - Other,2104002000,"Benzo[g,h,i,]Perylene",0.0,LB
36085,Richmond,Fuel Comb - Residential - Other,2104002000,Methyl Chloride,0.0,LB
36085,Richmond,Fuel Comb - Residential - Other,2104002000,Biphenyl,0.0,LB
36085,Richmond,Fuel Comb - Residential - Other,2104002000,Ammonia,0.0,TON
36061,New York,Fuel Comb - Residential - Wood,2104008614,Acenaphthylene,0.0,LB
36061,New York,Fuel Comb - Residential - Wood,2104008614,Sulfur Dioxide,0.0,TON
36081,Queens,Fuel Comb - Residential - Other,2104001000,Tetrachloroethylene,0.0,LB
36081,Queens,Fuel Comb - Residential - Other,2104001000,"Indeno[1,2,3-c,d]Pyrene",0.0,LB
36081,Queens,Fuel Comb - Residential - Other,2104001000,Hydrogen Fluoride,0.0,LB
36081,Queens,Fuel Comb - Residential - Other,2104001000,Nitrate portion of PM2.5-PRI,0.0,TON
36005,Bronx,Fuel Comb - Residential - Wood,2104008700,Acetaldehyde,0.0,LB
36005,Bronx,Fuel Comb - Residential - Wood,2104008700,o-Xylene,0.0,LB
36085,Richmond,Fuel Comb - Residential - Wood,2104008100,Lead,0.3628082,LB
36085,Richmond,Fuel Comb - Residential - Wood,2104008100,Acetophenone,2.58458,LB
36085,Richmond,Fuel Comb - Residential - Wood,2104008100,PM Condensible,0.2673607,TON
36085,Richmond,Fuel Comb - Residential - Wood,2104008100,Volatile Organic Compounds,4.555641,TON
36005,Bronx,Fuel Comb - Residential - Oil,2104011000,PM2.5 Primary (Filt + Cond),2.966465,TON
36005,Bronx,Fuel Comb - Residential - Oil,2104011000,Remaining PMFINE portion of PM2.5-PRI,0.145603,TON
36085,Richmond,Fuel Comb - Residential - Wood,2104008100,Pyrene,1.239278,LB
36005,Bronx,Fuel Comb - Residential - Wood,2104008021,Anthracene,1.18143,LB
36005,Bronx,Fuel Comb - Residential - Wood,2104008021,Benzo[b]Fluoranthene,0.23296,LB
36005,Bronx,Fuel Comb - Residential - Wood,2104008021,Chrysene,0.1856238,LB
36005,Bronx,Fuel Comb - Residential - Other,2104001000,Lead,0.0,LB
36005,Bronx,Fuel Comb - Residential - Other,2104001000,Methylene Chloride,0.0,LB
36085,Richmond,Fuel Comb - Residential - Wood,2104008530,Phenol,8.04892e-10,LB
36085,Richmond,Fuel Comb - Residential - Wood,2104008530,Cresol/Cresylic Acid (Mixed Isomers),7.19956e-10,LB
36085,Richmond,Fuel Comb - Residential - Wood,2104008530,Naphthalene,3.4802e-10,LB
36005,Bronx,Fuel Comb - Residential - Natural Gas,2104006000,Fluoranthene,0.0739862,LB
36005,Bronx,Fuel Comb - Residential - Natural Gas,2104006000,Nitrogen Oxides,1159.116,TON
36005,Bronx,Fuel Comb - Residential - Natural Gas,2104006000,Sulfur Dioxide,7.398612,TON
36081,Queens,Fuel Comb - Residential - Wood,2104008100,Anthracene,0.1259462,LB
36081,Queens,Fuel Comb - Residential - Wood,2104008100,Sulfate Portion of PM2.5-PRI,0.0012885,TON
36047,Kings,Fuel Comb - Residential - Wood,2104008021,Benzo[k]Fluoranthene,0.1953026,LB
36047,Kings,Fuel Comb - Residential - Wood,2104008021,Mercury,0.000547495,LB
36047,Kings,Fuel Comb - Residential - Wood,2104008021,Naphthalene,75.9334,LB
36047,Kings,Fuel Comb - Residential - Wood,2104008021,Volatile Organic Compounds,2.299479,TON
36081,Queens,Fuel Comb - Residential - Wood,2104008530,PM2.5 Primary (Filt + Cond),0.0,TON
36047,Kings,Fuel Comb - Residential - Wood,2104008500,"1,3-Butadiene",0.0,LB
36047,Kings,Fuel Comb - Residential - Wood,2104008500,PM10 Primary (Filt + Cond),0.0,TON
36047,Kings,Fuel Comb - Residential - Wood,2104008500,PM2.5 Filterable,0.0,TON
36047,Kings,Fuel Comb - Residential - Wood,2104008500,PM2.5 Primary (Filt + Cond),0.0,TON
36047,Kings,Fuel Comb - Residential - Wood,2104008611,Acrolein,0.0,LB
36047,Kings,Fuel Comb - Residential - Wood,2104008611,Phenol,0.0,LB
36047,Kings,Fuel Comb - Residential - Wood,2104008611,Catechol,0.0,LB
36005,Bronx,Fuel Comb - Residential - Wood,2104008031,Ethyl Benzene,1.156304,LB
36005,Bronx,Fuel Comb - Residential - Wood,2104008031,"Benzo[g,h,i,]Perylene",0.00931704,LB
36005,Bronx,Fuel Comb - Residential - Wood,2104008031,"Benzo(g,h,i)Fluoranthene",0.00414048,LB
36005,Bronx,Fuel Comb - Residential - Wood,2104008031,2-Methylphenanthrene,0.0939182,LB
36005,Bronx,Fuel Comb - Residential - Wood,2104008031,Nitrate portion of PM2.5-PRI,0.000225618,TON
36005,Bronx,Fuel Comb - Residential - Wood,2104008031,Organic Carbon portion of PM2.5-PRI,0.0627217,TON
36005,Bronx,Fuel Comb - Residential - Wood,2104008031,Sulfur Dioxide,0.007026395,TON
36061,New York,Fuel Comb - Residential - Other,2104002000,Bis(2-Ethylhexyl)Phthalate,0.0,LB
36061,New York,Fuel Comb - Residential - Other,2104002000,Chrysene,0.0,LB
36061,New York,Fuel Comb - Residential - Other,2104002000,Chloroform,0.0,LB
36061,New York,Fuel Comb - Residential - Other,2104002000,Cumene,0.0,LB
36005,Bronx,Fuel Comb - Residential - Wood,2104008400,Ammonia,0.0,TON
36005,Bronx,Fuel Comb - Residential - Wood,2104008400,Nitrate portion of PM2.5-PRI,0.0,TON
36005,Bronx,Fuel Comb - Residential - Wood,2104008400,Remaining PMFINE portion of PM2.5-PRI,0.0,TON
36005,Bronx,Fuel Comb - Residential - Wood,2104008400,Cresol/Cresylic Acid (Mixed Isomers),0.0,LB
36047,Kings,Fuel Comb - Residential - Wood,2104008615,Hydroquinone,0.0,LB
36047,Kings,Fuel Comb - Residential - Wood,2104008011,Anthracene,0.53328,LB
36047,Kings,Fuel Comb - Residential - Wood,2104008011,Cresol/Cresylic Acid (Mixed Isomers),72.7988,LB
36047,Kings,Fuel Comb - Residential - Wood,2104008011,Benzo[k]Fluoranthene,0.0204688,LB
36047,Kings,Fuel Comb - Residential - Wood,2104008011,Benzene,59.3738,LB
36047,Kings,Fuel Comb - Residential - Wood,2104008011,Sulfur Dioxide,0.006517798,TON
36005,Bronx,Fuel Comb - Residential - Oil,2104004000,Manganese,60.30106,LB
36061,New York,Fuel Comb - Residential - Wood,2104008612,Nitrogen Oxides,0.0,TON
36085,Richmond,Fuel Comb - Residential - Wood,2104008612,Benzo[a]Pyrene,2.42864e-12,LB
36085,Richmond,Fuel Comb - Residential - Wood,2104008612,Phenanthrene,6.83958e-11,LB
36085,Richmond,Fuel Comb - Residential - Wood,2104008612,Organic Carbon portion of PM2.5-PRI,4.19785e-12,TON
36061,New York,Fuel Comb - Residential - Wood,2104008612,Acrolein,0.0,LB
36085,Richmond,Fuel Comb - Residential - Wood,2104008612,Ethyl Benzene,9.97622e-11,LB
36085,Richmond,Fuel Comb - Residential - Wood,2104008612,Anthracene,1.49861e-11,LB
36085,Richmond,Fuel Comb - Residential - Wood,2104008400,Benzene,0.0,LB
36005,Bronx,Fuel Comb - Residential - Wood,2104008614,1-Methylphenanthrene,0.0,LB
36005,Bronx,Fuel Comb - Residential - Wood,2104008614,Nitrogen Oxides,0.0,TON
36005,Bronx,Fuel Comb - Residential - Wood,2104008614,PM10 Filterable,0.0,TON
36005,Bronx,Fuel Comb - Residential - Wood,2104009000,Benzo[a]Pyrene,0.142772,LB
36005,Bronx,Fuel Comb - Residential - Wood,2104009000,Benzene,127.067,LB
36005,Bronx,Fuel Comb - Residential - Wood,2104009000,Naphthalene,11.60734,LB
36005,Bronx,Fuel Comb - Residential - Wood,2104009000,Nitrate portion of PM2.5-PRI,0.00320999,TON
36005,Bronx,Fuel Comb - Residential - Wood,2104009000,PM2.5 Primary (Filt + Cond),1.689467,TON
36005,Bronx,Fuel Comb - Residential - Wood,2104009000,Sulfate Portion of PM2.5-PRI,0.00692681,TON
36081,Queens,Fuel Comb - Residential - Wood,2104008614,Fluoranthene,0.0,LB
36081,Queens,Fuel Comb - Residential - Wood,2104008614,Formaldehyde,0.0,LB
36081,Queens,Fuel Comb - Residential - Wood,2104008614,Mercury,0.0,LB
36081,Queens,Fuel Comb - Residential - Wood,2104008614,Remaining PMFINE portion of PM2.5-PRI,0.0,TON
36081,Queens,Fuel Comb - Residential - Natural Gas,2104006000,Remaining PMFINE portion of PM2.5-PRI,3.40304,TON
36061,New York,Fuel Comb - Residential - Wood,2104008700,Carbon Monoxide,0.0,TON
36061,New York,Fuel Comb - Residential - Wood,2104008700,Formaldehyde,0.0,LB
36061,New York,Fuel Comb - Residential - Wood,2104008700,Nickel,0.0,LB
36047,Kings,Fuel Comb - Residential - Other,2104001000,Phenanthrene,0.0,LB
36047,Kings,Fuel Comb - Residential - Other,2104001000,Hexane,0.0,LB
36047,Kings,Fuel Comb - Residential - Other,2104001000,Arsenic,0.0,LB
36081,Queens,Fuel Comb - Residential - Wood,2104008031,Hydroquinone,5.25114,LB
36081,Queens,Fuel Comb - Residential - Wood,2104008031,"Indeno[1,2,3-c,d]Pyrene",0.1141686,LB
36081,Queens,Fuel Comb - Residential - Wood,2104008031,Chrysene,0.1318198,LB
36081,Queens,Fuel Comb - Residential - Wood,2104008031,2-Methylnaphthalene,4.57948,LB
36081,Queens,Fuel Comb - Residential - Wood,2104008031,Ammonia,0.07122236,TON
36081,Queens,Fuel Comb - Residential - Other,2104007000,PM Condensible,0.257617,TON
36047,Kings,Fuel Comb - Residential - Oil,2104004000,Lead,50.9626,LB
36047,Kings,Fuel Comb - Residential - Oil,2104004000,Fluorene,0.1802238,LB
36005,Bronx,Fuel Comb - Residential - Wood,2104008100,Anthracene,0.001064222,LB
36005,Bronx,Fuel Comb - Residential - Wood,2104008100,Acetaldehyde,0.527162,LB
36005,Bronx,Fuel Comb - Residential - Wood,2104008100,PM2.5 Primary (Filt + Cond),0.002655502,TON
36047,Kings,Fuel Comb - Residential - Wood,2104008031,Nitrate portion of PM2.5-PRI,0.000219751,TON
36061,New York,Fuel Comb - Residential - Oil,2104011000,Beryllium,1.0875192,LB
36061,New York,Fuel Comb - Residential - Oil,2104011000,PM Condensible,1.685655,TON
36047,Kings,Fuel Comb - Residential - Natural Gas,2104006000,Ammonia,674.9386,TON
36061,New York,Fuel Comb - Residential - Wood,2104009000,Fluorene,0.0,LB
36061,New York,Fuel Comb - Residential - Wood,2104009000,Nitrate portion of PM2.5-PRI,0.0,TON
36047,Kings,Fuel Comb - Residential - Wood,2104008031,"Benzo(g,h,i)Fluoranthene",0.00403282,LB
36047,Kings,Fuel Comb - Residential - Wood,2104008400,Fluoranthene,0.0,LB
36047,Kings,Fuel Comb - Residential - Wood,2104008400,Benzo[a]Pyrene,0.0,LB
36047,Kings,Fuel Comb - Residential - Wood,2104008400,1-Methylphenanthrene,0.0,LB
36047,Kings,Fuel Comb - Residential - Wood,2104008400,Acenaphthene,0.0,LB
36047,Kings,Fuel Comb - Residential - Wood,2104008400,Remaining PMFINE portion of PM2.5-PRI,0.0,TON
36061,New York,Fuel Comb - Residential - Wood,2104008021,Anthracene,0.0612516,LB
36061,New York,Fuel Comb - Residential - Wood,2104008021,Fluoranthene,0.0543074,LB
36085,Richmond,Fuel Comb - Residential - Wood,2104008611,PM Condensible,1.593731e-10,TON
36005,Bronx,Fuel Comb - Residential - Wood,2104008611,Acrolein,0.0,LB
36005,Bronx,Fuel Comb - Residential - Wood,2104008611,Anthracene,0.0,LB
36005,Bronx,Fuel Comb - Residential - Wood,2104008611,Pyrene,0.0,LB
36005,Bronx,Fuel Comb - Residential - Wood,2104008611,Mercury,0.0,LB
36005,Bronx,Fuel Comb - Residential - Wood,2104008611,Nitrate portion of PM2.5-PRI,0.0,TON
36005,Bronx,Fuel Comb - Residential - Wood,2104008611,Sulfur Dioxide,0.0,TON
36061,New York,Fuel Comb - Residential - Wood,2104008611,Cresol/Cresylic Acid (Mixed Isomers),0.0,LB
36061,New York,Fuel Comb - Residential - Wood,2104008611,Fluoranthene,0.0,LB
36061,New York,Fuel Comb - Residential - Wood,2104008611,Benzo[a]Pyrene,0.0,LB
36061,New York,Fuel Comb - Residential - Wood,2104008611,Acetaldehyde,0.0,LB
36061,New York,Fuel Comb - Residential - Wood,2104008400,Acrolein,0.0,LB
36061,New York,Fuel Comb - Residential - Wood,2104008400,Benzo[a]Pyrene,0.0,LB
36061,New York,Fuel Comb - Residential - Wood,2104008400,Nitrogen Oxides,0.0,TON
36085,Richmond,Fuel Comb - Residential - Oil,2104004000,Nitrate portion of PM2.5-PRI,0.0,TON
36085,Richmond,Fuel Comb - Residential - Oil,2104004000,PM2.5 Filterable,1.682896,TON
36061,New York,Fuel Comb - Residential - Natural Gas,2104006000,PM10 Primary (Filt + Cond),8.948084,TON
36061,New York,Fuel Comb - Residential - Natural Gas,2104006000,Volatile Organic Compounds,94.6432,TON
36081,Queens,Fuel Comb - Residential - Oil,2104011000,Benzene,0.409318,LB
36061,New York,Fuel Comb - Residential - Wood,2104008500,PM2.5 Primary (Filt + Cond),0.0,TON
36061,New York,Fuel Comb - Residential - Wood,2104008500,Ethyl Benzene,0.0,LB
36005,Bronx,Fuel Comb - Residential - Other,2104002000,Toluene,0.0,LB
36005,Bronx,Fuel Comb - Residential - Other,2104002000,Pyrene,0.0,LB
36081,Queens,Fuel Comb - Residential - Wood,2104008400,Benzene,0.0,LB
36081,Queens,Fuel Comb - Residential - Wood,2104008400,Acetophenone,0.0,LB
36005,Bronx,Fuel Comb - Residential - Other,2104002000,Ethyl Chloride,0.0,LB
36005,Bronx,Fuel Comb - Residential - Other,2104002000,Naphthalene,0.0,LB
36005,Bronx,Fuel Comb - Residential - Other,2104002000,Nitrogen Oxides,0.0,TON
36005,Bronx,Fuel Comb - Residential - Other,2104002000,PM2.5 Filterable,0.0,TON
36081,Queens,Fuel Comb - Residential - Wood,2104008615,Hydroquinone,0.0,LB
36081,Queens,Fuel Comb - Residential - Wood,2104008615,Acenaphthylene,0.0,LB
36081,Queens,Fuel Comb - Residential - Wood,2104008615,Phenanthrene,0.0,LB
36081,Queens,Fuel Comb - Residential - Wood,2104008615,Acetophenone,0.0,LB
36081,Queens,Fuel Comb - Residential - Wood,2104008615,Sulfate Portion of PM2.5-PRI,0.0,TON
36047,Kings,Fuel Comb - Residential - Wood,2104008100,Ammonia,0.0001752081,TON
36047,Kings,Fuel Comb - Residential - Wood,2104008100,Organic Carbon portion of PM2.5-PRI,0.00121337,TON
36047,Kings,Fuel Comb - Residential - Wood,2104008100,Anthracene,0.000920618,LB
36047,Kings,Fuel Comb - Residential - Wood,2104008100,Lead,0.0001465113,LB
36047,Kings,Fuel Comb - Residential - Wood,2104008100,Cadmium,3.287386e-05,LB
36005,Bronx,Fuel Comb - Residential - Wood,2104008615,Fluoranthene,0.0,LB
36005,Bronx,Fuel Comb - Residential - Wood,2104008615,Organic Carbon portion of PM2.5-PRI,0.0,TON
36047,Kings,Fuel Comb - Residential - Wood,2104008630,Benzo[a]Pyrene,0.0,LB
36047,Kings,Fuel Comb - Residential - Wood,2104008630,2-Methylnaphthalene,0.0,LB
36047,Kings,Fuel Comb - Residential - Wood,2104008630,PM Condensible,0.0,TON
36061,New York,Fuel Comb - Residential - Wood,2104008031,m-Xylene,0.1570718,LB
36047,Kings,Fuel Comb - Residential - Wood,2104008614,Fluorene,0.0,LB
36047,Kings,Fuel Comb - Residential - Wood,2104008614,2-Methylnaphthalene,0.0,LB
36047,Kings,Fuel Comb - Residential - Wood,2104008614,o-Xylene,0.0,LB
36061,New York,Fuel Comb - Residential - Wood,2104008031,Toluene,0.413622,LB
36061,New York,Fuel Comb - Residential - Wood,2104008031,Phenanthrene,0.0411004,LB
36061,New York,Fuel Comb - Residential - Wood,2104008031,Acetophenone,0.01020968,LB
36005,Bronx,Fuel Comb - Residential - Wood,2104008011,Perylene,0.00639952,LB
36005,Bronx,Fuel Comb - Residential - Wood,2104008011,Benzo[a]Pyrene,0.0404202,LB
36005,Bronx,Fuel Comb - Residential - Wood,2104008011,Fluorene,0.706678,LB
36047,Kings,Fuel Comb - Residential - Wood,2104008700,Acenaphthene,0.0,LB
36081,Queens,Fuel Comb - Residential - Wood,2104009000,Anthracene,0.43129,LB
36081,Queens,Fuel Comb - Residential - Wood,2104009000,Volatile Organic Compounds,3.67712,TON
36047,Kings,Fuel Comb - Residential - Wood,2104008530,2-Methylphenanthrene,0.0,LB
36047,Kings,Fuel Comb - Residential - Wood,2104008530,Mercury,0.0,LB
36047,Kings,Fuel Comb - Residential - Wood,2104008530,2-Methylnaphthalene,0.0,LB
36085,Richmond,Fuel Comb - Residential - Other,2104001000,Hexane,0.0,LB
36085,Richmond,Fuel Comb - Residential - Other,2104001000,Acenaphthene,0.0,LB
36085,Richmond,Fuel Comb - Residential - Other,2104001000,Naphthalene,0.0,LB
36005,Bronx,Fuel Comb - Residential - Wood,2104008612,Acetophenone,0.0,LB
36005,Bronx,Fuel Comb - Residential - Wood,2104008612,Remaining PMFINE portion of PM2.5-PRI,0.0,TON
36081,Queens,Fuel Comb - Residential - Wood,2104008612,m-Xylene,0.0,LB
36081,Queens,Fuel Comb - Residential - Wood,2104008612,Hydroquinone,0.0,LB
36081,Queens,Fuel Comb - Residential - Wood,2104008612,"Benzo(g,h,i)Fluoranthene",0.0,LB
36081,Queens,Fuel Comb - Residential - Wood,2104008612,Fluoranthene,0.0,LB
36081,Queens,Fuel Comb - Residential - Wood,2104008612,2-Methylnaphthalene,0.0,LB
36081,Queens,Fuel Comb - Residential - Wood,2104008612,Ammonia,0.0,TON
36081,Queens,Fuel Comb - Residential - Wood,2104008612,Sulfur Dioxide,0.0,TON
36085,Richmond,Fuel Comb - Residential - Wood,2104008500,Sulfur Dioxide,7.209347e-11,TON
36005,Bronx,Fuel Comb - Residential - Wood,2104008500,Phenanthrene,0.0,LB
36005,Bronx,Fuel Comb - Residential - Wood,2104008500,Fluorene,0.0,LB
36005,Bronx,Fuel Comb - Residential - Wood,2104008500,PM10 Filterable,0.0,TON
36005,Bronx,Fuel Comb - Residential - Wood,2104008500,PM10 Primary (Filt + Cond),0.0,TON
36061,New York,Fuel Comb - Residential - Wood,2104008615,Benzo[a]Pyrene,0.0,LB
36061,New York,Fuel Comb - Residential - Wood,2104008615,Organic Carbon portion of PM2.5-PRI,0.0,TON
36061,New York,Fuel Comb - Residential - Wood,2104008615,PM Condensible,0.0,TON
36005,Bronx,Fuel Comb - Residential - Wood,2104008500,Benzo[a]Pyrene,0.0,LB
36085,Richmond,Fuel Comb - Residential - Wood,2104008021,"Indeno[1,2,3-c,d]Pyrene",1.159934,LB
36085,Richmond,Fuel Comb - Residential - Wood,2104008021,Manganese,0.1231254,LB
36085,Richmond,Fuel Comb - Residential - Wood,2104008021,Fluorene,11.0116,LB
36085,Richmond,Fuel Comb - Residential - Wood,2104008021,2-Methylnaphthalene,37.2014,LB
36085,Richmond,Fuel Comb - Residential - Wood,2104008021,Carbon Monoxide,49.31929,TON
36085,Richmond,Fuel Comb - Residential - Wood,2104008021,PM2.5 Primary (Filt + Cond),9.112905,TON
36081,Queens,Fuel Comb - Residential - Other,2104002000,Propionaldehyde,0.0,LB
36081,Queens,Fuel Comb - Residential - Other,2104002000,Tetrachloroethylene,0.0,LB
36081,Queens,Fuel Comb - Residential - Other,2104002000,"Benzo[g,h,i,]Perylene",0.0,LB
36081,Queens,Fuel Comb - Residential - Other,2104002000,Cyanide,0.0,LB
36081,Queens,Fuel Comb - Residential - Other,2104002000,Sulfur Dioxide,0.0,TON
36085,Richmond,Fuel Comb - Residential - Wood,2104008615,Hydroquinone,3.74652e-11,LB
36085,Richmond,Fuel Comb - Residential - Wood,2104008615,Acenaphthylene,4.05148e-11,LB
36085,Richmond,Fuel Comb - Residential - Wood,2104008700,Toluene,9.10502e-08,LB
36085,Richmond,Fuel Comb - Residential - Wood,2104008700,Acenaphthylene,1.071858e-08,LB
36085,Richmond,Fuel Comb - Residential - Wood,2104008700,Lead,3.15482e-10,LB
36085,Richmond,Fuel Comb - Residential - Wood,2104008700,Cadmium,7.07871e-11,LB
36085,Richmond,Fuel Comb - Residential - Wood,2104008700,Organic Carbon portion of PM2.5-PRI,2.61274e-09,TON
36081,Queens,Fuel Comb - Residential - Wood,2104008500,Organic Carbon portion of PM2.5-PRI,0.0,TON
36081,Queens,Fuel Comb - Residential - Wood,2104008500,Volatile Organic Compounds,0.0,TON
36085,Richmond,Fuel Comb - Residential - Wood,2104008011,Sulfate Portion of PM2.5-PRI,0.0144633,TON
36081,Queens,Fuel Comb - Residential - Wood,2104008630,Ethyl Benzene,0.0,LB
36081,Queens,Fuel Comb - Residential - Wood,2104008630,Phenol,0.0,LB
36081,Queens,Fuel Comb - Residential - Wood,2104008630,Cresol/Cresylic Acid (Mixed Isomers),0.0,LB
36081,Queens,Fuel Comb - Residential - Wood,2104008630,Organic Carbon portion of PM2.5-PRI,0.0,TON
36085,Richmond,Fuel Comb - Residential - Other,2104007000,Formaldehyde,20.9042,LB
36061,New York,Fuel Comb - Residential - Oil,2104004000,Benz[a]Anthracene,0.266978,LB
36061,New York,Fuel Comb - Residential - Oil,2104004000,Beryllium,28.05592,LB
36061,New York,Fuel Comb - Residential - Oil,2104004000,Phenanthrene,0.699068,LB
36061,New York,Fuel Comb - Residential - Oil,2104004000,Sulfate Portion of PM2.5-PRI,13.472,TON
36085,Richmond,Fuel Comb - Residential - Oil,2104011000,Pyrene,0.00066629,LB
36085,Richmond,Fuel Comb - Residential - Oil,2104011000,Benz[a]Anthracene,0.000642912,LB
36081,Queens,Fuel Comb - Residential - Oil,2104004000,Carbon Monoxide,124.8518,TON
36081,Queens,Fuel Comb - Residential - Wood,2104008011,Sulfur Dioxide,0.0404605,TON
36081,Queens,Fuel Comb - Residential - Wood,2104008011,Volatile Organic Compounds,6.615292,TON
36081,Queens,Fuel Comb - Residential - Wood,2104008011,"1,3-Butadiene",112.5932,LB
36081,Queens,Fuel Comb - Residential - Wood,2104008011,Hydroquinone,16.55216,LB
36081,Queens,Fuel Comb - Residential - Wood,2104008011,Methylchrysene,0.01457864,LB
36081,Queens,Fuel Comb - Residential - Wood,2104008011,Benzo[a]Pyrene,0.244392,LB
36081,Queens,Fuel Comb - Residential - Wood,2104008011,Benz[a]Anthracene,0.1440388,LB
36081,Queens,Fuel Comb - Residential - Wood,2104008011,Lead,0.1522512,LB
36081,Queens,Fuel Comb - Residential - Wood,2104008011,Fluorene,4.27276,LB
36047,Kings,Fuel Comb - Residential - Other,2104007000,Acetaldehyde,0.0256856,LB
36085,Richmond,Fuel Comb - Residential - Wood,2104009000,Carbon Monoxide,25.96702,TON
36085,Richmond,Fuel Comb - Residential - Wood,2104009000,Organic Carbon portion of PM2.5-PRI,3.11423,TON
36085,Richmond,Fuel Comb - Residential - Wood,2104009000,PM2.5 Filterable,5.895934,TON
36085,Richmond,Fuel Comb - Residential - Wood,2104008614,Catechol,1.761738e-09,LB
36061,New York,Fuel Comb - Residential - Wood,2104008530,Remaining PMFINE portion of PM2.5-PRI,0.0,TON
36061,New York,Fuel Comb - Residential - Wood,2104008630,Fluoranthene,0.0,LB
36061,New York,Fuel Comb - Residential - Wood,2104008630,Carbon Monoxide,0.0,TON
36061,New York,Fuel Comb - Residential - Wood,2104008630,Nitrate portion of PM2.5-PRI,0.0,TON
36061,New York,Fuel Comb - Residential - Wood,2104008630,PM2.5 Filterable,0.0,TON
36085,Richmond,Fuel Comb - Residential - Wood,2104008630,Naphthalene,2.78416e-10,LB
36081,Queens,Fuel Comb - Residential - Wood,2104008611,Formaldehyde,0.0,LB
36081,Queens,Fuel Comb - Residential - Wood,2104008611,Acenaphthene,0.0,LB
36085,Richmond,Fuel Comb - Residential - Wood,2104008031,Fluoranthene,1.112128,LB
36085,Richmond,Fuel Comb - Residential - Wood,2104008031,Benzo[k]Fluoranthene,0.1699972,LB
36085,Richmond,Fuel Comb - Residential - Wood,2104008031,1-Methylphenanthrene,0.809484,LB
36047,Kings,Fuel Comb - Residential - Other,2104002000,Fluoranthene,0.0,LB
36047,Kings,Fuel Comb - Residential - Other,2104002000,Bromoform,0.0,LB
36005,Bronx,Fuel Comb - Residential - Wood,2104008630,Manganese,0.0,LB
36061,New York,Fuel Comb - Residential - Wood,2104008011,Anthracene,0.0283862,LB
36081,Queens,Fuel Comb - Residential - Wood,2104008021,Manganese,0.1030903,LB
36047,Kings,Fuel Comb - Residential - Oil,2104011000,Remaining PMFINE portion of PM2.5-PRI,0.0820492,TON
36047,Kings,Fuel Comb - Residential - Wood,2104009000,Acenaphthene,0.380704,LB
36047,Kings,Fuel Comb - Residential - Wood,2104009000,PM10 Filterable,3.322096,TON
36081,Queens,Fuel Comb - Residential - Wood,2104008500,Toluene,0.0,LB
36081,Queens,Fuel Comb - Residential - Wood,2104008500,Catechol,0.0,LB
36081,Queens,Fuel Comb - Residential - Wood,2104008500,Benzo[a]Pyrene,0.0,LB
36085,Richmond,Fuel Comb - Residential - Wood,2104008011,Cresol/Cresylic Acid (Mixed Isomers),539.74,LB
36085,Richmond,Fuel Comb - Residential - Wood,2104008614,Acetaldehyde,9.6218e-09,LB
36061,New York,Fuel Comb - Residential - Wood,2104008530,"Benzo(g,h,i)Fluoranthene",0.0,LB
36061,New York,Fuel Comb - Residential - Wood,2104008530,Nitrate portion of PM2.5-PRI,0.0,TON
36061,New York,Fuel Comb - Residential - Wood,2104008530,PM2.5 Filterable,0.0,TON
36061,New York,Fuel Comb - Residential - Wood,2104008630,Formaldehyde,0.0,LB
36061,New York,Fuel Comb - Residential - Wood,2104008630,1-Methylphenanthrene,0.0,LB
36085,Richmond,Fuel Comb - Residential - Wood,2104008630,PM10 Primary (Filt + Cond),3.96221e-12,TON
36085,Richmond,Fuel Comb - Residential - Wood,2104008630,PM2.5 Filterable,3.77598e-12,TON
36085,Richmond,Fuel Comb - Residential - Wood,2104008630,"Benzo(g,h,i)Fluoranthene",1.0057e-13,LB
36085,Richmond,Fuel Comb - Residential - Wood,2104008630,Benzo[a]Pyrene,5.14006e-11,LB
36081,Queens,Fuel Comb - Residential - Wood,2104008611,Propionaldehyde,0.0,LB
36005,Bronx,Fuel Comb - Residential - Wood,2104008630,Fluoranthene,0.0,LB
36061,New York,Fuel Comb - Residential - Wood,2104008011,Fluoranthene,0.025168,LB
36047,Kings,Fuel Comb - Residential - Oil,2104011000,Arsenic,0.8832776,LB
36085,Richmond,Fuel Comb - Residential - Wood,2104008011,Chrysene,0.1407262,LB
36085,Richmond,Fuel Comb - Residential - Wood,2104008011,Mercury,0.0009664763,LB
36061,New York,Fuel Comb - Residential - Other,2104001000,Chrysene,0.0,LB
36061,New York,Fuel Comb - Residential - Other,2104001000,Manganese,0.0,LB
36061,New York,Fuel Comb - Residential - Other,2104001000,Elemental Carbon portion of PM2.5-PRI,0.0,TON
36061,New York,Fuel Comb - Residential - Other,2104001000,Nitrogen Oxides,0.0,TON
36061,New York,Fuel Comb - Residential - Other,2104001000,PM Condensible,0.0,TON
36061,New York,Fuel Comb - Residential - Other,2104001000,PM2.5 Primary (Filt + Cond),0.0,TON
36081,Queens,Fuel Comb - Residential - Wood,2104008700,Ethyl Benzene,0.0,LB
36081,Queens,Fuel Comb - Residential - Wood,2104008700,"1,3-Butadiene",0.0,LB
36081,Queens,Fuel Comb - Residential - Wood,2104008700,Anthracene,0.0,LB
36081,Queens,Fuel Comb - Residential - Wood,2104008700,"Benzo(g,h,i)Fluoranthene",0.0,LB
36081,Queens,Fuel Comb - Residential - Wood,2104008700,PM10 Primary (Filt + Cond),0.0,TON
36085,Richmond,Fuel Comb - Residential - Other,2104002000,Vinyl Acetate,0.0,LB
36085,Richmond,Fuel Comb - Residential - Other,2104002000,Phenol,0.0,LB
36085,Richmond,Fuel Comb - Residential - Other,2104002000,Hexane,0.0,LB
36085,Richmond,Fuel Comb - Residential - Other,2104002000,Chrysene,0.0,LB
36085,Richmond,Fuel Comb - Residential - Other,2104002000,Acetaldehyde,0.0,LB
36085,Richmond,Fuel Comb - Residential - Other,2104002000,Hydrogen Fluoride,0.0,LB
36085,Richmond,Fuel Comb - Residential - Other,2104002000,Acetophenone,0.0,LB
36061,New York,Fuel Comb - Residential - Wood,2104008614,Acrolein,0.0,LB
36061,New York,Fuel Comb - Residential - Wood,2104008614,Toluene,0.0,LB
36061,New York,Fuel Comb - Residential - Wood,2104008614,Catechol,0.0,LB
36061,New York,Fuel Comb - Residential - Wood,2104008614,Nickel,0.0,LB
36081,Queens,Fuel Comb - Residential - Other,2104001000,Chlorobenzene,0.0,LB
36081,Queens,Fuel Comb - Residential - Other,2104001000,Pyrene,0.0,LB
36081,Queens,Fuel Comb - Residential - Other,2104001000,Chrysene,0.0,LB
36081,Queens,Fuel Comb - Residential - Other,2104001000,Benzofluoranthenes,0.0,LB
36081,Queens,Fuel Comb - Residential - Other,2104001000,Cadmium,0.0,LB
36081,Queens,Fuel Comb - Residential - Other,2104001000,Methylene Chloride,0.0,LB
36081,Queens,Fuel Comb - Residential - Other,2104001000,Selenium,0.0,LB
36005,Bronx,Fuel Comb - Residential - Wood,2104008700,Formaldehyde,0.0,LB
36085,Richmond,Fuel Comb - Residential - Wood,2104008100,1-Methylphenanthrene,1.471228,LB
36005,Bronx,Fuel Comb - Residential - Oil,2104011000,"Indeno[1,2,3-c,d]Pyrene",0.00586418,LB
36005,Bronx,Fuel Comb - Residential - Wood,2104008021,m-Xylene,20.6064,LB
36005,Bronx,Fuel Comb - Residential - Wood,2104008021,Benzo[a]Pyrene,0.385608,LB
36005,Bronx,Fuel Comb - Residential - Wood,2104008021,Manganese,0.01705021,LB
36005,Bronx,Fuel Comb - Residential - Wood,2104008021,Arsenic,0.0002051134,LB
36005,Bronx,Fuel Comb - Residential - Wood,2104008021,Carbon Monoxide,6.829656,TON
36005,Bronx,Fuel Comb - Residential - Oil,2104011000,"Benzo[g,h,i,]Perylene",0.00625604,LB
36005,Bronx,Fuel Comb - Residential - Other,2104001000,Tetrachloroethylene,0.0,LB
36005,Bronx,Fuel Comb - Residential - Other,2104001000,Benzene,0.0,LB
36005,Bronx,Fuel Comb - Residential - Other,2104001000,PM Condensible,0.0,TON
36005,Bronx,Fuel Comb - Residential - Other,2104001000,PM10 Filterable,0.0,TON
36085,Richmond,Fuel Comb - Residential - Wood,2104008530,Propionaldehyde,3.90948e-10,LB
36085,Richmond,Fuel Comb - Residential - Wood,2104008530,Chrysene,7.2114e-13,LB
36085,Richmond,Fuel Comb - Residential - Wood,2104008530,Remaining PMFINE portion of PM2.5-PRI,2.03077e-12,TON
36085,Richmond,Fuel Comb - Residential - Wood,2104008530,Sulfur Dioxide,9.2144e-13,TON
36085,Richmond,Fuel Comb - Residential - Wood,2104008530,Volatile Organic Compounds,1.053903e-11,TON
36005,Bronx,Fuel Comb - Residential - Natural Gas,2104006000,Carbon Monoxide,493.2408,TON
36005,Bronx,Fuel Comb - Residential - Natural Gas,2104006000,PM2.5 Filterable,1.356412,TON
36005,Bronx,Fuel Comb - Residential - Natural Gas,2104006000,PM2.5 Primary (Filt + Cond),5.302339,TON
36081,Queens,Fuel Comb - Residential - Wood,2104008100,Phenol,19.22144,LB
36081,Queens,Fuel Comb - Residential - Wood,2104008100,Manganese,0.00361867,LB
36047,Kings,Fuel Comb - Residential - Wood,2104008021,m-Xylene,20.0704,LB
36047,Kings,Fuel Comb - Residential - Wood,2104008021,Pyrene,0.62553,LB
36047,Kings,Fuel Comb - Residential - Wood,2104008021,"Dibenzo(a,h)Anthracene",0.01502328,LB
36047,Kings,Fuel Comb - Residential - Wood,2104008021,Nitrate portion of PM2.5-PRI,0.00233534,TON
36047,Kings,Fuel Comb - Residential - Wood,2104008021,Organic Carbon portion of PM2.5-PRI,0.649224,TON
36047,Kings,Fuel Comb - Residential - Wood,2104008021,Remaining PMFINE portion of PM2.5-PRI,0.503976,TON
36081,Queens,Fuel Comb - Residential - Wood,2104008530,Benzo[a]Pyrene,0.0,LB
36047,Kings,Fuel Comb - Residential - Wood,2104008611,Naphthalene,0.0,LB
36047,Kings,Fuel Comb - Residential - Wood,2104008611,Carbon Monoxide,0.0,TON
36047,Kings,Fuel Comb - Residential - Wood,2104008611,Organic Carbon portion of PM2.5-PRI,0.0,TON
36047,Kings,Fuel Comb - Residential - Wood,2104008500,Benzo[a]Pyrene,0.0,LB
36047,Kings,Fuel Comb - Residential - Wood,2104008500,Carbon Monoxide,0.0,TON
36005,Bronx,Fuel Comb - Residential - Wood,2104008031,Anthracene,0.1736982,LB
36005,Bronx,Fuel Comb - Residential - Wood,2104008031,Benzo[e]Pyrene,0.0272678,LB
36005,Bronx,Fuel Comb - Residential - Wood,2104008031,Acenaphthylene,0.939182,LB
36005,Bronx,Fuel Comb - Residential - Wood,2104008031,Phenanthrene,0.79275,LB
36005,Bronx,Fuel Comb - Residential - Wood,2104008031,PM Condensible,0.005581065,TON
36005,Bronx,Fuel Comb - Residential - Wood,2104008031,PM2.5 Filterable,0.113165,TON
36061,New York,Fuel Comb - Residential - Other,2104002000,Ethyl Benzene,0.0,LB
36061,New York,Fuel Comb - Residential - Other,2104002000,Acrolein,0.0,LB
36061,New York,Fuel Comb - Residential - Other,2104002000,Cyanide,0.0,LB
36061,New York,Fuel Comb - Residential - Other,2104002000,Phenanthrene,0.0,LB
36061,New York,Fuel Comb - Residential - Other,2104002000,Nitrogen Oxides,0.0,TON
36005,Bronx,Fuel Comb - Residential - Wood,2104008400,o-Xylene,0.0,LB
36005,Bronx,Fuel Comb - Residential - Wood,2104008400,"1,3-Butadiene",0.0,LB
36005,Bronx,Fuel Comb - Residential - Wood,2104008400,Acrolein,0.0,LB
36047,Kings,Fuel Comb - Residential - Wood,2104008615,Arsenic,0.0,LB
36047,Kings,Fuel Comb - Residential - Wood,2104008615,Acenaphthene,0.0,LB
36047,Kings,Fuel Comb - Residential - Wood,2104008011,"Indeno[1,2,3-c,d]Pyrene",0.01640714,LB
36047,Kings,Fuel Comb - Residential - Wood,2104008011,Elemental Carbon portion of PM2.5-PRI,0.0265496,TON
36047,Kings,Fuel Comb - Residential - Wood,2104008011,Organic Carbon portion of PM2.5-PRI,0.251317,TON
36061,New York,Fuel Comb - Residential - Other,2104007000,Elemental Carbon portion of PM2.5-PRI,0.0140268,TON
36061,New York,Fuel Comb - Residential - Other,2104007000,PM2.5 Filterable,0.05386932,TON
36005,Bronx,Fuel Comb - Residential - Oil,2104004000,Chromium III,24.75578,LB
36005,Bronx,Fuel Comb - Residential - Oil,2104004000,PM10 Primary (Filt + Cond),85.1427,TON
36061,New York,Fuel Comb - Residential - Wood,2104008612,Hydroquinone,0.0,LB
36061,New York,Fuel Comb - Residential - Wood,2104008612,Cresol/Cresylic Acid (Mixed Isomers),0.0,LB
36061,New York,Fuel Comb - Residential - Wood,2104008612,Benzo[a]Pyrene,0.0,LB
36085,Richmond,Fuel Comb - Residential - Wood,2104008612,Elemental Carbon portion of PM2.5-PRI,4.4346e-13,TON
36085,Richmond,Fuel Comb - Residential - Wood,2104008612,Remaining PMFINE portion of PM2.5-PRI,3.25868e-12,TON
36085,Richmond,Fuel Comb - Residential - Wood,2104008400,Cadmium,0.0,LB
36085,Richmond,Fuel Comb - Residential - Wood,2104008400,Organic Carbon portion of PM2.5-PRI,0.0,TON
36085,Richmond,Fuel Comb - Residential - Wood,2104008400,PM10 Filterable,0.0,TON
36085,Richmond,Fuel Comb - Residential - Wood,2104008400,Volatile Organic Compounds,0.0,TON
36085,Richmond,Fuel Comb - Residential - Wood,2104008400,Phenol,0.0,LB
36005,Bronx,Fuel Comb - Residential - Wood,2104008614,Phenol,0.0,LB
36005,Bronx,Fuel Comb - Residential - Wood,2104008614,Pyrene,0.0,LB
36005,Bronx,Fuel Comb - Residential - Wood,2104008614,Arsenic,0.0,LB
36005,Bronx,Fuel Comb - Residential - Wood,2104009000,PM10 Primary (Filt + Cond),1.744196,TON
36081,Queens,Fuel Comb - Residential - Wood,2104008614,Benzo[a]Pyrene,0.0,LB
36081,Queens,Fuel Comb - Residential - Wood,2104008614,Lead,0.0,LB
36081,Queens,Fuel Comb - Residential - Wood,2104008614,Acenaphthene,0.0,LB
36081,Queens,Fuel Comb - Residential - Wood,2104008614,Carbon Monoxide,0.0,TON
36081,Queens,Fuel Comb - Residential - Natural Gas,2104006000,Benzene,123.5478,LB
36061,New York,Fuel Comb - Residential - Wood,2104008700,Propionaldehyde,0.0,LB
36047,Kings,Fuel Comb - Residential - Other,2104001000,Methyl Chloride,0.0,LB
36081,Queens,Fuel Comb - Residential - Wood,2104008031,Formaldehyde,355.672,LB
36081,Queens,Fuel Comb - Residential - Wood,2104008031,Lead,0.11904762,LB
36081,Queens,Fuel Comb - Residential - Wood,2104008031,Manganese,0.0199688,LB
36081,Queens,Fuel Comb - Residential - Wood,2104008031,PM Condensible,0.03374467,TON
36081,Queens,Fuel Comb - Residential - Other,2104007000,Pyrene,0.00847904,LB
36047,Kings,Fuel Comb - Residential - Oil,2104004000,Formaldehyde,1330.51,LB
36047,Kings,Fuel Comb - Residential - Oil,2104004000,Benzene,8.62816,LB
36047,Kings,Fuel Comb - Residential - Oil,2104004000,Remaining PMFINE portion of PM2.5-PRI,19.752,TON
36005,Bronx,Fuel Comb - Residential - Wood,2104008100,m-Xylene,0.018562,LB
36005,Bronx,Fuel Comb - Residential - Wood,2104008100,Formaldehyde,0.360412,LB
36047,Kings,Fuel Comb - Residential - Wood,2104008031,PM2.5 Primary (Filt + Cond),0.1156583,TON
36061,New York,Fuel Comb - Residential - Oil,2104011000,Benz[a]Anthracene,0.01055534,LB
36061,New York,Fuel Comb - Residential - Oil,2104011000,Mercury,1.0875192,LB
36061,New York,Fuel Comb - Residential - Oil,2104011000,Naphthalene,2.9427,LB
36061,New York,Fuel Comb - Residential - Oil,2104011000,Sulfur Dioxide,0.2189912,TON
36047,Kings,Fuel Comb - Residential - Natural Gas,2104006000,Fluoranthene,0.202482,LB
36061,New York,Fuel Comb - Residential - Wood,2104009000,PM2.5 Primary (Filt + Cond),0.0,TON
36047,Kings,Fuel Comb - Residential - Wood,2104008031,Arsenic,0.0001035656,LB
36047,Kings,Fuel Comb - Residential - Wood,2104008031,Phenanthrene,0.772136,LB
36047,Kings,Fuel Comb - Residential - Wood,2104008400,2-Methylphenanthrene,0.0,LB
36047,Kings,Fuel Comb - Residential - Wood,2104008400,Arsenic,0.0,LB
36047,Kings,Fuel Comb - Residential - Wood,2104008400,PM Condensible,0.0,TON
36047,Kings,Fuel Comb - Residential - Wood,2104008400,PM2.5 Primary (Filt + Cond),0.0,TON
36047,Kings,Fuel Comb - Residential - Wood,2104008400,Sulfate Portion of PM2.5-PRI,0.0,TON
36061,New York,Fuel Comb - Residential - Wood,2104008021,"Benzo[g,h,i,]Perylene",0.0041087,LB
36061,New York,Fuel Comb - Residential - Wood,2104008021,2-Methylphenanthrene,0.0331186,LB
36061,New York,Fuel Comb - Residential - Wood,2104008021,Benz[a]Anthracene,0.01177462,LB
36061,New York,Fuel Comb - Residential - Wood,2104008021,Lead,0.003612434,LB
36061,New York,Fuel Comb - Residential - Wood,2104008021,Phenanthrene,0.27955,LB
36085,Richmond,Fuel Comb - Residential - Wood,2104008611,Pyrene,9.7144e-10,LB
36085,Richmond,Fuel Comb - Residential - Wood,2104008611,Lead,7.974926e-11,LB
36085,Richmond,Fuel Comb - Residential - Wood,2104008611,Ammonia,9.007124e-11,TON
36005,Bronx,Fuel Comb - Residential - Wood,2104008611,Benzo[a]Pyrene,0.0,LB
36061,New York,Fuel Comb - Residential - Wood,2104008611,Acrolein,0.0,LB
36061,New York,Fuel Comb - Residential - Wood,2104008611,1-Methylphenanthrene,0.0,LB
36061,New York,Fuel Comb - Residential - Wood,2104008611,2-Methylnaphthalene,0.0,LB
36061,New York,Fuel Comb - Residential - Wood,2104008611,PM2.5 Primary (Filt + Cond),0.0,TON
36061,New York,Fuel Comb - Residential - Wood,2104008400,Catechol,0.0,LB
36061,New York,Fuel Comb - Residential - Wood,2104008400,Nitrate portion of PM2.5-PRI,0.0,TON
36005,Bronx,Fuel Comb - Residential - Other,2104007000,Lead,0.41762,LB
36005,Bronx,Fuel Comb - Residential - Other,2104007000,PM10 Filterable,0.08984838,TON
36085,Richmond,Fuel Comb - Residential - Oil,2104004000,Chromium III,1.4030892,LB
36085,Richmond,Fuel Comb - Residential - Oil,2104004000,Fluorene,0.01812662,LB
36085,Richmond,Fuel Comb - Residential - Oil,2104004000,PM Condensible,2.635861,TON
36085,Richmond,Fuel Comb - Residential - Oil,2104004000,PM2.5 Primary (Filt + Cond),4.318757,TON
36081,Queens,Fuel Comb - Residential - Oil,2104011000,Carbon Monoxide,4.858561,TON
36081,Queens,Fuel Comb - Residential - Oil,2104011000,Sulfate Portion of PM2.5-PRI,0.00610823,TON
36061,New York,Fuel Comb - Residential - Wood,2104008500,o-Xylene,0.0,LB
36061,New York,Fuel Comb - Residential - Wood,2104008500,Volatile Organic Compounds,0.0,TON
36061,New York,Fuel Comb - Residential - Wood,2104008500,Anthracene,0.0,LB
36081,Queens,Fuel Comb - Residential - Wood,2104008400,2-Methylphenanthrene,0.0,LB
36081,Queens,Fuel Comb - Residential - Wood,2104008400,Lead,0.0,LB
36081,Queens,Fuel Comb - Residential - Wood,2104008400,PM Condensible,0.0,TON
36081,Queens,Fuel Comb - Residential - Wood,2104008400,PM2.5 Filterable,0.0,TON
36081,Queens,Fuel Comb - Residential - Wood,2104008400,Sulfate Portion of PM2.5-PRI,0.0,TON
36005,Bronx,Fuel Comb - Residential - Other,2104002000,Chloroform,0.0,LB
36005,Bronx,Fuel Comb - Residential - Other,2104002000,Carbon Monoxide,0.0,TON
36005,Bronx,Fuel Comb - Residential - Other,2104002000,Nitrate portion of PM2.5-PRI,0.0,TON
36081,Queens,Fuel Comb - Residential - Wood,2104008615,Acrolein,0.0,LB
36081,Queens,Fuel Comb - Residential - Wood,2104008615,Phenol,0.0,LB
36081,Queens,Fuel Comb - Residential - Wood,2104008615,Cresol/Cresylic Acid (Mixed Isomers),0.0,LB
36081,Queens,Fuel Comb - Residential - Wood,2104008615,Nitrate portion of PM2.5-PRI,0.0,TON
36081,Queens,Fuel Comb - Residential - Wood,2104008615,PM Condensible,0.0,TON
36081,Queens,Fuel Comb - Residential - Wood,2104008615,PM10 Primary (Filt + Cond),0.0,TON
36005,Bronx,Fuel Comb - Residential - Wood,2104008615,Acetaldehyde,0.0,LB
36005,Bronx,Fuel Comb - Residential - Wood,2104008615,Naphthalene,0.0,LB
36005,Bronx,Fuel Comb - Residential - Wood,2104008615,Ammonia,0.0,TON
36047,Kings,Fuel Comb - Residential - Wood,2104008630,Acenaphthylene,0.0,LB
36047,Kings,Fuel Comb - Residential - Wood,2104008630,Lead,0.0,LB
36047,Kings,Fuel Comb - Residential - Wood,2104008630,1-Methylnaphthalene,0.0,LB
36047,Kings,Fuel Comb - Residential - Wood,2104008630,Sulfur Dioxide,0.0,TON
36047,Kings,Fuel Comb - Residential - Wood,2104008614,m-Xylene,0.0,LB
36047,Kings,Fuel Comb - Residential - Wood,2104008614,Cadmium,0.0,LB
36047,Kings,Fuel Comb - Residential - Wood,2104008614,PM Condensible,0.0,TON
36061,New York,Fuel Comb - Residential - Wood,2104008031,Arsenic,5.512747e-06,LB
36061,New York,Fuel Comb - Residential - Wood,2104008031,Cadmium,0.0001559773,LB
36005,Bronx,Fuel Comb - Residential - Wood,2104008011,m-Xylene,9.5497,LB
36005,Bronx,Fuel Comb - Residential - Wood,2104008011,Benzo[e]Pyrene,0.0243182,LB
36005,Bronx,Fuel Comb - Residential - Wood,2104008011,Cadmium,0.005650051,LB
36005,Bronx,Fuel Comb - Residential - Wood,2104008011,PM10 Primary (Filt + Cond),0.4885017,TON
36005,Bronx,Fuel Comb - Residential - Wood,2104008011,Volatile Organic Compounds,1.09411,TON
36047,Kings,Fuel Comb - Residential - Wood,2104008700,PM Condensible,0.0,TON
36081,Queens,Fuel Comb - Residential - Wood,2104009000,Pyrene,0.78822,LB
36047,Kings,Fuel Comb - Residential - Wood,2104008530,m-Xylene,0.0,LB
36047,Kings,Fuel Comb - Residential - Wood,2104008530,Chrysene,0.0,LB
36047,Kings,Fuel Comb - Residential - Wood,2104008530,Lead,0.0,LB
36047,Kings,Fuel Comb - Residential - Wood,2104008530,o-Xylene,0.0,LB
36047,Kings,Fuel Comb - Residential - Wood,2104008530,PM10 Primary (Filt + Cond),0.0,TON
36047,Kings,Fuel Comb - Residential - Wood,2104008530,Sulfur Dioxide,0.0,TON
36085,Richmond,Fuel Comb - Residential - Other,2104001000,Ethyl Benzene,0.0,LB
36085,Richmond,Fuel Comb - Residential - Other,2104001000,Benzo[a]Pyrene,0.0,LB
36085,Richmond,Fuel Comb - Residential - Other,2104001000,Cadmium,0.0,LB
36085,Richmond,Fuel Comb - Residential - Other,2104001000,Remaining PMFINE portion of PM2.5-PRI,0.0,TON
36005,Bronx,Fuel Comb - Residential - Wood,2104008612,Acetaldehyde,0.0,LB
36005,Bronx,Fuel Comb - Residential - Wood,2104008612,PM2.5 Filterable,0.0,TON
36047,Kings,Fuel Comb - Residential - Wood,2104008612,2-Methylphenanthrene,0.0,LB
36047,Kings,Fuel Comb - Residential - Wood,2104008612,Formaldehyde,0.0,LB
36047,Kings,Fuel Comb - Residential - Wood,2104008612,Mercury,0.0,LB
36047,Kings,Fuel Comb - Residential - Wood,2104008612,Cadmium,0.0,LB
36047,Kings,Fuel Comb - Residential - Wood,2104008612,Sulfur Dioxide,0.0,TON
36047,Kings,Fuel Comb - Residential - Wood,2104008612,Sulfate Portion of PM2.5-PRI,0.0,TON
36081,Queens,Fuel Comb - Residential - Wood,2104008612,Formaldehyde,0.0,LB
36081,Queens,Fuel Comb - Residential - Wood,2104008612,Manganese,0.0,LB
36081,Queens,Fuel Comb - Residential - Wood,2104008612,Cadmium,0.0,LB
36085,Richmond,Fuel Comb - Residential - Wood,2104008500,Anthracene,2.07932e-10,LB
36085,Richmond,Fuel Comb - Residential - Wood,2104008500,Catechol,1.885896e-08,LB
36085,Richmond,Fuel Comb - Residential - Wood,2104008500,Ammonia,6.392524e-11,TON
36085,Richmond,Fuel Comb - Residential - Wood,2104008500,PM2.5 Filterable,9.341183e-10,TON
36061,New York,Fuel Comb - Residential - Wood,2104008615,"1,3-Butadiene",0.0,LB
36005,Bronx,Fuel Comb - Residential - Wood,2104008500,2-Methylnaphthalene,0.0,LB
36005,Bronx,Fuel Comb - Residential - Wood,2104008500,o-Xylene,0.0,LB
36005,Bronx,Fuel Comb - Residential - Wood,2104008500,Elemental Carbon portion of PM2.5-PRI,0.0,TON
36005,Bronx,Fuel Comb - Residential - Wood,2104008500,Sulfur Dioxide,0.0,TON
36005,Bronx,Fuel Comb - Residential - Wood,2104008500,Volatile Organic Compounds,0.0,TON
36061,New York,Fuel Comb - Residential - Wood,2104008615,2-Methylnaphthalene,0.0,LB
36005,Bronx,Fuel Comb - Residential - Wood,2104008500,Hydroquinone,0.0,LB
36085,Richmond,Fuel Comb - Residential - Wood,2104008021,Benzene,949.874,LB
36085,Richmond,Fuel Comb - Residential - Wood,2104008021,PM10 Filterable,8.684599,TON
36081,Queens,Fuel Comb - Residential - Other,2104002000,Phenanthrene,0.0,LB
36061,New York,Fuel Comb - Residential - Wood,2104008100,2-Methylnaphthalene,7.31358e-09,LB
36061,New York,Fuel Comb - Residential - Wood,2104008100,Remaining PMFINE portion of PM2.5-PRI,1.71603e-09,TON
36085,Richmond,Fuel Comb - Residential - Wood,2104008615,Anthracene,7.49304e-12,LB
36085,Richmond,Fuel Comb - Residential - Wood,2104008615,Manganese,1.3974e-13,LB
36085,Richmond,Fuel Comb - Residential - Wood,2104008615,Carbon Monoxide,4.618743e-11,TON
36085,Richmond,Fuel Comb - Residential - Wood,2104008615,Remaining PMFINE portion of PM2.5-PRI,1.62934e-12,TON
36005,Bronx,Fuel Comb - Residential - Wood,2104008530,"1,3-Butadiene",0.0,LB
36005,Bronx,Fuel Comb - Residential - Wood,2104008530,Acrolein,0.0,LB
36005,Bronx,Fuel Comb - Residential - Wood,2104008530,Propionaldehyde,0.0,LB
36005,Bronx,Fuel Comb - Residential - Wood,2104008530,Chrysene,0.0,LB
36005,Bronx,Fuel Comb - Residential - Wood,2104008530,2-Methylphenanthrene,0.0,LB
36005,Bronx,Fuel Comb - Residential - Wood,2104008530,Fluorene,0.0,LB
36005,Bronx,Fuel Comb - Residential - Wood,2104008530,Ammonia,0.0,TON
36005,Bronx,Fuel Comb - Residential - Wood,2104008530,Sulfur Dioxide,0.0,TON
36085,Richmond,Fuel Comb - Residential - Wood,2104008700,Benzo[a]Pyrene,4.19194e-10,LB
36085,Richmond,Fuel Comb - Residential - Wood,2104008700,PM Condensible,2.32485e-10,TON
36085,Richmond,Fuel Comb - Residential - Wood,2104008700,Volatile Organic Compounds,3.961383e-09,TON
36085,Richmond,Fuel Comb - Residential - Natural Gas,2104006000,Organic Carbon portion of PM2.5-PRI,1.38954,TON
36085,Richmond,Fuel Comb - Residential - Natural Gas,2104006000,Volatile Organic Compounds,36.2865,TON
36081,Queens,Fuel Comb - Residential - Wood,2104008500,2-Methylnaphthalene,0.0,LB
36081,Queens,Fuel Comb - Residential - Wood,2104008500,o-Xylene,0.0,LB
36081,Queens,Fuel Comb - Residential - Wood,2104008630,2-Methylphenanthrene,0.0,LB
36081,Queens,Fuel Comb - Residential - Wood,2104008630,Naphthalene,0.0,LB
36081,Queens,Fuel Comb - Residential - Wood,2104008630,Ammonia,0.0,TON
36081,Queens,Fuel Comb - Residential - Wood,2104008630,Nitrogen Oxides,0.0,TON
36085,Richmond,Fuel Comb - Residential - Other,2104007000,Elemental Carbon portion of PM2.5-PRI,0.0038629,TON
36061,New York,Fuel Comb - Residential - Oil,2104004000,Naphthalene,75.233,LB
36085,Richmond,Fuel Comb - Residential - Oil,2104011000,Fluoranthene,0.00077539,LB
36085,Richmond,Fuel Comb - Residential - Oil,2104011000,Acenaphthylene,3.97436e-05,LB
36085,Richmond,Fuel Comb - Residential - Oil,2104011000,"Dibenzo(a,h)Anthracene",0.000266126,LB
36047,Kings,Fuel Comb - Residential - Other,2104007000,PM10 Primary (Filt + Cond),0.4886864,TON
36081,Queens,Fuel Comb - Residential - Wood,2104008011,"Indeno[1,2,3-c,d]Pyrene",0.1018504,LB
36081,Queens,Fuel Comb - Residential - Wood,2104008011,Fluoranthene,2.93512,LB
36081,Queens,Fuel Comb - Residential - Wood,2104008011,Acenaphthylene,17.89944,LB
36081,Queens,Fuel Comb - Residential - Wood,2104008011,Arsenic,0.0002817127,LB
36047,Kings,Fuel Comb - Residential - Other,2104007000,Formaldehyde,146.3698,LB
36047,Kings,Fuel Comb - Residential - Other,2104007000,Carbon Monoxide,37.67843,TON
36081,Queens,Fuel Comb - Residential - Oil,2104004000,Pyrene,0.212248,LB
36081,Queens,Fuel Comb - Residential - Oil,2104004000,"Indeno[1,2,3-c,d]Pyrene",0.1068732,LB
36085,Richmond,Fuel Comb - Residential - Wood,2104008614,"Benzo(g,h,i)Fluoranthene",4.6302e-13,LB
36061,New York,Fuel Comb - Residential - Wood,2104008530,Nickel,0.0,LB
36081,Queens,Fuel Comb - Residential - Wood,2104008611,"Benzo(g,h,i)Fluoranthene",0.0,LB
36081,Queens,Fuel Comb - Residential - Wood,2104008611,Remaining PMFINE portion of PM2.5-PRI,0.0,TON
36085,Richmond,Fuel Comb - Residential - Wood,2104008031,Lead,0.142184,LB
36047,Kings,Fuel Comb - Residential - Other,2104002000,Toluene,0.0,LB
36047,Kings,Fuel Comb - Residential - Other,2104002000,Ethyl Chloride,0.0,LB
36047,Kings,Fuel Comb - Residential - Other,2104002000,Methyl Methacrylate,0.0,LB
36061,New York,Fuel Comb - Residential - Wood,2104008011,Nitrate portion of PM2.5-PRI,4.81205e-05,TON
36061,New York,Fuel Comb - Residential - Wood,2104008011,Pyrene,0.01543086,LB
36081,Queens,Fuel Comb - Residential - Wood,2104008021,Anthracene,7.14324,LB
36081,Queens,Fuel Comb - Residential - Wood,2104008021,"Benzo(g,h,i)Fluoranthene",0.170275,LB
36081,Queens,Fuel Comb - Residential - Wood,2104008021,Acenaphthene,4.19458,LB
36047,Kings,Fuel Comb - Residential - Wood,2104009000,Naphthalene,22.108,LB
36085,Richmond,Fuel Comb - Residential - Wood,2104008011,"1,3-Butadiene",134.4752,LB
36081,Queens,Fuel Comb - Residential - Wood,2104008500,Pyrene,0.0,LB
36085,Richmond,Fuel Comb - Residential - Wood,2104008011,"Benzo[g,h,i,]Perylene",0.0599278,LB
36085,Richmond,Fuel Comb - Residential - Wood,2104008011,Benzo[e]Pyrene,0.1756096,LB
36085,Richmond,Fuel Comb - Residential - Wood,2104008614,Propionaldehyde,1.439882e-09,LB
36085,Richmond,Fuel Comb - Residential - Wood,2104008614,Nitrate portion of PM2.5-PRI,7.002e-14,TON
36061,New York,Fuel Comb - Residential - Wood,2104008530,Nitrogen Oxides,0.0,TON
36061,New York,Fuel Comb - Residential - Wood,2104008630,Phenol,0.0,LB
36085,Richmond,Fuel Comb - Residential - Wood,2104008630,Formaldehyde,1.428874e-09,LB
36085,Richmond,Fuel Comb - Residential - Wood,2104008031,Catechol,113.7652,LB
36085,Richmond,Fuel Comb - Residential - Wood,2104008031,2-Methylnaphthalene,5.46948,LB
36085,Richmond,Fuel Comb - Residential - Wood,2104008031,Volatile Organic Compounds,2.506556,TON
36047,Kings,Fuel Comb - Residential - Other,2104002000,"Indeno[1,2,3-c,d]Pyrene",0.0,LB
36047,Kings,Fuel Comb - Residential - Other,2104002000,Nitrate portion of PM2.5-PRI,0.0,TON
36005,Bronx,Fuel Comb - Residential - Wood,2104008630,2-Methylphenanthrene,0.0,LB
36061,New York,Fuel Comb - Residential - Wood,2104008011,PM2.5 Primary (Filt + Cond),0.02532657,TON
36061,New York,Fuel Comb - Residential - Wood,2104008011,Catechol,2.57456,LB
36061,New York,Fuel Comb - Residential - Wood,2104008011,Nickel,1.905248e-05,LB
36081,Queens,Fuel Comb - Residential - Wood,2104008021,Organic Carbon portion of PM2.5-PRI,4.03019,TON
36081,Queens,Fuel Comb - Residential - Wood,2104008500,Hydroquinone,0.0,LB
36081,Queens,Fuel Comb - Residential - Wood,2104008500,Nickel,0.0,LB
36061,New York,Fuel Comb - Residential - Other,2104001000,Acrolein,0.0,LB
36061,New York,Fuel Comb - Residential - Other,2104001000,Beryllium,0.0,LB
36061,New York,Fuel Comb - Residential - Other,2104001000,Acetaldehyde,0.0,LB
36061,New York,Fuel Comb - Residential - Other,2104001000,Nitrate portion of PM2.5-PRI,0.0,TON
36081,Queens,Fuel Comb - Residential - Wood,2104008700,Acenaphthylene,0.0,LB
36081,Queens,Fuel Comb - Residential - Wood,2104008700,PM2.5 Filterable,0.0,TON
36081,Queens,Fuel Comb - Residential - Wood,2104008700,PM2.5 Primary (Filt + Cond),0.0,TON
36085,Richmond,Fuel Comb - Residential - Other,2104002000,Methyl Tert-Butyl Ether,0.0,LB
36085,Richmond,Fuel Comb - Residential - Other,2104002000,Acenaphthylene,0.0,LB
36085,Richmond,Fuel Comb - Residential - Other,2104002000,Benzene,0.0,LB
36085,Richmond,Fuel Comb - Residential - Other,2104002000,Mercury,0.0,LB
36085,Richmond,Fuel Comb - Residential - Other,2104002000,Methyl Bromide,0.0,LB
36085,Richmond,Fuel Comb - Residential - Other,2104002000,Isophorone,0.0,LB
36085,Richmond,Fuel Comb - Residential - Other,2104002000,PM10 Filterable,0.0,TON
36085,Richmond,Fuel Comb - Residential - Other,2104002000,Sulfur Dioxide,0.0,TON
36061,New York,Fuel Comb - Residential - Wood,2104008614,Acetophenone,0.0,LB
36061,New York,Fuel Comb - Residential - Wood,2104008614,Volatile Organic Compounds,0.0,TON
36081,Queens,Fuel Comb - Residential - Other,2104001000,Phenol,0.0,LB
36081,Queens,Fuel Comb - Residential - Other,2104001000,Benzo[a]Pyrene,0.0,LB
36081,Queens,Fuel Comb - Residential - Other,2104001000,Phenanthrene,0.0,LB
36005,Bronx,Fuel Comb - Residential - Wood,2104008700,PM2.5 Primary (Filt + Cond),0.0,TON
36085,Richmond,Fuel Comb - Residential - Wood,2104008100,Arsenic,0.0006713096,LB
36085,Richmond,Fuel Comb - Residential - Wood,2104008100,Nitrogen Oxides,0.626702,TON
36005,Bronx,Fuel Comb - Residential - Oil,2104011000,Nickel,1.1687114,LB
36005,Bronx,Fuel Comb - Residential - Wood,2104008021,Catechol,107.1528,LB
36005,Bronx,Fuel Comb - Residential - Wood,2104008021,"Indeno[1,2,3-c,d]Pyrene",0.160626,LB
36005,Bronx,Fuel Comb - Residential - Wood,2104008021,Benzo[k]Fluoranthene,0.200516,LB
36005,Bronx,Fuel Comb - Residential - Wood,2104008021,Naphthalene,77.9606,LB
36005,Bronx,Fuel Comb - Residential - Wood,2104008021,Ammonia,0.04678286,TON
36005,Bronx,Fuel Comb - Residential - Other,2104001000,Pyrene,0.0,LB
36005,Bronx,Fuel Comb - Residential - Other,2104001000,"Benzo[g,h,i,]Perylene",0.0,LB
36005,Bronx,Fuel Comb - Residential - Other,2104001000,Beryllium,0.0,LB
36005,Bronx,Fuel Comb - Residential - Other,2104001000,Fluorene,0.0,LB
36005,Bronx,Fuel Comb - Residential - Other,2104001000,Sulfate Portion of PM2.5-PRI,0.0,TON
36085,Richmond,Fuel Comb - Residential - Wood,2104008530,Fluoranthene,4.67604e-12,LB
36085,Richmond,Fuel Comb - Residential - Wood,2104008530,1-Methylnaphthalene,1.625114e-11,LB
36081,Queens,Fuel Comb - Residential - Wood,2104008100,Formaldehyde,42.6532,LB
36081,Queens,Fuel Comb - Residential - Wood,2104008100,Naphthalene,8.31098,LB
36047,Kings,Fuel Comb - Residential - Wood,2104008021,Benzo[b]Fluoranthene,0.226902,LB
36047,Kings,Fuel Comb - Residential - Wood,2104008021,Fluorene,1.485216,LB
36047,Kings,Fuel Comb - Residential - Wood,2104008021,o-Xylene,6.0546,LB
36081,Queens,Fuel Comb - Residential - Wood,2104008530,Nitrogen Oxides,0.0,TON
36081,Queens,Fuel Comb - Residential - Wood,2104008530,PM2.5 Filterable,0.0,TON
36047,Kings,Fuel Comb - Residential - Wood,2104008611,Manganese,0.0,LB
36047,Kings,Fuel Comb - Residential - Wood,2104008611,Remaining PMFINE portion of PM2.5-PRI,0.0,TON
36047,Kings,Fuel Comb - Residential - Wood,2104008611,Sulfur Dioxide,0.0,TON
36047,Kings,Fuel Comb - Residential - Wood,2104008500,Hydroquinone,0.0,LB
36047,Kings,Fuel Comb - Residential - Wood,2104008500,1-Methylphenanthrene,0.0,LB
36047,Kings,Fuel Comb - Residential - Wood,2104008500,Naphthalene,0.0,LB
36047,Kings,Fuel Comb - Residential - Wood,2104008500,Nitrogen Oxides,0.0,TON
36005,Bronx,Fuel Comb - Residential - Wood,2104008031,Toluene,7.978,LB
36005,Bronx,Fuel Comb - Residential - Wood,2104008031,Fluorene,0.224192,LB
36005,Bronx,Fuel Comb - Residential - Wood,2104008031,Elemental Carbon portion of PM2.5-PRI,0.00662603,TON
36005,Bronx,Fuel Comb - Residential - Wood,2104008031,PM10 Filterable,0.113165,TON
36061,New York,Fuel Comb - Residential - Other,2104002000,"Indeno[1,2,3-c,d]Pyrene",0.0,LB
36061,New York,Fuel Comb - Residential - Other,2104002000,5-Methylchrysene,0.0,LB
36061,New York,Fuel Comb - Residential - Other,2104002000,Methylene Chloride,0.0,LB
36061,New York,Fuel Comb - Residential - Other,2104002000,PM Condensible,0.0,TON
36005,Bronx,Fuel Comb - Residential - Wood,2104008400,Formaldehyde,0.0,LB
36047,Kings,Fuel Comb - Residential - Wood,2104008615,Pyrene,0.0,LB
36047,Kings,Fuel Comb - Residential - Wood,2104008615,Benzo[a]Pyrene,0.0,LB
36047,Kings,Fuel Comb - Residential - Wood,2104008615,Manganese,0.0,LB
36047,Kings,Fuel Comb - Residential - Wood,2104008615,1-Methylnaphthalene,0.0,LB
36047,Kings,Fuel Comb - Residential - Wood,2104008615,2-Methylnaphthalene,0.0,LB
36047,Kings,Fuel Comb - Residential - Wood,2104008615,PM10 Filterable,0.0,TON
36047,Kings,Fuel Comb - Residential - Wood,2104008615,PM2.5 Primary (Filt + Cond),0.0,TON
36047,Kings,Fuel Comb - Residential - Wood,2104008615,Remaining PMFINE portion of PM2.5-PRI,0.0,TON
36047,Kings,Fuel Comb - Residential - Wood,2104008011,Benzo[e]Pyrene,0.0236858,LB
36047,Kings,Fuel Comb - Residential - Wood,2104008011,Nickel,0.0003579306,LB
36061,New York,Fuel Comb - Residential - Other,2104007000,Ammonia,0.238739,TON
36061,New York,Fuel Comb - Residential - Wood,2104008612,Mercury,0.0,LB
36061,New York,Fuel Comb - Residential - Wood,2104008612,Cadmium,0.0,LB
36061,New York,Fuel Comb - Residential - Wood,2104008612,Nitrate portion of PM2.5-PRI,0.0,TON
36061,New York,Fuel Comb - Residential - Wood,2104008612,PM2.5 Primary (Filt + Cond),0.0,TON
36085,Richmond,Fuel Comb - Residential - Wood,2104008612,Acetaldehyde,7.42334e-09,LB
36085,Richmond,Fuel Comb - Residential - Wood,2104008612,Naphthalene,9.88908e-10,LB
36085,Richmond,Fuel Comb - Residential - Wood,2104008612,2-Methylnaphthalene,6.53464e-11,LB
36085,Richmond,Fuel Comb - Residential - Wood,2104008612,Nitrogen Oxides,1.47431e-12,TON
36061,New York,Fuel Comb - Residential - Wood,2104008612,Ethyl Benzene,0.0,LB
36061,New York,Fuel Comb - Residential - Wood,2104008612,Phenol,0.0,LB
36085,Richmond,Fuel Comb - Residential - Wood,2104008400,Nickel,0.0,LB
36085,Richmond,Fuel Comb - Residential - Wood,2104008400,Acrolein,0.0,LB
36085,Richmond,Fuel Comb - Residential - Wood,2104008400,Pyrene,0.0,LB
36005,Bronx,Fuel Comb - Residential - Wood,2104008614,"Benzo(g,h,i)Fluoranthene",0.0,LB
36005,Bronx,Fuel Comb - Residential - Wood,2104008614,Acenaphthene,0.0,LB
36005,Bronx,Fuel Comb - Residential - Wood,2104009000,Fluorene,0.651992,LB
36005,Bronx,Fuel Comb - Residential - Wood,2104009000,PM2.5 Filterable,1.689467,TON
36005,Bronx,Fuel Comb - Residential - Wood,2104009000,Volatile Organic Compounds,2.353356,TON
36081,Queens,Fuel Comb - Residential - Wood,2104008614,PM10 Primary (Filt + Cond),0.0,TON
36081,Queens,Fuel Comb - Residential - Wood,2104008614,Volatile Organic Compounds,0.0,TON
36081,Queens,Fuel Comb - Residential - Natural Gas,2104006000,Acetaldehyde,0.765884,LB
36081,Queens,Fuel Comb - Residential - Natural Gas,2104006000,PM2.5 Primary (Filt + Cond),12.01936,TON
36047,Kings,Fuel Comb - Residential - Other,2104001000,PM2.5 Filterable,0.0,TON
36047,Kings,Fuel Comb - Residential - Other,2104001000,"Indeno[1,2,3-c,d]Pyrene",0.0,LB
36047,Kings,Fuel Comb - Residential - Other,2104001000,Benzofluoranthenes,0.0,LB
36047,Kings,Fuel Comb - Residential - Other,2104001000,Methyl Bromide,0.0,LB
36081,Queens,Fuel Comb - Residential - Wood,2104008031,Toluene,48.2372,LB
36081,Queens,Fuel Comb - Residential - Wood,2104008031,Pyrene,0.570908,LB
36081,Queens,Fuel Comb - Residential - Wood,2104008031,Cresol/Cresylic Acid (Mixed Isomers),143.3682,LB
36081,Queens,Fuel Comb - Residential - Wood,2104008031,Benzo(a)Fluoranthene,0.0897574,LB
36081,Queens,Fuel Comb - Residential - Other,2104007000,PM10 Primary (Filt + Cond),0.4198954,TON
36081,Queens,Fuel Comb - Residential - Other,2104007000,Remaining PMFINE portion of PM2.5-PRI,0.0982093,TON
36081,Queens,Fuel Comb - Residential - Other,2104007000,Sulfate Portion of PM2.5-PRI,0.0437056,TON
36081,Queens,Fuel Comb - Residential - Other,2104007000,Fluoranthene,0.00511178,LB
36081,Queens,Fuel Comb - Residential - Other,2104007000,Ammonia,0.3955537,TON
36081,Queens,Fuel Comb - Residential - Wood,2104008031,Ethyl Benzene,6.99134,LB
36047,Kings,Fuel Comb - Residential - Oil,2104004000,Pyrene,0.1713536,LB
36005,Bronx,Fuel Comb - Residential - Wood,2104008100,"Benzo(g,h,i)Fluoranthene",2.5368e-05,LB
36005,Bronx,Fuel Comb - Residential - Wood,2104008100,1-Methylnaphthalene,0.00327928,LB
36005,Bronx,Fuel Comb - Residential - Wood,2104008100,Carbon Monoxide,0.01676567,TON
36061,New York,Fuel Comb - Residential - Oil,2104011000,Chromium III,0.895604,LB
36061,New York,Fuel Comb - Residential - Oil,2104011000,Arsenic,1.4585552,LB
36061,New York,Fuel Comb - Residential - Oil,2104011000,Acetaldehyde,12.73038,LB
36061,New York,Fuel Comb - Residential - Oil,2104011000,Elemental Carbon portion of PM2.5-PRI,2.12881,TON
36047,Kings,Fuel Comb - Residential - Natural Gas,2104006000,Carbon Monoxide,1349.877,TON
36047,Kings,Fuel Comb - Residential - Natural Gas,2104006000,PM10 Primary (Filt + Cond),17.5484,TON
36061,New York,Fuel Comb - Residential - Wood,2104009000,Benz[a]Anthracene,0.0,LB
36061,New York,Fuel Comb - Residential - Wood,2104009000,Naphthalene,0.0,LB
36061,New York,Fuel Comb - Residential - Wood,2104009000,Carbon Monoxide,0.0,TON
36061,New York,Fuel Comb - Residential - Wood,2104009000,Elemental Carbon portion of PM2.5-PRI,0.0,TON
36047,Kings,Fuel Comb - Residential - Wood,2104008031,Methylchrysene,0.00263168,LB
36047,Kings,Fuel Comb - Residential - Wood,2104008031,Manganese,0.003216782,LB
36047,Kings,Fuel Comb - Residential - Wood,2104008031,Cadmium,0.002930277,LB
36047,Kings,Fuel Comb - Residential - Wood,2104008031,Acenaphthene,0.099345,LB
36047,Kings,Fuel Comb - Residential - Wood,2104008400,Toluene,0.0,LB
36047,Kings,Fuel Comb - Residential - Wood,2104008400,Pyrene,0.0,LB
36047,Kings,Fuel Comb - Residential - Wood,2104008400,Cresol/Cresylic Acid (Mixed Isomers),0.0,LB
36047,Kings,Fuel Comb - Residential - Wood,2104008400,Phenanthrene,0.0,LB
36047,Kings,Fuel Comb - Residential - Wood,2104008400,Organic Carbon portion of PM2.5-PRI,0.0,TON
36047,Kings,Fuel Comb - Residential - Wood,2104008400,PM2.5 Filterable,0.0,TON
36047,Kings,Fuel Comb - Residential - Wood,2104008400,Volatile Organic Compounds,0.0,TON
36061,New York,Fuel Comb - Residential - Wood,2104008021,Pyrene,0.0332966,LB
36061,New York,Fuel Comb - Residential - Wood,2104008021,"Dibenzo(a,h)Anthracene",0.000799682,LB
36061,New York,Fuel Comb - Residential - Wood,2104008021,Cadmium,0.000803856,LB
36061,New York,Fuel Comb - Residential - Wood,2104008021,2-Methylnaphthalene,0.267086,LB
36085,Richmond,Fuel Comb - Residential - Wood,2104008611,Phenol,2.7273e-07,LB
36085,Richmond,Fuel Comb - Residential - Wood,2104008611,Volatile Organic Compounds,3.57106e-09,TON
36005,Bronx,Fuel Comb - Residential - Wood,2104008611,Propionaldehyde,0.0,LB
36061,New York,Fuel Comb - Residential - Wood,2104008611,Hydroquinone,0.0,LB
36061,New York,Fuel Comb - Residential - Wood,2104008611,"Benzo(g,h,i)Fluoranthene",0.0,LB
36061,New York,Fuel Comb - Residential - Wood,2104008611,Benzene,0.0,LB
36061,New York,Fuel Comb - Residential - Wood,2104008611,Manganese,0.0,LB
36061,New York,Fuel Comb - Residential - Wood,2104008611,o-Xylene,0.0,LB
36061,New York,Fuel Comb - Residential - Wood,2104008611,PM10 Primary (Filt + Cond),0.0,TON
36061,New York,Fuel Comb - Residential - Wood,2104008400,Phenol,0.0,LB
36061,New York,Fuel Comb - Residential - Wood,2104008400,Acenaphthene,0.0,LB
36005,Bronx,Fuel Comb - Residential - Other,2104007000,Sulfate Portion of PM2.5-PRI,0.0241984,TON
36085,Richmond,Fuel Comb - Residential - Oil,2104004000,Mercury,1.7088492,LB
36085,Richmond,Fuel Comb - Residential - Oil,2104004000,Phenanthrene,0.0425792,LB
36061,New York,Fuel Comb - Residential - Natural Gas,2104006000,Acetaldehyde,0.471496,LB
36081,Queens,Fuel Comb - Residential - Oil,2104011000,"Benzo[g,h,i,]Perylene",0.0043667,LB
36081,Queens,Fuel Comb - Residential - Oil,2104011000,Selenium,4.078792,LB
36081,Queens,Fuel Comb - Residential - Oil,2104011000,Fluorene,0.00873342,LB
36081,Queens,Fuel Comb - Residential - Oil,2104011000,PM Condensible,1.264426,TON
36061,New York,Fuel Comb - Residential - Wood,2104008500,Cadmium,0.0,LB
36061,New York,Fuel Comb - Residential - Wood,2104008500,Acetaldehyde,0.0,LB
36061,New York,Fuel Comb - Residential - Wood,2104008500,Fluoranthene,0.0,LB
36061,New York,Fuel Comb - Residential - Wood,2104008500,Manganese,0.0,LB
36081,Queens,Fuel Comb - Residential - Wood,2104008400,Toluene,0.0,LB
36081,Queens,Fuel Comb - Residential - Wood,2104008400,"Benzo(g,h,i)Fluoranthene",0.0,LB
36081,Queens,Fuel Comb - Residential - Wood,2104008400,Volatile Organic Compounds,0.0,TON
36005,Bronx,Fuel Comb - Residential - Other,2104002000,Acenaphthylene,0.0,LB
36005,Bronx,Fuel Comb - Residential - Other,2104002000,Chrysene,0.0,LB
36005,Bronx,Fuel Comb - Residential - Other,2104002000,PM10 Primary (Filt + Cond),0.0,TON
36081,Queens,Fuel Comb - Residential - Wood,2104008615,Toluene,0.0,LB
36081,Queens,Fuel Comb - Residential - Wood,2104008615,Pyrene,0.0,LB
36081,Queens,Fuel Comb - Residential - Wood,2104008615,Ammonia,0.0,TON
36047,Kings,Fuel Comb - Residential - Wood,2104008100,1-Methylnaphthalene,0.00283678,LB
36047,Kings,Fuel Comb - Residential - Wood,2104008100,PM Condensible,0.0001079671,TON
36047,Kings,Fuel Comb - Residential - Wood,2104008100,Phenol,0.1405012,LB
36047,Kings,Fuel Comb - Residential - Wood,2104008100,Acenaphthylene,0.00497776,LB
36005,Bronx,Fuel Comb - Residential - Wood,2104008615,PM Condensible,0.0,TON
36047,Kings,Fuel Comb - Residential - Wood,2104008630,"1,3-Butadiene",0.0,LB
36047,Kings,Fuel Comb - Residential - Wood,2104008630,1-Methylphenanthrene,0.0,LB
36047,Kings,Fuel Comb - Residential - Wood,2104008630,PM2.5 Filterable,0.0,TON
36047,Kings,Fuel Comb - Residential - Wood,2104008614,"1,3-Butadiene",0.0,LB
36047,Kings,Fuel Comb - Residential - Wood,2104008614,Catechol,0.0,LB
36047,Kings,Fuel Comb - Residential - Wood,2104008614,Cresol/Cresylic Acid (Mixed Isomers),0.0,LB
36047,Kings,Fuel Comb - Residential - Wood,2104008614,Formaldehyde,0.0,LB
36047,Kings,Fuel Comb - Residential - Wood,2104008614,Acetaldehyde,0.0,LB
36047,Kings,Fuel Comb - Residential - Wood,2104008614,PM10 Filterable,0.0,TON
36061,New York,Fuel Comb - Residential - Wood,2104008031,Benzo(a)Fluoranthene,0.00076965,LB
36061,New York,Fuel Comb - Residential - Wood,2104008031,Acenaphthene,0.00528808,LB
36005,Bronx,Fuel Comb - Residential - Wood,2104008011,Phenanthrene,2.49884,LB
36047,Kings,Fuel Comb - Residential - Wood,2104008700,Hydroquinone,0.0,LB
36047,Kings,Fuel Comb - Residential - Wood,2104008700,Organic Carbon portion of PM2.5-PRI,0.0,TON
36081,Queens,Fuel Comb - Residential - Wood,2104009000,Fluoranthene,0.795656,LB
36081,Queens,Fuel Comb - Residential - Wood,2104009000,Organic Carbon portion of PM2.5-PRI,1.39434,TON
36081,Queens,Fuel Comb - Residential - Wood,2104009000,Sulfate Portion of PM2.5-PRI,0.0108232,TON
36047,Kings,Fuel Comb - Residential - Wood,2104008530,Benzene,0.0,LB
36047,Kings,Fuel Comb - Residential - Wood,2104008530,Acetaldehyde,0.0,LB
36047,Kings,Fuel Comb - Residential - Wood,2104008530,Naphthalene,0.0,LB
36047,Kings,Fuel Comb - Residential - Wood,2104008530,Carbon Monoxide,0.0,TON
36085,Richmond,Fuel Comb - Residential - Other,2104001000,Phenol,0.0,LB
36085,Richmond,Fuel Comb - Residential - Other,2104001000,Mercury,0.0,LB
36085,Richmond,Fuel Comb - Residential - Other,2104001000,Antimony,0.0,LB
36085,Richmond,Fuel Comb - Residential - Other,2104001000,Cobalt,0.0,LB
36005,Bronx,Fuel Comb - Residential - Wood,2104008612,Catechol,0.0,LB
36005,Bronx,Fuel Comb - Residential - Wood,2104008612,Benzo[a]Pyrene,0.0,LB
36005,Bronx,Fuel Comb - Residential - Wood,2104008612,Nickel,0.0,LB
36005,Bronx,Fuel Comb - Residential - Wood,2104008612,Arsenic,0.0,LB
36005,Bronx,Fuel Comb - Residential - Wood,2104008612,1-Methylphenanthrene,0.0,LB
36005,Bronx,Fuel Comb - Residential - Wood,2104008612,Fluorene,0.0,LB
36005,Bronx,Fuel Comb - Residential - Wood,2104008612,2-Methylnaphthalene,0.0,LB
36005,Bronx,Fuel Comb - Residential - Wood,2104008612,o-Xylene,0.0,LB
36005,Bronx,Fuel Comb - Residential - Wood,2104008612,PM2.5 Primary (Filt + Cond),0.0,TON
36005,Bronx,Fuel Comb - Residential - Wood,2104008612,Sulfur Dioxide,0.0,TON
36047,Kings,Fuel Comb - Residential - Wood,2104008612,Fluoranthene,0.0,LB
36047,Kings,Fuel Comb - Residential - Wood,2104008612,Naphthalene,0.0,LB
36047,Kings,Fuel Comb - Residential - Wood,2104008612,PM Condensible,0.0,TON
36081,Queens,Fuel Comb - Residential - Wood,2104008612,2-Methylphenanthrene,0.0,LB
36081,Queens,Fuel Comb - Residential - Wood,2104008612,Phenanthrene,0.0,LB
36081,Queens,Fuel Comb - Residential - Wood,2104008612,Elemental Carbon portion of PM2.5-PRI,0.0,TON
36081,Queens,Fuel Comb - Residential - Wood,2104008612,PM2.5 Filterable,0.0,TON
36081,Queens,Fuel Comb - Residential - Wood,2104008612,Volatile Organic Compounds,0.0,TON
36085,Richmond,Fuel Comb - Residential - Wood,2104008500,Pyrene,1.130328e-10,LB
36085,Richmond,Fuel Comb - Residential - Wood,2104008500,Acenaphthene,1.220996e-10,LB
36085,Richmond,Fuel Comb - Residential - Wood,2104008500,Nitrate portion of PM2.5-PRI,1.86236e-12,TON
36061,New York,Fuel Comb - Residential - Wood,2104008615,Hydroquinone,0.0,LB
36061,New York,Fuel Comb - Residential - Wood,2104008615,Acetaldehyde,0.0,LB
36061,New York,Fuel Comb - Residential - Wood,2104008615,Naphthalene,0.0,LB
36005,Bronx,Fuel Comb - Residential - Wood,2104008500,Phenol,0.0,LB
36005,Bronx,Fuel Comb - Residential - Wood,2104008500,Mercury,0.0,LB
36081,Queens,Fuel Comb - Residential - Other,2104002000,Chlorobenzene,0.0,LB
36081,Queens,Fuel Comb - Residential - Other,2104002000,Fluoranthene,0.0,LB
36081,Queens,Fuel Comb - Residential - Other,2104002000,Elemental Carbon portion of PM2.5-PRI,0.0,TON
36081,Queens,Fuel Comb - Residential - Other,2104002000,PM10 Filterable,0.0,TON
36061,New York,Fuel Comb - Residential - Wood,2104008100,Organic Carbon portion of PM2.5-PRI,2.2106e-09,TON
36061,New York,Fuel Comb - Residential - Wood,2104008100,PM Condensible,1.967025e-10,TON
36061,New York,Fuel Comb - Residential - Wood,2104008100,Sulfate Portion of PM2.5-PRI,1.71592e-11,TON
36085,Richmond,Fuel Comb - Residential - Wood,2104008615,m-Xylene,1.306926e-10,LB
36085,Richmond,Fuel Comb - Residential - Wood,2104008615,Arsenic,1.68e-15,LB
36085,Richmond,Fuel Comb - Residential - Wood,2104008615,PM2.5 Filterable,3.78696e-12,TON
36005,Bronx,Fuel Comb - Residential - Wood,2104008530,m-Xylene,0.0,LB
36085,Richmond,Fuel Comb - Residential - Wood,2104008700,"Benzo(g,h,i)Fluoranthene",4.7254e-11,LB
36085,Richmond,Fuel Comb - Residential - Wood,2104008700,Fluoranthene,1.757616e-09,LB
36085,Richmond,Fuel Comb - Residential - Wood,2104008700,Nitrogen Oxides,5.449522e-10,TON
36085,Richmond,Fuel Comb - Residential - Natural Gas,2104006000,Formaldehyde,989.632,LB
36085,Richmond,Fuel Comb - Residential - Natural Gas,2104006000,PM10 Filterable,1.319509,TON
36081,Queens,Fuel Comb - Residential - Wood,2104008630,Acenaphthylene,0.0,LB
36081,Queens,Fuel Comb - Residential - Wood,2104008630,1-Methylnaphthalene,0.0,LB
36081,Queens,Fuel Comb - Residential - Wood,2104008630,2-Methylnaphthalene,0.0,LB
36081,Queens,Fuel Comb - Residential - Wood,2104008630,Carbon Monoxide,0.0,TON
36085,Richmond,Fuel Comb - Residential - Other,2104007000,Benzene,0.592062,LB
36085,Richmond,Fuel Comb - Residential - Other,2104007000,Phenanthrene,0.0047945,LB
36085,Richmond,Fuel Comb - Residential - Other,2104007000,Ammonia,0.06574726,TON
36085,Richmond,Fuel Comb - Residential - Other,2104007000,Remaining PMFINE portion of PM2.5-PRI,0.0163239,TON
36061,New York,Fuel Comb - Residential - Oil,2104004000,Chrysene,0.1584554,LB
36085,Richmond,Fuel Comb - Residential - Oil,2104011000,Selenium,0.3311968,LB
36047,Kings,Fuel Comb - Residential - Other,2104007000,Organic Carbon portion of PM2.5-PRI,0.197731,TON
36081,Queens,Fuel Comb - Residential - Oil,2104004000,Elemental Carbon portion of PM2.5-PRI,5.31869,TON
36081,Queens,Fuel Comb - Residential - Oil,2104004000,Sulfur Dioxide,5.318686,TON
36081,Queens,Fuel Comb - Residential - Wood,2104008011,Nitrate portion of PM2.5-PRI,0.00561187,TON
36081,Queens,Fuel Comb - Residential - Wood,2104008011,PM Condensible,0.13882,TON
36081,Queens,Fuel Comb - Residential - Wood,2104008011,PM10 Filterable,2.814797,TON
36081,Queens,Fuel Comb - Residential - Oil,2104004000,Nickel,21.04502,LB
36085,Richmond,Fuel Comb - Residential - Wood,2104008614,2-Methylphenanthrene,1.050266e-11,LB
36085,Richmond,Fuel Comb - Residential - Wood,2104008614,Remaining PMFINE portion of PM2.5-PRI,1.51127e-11,TON
36061,New York,Fuel Comb - Residential - Wood,2104008530,"1,3-Butadiene",0.0,LB
36061,New York,Fuel Comb - Residential - Wood,2104008530,Acrolein,0.0,LB
36061,New York,Fuel Comb - Residential - Wood,2104008530,Toluene,0.0,LB
36061,New York,Fuel Comb - Residential - Wood,2104008530,Volatile Organic Compounds,0.0,TON
36085,Richmond,Fuel Comb - Residential - Wood,2104008031,"Benzo(g,h,i)Fluoranthene",0.0298998,LB
36085,Richmond,Fuel Comb - Residential - Wood,2104008031,Mercury,0.0010148,LB
36085,Richmond,Fuel Comb - Residential - Wood,2104008031,Fluorene,1.618966,LB
36085,Richmond,Fuel Comb - Residential - Wood,2104008031,PM10 Primary (Filt + Cond),0.8575061,TON
36047,Kings,Fuel Comb - Residential - Other,2104002000,Xylenes (Mixed Isomers),0.0,LB
36047,Kings,Fuel Comb - Residential - Other,2104002000,Acenaphthylene,0.0,LB
36047,Kings,Fuel Comb - Residential - Other,2104002000,Hydrochloric Acid,0.0,LB
36047,Kings,Fuel Comb - Residential - Other,2104002000,PM2.5 Filterable,0.0,TON
36005,Bronx,Fuel Comb - Residential - Wood,2104008630,Volatile Organic Compounds,0.0,TON
36061,New York,Fuel Comb - Residential - Wood,2104008011,Carbon Monoxide,0.1516125,TON
36061,New York,Fuel Comb - Residential - Wood,2104008011,Phenol,4.3322,LB
36081,Queens,Fuel Comb - Residential - Wood,2104008021,Benzene,795.308,LB
36047,Kings,Fuel Comb - Residential - Wood,2104009000,Fluoranthene,0.969888,LB
36081,Queens,Fuel Comb - Residential - Wood,2104008500,"Benzo(g,h,i)Fluoranthene",0.0,LB
36085,Richmond,Fuel Comb - Residential - Wood,2104008011,"Indeno[1,2,3-c,d]Pyrene",0.1216446,LB
36085,Richmond,Fuel Comb - Residential - Wood,2104008011,2-Methylphenanthrene,2.13782,LB
36085,Richmond,Fuel Comb - Residential - Wood,2104008614,Benzo[a]Pyrene,3.14788e-12,LB
36085,Richmond,Fuel Comb - Residential - Wood,2104008614,Fluorene,2.50708e-11,LB
36061,New York,Fuel Comb - Residential - Wood,2104008530,Ethyl Benzene,0.0,LB
36061,New York,Fuel Comb - Residential - Wood,2104008530,1-Methylphenanthrene,0.0,LB
36061,New York,Fuel Comb - Residential - Wood,2104008630,Acrolein,0.0,LB
36061,New York,Fuel Comb - Residential - Wood,2104008630,Naphthalene,0.0,LB
36081,Queens,Fuel Comb - Residential - Wood,2104008611,PM Condensible,0.0,TON
36085,Richmond,Fuel Comb - Residential - Wood,2104008031,Phenol,191.4318,LB
36085,Richmond,Fuel Comb - Residential - Wood,2104008031,Pyrene,0.681862,LB
36085,Richmond,Fuel Comb - Residential - Wood,2104008031,Formaldehyde,424.796,LB
36085,Richmond,Fuel Comb - Residential - Wood,2104008031,Benzene,139.654,LB
36047,Kings,Fuel Comb - Residential - Other,2104002000,Propionaldehyde,0.0,LB
36047,Kings,Fuel Comb - Residential - Other,2104002000,Methyl Chloride,0.0,LB
36047,Kings,Fuel Comb - Residential - Other,2104002000,Ammonia,0.0,TON
36047,Kings,Fuel Comb - Residential - Other,2104002000,PM2.5 Primary (Filt + Cond),0.0,TON
36061,New York,Fuel Comb - Residential - Wood,2104008011,Remaining PMFINE portion of PM2.5-PRI,0.0103846,TON
36061,New York,Fuel Comb - Residential - Wood,2104008011,Volatile Organic Compounds,0.05672458,TON
36061,New York,Fuel Comb - Residential - Wood,2104008011,Hydroquinone,0.141931,LB
36061,New York,Fuel Comb - Residential - Wood,2104008011,Perylene,0.000331786,LB
36061,New York,Fuel Comb - Residential - Wood,2104008011,Phenanthrene,0.1295532,LB
36081,Queens,Fuel Comb - Residential - Wood,2104008021,Methylchrysene,0.138925,LB
36047,Kings,Fuel Comb - Residential - Oil,2104011000,PM10 Primary (Filt + Cond),1.86728,TON
36085,Richmond,Fuel Comb - Residential - Wood,2104008011,Formaldehyde,1339.006,LB
36061,New York,Fuel Comb - Residential - Other,2104001000,Chlorobenzene,0.0,LB
36061,New York,Fuel Comb - Residential - Other,2104001000,Propionaldehyde,0.0,LB
36061,New York,Fuel Comb - Residential - Other,2104001000,Benzofluoranthenes,0.0,LB
36061,New York,Fuel Comb - Residential - Other,2104001000,Fluorene,0.0,LB
36081,Queens,Fuel Comb - Residential - Wood,2104008700,Hydroquinone,0.0,LB
36081,Queens,Fuel Comb - Residential - Wood,2104008700,Cresol/Cresylic Acid (Mixed Isomers),0.0,LB
36081,Queens,Fuel Comb - Residential - Wood,2104008700,Naphthalene,0.0,LB
36085,Richmond,Fuel Comb - Residential - Other,2104002000,Fluoranthene,0.0,LB
36085,Richmond,Fuel Comb - Residential - Other,2104002000,Nitrogen Oxides,0.0,TON
36085,Richmond,Fuel Comb - Residential - Other,2104002000,PM2.5 Filterable,0.0,TON
36061,New York,Fuel Comb - Residential - Wood,2104008614,"Benzo(g,h,i)Fluoranthene",0.0,LB
36061,New York,Fuel Comb - Residential - Wood,2104008614,Phenanthrene,0.0,LB
36061,New York,Fuel Comb - Residential - Wood,2104008614,2-Methylnaphthalene,0.0,LB
36061,New York,Fuel Comb - Residential - Wood,2104008614,o-Xylene,0.0,LB
36061,New York,Fuel Comb - Residential - Wood,2104008614,Elemental Carbon portion of PM2.5-PRI,0.0,TON
36061,New York,Fuel Comb - Residential - Wood,2104008614,Nitrogen Oxides,0.0,TON
36081,Queens,Fuel Comb - Residential - Other,2104001000,Ethyl Benzene,0.0,LB
36081,Queens,Fuel Comb - Residential - Other,2104001000,Manganese,0.0,LB
36081,Queens,Fuel Comb - Residential - Other,2104001000,Nickel,0.0,LB
36005,Bronx,Fuel Comb - Residential - Wood,2104008700,Phenol,0.0,LB
36005,Bronx,Fuel Comb - Residential - Wood,2104008700,Anthracene,0.0,LB
36005,Bronx,Fuel Comb - Residential - Wood,2104008700,Acenaphthene,0.0,LB
36005,Bronx,Fuel Comb - Residential - Wood,2104008700,Volatile Organic Compounds,0.0,TON
36085,Richmond,Fuel Comb - Residential - Wood,2104008100,Acetaldehyde,1129.266,LB
36005,Bronx,Fuel Comb - Residential - Wood,2104008021,"1,3-Butadiene",40.1824,LB
36005,Bronx,Fuel Comb - Residential - Wood,2104008021,Nitrogen Oxides,0.08993785,TON
36005,Bronx,Fuel Comb - Residential - Other,2104001000,Ethylene Dichloride,0.0,LB
36085,Richmond,Fuel Comb - Residential - Wood,2104008530,Pyrene,2.86694e-12,LB
36085,Richmond,Fuel Comb - Residential - Wood,2104008530,2-Methylphenanthrene,2.85162e-12,LB
36085,Richmond,Fuel Comb - Residential - Wood,2104008530,Formaldehyde,1.786092e-09,LB
36085,Richmond,Fuel Comb - Residential - Wood,2104008530,Mercury,2.303e-14,LB
36005,Bronx,Fuel Comb - Residential - Natural Gas,2104006000,Sulfate Portion of PM2.5-PRI,0.668095,TON
36081,Queens,Fuel Comb - Residential - Wood,2104008100,Acrolein,2.30658,LB
36081,Queens,Fuel Comb - Residential - Wood,2104008100,Catechol,11.42302,LB
36081,Queens,Fuel Comb - Residential - Wood,2104008100,"Benzo(g,h,i)Fluoranthene",0.0030022,LB
36081,Queens,Fuel Comb - Residential - Wood,2104008100,Elemental Carbon portion of PM2.5-PRI,0.0175361,TON
36047,Kings,Fuel Comb - Residential - Wood,2104008021,Phenol,175.6168,LB
36047,Kings,Fuel Comb - Residential - Wood,2104008021,PM10 Primary (Filt + Cond),1.229126,TON
36047,Kings,Fuel Comb - Residential - Wood,2104008021,Sulfate Portion of PM2.5-PRI,0.00503942,TON
36081,Queens,Fuel Comb - Residential - Wood,2104008530,Anthracene,0.0,LB
36081,Queens,Fuel Comb - Residential - Wood,2104008530,"Benzo(g,h,i)Fluoranthene",0.0,LB
36081,Queens,Fuel Comb - Residential - Wood,2104008530,Nitrate portion of PM2.5-PRI,0.0,TON
36081,Queens,Fuel Comb - Residential - Wood,2104008530,Organic Carbon portion of PM2.5-PRI,0.0,TON
36047,Kings,Fuel Comb - Residential - Wood,2104008611,Fluorene,0.0,LB
36047,Kings,Fuel Comb - Residential - Wood,2104008500,Phenol,0.0,LB
36047,Kings,Fuel Comb - Residential - Wood,2104008500,Fluoranthene,0.0,LB
36047,Kings,Fuel Comb - Residential - Wood,2104008500,Remaining PMFINE portion of PM2.5-PRI,0.0,TON
36047,Kings,Fuel Comb - Residential - Wood,2104008611,"1,3-Butadiene",0.0,LB
36005,Bronx,Fuel Comb - Residential - Wood,2104008031,"1,3-Butadiene",5.90776,LB
36005,Bronx,Fuel Comb - Residential - Wood,2104008031,Perylene,0.00720512,LB
36061,New York,Fuel Comb - Residential - Other,2104002000,"2,4-Dinitrotoluene",0.0,LB
36061,New York,Fuel Comb - Residential - Other,2104002000,Propionaldehyde,0.0,LB
36061,New York,Fuel Comb - Residential - Other,2104002000,Methyl Tert-Butyl Ether,0.0,LB
36061,New York,Fuel Comb - Residential - Other,2104002000,Fluoranthene,0.0,LB
36061,New York,Fuel Comb - Residential - Other,2104002000,Carbon Disulfide,0.0,LB
36061,New York,Fuel Comb - Residential - Other,2104002000,Bromoform,0.0,LB
36061,New York,Fuel Comb - Residential - Other,2104002000,Biphenyl,0.0,LB
36047,Kings,Fuel Comb - Residential - Wood,2104008615,Organic Carbon portion of PM2.5-PRI,0.0,TON
36047,Kings,Fuel Comb - Residential - Wood,2104008011,"1,3-Butadiene",18.13768,LB
36047,Kings,Fuel Comb - Residential - Wood,2104008011,"Benzo[g,h,i,]Perylene",0.00808292,LB
36047,Kings,Fuel Comb - Residential - Wood,2104008011,Cadmium,0.005503133,LB
36047,Kings,Fuel Comb - Residential - Wood,2104008011,Phenanthrene,2.43386,LB
36047,Kings,Fuel Comb - Residential - Wood,2104008011,Ammonia,0.02770064,TON
36047,Kings,Fuel Comb - Residential - Wood,2104008011,Nitrogen Oxides,0.01824983,TON
36061,New York,Fuel Comb - Residential - Other,2104007000,Benzene,2.14988,LB
36061,New York,Fuel Comb - Residential - Other,2104007000,Organic Carbon portion of PM2.5-PRI,0.102542,TON
36005,Bronx,Fuel Comb - Residential - Oil,2104004000,Acetaldehyde,352.018,LB
36085,Richmond,Fuel Comb - Residential - Wood,2104008400,Manganese,0.0,LB
36085,Richmond,Fuel Comb - Residential - Wood,2104008400,Naphthalene,0.0,LB
36085,Richmond,Fuel Comb - Residential - Wood,2104008400,PM2.5 Filterable,0.0,TON
36085,Richmond,Fuel Comb - Residential - Wood,2104008400,PM2.5 Primary (Filt + Cond),0.0,TON
36085,Richmond,Fuel Comb - Residential - Wood,2104008400,Propionaldehyde,0.0,LB
36085,Richmond,Fuel Comb - Residential - Wood,2104008400,Chrysene,0.0,LB
36005,Bronx,Fuel Comb - Residential - Wood,2104008614,Anthracene,0.0,LB
36005,Bronx,Fuel Comb - Residential - Wood,2104008614,1-Methylnaphthalene,0.0,LB
36005,Bronx,Fuel Comb - Residential - Wood,2104009000,Benz[a]Anthracene,0.142772,LB
36081,Queens,Fuel Comb - Residential - Wood,2104008614,2-Methylphenanthrene,0.0,LB
36081,Queens,Fuel Comb - Residential - Wood,2104008614,1-Methylphenanthrene,0.0,LB
36081,Queens,Fuel Comb - Residential - Wood,2104008614,2-Methylnaphthalene,0.0,LB
36081,Queens,Fuel Comb - Residential - Natural Gas,2104006000,Naphthalene,34.1014,LB
36061,New York,Fuel Comb - Residential - Wood,2104008700,Phenanthrene,0.0,LB
36061,New York,Fuel Comb - Residential - Wood,2104008700,PM10 Primary (Filt + Cond),0.0,TON
36061,New York,Fuel Comb - Residential - Wood,2104008700,"1,3-Butadiene",0.0,LB
36061,New York,Fuel Comb - Residential - Wood,2104008700,Hydroquinone,0.0,LB
36061,New York,Fuel Comb - Residential - Wood,2104008700,Benzo[a]Pyrene,0.0,LB
36047,Kings,Fuel Comb - Residential - Other,2104001000,Remaining PMFINE portion of PM2.5-PRI,0.0,TON
36047,Kings,Fuel Comb - Residential - Other,2104001000,"Benzo[g,h,i,]Perylene",0.0,LB
36047,Kings,Fuel Comb - Residential - Other,2104001000,Benzene,0.0,LB
36047,Kings,Fuel Comb - Residential - Other,2104001000,Antimony,0.0,LB
36047,Kings,Fuel Comb - Residential - Other,2104001000,Acetaldehyde,0.0,LB
36081,Queens,Fuel Comb - Residential - Wood,2104008031,Acetaldehyde,520.228,LB
36081,Queens,Fuel Comb - Residential - Wood,2104008031,o-Xylene,5.5259,LB
36081,Queens,Fuel Comb - Residential - Wood,2104008031,Acetophenone,1.190664,LB
36081,Queens,Fuel Comb - Residential - Wood,2104008031,Sulfur Dioxide,0.04248353,TON
36081,Queens,Fuel Comb - Residential - Other,2104007000,Nitrogen Oxides,114.1629,TON
36081,Queens,Fuel Comb - Residential - Other,2104007000,Phenanthrene,0.028845,LB
36081,Queens,Fuel Comb - Residential - Other,2104007000,Carbon Monoxide,32.37455,TON
36047,Kings,Fuel Comb - Residential - Oil,2104004000,Carbon Monoxide,100.7963,TON
36047,Kings,Fuel Comb - Residential - Oil,2104004000,Nitrogen Oxides,362.8666,TON
36005,Bronx,Fuel Comb - Residential - Wood,2104008100,PM2.5 Filterable,0.002530693,TON
36047,Kings,Fuel Comb - Residential - Natural Gas,2104006000,PM Condensible,10.79902,TON
36047,Kings,Fuel Comb - Residential - Natural Gas,2104006000,Sulfur Dioxide,20.24816,TON
36061,New York,Fuel Comb - Residential - Wood,2104009000,Benzene,0.0,LB
36061,New York,Fuel Comb - Residential - Wood,2104009000,Organic Carbon portion of PM2.5-PRI,0.0,TON
36047,Kings,Fuel Comb - Residential - Wood,2104008031,"Dibenzo(a,h)Anthracene",0.001766546,LB
36061,New York,Fuel Comb - Residential - Wood,2104009000,Anthracene,0.0,LB
36047,Kings,Fuel Comb - Residential - Wood,2104008400,Chrysene,0.0,LB
36047,Kings,Fuel Comb - Residential - Wood,2104008400,Lead,0.0,LB
36047,Kings,Fuel Comb - Residential - Wood,2104008400,Manganese,0.0,LB
36047,Kings,Fuel Comb - Residential - Wood,2104008400,Nitrate portion of PM2.5-PRI,0.0,TON
36061,New York,Fuel Comb - Residential - Wood,2104008021,Acrolein,1.12176,LB
36061,New York,Fuel Comb - Residential - Wood,2104008021,Propionaldehyde,4.54046,LB
36061,New York,Fuel Comb - Residential - Wood,2104008021,Benzo[e]Pyrene,0.01202278,LB
36061,New York,Fuel Comb - Residential - Wood,2104008021,Elemental Carbon portion of PM2.5-PRI,0.00365076,TON
36061,New York,Fuel Comb - Residential - Wood,2104008021,PM10 Filterable,0.06235081,TON
36085,Richmond,Fuel Comb - Residential - Wood,2104008611,1-Methylphenanthrene,1.15326e-09,LB
36085,Richmond,Fuel Comb - Residential - Wood,2104008611,Acenaphthene,1.049364e-09,LB
36005,Bronx,Fuel Comb - Residential - Wood,2104008611,Phenol,0.0,LB
36005,Bronx,Fuel Comb - Residential - Wood,2104008611,Lead,0.0,LB
36005,Bronx,Fuel Comb - Residential - Wood,2104008611,1-Methylnaphthalene,0.0,LB
36061,New York,Fuel Comb - Residential - Wood,2104008611,Nitrogen Oxides,0.0,TON
36061,New York,Fuel Comb - Residential - Wood,2104008400,"1,3-Butadiene",0.0,LB
36061,New York,Fuel Comb - Residential - Wood,2104008400,Propionaldehyde,0.0,LB
36085,Richmond,Fuel Comb - Residential - Oil,2104004000,Fluoranthene,0.01962704,LB
36085,Richmond,Fuel Comb - Residential - Oil,2104004000,Formaldehyde,133.8206,LB
36085,Richmond,Fuel Comb - Residential - Oil,2104004000,Benzene,0.867806,LB
36061,New York,Fuel Comb - Residential - Natural Gas,2104006000,Naphthalene,20.9936,LB
36061,New York,Fuel Comb - Residential - Natural Gas,2104006000,Organic Carbon portion of PM2.5-PRI,3.62421,TON
36081,Queens,Fuel Comb - Residential - Oil,2104011000,Pyrene,0.00820556,LB
36081,Queens,Fuel Comb - Residential - Oil,2104011000,Chromium III,0.671801,LB
36061,New York,Fuel Comb - Residential - Wood,2104008500,1-Methylphenanthrene,0.0,LB
36061,New York,Fuel Comb - Residential - Wood,2104008500,Benzo[a]Pyrene,0.0,LB
36061,New York,Fuel Comb - Residential - Wood,2104008500,Mercury,0.0,LB
36005,Bronx,Fuel Comb - Residential - Other,2104002000,Ethyl Benzene,0.0,LB
36081,Queens,Fuel Comb - Residential - Wood,2104008400,Cresol/Cresylic Acid (Mixed Isomers),0.0,LB
36081,Queens,Fuel Comb - Residential - Wood,2104008400,Remaining PMFINE portion of PM2.5-PRI,0.0,TON
36005,Bronx,Fuel Comb - Residential - Other,2104002000,5-Methylchrysene,0.0,LB
36005,Bronx,Fuel Comb - Residential - Other,2104002000,Bromoform,0.0,LB
36081,Queens,Fuel Comb - Residential - Wood,2104008615,Cadmium,0.0,LB
36081,Queens,Fuel Comb - Residential - Wood,2104008615,Fluorene,0.0,LB
36005,Bronx,Fuel Comb - Residential - Wood,2104008615,Formaldehyde,0.0,LB
36005,Bronx,Fuel Comb - Residential - Wood,2104008615,Arsenic,0.0,LB
36047,Kings,Fuel Comb - Residential - Wood,2104008630,2-Methylphenanthrene,0.0,LB
36047,Kings,Fuel Comb - Residential - Wood,2104008630,Arsenic,0.0,LB
36047,Kings,Fuel Comb - Residential - Wood,2104008630,Nitrogen Oxides,0.0,TON
36047,Kings,Fuel Comb - Residential - Wood,2104008614,1-Methylnaphthalene,0.0,LB
36047,Kings,Fuel Comb - Residential - Wood,2104008614,Sulfur Dioxide,0.0,TON
36061,New York,Fuel Comb - Residential - Wood,2104008031,Catechol,0.816774,LB
36061,New York,Fuel Comb - Residential - Wood,2104008031,Acenaphthylene,0.0486922,LB
36061,New York,Fuel Comb - Residential - Wood,2104008031,Acetaldehyde,4.46084,LB
36061,New York,Fuel Comb - Residential - Wood,2104008031,Naphthalene,0.594256,LB
36061,New York,Fuel Comb - Residential - Wood,2104008031,Elemental Carbon portion of PM2.5-PRI,0.000343529,TON
36061,New York,Fuel Comb - Residential - Wood,2104008031,Nitrate portion of PM2.5-PRI,1.16972e-05,TON
36005,Bronx,Fuel Comb - Residential - Wood,2104008011,Ethyl Benzene,3.6448,LB
36005,Bronx,Fuel Comb - Residential - Wood,2104008011,Acrolein,10.02718,LB
36005,Bronx,Fuel Comb - Residential - Wood,2104008011,Cresol/Cresylic Acid (Mixed Isomers),74.7422,LB
36005,Bronx,Fuel Comb - Residential - Wood,2104008011,"Benzo(g,h,i)Fluoranthene",0.01305126,LB
36005,Bronx,Fuel Comb - Residential - Wood,2104008011,Benz[a]Anthracene,0.0238228,LB
36005,Bronx,Fuel Comb - Residential - Wood,2104008011,o-Xylene,2.88082,LB
36047,Kings,Fuel Comb - Residential - Wood,2104008700,PM10 Primary (Filt + Cond),0.0,TON
36081,Queens,Fuel Comb - Residential - Wood,2104009000,Acenaphthylene,1.39054,LB
36081,Queens,Fuel Comb - Residential - Wood,2104009000,Elemental Carbon portion of PM2.5-PRI,0.1473,TON
36081,Queens,Fuel Comb - Residential - Wood,2104009000,PM2.5 Primary (Filt + Cond),2.639793,TON
36047,Kings,Fuel Comb - Residential - Wood,2104008700,m-Xylene,0.0,LB
36047,Kings,Fuel Comb - Residential - Wood,2104008530,Nitrate portion of PM2.5-PRI,0.0,TON
36085,Richmond,Fuel Comb - Residential - Other,2104001000,Ethylene Dichloride,0.0,LB
36085,Richmond,Fuel Comb - Residential - Other,2104001000,Bis(2-Ethylhexyl)Phthalate,0.0,LB
36085,Richmond,Fuel Comb - Residential - Other,2104001000,Selenium,0.0,LB
36085,Richmond,Fuel Comb - Residential - Other,2104001000,Nitrogen Oxides,0.0,TON
36085,Richmond,Fuel Comb - Residential - Other,2104001000,PM10 Filterable,0.0,TON
36047,Kings,Fuel Comb - Residential - Wood,2104008612,m-Xylene,0.0,LB
36047,Kings,Fuel Comb - Residential - Wood,2104008612,Hydroquinone,0.0,LB
36047,Kings,Fuel Comb - Residential - Wood,2104008612,Arsenic,0.0,LB
36047,Kings,Fuel Comb - Residential - Wood,2104008612,Acetophenone,0.0,LB
36047,Kings,Fuel Comb - Residential - Wood,2104008612,Ammonia,0.0,TON
36047,Kings,Fuel Comb - Residential - Wood,2104008612,PM10 Filterable,0.0,TON
36047,Kings,Fuel Comb - Residential - Wood,2104008612,PM10 Primary (Filt + Cond),0.0,TON
36005,Bronx,Fuel Comb - Residential - Wood,2104008612,Ethyl Benzene,0.0,LB
36081,Queens,Fuel Comb - Residential - Wood,2104008612,Acenaphthylene,0.0,LB
36085,Richmond,Fuel Comb - Residential - Wood,2104008500,Phenol,3.17338e-08,LB
36085,Richmond,Fuel Comb - Residential - Wood,2104008500,Phenanthrene,9.48992e-10,LB
36085,Richmond,Fuel Comb - Residential - Wood,2104008500,1-Methylnaphthalene,6.40722e-10,LB
36005,Bronx,Fuel Comb - Residential - Wood,2104008500,Ammonia,0.0,TON
36061,New York,Fuel Comb - Residential - Wood,2104008615,Anthracene,0.0,LB
36061,New York,Fuel Comb - Residential - Wood,2104008615,Mercury,0.0,LB
36061,New York,Fuel Comb - Residential - Wood,2104008615,Arsenic,0.0,LB
36061,New York,Fuel Comb - Residential - Wood,2104008615,Nitrate portion of PM2.5-PRI,0.0,TON
36061,New York,Fuel Comb - Residential - Wood,2104008615,Nitrogen Oxides,0.0,TON
36061,New York,Fuel Comb - Residential - Wood,2104008615,PM10 Filterable,0.0,TON
36005,Bronx,Fuel Comb - Residential - Wood,2104008500,Pyrene,0.0,LB
36085,Richmond,Fuel Comb - Residential - Wood,2104008021,Acrolein,156.2456,LB
36085,Richmond,Fuel Comb - Residential - Wood,2104008021,Fluoranthene,7.56428,LB
36081,Queens,Fuel Comb - Residential - Other,2104002000,Styrene,0.0,LB
36081,Queens,Fuel Comb - Residential - Other,2104002000,Xylenes (Mixed Isomers),0.0,LB
36081,Queens,Fuel Comb - Residential - Other,2104002000,"Indeno[1,2,3-c,d]Pyrene",0.0,LB
36081,Queens,Fuel Comb - Residential - Other,2104002000,Benz[a]Anthracene,0.0,LB
36081,Queens,Fuel Comb - Residential - Other,2104002000,Acenaphthene,0.0,LB
36061,New York,Fuel Comb - Residential - Wood,2104008100,m-Xylene,2.92544e-08,LB
36061,New York,Fuel Comb - Residential - Wood,2104008100,Anthracene,1.67725e-09,LB
36061,New York,Fuel Comb - Residential - Wood,2104008100,Cadmium,5.989204e-11,LB
36061,New York,Fuel Comb - Residential - Wood,2104008100,PM2.5 Primary (Filt + Cond),4.18516e-09,TON
36085,Richmond,Fuel Comb - Residential - Wood,2104008615,1-Methylphenanthrene,4.83564e-12,LB
36085,Richmond,Fuel Comb - Residential - Wood,2104008615,Acetophenone,8.49502e-12,LB
36005,Bronx,Fuel Comb - Residential - Wood,2104008530,Fluoranthene,0.0,LB
36085,Richmond,Fuel Comb - Residential - Wood,2104008700,"1,3-Butadiene",6.74234e-08,LB
36085,Richmond,Fuel Comb - Residential - Wood,2104008700,Hydroquinone,9.9118e-09,LB
36085,Richmond,Fuel Comb - Residential - Wood,2104008700,Nickel,4.60408e-12,LB
36085,Richmond,Fuel Comb - Residential - Wood,2104008700,Acenaphthene,1.16406e-09,LB
36085,Richmond,Fuel Comb - Residential - Wood,2104008700,PM10 Primary (Filt + Cond),4.946489e-09,TON
36085,Richmond,Fuel Comb - Residential - Wood,2104008700,PM2.5 Primary (Filt + Cond),4.946489e-09,TON
36085,Richmond,Fuel Comb - Residential - Natural Gas,2104006000,Pyrene,0.0659754,LB
36081,Queens,Fuel Comb - Residential - Wood,2104008500,Acenaphthene,0.0,LB
36081,Queens,Fuel Comb - Residential - Wood,2104008500,Acetophenone,0.0,LB
36085,Richmond,Fuel Comb - Residential - Wood,2104008011,PM10 Primary (Filt + Cond),3.527639,TON
36081,Queens,Fuel Comb - Residential - Wood,2104008630,Lead,0.0,LB
36081,Queens,Fuel Comb - Residential - Wood,2104008630,PM2.5 Filterable,0.0,TON
36081,Queens,Fuel Comb - Residential - Wood,2104008630,Volatile Organic Compounds,0.0,TON
36085,Richmond,Fuel Comb - Residential - Other,2104007000,Lead,0.1253728,LB
36085,Richmond,Fuel Comb - Residential - Other,2104007000,PM10 Filterable,0.02697324,TON
36085,Richmond,Fuel Comb - Residential - Other,2104007000,PM2.5 Filterable,0.01483528,TON
36061,New York,Fuel Comb - Residential - Oil,2104004000,Pyrene,0.282956,LB
36061,New York,Fuel Comb - Residential - Oil,2104004000,"Indeno[1,2,3-c,d]Pyrene",0.1424766,LB
36061,New York,Fuel Comb - Residential - Oil,2104004000,Formaldehyde,2197.08,LB
36061,New York,Fuel Comb - Residential - Oil,2104004000,Benzene,14.24766,LB
36085,Richmond,Fuel Comb - Residential - Oil,2104011000,Benzene,0.0332366,LB
36085,Richmond,Fuel Comb - Residential - Oil,2104011000,Beryllium,0.06623934,LB
36085,Richmond,Fuel Comb - Residential - Oil,2104011000,Cadmium,0.06623934,LB
36085,Richmond,Fuel Comb - Residential - Oil,2104011000,Nitrogen Oxides,1.420249,TON
36047,Kings,Fuel Comb - Residential - Other,2104007000,Nitrogen Oxides,132.866,TON
36081,Queens,Fuel Comb - Residential - Oil,2104004000,Acetaldehyde,245.708,LB
36081,Queens,Fuel Comb - Residential - Oil,2104004000,Acenaphthene,1.05375,LB
36081,Queens,Fuel Comb - Residential - Oil,2104004000,Nitrogen Oxides,449.4665,TON
36081,Queens,Fuel Comb - Residential - Oil,2104004000,Remaining PMFINE portion of PM2.5-PRI,24.466,TON
36081,Queens,Fuel Comb - Residential - Wood,2104008011,Carbon Monoxide,17.68124,TON
36081,Queens,Fuel Comb - Residential - Wood,2104008011,"Benzo(g,h,i)Fluoranthene",0.0789114,LB
36081,Queens,Fuel Comb - Residential - Wood,2104008011,Chrysene,0.117827,LB
36081,Queens,Fuel Comb - Residential - Wood,2104008011,1-Methylnaphthalene,10.20076,LB
36085,Richmond,Fuel Comb - Residential - Wood,2104009000,Chrysene,0.78059,LB
36085,Richmond,Fuel Comb - Residential - Wood,2104009000,Benz[a]Anthracene,0.498248,LB
36085,Richmond,Fuel Comb - Residential - Wood,2104009000,Benzene,443.44,LB
36085,Richmond,Fuel Comb - Residential - Wood,2104009000,Phenanthrene,7.15816,LB
36085,Richmond,Fuel Comb - Residential - Wood,2104009000,Remaining PMFINE portion of PM2.5-PRI,2.4175,TON
36085,Richmond,Fuel Comb - Residential - Wood,2104008614,1-Methylphenanthrene,1.253544e-11,LB
36085,Richmond,Fuel Comb - Residential - Wood,2104008614,Volatile Organic Compounds,3.881587e-11,TON
36061,New York,Fuel Comb - Residential - Wood,2104008630,Pyrene,0.0,LB
36061,New York,Fuel Comb - Residential - Wood,2104008630,Benzo[a]Pyrene,0.0,LB
36081,Queens,Fuel Comb - Residential - Wood,2104008611,Manganese,0.0,LB
36085,Richmond,Fuel Comb - Residential - Wood,2104008031,Acetophenone,1.422064,LB
36047,Kings,Fuel Comb - Residential - Other,2104002000,Ethylene Dibromide,0.0,LB
36047,Kings,Fuel Comb - Residential - Other,2104002000,5-Methylchrysene,0.0,LB
36005,Bronx,Fuel Comb - Residential - Wood,2104008630,Benzo[a]Pyrene,0.0,LB
36061,New York,Fuel Comb - Residential - Wood,2104008011,Elemental Carbon portion of PM2.5-PRI,0.00141322,TON
36061,New York,Fuel Comb - Residential - Wood,2104008011,Formaldehyde,9.61334,LB
36081,Queens,Fuel Comb - Residential - Wood,2104008021,Phenol,1090.176,LB
36081,Queens,Fuel Comb - Residential - Wood,2104008021,Hydroquinone,35.7162,LB
36081,Queens,Fuel Comb - Residential - Wood,2104008021,o-Xylene,37.585,LB
36081,Queens,Fuel Comb - Residential - Wood,2104008021,Ammonia,0.2828621,TON
36081,Queens,Fuel Comb - Residential - Wood,2104008021,PM2.5 Primary (Filt + Cond),7.630041,TON
36047,Kings,Fuel Comb - Residential - Oil,2104011000,Fluoranthene,0.0077093,LB
36047,Kings,Fuel Comb - Residential - Oil,2104011000,Formaldehyde,52.8804,LB
36047,Kings,Fuel Comb - Residential - Oil,2104011000,Benz[a]Anthracene,0.00639214,LB
36081,Queens,Fuel Comb - Residential - Wood,2104008500,Benzene,0.0,LB
36085,Richmond,Fuel Comb - Residential - Wood,2104008011,Benzene,440.206,LB
36085,Richmond,Fuel Comb - Residential - Wood,2104008011,o-Xylene,20.8034,LB
36085,Richmond,Fuel Comb - Residential - Wood,2104008614,Ethyl Benzene,1.29307e-10,LB
36085,Richmond,Fuel Comb - Residential - Wood,2104008614,Acrolein,3.55736e-10,LB
36085,Richmond,Fuel Comb - Residential - Wood,2104008614,Naphthalene,1.281778e-09,LB
36085,Richmond,Fuel Comb - Residential - Wood,2104008614,Sulfate Portion of PM2.5-PRI,1.5111e-13,TON
36061,New York,Fuel Comb - Residential - Wood,2104008530,Sulfur Dioxide,0.0,TON
36061,New York,Fuel Comb - Residential - Wood,2104008630,Arsenic,0.0,LB
36085,Richmond,Fuel Comb - Residential - Wood,2104008630,Toluene,1.937872e-10,LB
36085,Richmond,Fuel Comb - Residential - Wood,2104008630,Phenol,6.43912e-10,LB
36081,Queens,Fuel Comb - Residential - Wood,2104008611,Phenol,0.0,LB
36081,Queens,Fuel Comb - Residential - Wood,2104008611,Pyrene,0.0,LB
36085,Richmond,Fuel Comb - Residential - Wood,2104008031,Propionaldehyde,92.9812,LB
36005,Bronx,Fuel Comb - Residential - Wood,2104008630,Toluene,0.0,LB
36047,Kings,Fuel Comb - Residential - Other,2104002000,"Benzo[g,h,i,]Perylene",0.0,LB
36047,Kings,Fuel Comb - Residential - Other,2104002000,Hydrogen Fluoride,0.0,LB
36047,Kings,Fuel Comb - Residential - Other,2104002000,Dimethyl Sulfate,0.0,LB
36005,Bronx,Fuel Comb - Residential - Wood,2104008630,PM2.5 Primary (Filt + Cond),0.0,TON
36061,New York,Fuel Comb - Residential - Wood,2104008011,Nitrogen Oxides,0.0009714301,TON
36061,New York,Fuel Comb - Residential - Wood,2104008011,Manganese,0.0002356977,LB
36081,Queens,Fuel Comb - Residential - Wood,2104008021,Benz[a]Anthracene,1.373172,LB
36047,Kings,Fuel Comb - Residential - Oil,2104011000,Cadmium,0.6585842,LB
36047,Kings,Fuel Comb - Residential - Wood,2104009000,"Benzo[g,h,i,]Perylene",0.1540946,LB
36047,Kings,Fuel Comb - Residential - Wood,2104009000,Elemental Carbon portion of PM2.5-PRI,0.179556,TON
36081,Queens,Fuel Comb - Residential - Wood,2104008500,Cresol/Cresylic Acid (Mixed Isomers),0.0,LB
36085,Richmond,Fuel Comb - Residential - Wood,2104008011,Phenol,603.414,LB
36085,Richmond,Fuel Comb - Residential - Wood,2104008011,Phenanthrene,18.04496,LB
36061,New York,Fuel Comb - Residential - Other,2104001000,Formaldehyde,0.0,LB
36061,New York,Fuel Comb - Residential - Other,2104001000,Methylene Chloride,0.0,LB
36061,New York,Fuel Comb - Residential - Other,2104001000,Isophorone,0.0,LB
36061,New York,Fuel Comb - Residential - Other,2104001000,Ammonia,0.0,TON
36061,New York,Fuel Comb - Residential - Other,2104001000,Organic Carbon portion of PM2.5-PRI,0.0,TON
36081,Queens,Fuel Comb - Residential - Wood,2104008700,Acetaldehyde,0.0,LB
36081,Queens,Fuel Comb - Residential - Wood,2104008700,Carbon Monoxide,0.0,TON
36081,Queens,Fuel Comb - Residential - Wood,2104008700,Sulfate Portion of PM2.5-PRI,0.0,TON
36085,Richmond,Fuel Comb - Residential - Other,2104002000,Acrolein,0.0,LB
36085,Richmond,Fuel Comb - Residential - Other,2104002000,Ethylene Dichloride,0.0,LB
36085,Richmond,Fuel Comb - Residential - Other,2104002000,Formaldehyde,0.0,LB
36085,Richmond,Fuel Comb - Residential - Other,2104002000,Carbon Disulfide,0.0,LB
36085,Richmond,Fuel Comb - Residential - Other,2104002000,Nitrate portion of PM2.5-PRI,0.0,TON
36061,New York,Fuel Comb - Residential - Wood,2104008614,2-Methylphenanthrene,0.0,LB
36061,New York,Fuel Comb - Residential - Wood,2104008614,Formaldehyde,0.0,LB
36061,New York,Fuel Comb - Residential - Wood,2104008614,PM2.5 Primary (Filt + Cond),0.0,TON
36061,New York,Fuel Comb - Residential - Wood,2104008614,Remaining PMFINE portion of PM2.5-PRI,0.0,TON
36081,Queens,Fuel Comb - Residential - Other,2104001000,Ethylene Dichloride,0.0,LB
36081,Queens,Fuel Comb - Residential - Other,2104001000,Mercury,0.0,LB
36081,Queens,Fuel Comb - Residential - Other,2104001000,Antimony,0.0,LB
36081,Queens,Fuel Comb - Residential - Other,2104001000,Methyl Bromide,0.0,LB
36081,Queens,Fuel Comb - Residential - Other,2104001000,PM2.5 Filterable,0.0,TON
36005,Bronx,Fuel Comb - Residential - Wood,2104008700,Manganese,0.0,LB
36005,Bronx,Fuel Comb - Residential - Wood,2104008700,Carbon Monoxide,0.0,TON
36005,Bronx,Fuel Comb - Residential - Wood,2104008700,PM10 Primary (Filt + Cond),0.0,TON
36085,Richmond,Fuel Comb - Residential - Wood,2104008100,Manganese,0.06550124,LB
36085,Richmond,Fuel Comb - Residential - Wood,2104008100,Mercury,0.001928314,LB
36085,Richmond,Fuel Comb - Residential - Wood,2104008100,PM2.5 Primary (Filt + Cond),5.688526,TON
36005,Bronx,Fuel Comb - Residential - Oil,2104011000,Arsenic,1.5674482,LB
36005,Bronx,Fuel Comb - Residential - Wood,2104008021,Cresol/Cresylic Acid (Mixed Isomers),161.2788,LB
36005,Bronx,Fuel Comb - Residential - Wood,2104008021,"Benzo(g,h,i)Fluoranthene",0.028162,LB
36005,Bronx,Fuel Comb - Residential - Wood,2104008021,Formaldehyde,400.106,LB
36005,Bronx,Fuel Comb - Residential - Wood,2104008021,Benzene,131.537,LB
36005,Bronx,Fuel Comb - Residential - Wood,2104008021,1-Methylnaphthalene,3.64046,LB
36005,Bronx,Fuel Comb - Residential - Wood,2104008021,Organic Carbon portion of PM2.5-PRI,0.666557,TON
36005,Bronx,Fuel Comb - Residential - Oil,2104011000,Pyrene,0.01175586,LB
36005,Bronx,Fuel Comb - Residential - Other,2104001000,Propionaldehyde,0.0,LB
36005,Bronx,Fuel Comb - Residential - Other,2104001000,Methyl Bromide,0.0,LB
36005,Bronx,Fuel Comb - Residential - Other,2104001000,Hydrochloric Acid,0.0,LB
36005,Bronx,Fuel Comb - Residential - Other,2104001000,Naphthalene,0.0,LB
36005,Bronx,Fuel Comb - Residential - Other,2104001000,Carbon Monoxide,0.0,TON
36005,Bronx,Fuel Comb - Residential - Other,2104001000,PM2.5 Primary (Filt + Cond),0.0,TON
36085,Richmond,Fuel Comb - Residential - Wood,2104008530,Arsenic,1.1518e-13,LB
36005,Bronx,Fuel Comb - Residential - Natural Gas,2104006000,Nitrate portion of PM2.5-PRI,0.18081,TON
36005,Bronx,Fuel Comb - Residential - Natural Gas,2104006000,PM Condensible,3.945926,TON
36047,Kings,Fuel Comb - Residential - Wood,2104008021,Hydroquinone,5.75354,LB
36047,Kings,Fuel Comb - Residential - Wood,2104008021,Propionaldehyde,85.2996,LB
36047,Kings,Fuel Comb - Residential - Wood,2104008021,"Indeno[1,2,3-c,d]Pyrene",0.1564492,LB
36047,Kings,Fuel Comb - Residential - Wood,2104008021,"Benzo(g,h,i)Fluoranthene",0.0274296,LB
36047,Kings,Fuel Comb - Residential - Wood,2104008021,2-Methylnaphthalene,5.01762,LB
36081,Queens,Fuel Comb - Residential - Wood,2104008530,Mercury,0.0,LB
36081,Queens,Fuel Comb - Residential - Wood,2104008530,Nickel,0.0,LB
36047,Kings,Fuel Comb - Residential - Wood,2104008611,Cadmium,0.0,LB
36047,Kings,Fuel Comb - Residential - Wood,2104008500,Catechol,0.0,LB
36047,Kings,Fuel Comb - Residential - Wood,2104008500,Acenaphthene,0.0,LB
36047,Kings,Fuel Comb - Residential - Wood,2104008500,Sulfate Portion of PM2.5-PRI,0.0,TON
36005,Bronx,Fuel Comb - Residential - Wood,2104008031,Hydroquinone,0.86849,LB
36005,Bronx,Fuel Comb - Residential - Wood,2104008031,Acetaldehyde,86.0412,LB
36061,New York,Fuel Comb - Residential - Other,2104002000,Methyl Bromide,0.0,LB
36005,Bronx,Fuel Comb - Residential - Wood,2104008400,Mercury,0.0,LB
36005,Bronx,Fuel Comb - Residential - Wood,2104008400,Nitrogen Oxides,0.0,TON
36005,Bronx,Fuel Comb - Residential - Wood,2104008400,Sulfate Portion of PM2.5-PRI,0.0,TON
36005,Bronx,Fuel Comb - Residential - Wood,2104008400,Volatile Organic Compounds,0.0,TON
36005,Bronx,Fuel Comb - Residential - Wood,2104008400,Hydroquinone,0.0,LB
36047,Kings,Fuel Comb - Residential - Wood,2104008615,Ethyl Benzene,0.0,LB
36047,Kings,Fuel Comb - Residential - Wood,2104008615,Acrolein,0.0,LB
36047,Kings,Fuel Comb - Residential - Wood,2104008011,Benzo(a)Fluoranthene,0.01290856,LB
36047,Kings,Fuel Comb - Residential - Wood,2104008011,Formaldehyde,180.6018,LB
36061,New York,Fuel Comb - Residential - Other,2104007000,Sulfate Portion of PM2.5-PRI,0.0263788,TON
36005,Bronx,Fuel Comb - Residential - Oil,2104004000,Formaldehyde,2361.1,LB
36005,Bronx,Fuel Comb - Residential - Oil,2104004000,Carbon Monoxide,178.8712,TON
36005,Bronx,Fuel Comb - Residential - Oil,2104004000,Elemental Carbon portion of PM2.5-PRI,7.61991,TON
36005,Bronx,Fuel Comb - Residential - Oil,2104004000,Remaining PMFINE portion of PM2.5-PRI,35.0516,TON
36061,New York,Fuel Comb - Residential - Wood,2104008612,Pyrene,0.0,LB
36061,New York,Fuel Comb - Residential - Wood,2104008612,Acetophenone,0.0,LB
36061,New York,Fuel Comb - Residential - Wood,2104008612,Remaining PMFINE portion of PM2.5-PRI,0.0,TON
36085,Richmond,Fuel Comb - Residential - Wood,2104008612,Fluoranthene,1.32871e-11,LB
36085,Richmond,Fuel Comb - Residential - Wood,2104008612,Nickel,3.274e-14,LB
36085,Richmond,Fuel Comb - Residential - Wood,2104008612,Acenaphthene,8.79998e-12,LB
36085,Richmond,Fuel Comb - Residential - Wood,2104008612,Acetophenone,1.699006e-11,LB
36085,Richmond,Fuel Comb - Residential - Wood,2104008612,Volatile Organic Compounds,2.994696e-11,TON
36061,New York,Fuel Comb - Residential - Wood,2104008612,"1,3-Butadiene",0.0,LB
36085,Richmond,Fuel Comb - Residential - Wood,2104008612,Toluene,6.88314e-10,LB
36085,Richmond,Fuel Comb - Residential - Wood,2104008400,Acetophenone,0.0,LB
36085,Richmond,Fuel Comb - Residential - Wood,2104008400,Elemental Carbon portion of PM2.5-PRI,0.0,TON
36085,Richmond,Fuel Comb - Residential - Wood,2104008400,Sulfur Dioxide,0.0,TON
36005,Bronx,Fuel Comb - Residential - Wood,2104008614,Catechol,0.0,LB
36005,Bronx,Fuel Comb - Residential - Wood,2104008614,Hydroquinone,0.0,LB
36005,Bronx,Fuel Comb - Residential - Wood,2104008614,2-Methylphenanthrene,0.0,LB
36005,Bronx,Fuel Comb - Residential - Wood,2104008614,Lead,0.0,LB
36005,Bronx,Fuel Comb - Residential - Wood,2104009000,Acenaphthylene,0.889946,LB
36081,Queens,Fuel Comb - Residential - Wood,2104008614,Toluene,0.0,LB
36081,Queens,Fuel Comb - Residential - Wood,2104008614,Arsenic,0.0,LB
36061,New York,Fuel Comb - Residential - Wood,2104008700,Phenol,0.0,LB
36061,New York,Fuel Comb - Residential - Wood,2104008700,Pyrene,0.0,LB
36061,New York,Fuel Comb - Residential - Wood,2104008700,Cresol/Cresylic Acid (Mixed Isomers),0.0,LB
36061,New York,Fuel Comb - Residential - Wood,2104008700,Fluoranthene,0.0,LB
36061,New York,Fuel Comb - Residential - Wood,2104008700,Lead,0.0,LB
36061,New York,Fuel Comb - Residential - Wood,2104008700,Manganese,0.0,LB
36061,New York,Fuel Comb - Residential - Wood,2104008700,Cadmium,0.0,LB
36047,Kings,Fuel Comb - Residential - Other,2104001000,Isophorone,0.0,LB
36047,Kings,Fuel Comb - Residential - Other,2104001000,Acetophenone,0.0,LB
36047,Kings,Fuel Comb - Residential - Other,2104001000,Phenol,0.0,LB
36047,Kings,Fuel Comb - Residential - Other,2104001000,Benzo[a]Pyrene,0.0,LB
36047,Kings,Fuel Comb - Residential - Other,2104001000,Nickel,0.0,LB
36081,Queens,Fuel Comb - Residential - Wood,2104008031,Catechol,95.2532,LB
36081,Queens,Fuel Comb - Residential - Wood,2104008031,Methylchrysene,0.01633664,LB
36081,Queens,Fuel Comb - Residential - Wood,2104008031,Benz[a]Anthracene,0.1614884,LB
36081,Queens,Fuel Comb - Residential - Wood,2104008031,Mercury,0.0008496705,LB
36081,Queens,Fuel Comb - Residential - Wood,2104008031,PM10 Primary (Filt + Cond),0.7179716,TON
36047,Kings,Fuel Comb - Residential - Oil,2104004000,Mercury,16.990222,LB
36047,Kings,Fuel Comb - Residential - Oil,2104004000,Ammonia,20.15926,TON
36047,Kings,Fuel Comb - Residential - Oil,2104004000,PM10 Primary (Filt + Cond),47.97903,TON
36005,Bronx,Fuel Comb - Residential - Wood,2104008100,Elemental Carbon portion of PM2.5-PRI,0.000148177,TON
36047,Kings,Fuel Comb - Residential - Wood,2104008031,PM10 Filterable,0.1102224,TON
36047,Kings,Fuel Comb - Residential - Wood,2104008031,PM10 Primary (Filt + Cond),0.1156583,TON
36061,New York,Fuel Comb - Residential - Oil,2104011000,Nickel,1.0875192,LB
36061,New York,Fuel Comb - Residential - Oil,2104011000,Ammonia,1.295427,TON
36061,New York,Fuel Comb - Residential - Oil,2104011000,Sulfate Portion of PM2.5-PRI,0.00814312,TON
36047,Kings,Fuel Comb - Residential - Natural Gas,2104006000,Phenanthrene,1.147396,LB
36047,Kings,Fuel Comb - Residential - Natural Gas,2104006000,PM10 Filterable,6.749386,TON
36047,Kings,Fuel Comb - Residential - Natural Gas,2104006000,Remaining PMFINE portion of PM2.5-PRI,4.10855,TON
36061,New York,Fuel Comb - Residential - Wood,2104009000,PM Condensible,0.0,TON
36047,Kings,Fuel Comb - Residential - Wood,2104008031,Phenol,25.8198,LB
36047,Kings,Fuel Comb - Residential - Wood,2104008031,Benzo[b]Fluoranthene,0.0266798,LB
36061,New York,Fuel Comb - Residential - Wood,2104009000,Pyrene,0.0,LB
36047,Kings,Fuel Comb - Residential - Wood,2104008400,"Benzo(g,h,i)Fluoranthene",0.0,LB
36061,New York,Fuel Comb - Residential - Wood,2104008021,Ethyl Benzene,0.40775,LB
36061,New York,Fuel Comb - Residential - Wood,2104008021,m-Xylene,1.068342,LB
36061,New York,Fuel Comb - Residential - Wood,2104008021,Hydroquinone,0.306258,LB
36061,New York,Fuel Comb - Residential - Wood,2104008021,Benzo[b]Fluoranthene,0.01207794,LB
36061,New York,Fuel Comb - Residential - Wood,2104008021,Benzene,6.8196,LB
36061,New York,Fuel Comb - Residential - Wood,2104008021,1-Methylphenanthrene,0.0395288,LB
36061,New York,Fuel Comb - Residential - Wood,2104008021,1-Methylnaphthalene,0.1887406,LB
36061,New York,Fuel Comb - Residential - Wood,2104008021,Naphthalene,4.0419,LB
36061,New York,Fuel Comb - Residential - Wood,2104008021,Carbon Monoxide,0.3540863,TON
36061,New York,Fuel Comb - Residential - Wood,2104008021,PM2.5 Filterable,0.06235081,TON
36085,Richmond,Fuel Comb - Residential - Wood,2104008611,Ethyl Benzene,1.189624e-08,LB
36085,Richmond,Fuel Comb - Residential - Wood,2104008611,m-Xylene,3.11692e-08,LB
36085,Richmond,Fuel Comb - Residential - Wood,2104008611,Toluene,8.2079e-08,LB
36085,Richmond,Fuel Comb - Residential - Wood,2104008611,Benzo[a]Pyrene,2.89606e-10,LB
36085,Richmond,Fuel Comb - Residential - Wood,2104008611,Phenanthrene,8.15594e-09,LB
36085,Richmond,Fuel Comb - Residential - Wood,2104008611,Nitrogen Oxides,5.934105e-11,TON
36005,Bronx,Fuel Comb - Residential - Wood,2104008611,Cresol/Cresylic Acid (Mixed Isomers),0.0,LB
36005,Bronx,Fuel Comb - Residential - Wood,2104008611,Manganese,0.0,LB
36005,Bronx,Fuel Comb - Residential - Wood,2104008611,Remaining PMFINE portion of PM2.5-PRI,0.0,TON
36061,New York,Fuel Comb - Residential - Wood,2104008611,Ethyl Benzene,0.0,LB
36061,New York,Fuel Comb - Residential - Wood,2104008611,1-Methylnaphthalene,0.0,LB
36061,New York,Fuel Comb - Residential - Wood,2104008611,PM10 Filterable,0.0,TON
36061,New York,Fuel Comb - Residential - Wood,2104008611,Sulfur Dioxide,0.0,TON
36061,New York,Fuel Comb - Residential - Wood,2104008611,Sulfate Portion of PM2.5-PRI,0.0,TON
36061,New York,Fuel Comb - Residential - Wood,2104008400,"Benzo(g,h,i)Fluoranthene",0.0,LB
36061,New York,Fuel Comb - Residential - Wood,2104008400,Nickel,0.0,LB
36005,Bronx,Fuel Comb - Residential - Other,2104007000,Formaldehyde,69.6324,LB
36005,Bronx,Fuel Comb - Residential - Other,2104007000,PM10 Primary (Filt + Cond),0.2324827,TON
36085,Richmond,Fuel Comb - Residential - Oil,2104004000,Nickel,1.7088492,LB
36085,Richmond,Fuel Comb - Residential - Oil,2104004000,Volatile Organic Compounds,1.445669,TON
36061,New York,Fuel Comb - Residential - Natural Gas,2104006000,Formaldehyde,2581.18,LB
36061,New York,Fuel Comb - Residential - Natural Gas,2104006000,Fluorene,0.096364,LB
36061,New York,Fuel Comb - Residential - Natural Gas,2104006000,Nitrogen Oxides,1617.538,TON
36081,Queens,Fuel Comb - Residential - Oil,2104011000,Anthracene,0.0023753,LB
36081,Queens,Fuel Comb - Residential - Oil,2104011000,Chromium (VI),0.14731638,LB
36081,Queens,Fuel Comb - Residential - Oil,2104011000,"Dibenzo(a,h)Anthracene",0.00327742,LB
36061,New York,Fuel Comb - Residential - Wood,2104008500,1-Methylnaphthalene,0.0,LB
36061,New York,Fuel Comb - Residential - Wood,2104008500,Nitrogen Oxides,0.0,TON
36061,New York,Fuel Comb - Residential - Wood,2104008500,Remaining PMFINE portion of PM2.5-PRI,0.0,TON
36061,New York,Fuel Comb - Residential - Wood,2104008500,Acrolein,0.0,LB
36061,New York,Fuel Comb - Residential - Wood,2104008500,"Benzo(g,h,i)Fluoranthene",0.0,LB
36005,Bronx,Fuel Comb - Residential - Other,2104002000,Hexane,0.0,LB
36081,Queens,Fuel Comb - Residential - Wood,2104008400,Anthracene,0.0,LB
36081,Queens,Fuel Comb - Residential - Wood,2104008400,Acenaphthene,0.0,LB
36081,Queens,Fuel Comb - Residential - Wood,2104008400,PM10 Primary (Filt + Cond),0.0,TON
36005,Bronx,Fuel Comb - Residential - Other,2104002000,Formaldehyde,0.0,LB
36005,Bronx,Fuel Comb - Residential - Other,2104002000,Cyanide,0.0,LB
36005,Bronx,Fuel Comb - Residential - Other,2104002000,Dimethyl Sulfate,0.0,LB
36081,Queens,Fuel Comb - Residential - Wood,2104008615,Arsenic,0.0,LB
36081,Queens,Fuel Comb - Residential - Wood,2104008615,Carbon Monoxide,0.0,TON
36081,Queens,Fuel Comb - Residential - Wood,2104008615,PM2.5 Primary (Filt + Cond),0.0,TON
36047,Kings,Fuel Comb - Residential - Wood,2104008100,2-Methylnaphthalene,0.00401432,LB
36047,Kings,Fuel Comb - Residential - Wood,2104008100,Nitrate portion of PM2.5-PRI,4.36463e-06,TON
36047,Kings,Fuel Comb - Residential - Wood,2104008100,m-Xylene,0.01605728,LB
36047,Kings,Fuel Comb - Residential - Wood,2104008100,Catechol,0.0834978,LB
36047,Kings,Fuel Comb - Residential - Wood,2104008100,2-Methylphenanthrene,0.000497776,LB
36047,Kings,Fuel Comb - Residential - Wood,2104008100,Manganese,2.645108e-05,LB
36047,Kings,Fuel Comb - Residential - Wood,2104008100,Nickel,2.138157e-06,LB
36047,Kings,Fuel Comb - Residential - Wood,2104008100,Arsenic,2.710921e-07,LB
36005,Bronx,Fuel Comb - Residential - Wood,2104008615,m-Xylene,0.0,LB
36005,Bronx,Fuel Comb - Residential - Wood,2104008615,"Benzo(g,h,i)Fluoranthene",0.0,LB
36005,Bronx,Fuel Comb - Residential - Wood,2104008615,Acenaphthylene,0.0,LB
36005,Bronx,Fuel Comb - Residential - Wood,2104008615,1-Methylphenanthrene,0.0,LB
36005,Bronx,Fuel Comb - Residential - Wood,2104008615,1-Methylnaphthalene,0.0,LB
36047,Kings,Fuel Comb - Residential - Wood,2104008630,Propionaldehyde,0.0,LB
36047,Kings,Fuel Comb - Residential - Wood,2104008630,Mercury,0.0,LB
36047,Kings,Fuel Comb - Residential - Wood,2104008630,Naphthalene,0.0,LB
36047,Kings,Fuel Comb - Residential - Wood,2104008630,Acetophenone,0.0,LB
36047,Kings,Fuel Comb - Residential - Wood,2104008614,Benzo[a]Pyrene,0.0,LB
36047,Kings,Fuel Comb - Residential - Wood,2104008614,Ammonia,0.0,TON
36061,New York,Fuel Comb - Residential - Wood,2104008031,Cresol/Cresylic Acid (Mixed Isomers),1.229348,LB
36061,New York,Fuel Comb - Residential - Wood,2104008031,"Indeno[1,2,3-c,d]Pyrene",0.000978968,LB
36061,New York,Fuel Comb - Residential - Wood,2104008031,PM2.5 Filterable,0.005867086,TON
36005,Bronx,Fuel Comb - Residential - Wood,2104008011,"Dibenzo(a,h)Anthracene",0.001618458,LB
36005,Bronx,Fuel Comb - Residential - Wood,2104008011,Acenaphthene,0.321506,LB
36047,Kings,Fuel Comb - Residential - Wood,2104008700,"Benzo(g,h,i)Fluoranthene",0.0,LB
36047,Kings,Fuel Comb - Residential - Wood,2104008700,Benzo[a]Pyrene,0.0,LB
36047,Kings,Fuel Comb - Residential - Wood,2104008700,Carbon Monoxide,0.0,TON
36047,Kings,Fuel Comb - Residential - Wood,2104008700,PM2.5 Filterable,0.0,TON
36081,Queens,Fuel Comb - Residential - Wood,2104009000,Benzo[b]Fluoranthene,0.208208,LB
36081,Queens,Fuel Comb - Residential - Wood,2104009000,Nitrogen Oxides,0.7142313,TON
36047,Kings,Fuel Comb - Residential - Wood,2104008530,"Benzo(g,h,i)Fluoranthene",0.0,LB
36047,Kings,Fuel Comb - Residential - Wood,2104008530,Sulfate Portion of PM2.5-PRI,0.0,TON
36085,Richmond,Fuel Comb - Residential - Other,2104001000,Arsenic,0.0,LB
36085,Richmond,Fuel Comb - Residential - Other,2104001000,Sulfur Dioxide,0.0,TON
36005,Bronx,Fuel Comb - Residential - Wood,2104008612,PM Condensible,0.0,TON
36047,Kings,Fuel Comb - Residential - Wood,2104008612,1-Methylnaphthalene,0.0,LB
36047,Kings,Fuel Comb - Residential - Wood,2104008612,o-Xylene,0.0,LB
36005,Bronx,Fuel Comb - Residential - Wood,2104008612,m-Xylene,0.0,LB
36081,Queens,Fuel Comb - Residential - Wood,2104008612,Fluorene,0.0,LB
36081,Queens,Fuel Comb - Residential - Wood,2104008612,Remaining PMFINE portion of PM2.5-PRI,0.0,TON
36085,Richmond,Fuel Comb - Residential - Wood,2104008500,m-Xylene,3.62672e-09,LB
36085,Richmond,Fuel Comb - Residential - Wood,2104008500,2-Methylphenanthrene,1.124284e-10,LB
36085,Richmond,Fuel Comb - Residential - Wood,2104008500,Benzo[a]Pyrene,1.941198e-10,LB
36085,Richmond,Fuel Comb - Residential - Wood,2104008500,2-Methylnaphthalene,9.0668e-10,LB
36085,Richmond,Fuel Comb - Residential - Wood,2104008500,PM2.5 Primary (Filt + Cond),9.801872e-10,TON
36005,Bronx,Fuel Comb - Residential - Wood,2104008500,PM2.5 Primary (Filt + Cond),0.0,TON
36061,New York,Fuel Comb - Residential - Wood,2104008615,Phenol,0.0,LB
36061,New York,Fuel Comb - Residential - Wood,2104008615,Cadmium,0.0,LB
36005,Bronx,Fuel Comb - Residential - Wood,2104008500,m-Xylene,0.0,LB
36005,Bronx,Fuel Comb - Residential - Wood,2104008500,Benzene,0.0,LB
36085,Richmond,Fuel Comb - Residential - Wood,2104008021,Pyrene,4.63776,LB
36085,Richmond,Fuel Comb - Residential - Wood,2104008021,Benzo(a)Fluoranthene,0.910282,LB
36085,Richmond,Fuel Comb - Residential - Wood,2104008021,Benz[a]Anthracene,1.640042,LB
36085,Richmond,Fuel Comb - Residential - Wood,2104008021,Nickel,0.01442313,LB
36085,Richmond,Fuel Comb - Residential - Wood,2104008021,PM2.5 Filterable,8.684599,TON
36081,Queens,Fuel Comb - Residential - Other,2104002000,Acrolein,0.0,LB
36081,Queens,Fuel Comb - Residential - Other,2104002000,Hydrogen Fluoride,0.0,LB
36081,Queens,Fuel Comb - Residential - Other,2104002000,Methyl Methacrylate,0.0,LB
36081,Queens,Fuel Comb - Residential - Other,2104002000,Ammonia,0.0,TON
36081,Queens,Fuel Comb - Residential - Other,2104002000,Volatile Organic Compounds,0.0,TON
36085,Richmond,Fuel Comb - Residential - Wood,2104008615,Fluorene,9.67126e-12,LB
36005,Bronx,Fuel Comb - Residential - Wood,2104008530,Nickel,0.0,LB
36005,Bronx,Fuel Comb - Residential - Wood,2104008530,1-Methylphenanthrene,0.0,LB
36005,Bronx,Fuel Comb - Residential - Wood,2104008530,Phenanthrene,0.0,LB
36005,Bronx,Fuel Comb - Residential - Wood,2104008530,Elemental Carbon portion of PM2.5-PRI,0.0,TON
36005,Bronx,Fuel Comb - Residential - Wood,2104008530,Nitrogen Oxides,0.0,TON
36085,Richmond,Fuel Comb - Residential - Wood,2104008700,2-Methylnaphthalene,8.64402e-09,LB
36085,Richmond,Fuel Comb - Residential - Natural Gas,2104006000,Ammonia,131.9509,TON
36085,Richmond,Fuel Comb - Residential - Natural Gas,2104006000,Sulfur Dioxide,3.958528,TON
36081,Queens,Fuel Comb - Residential - Wood,2104008500,PM10 Filterable,0.0,TON
36085,Richmond,Fuel Comb - Residential - Wood,2104008011,Organic Carbon portion of PM2.5-PRI,1.8633,TON
36081,Queens,Fuel Comb - Residential - Wood,2104008630,"1,3-Butadiene",0.0,LB
36081,Queens,Fuel Comb - Residential - Wood,2104008630,Hydroquinone,0.0,LB
36081,Queens,Fuel Comb - Residential - Wood,2104008630,Remaining PMFINE portion of PM2.5-PRI,0.0,TON
36061,New York,Fuel Comb - Residential - Oil,2104004000,Mercury,28.05592,LB
36061,New York,Fuel Comb - Residential - Oil,2104004000,Acenaphthene,1.404796,LB
36085,Richmond,Fuel Comb - Residential - Oil,2104011000,"Indeno[1,2,3-c,d]Pyrene",0.000332366,LB
36085,Richmond,Fuel Comb - Residential - Oil,2104011000,Mercury,0.06623934,LB
36085,Richmond,Fuel Comb - Residential - Oil,2104011000,Arsenic,0.08883864,LB
36085,Richmond,Fuel Comb - Residential - Oil,2104011000,Ammonia,0.07890274,TON
36081,Queens,Fuel Comb - Residential - Oil,2104004000,Selenium,105.2251,LB
36081,Queens,Fuel Comb - Residential - Wood,2104008011,Pyrene,1.799568,LB
36081,Queens,Fuel Comb - Residential - Wood,2104008011,Manganese,0.02748736,LB
36085,Richmond,Fuel Comb - Residential - Wood,2104009000,Fluoranthene,1.777082,LB
36081,Queens,Fuel Comb - Residential - Oil,2104004000,Acenaphthylene,0.012635,LB
36081,Queens,Fuel Comb - Residential - Oil,2104004000,Arsenic,28.06668,LB
36085,Richmond,Fuel Comb - Residential - Wood,2104008614,Anthracene,1.94243e-11,LB
36061,New York,Fuel Comb - Residential - Wood,2104008530,Acenaphthylene,0.0,LB
36061,New York,Fuel Comb - Residential - Wood,2104008530,Organic Carbon portion of PM2.5-PRI,0.0,TON
36085,Richmond,Fuel Comb - Residential - Wood,2104008630,Benzene,4.6975e-10,LB
36085,Richmond,Fuel Comb - Residential - Wood,2104008630,Nickel,1.8152e-13,LB
36085,Richmond,Fuel Comb - Residential - Wood,2104008630,Ammonia,6.9108e-13,TON
36081,Queens,Fuel Comb - Residential - Wood,2104008611,Benzene,0.0,LB
36081,Queens,Fuel Comb - Residential - Wood,2104008611,Elemental Carbon portion of PM2.5-PRI,0.0,TON
36085,Richmond,Fuel Comb - Residential - Wood,2104008031,Chrysene,0.1574382,LB
36085,Richmond,Fuel Comb - Residential - Wood,2104008031,Nitrate portion of PM2.5-PRI,0.00162926,TON
36047,Kings,Fuel Comb - Residential - Other,2104002000,Chlorobenzene,0.0,LB
36047,Kings,Fuel Comb - Residential - Other,2104002000,Hexane,0.0,LB
36047,Kings,Fuel Comb - Residential - Other,2104002000,Organic Carbon portion of PM2.5-PRI,0.0,TON
36081,Queens,Fuel Comb - Residential - Wood,2104008021,2-Methylnaphthalene,31.1478,LB
36081,Queens,Fuel Comb - Residential - Wood,2104008021,PM Condensible,0.3586119,TON
36085,Richmond,Fuel Comb - Residential - Wood,2104008011,Acenaphthylene,21.3782,LB
36085,Richmond,Fuel Comb - Residential - Wood,2104008011,Acenaphthene,2.3217,LB
36061,New York,Fuel Comb - Residential - Wood,2104008530,Anthracene,0.0,LB
36061,New York,Fuel Comb - Residential - Wood,2104008630,Acenaphthylene,0.0,LB
36061,New York,Fuel Comb - Residential - Wood,2104008630,Benzene,0.0,LB
36061,New York,Fuel Comb - Residential - Wood,2104008630,Nickel,0.0,LB
36085,Richmond,Fuel Comb - Residential - Wood,2104008630,PM2.5 Primary (Filt + Cond),3.96221e-12,TON
36085,Richmond,Fuel Comb - Residential - Wood,2104008630,Arsenic,9.214e-14,LB
36085,Richmond,Fuel Comb - Residential - Wood,2104008630,Cadmium,4.607e-14,LB
36047,Kings,Fuel Comb - Residential - Other,2104002000,Acrolein,0.0,LB
36047,Kings,Fuel Comb - Residential - Other,2104002000,Ethylene Dichloride,0.0,LB
36047,Kings,Fuel Comb - Residential - Other,2104002000,Cumene,0.0,LB
36005,Bronx,Fuel Comb - Residential - Wood,2104008630,Sulfur Dioxide,0.0,TON
36061,New York,Fuel Comb - Residential - Wood,2104008011,Cresol/Cresylic Acid (Mixed Isomers),3.87504,LB
36081,Queens,Fuel Comb - Residential - Wood,2104008021,Benzo(a)Fluoranthene,0.76216,LB
36081,Queens,Fuel Comb - Residential - Wood,2104008021,Formaldehyde,2419.16,LB
36047,Kings,Fuel Comb - Residential - Oil,2104011000,Acenaphthylene,0.00039515,LB
36047,Kings,Fuel Comb - Residential - Oil,2104011000,Phenanthrene,0.01654208,LB
36047,Kings,Fuel Comb - Residential - Oil,2104011000,Elemental Carbon portion of PM2.5-PRI,1.28917,TON
36047,Kings,Fuel Comb - Residential - Wood,2104009000,PM Condensible,0.0,TON
36061,New York,Fuel Comb - Residential - Other,2104001000,Toluene,0.0,LB
36061,New York,Fuel Comb - Residential - Other,2104001000,Anthracene,0.0,LB
36061,New York,Fuel Comb - Residential - Other,2104001000,"Indeno[1,2,3-c,d]Pyrene",0.0,LB
36061,New York,Fuel Comb - Residential - Other,2104001000,Antimony,0.0,LB
36061,New York,Fuel Comb - Residential - Other,2104001000,Arsenic,0.0,LB
36061,New York,Fuel Comb - Residential - Other,2104001000,Selenium,0.0,LB
36081,Queens,Fuel Comb - Residential - Wood,2104008700,Acenaphthene,0.0,LB
36081,Queens,Fuel Comb - Residential - Wood,2104008700,2-Methylnaphthalene,0.0,LB
36085,Richmond,Fuel Comb - Residential - Other,2104002000,Bromoform,0.0,LB
36085,Richmond,Fuel Comb - Residential - Other,2104002000,Hydrochloric Acid,0.0,LB
36085,Richmond,Fuel Comb - Residential - Other,2104002000,Naphthalene,0.0,LB
36061,New York,Fuel Comb - Residential - Wood,2104008614,m-Xylene,0.0,LB
36061,New York,Fuel Comb - Residential - Wood,2104008614,Phenol,0.0,LB
36061,New York,Fuel Comb - Residential - Wood,2104008614,Carbon Monoxide,0.0,TON
36061,New York,Fuel Comb - Residential - Wood,2104008614,Nitrate portion of PM2.5-PRI,0.0,TON
36061,New York,Fuel Comb - Residential - Wood,2104008614,Organic Carbon portion of PM2.5-PRI,0.0,TON
36081,Queens,Fuel Comb - Residential - Other,2104001000,Toluene,0.0,LB
36081,Queens,Fuel Comb - Residential - Other,2104001000,Bis(2-Ethylhexyl)Phthalate,0.0,LB
36081,Queens,Fuel Comb - Residential - Other,2104001000,Propionaldehyde,0.0,LB
36081,Queens,Fuel Comb - Residential - Other,2104001000,Organic Carbon portion of PM2.5-PRI,0.0,TON
36005,Bronx,Fuel Comb - Residential - Wood,2104008700,Hydroquinone,0.0,LB
36005,Bronx,Fuel Comb - Residential - Wood,2104008700,2-Methylphenanthrene,0.0,LB
36005,Bronx,Fuel Comb - Residential - Wood,2104008700,Benzene,0.0,LB
36005,Bronx,Fuel Comb - Residential - Wood,2104008700,Mercury,0.0,LB
36085,Richmond,Fuel Comb - Residential - Wood,2104008100,Phenanthrene,10.40462,LB
36085,Richmond,Fuel Comb - Residential - Wood,2104008100,2-Methylnaphthalene,9.94072,LB
36085,Richmond,Fuel Comb - Residential - Wood,2104008100,o-Xylene,11.99514,LB
36005,Bronx,Fuel Comb - Residential - Oil,2104011000,Mercury,1.1687114,LB
36005,Bronx,Fuel Comb - Residential - Oil,2104011000,Beryllium,1.1687114,LB
36005,Bronx,Fuel Comb - Residential - Oil,2104011000,Selenium,5.843556,LB
36005,Bronx,Fuel Comb - Residential - Oil,2104011000,Elemental Carbon portion of PM2.5-PRI,2.28774,TON
36005,Bronx,Fuel Comb - Residential - Oil,2104011000,PM10 Primary (Filt + Cond),3.313641,TON
36085,Richmond,Fuel Comb - Residential - Wood,2104008100,Ethyl Benzene,15.17618,LB
36085,Richmond,Fuel Comb - Residential - Wood,2104008100,Acrolein,41.751,LB
36085,Richmond,Fuel Comb - Residential - Wood,2104008100,Acenaphthylene,12.3265,LB
36005,Bronx,Fuel Comb - Residential - Wood,2104008021,"Benzo[g,h,i,]Perylene",0.0792492,LB
36005,Bronx,Fuel Comb - Residential - Wood,2104008021,Acetaldehyde,585.22,LB
36005,Bronx,Fuel Comb - Residential - Wood,2104008021,o-Xylene,6.21624,LB
36005,Bronx,Fuel Comb - Residential - Wood,2104008021,Acetophenone,1.339412,LB
36005,Bronx,Fuel Comb - Residential - Wood,2104008021,Nitrate portion of PM2.5-PRI,0.00239769,TON
36005,Bronx,Fuel Comb - Residential - Wood,2104008021,PM10 Filterable,1.202629,TON
36005,Bronx,Fuel Comb - Residential - Wood,2104008021,PM2.5 Primary (Filt + Cond),1.261941,TON
36005,Bronx,Fuel Comb - Residential - Oil,2104011000,Anthracene,0.00340302,LB
36005,Bronx,Fuel Comb - Residential - Oil,2104011000,Chromium (VI),0.2110556,LB
36005,Bronx,Fuel Comb - Residential - Other,2104001000,Styrene,0.0,LB
36005,Bronx,Fuel Comb - Residential - Other,2104001000,Bis(2-Ethylhexyl)Phthalate,0.0,LB
36005,Bronx,Fuel Comb - Residential - Other,2104001000,Fluoranthene,0.0,LB
36005,Bronx,Fuel Comb - Residential - Other,2104001000,Acenaphthene,0.0,LB
36085,Richmond,Fuel Comb - Residential - Wood,2104008530,Anthracene,5.27396e-12,LB
36085,Richmond,Fuel Comb - Residential - Wood,2104008530,Nickel,2.269e-13,LB
36005,Bronx,Fuel Comb - Residential - Natural Gas,2104006000,Elemental Carbon portion of PM2.5-PRI,0.355257,TON
36081,Queens,Fuel Comb - Residential - Wood,2104008100,Fluorene,0.1625584,LB
36081,Queens,Fuel Comb - Residential - Wood,2104008100,Acetophenone,0.1427878,LB
36047,Kings,Fuel Comb - Residential - Wood,2104008021,Fluoranthene,1.02025,LB
36081,Queens,Fuel Comb - Residential - Wood,2104008530,Manganese,0.0,LB
36081,Queens,Fuel Comb - Residential - Wood,2104008530,Carbon Monoxide,0.0,TON
36085,Richmond,Fuel Comb - Residential - Wood,2104008530,"1,3-Butadiene",1.793758e-10,LB
36047,Kings,Fuel Comb - Residential - Wood,2104008611,2-Methylphenanthrene,0.0,LB
36047,Kings,Fuel Comb - Residential - Wood,2104008611,Acetaldehyde,0.0,LB
36047,Kings,Fuel Comb - Residential - Wood,2104008611,1-Methylnaphthalene,0.0,LB
36047,Kings,Fuel Comb - Residential - Wood,2104008611,Sulfate Portion of PM2.5-PRI,0.0,TON
36047,Kings,Fuel Comb - Residential - Wood,2104008500,Acetophenone,0.0,LB
36047,Kings,Fuel Comb - Residential - Wood,2104008500,PM Condensible,0.0,TON
36005,Bronx,Fuel Comb - Residential - Wood,2104008031,Benzo(a)Fluoranthene,0.01484508,LB
36005,Bronx,Fuel Comb - Residential - Wood,2104008031,Benzo[b]Fluoranthene,0.027392,LB
36005,Bronx,Fuel Comb - Residential - Wood,2104008031,Formaldehyde,58.8252,LB
36005,Bronx,Fuel Comb - Residential - Wood,2104008031,Mercury,0.0001405279,LB
36005,Bronx,Fuel Comb - Residential - Wood,2104008031,Acenaphthene,0.1019972,LB
36061,New York,Fuel Comb - Residential - Other,2104002000,Styrene,0.0,LB
36061,New York,Fuel Comb - Residential - Other,2104002000,Chlorobenzene,0.0,LB
36061,New York,Fuel Comb - Residential - Other,2104002000,"Benzo[g,h,i,]Perylene",0.0,LB
36061,New York,Fuel Comb - Residential - Other,2104002000,Ethyl Chloride,0.0,LB
36061,New York,Fuel Comb - Residential - Other,2104002000,Acenaphthene,0.0,LB
36061,New York,Fuel Comb - Residential - Other,2104002000,Ammonia,0.0,TON
36061,New York,Fuel Comb - Residential - Other,2104002000,Organic Carbon portion of PM2.5-PRI,0.0,TON
36005,Bronx,Fuel Comb - Residential - Wood,2104008400,Acenaphthylene,0.0,LB
36005,Bronx,Fuel Comb - Residential - Wood,2104008400,Nickel,0.0,LB
36005,Bronx,Fuel Comb - Residential - Wood,2104008400,Acetaldehyde,0.0,LB
36005,Bronx,Fuel Comb - Residential - Wood,2104008400,Toluene,0.0,LB
36005,Bronx,Fuel Comb - Residential - Wood,2104008400,Phenol,0.0,LB
36005,Bronx,Fuel Comb - Residential - Wood,2104008400,Anthracene,0.0,LB
36047,Kings,Fuel Comb - Residential - Wood,2104008615,Fluoranthene,0.0,LB
36047,Kings,Fuel Comb - Residential - Wood,2104008615,Formaldehyde,0.0,LB
36047,Kings,Fuel Comb - Residential - Wood,2104008615,Lead,0.0,LB
36047,Kings,Fuel Comb - Residential - Wood,2104008615,Phenanthrene,0.0,LB
36047,Kings,Fuel Comb - Residential - Wood,2104008615,Acetophenone,0.0,LB
36047,Kings,Fuel Comb - Residential - Wood,2104008615,Sulfur Dioxide,0.0,TON
36047,Kings,Fuel Comb - Residential - Wood,2104008615,Volatile Organic Compounds,0.0,TON
36047,Kings,Fuel Comb - Residential - Wood,2104008011,Propionaldehyde,39.5308,LB
36047,Kings,Fuel Comb - Residential - Wood,2104008011,Benz[a]Anthracene,0.0232032,LB
36047,Kings,Fuel Comb - Residential - Wood,2104008011,Manganese,0.00442795,LB
36047,Kings,Fuel Comb - Residential - Wood,2104008011,Mercury,0.000130356,LB
36047,Kings,Fuel Comb - Residential - Wood,2104008011,o-Xylene,2.80592,LB
36047,Kings,Fuel Comb - Residential - Wood,2104008011,PM Condensible,0.02236256,TON
36061,New York,Fuel Comb - Residential - Other,2104007000,Phenanthrene,0.01740958,LB
36061,New York,Fuel Comb - Residential - Other,2104007000,PM2.5 Primary (Filt + Cond),0.2093558,TON
36005,Bronx,Fuel Comb - Residential - Oil,2104004000,Mercury,30.15054,LB
36061,New York,Fuel Comb - Residential - Wood,2104008612,Benzene,0.0,LB
36061,New York,Fuel Comb - Residential - Wood,2104008612,Manganese,0.0,LB
36061,New York,Fuel Comb - Residential - Wood,2104008612,1-Methylphenanthrene,0.0,LB
36085,Richmond,Fuel Comb - Residential - Wood,2104008612,Lead,1.14218e-12,LB
36085,Richmond,Fuel Comb - Residential - Wood,2104008612,PM2.5 Primary (Filt + Cond),7.94746e-12,TON
36085,Richmond,Fuel Comb - Residential - Wood,2104008400,Arsenic,0.0,LB
36085,Richmond,Fuel Comb - Residential - Wood,2104008400,Acenaphthene,0.0,LB
36085,Richmond,Fuel Comb - Residential - Wood,2104008400,Ammonia,0.0,TON
36085,Richmond,Fuel Comb - Residential - Wood,2104008400,"Benzo(g,h,i)Fluoranthene",0.0,LB
36005,Bronx,Fuel Comb - Residential - Wood,2104008614,Acrolein,0.0,LB
36005,Bronx,Fuel Comb - Residential - Wood,2104008614,Formaldehyde,0.0,LB
36005,Bronx,Fuel Comb - Residential - Wood,2104008614,Fluorene,0.0,LB
36005,Bronx,Fuel Comb - Residential - Wood,2104008614,Acetophenone,0.0,LB
36005,Bronx,Fuel Comb - Residential - Wood,2104008614,Carbon Monoxide,0.0,TON
36005,Bronx,Fuel Comb - Residential - Wood,2104008614,Ammonia,0.0,TON
36005,Bronx,Fuel Comb - Residential - Wood,2104008614,PM Condensible,0.0,TON
36005,Bronx,Fuel Comb - Residential - Wood,2104008614,PM2.5 Primary (Filt + Cond),0.0,TON
36081,Queens,Fuel Comb - Residential - Natural Gas,2104006000,Formaldehyde,4192.8,LB
36061,New York,Fuel Comb - Residential - Wood,2104008700,o-Xylene,0.0,LB
36061,New York,Fuel Comb - Residential - Wood,2104008700,Ammonia,0.0,TON
36061,New York,Fuel Comb - Residential - Wood,2104008700,PM10 Filterable,0.0,TON
36061,New York,Fuel Comb - Residential - Wood,2104008700,Remaining PMFINE portion of PM2.5-PRI,0.0,TON
36061,New York,Fuel Comb - Residential - Wood,2104008700,Acrolein,0.0,LB
36047,Kings,Fuel Comb - Residential - Other,2104001000,Methylene Chloride,0.0,LB
36047,Kings,Fuel Comb - Residential - Other,2104001000,Fluorene,0.0,LB
36047,Kings,Fuel Comb - Residential - Other,2104001000,Volatile Organic Compounds,0.0,TON
36047,Kings,Fuel Comb - Residential - Other,2104001000,Anthracene,0.0,LB
36047,Kings,Fuel Comb - Residential - Other,2104001000,Benz[a]Anthracene,0.0,LB
36047,Kings,Fuel Comb - Residential - Other,2104001000,Beryllium,0.0,LB
36081,Queens,Fuel Comb - Residential - Wood,2104008031,"Benzo(g,h,i)Fluoranthene",0.0250344,LB
36081,Queens,Fuel Comb - Residential - Wood,2104008031,Acenaphthylene,5.67856,LB
36081,Queens,Fuel Comb - Residential - Wood,2104008031,1-Methylphenanthrene,0.677764,LB
36081,Queens,Fuel Comb - Residential - Other,2104007000,Nitrate portion of PM2.5-PRI,0.0118283,TON
36081,Queens,Fuel Comb - Residential - Wood,2104008031,"1,3-Butadiene",35.72,LB
36047,Kings,Fuel Comb - Residential - Oil,2104004000,"Dibenzo(a,h)Anthracene",0.067332,LB
36047,Kings,Fuel Comb - Residential - Oil,2104004000,Arsenic,22.659,LB
36047,Kings,Fuel Comb - Residential - Oil,2104004000,Cadmium,16.990222,LB
36047,Kings,Fuel Comb - Residential - Oil,2104004000,Anthracene,0.0491886,LB
36005,Bronx,Fuel Comb - Residential - Wood,2104008100,Toluene,0.04888,LB
36005,Bronx,Fuel Comb - Residential - Wood,2104008100,Manganese,3.05771e-05,LB
36005,Bronx,Fuel Comb - Residential - Wood,2104008100,Volatile Organic Compounds,0.002126652,TON
36061,New York,Fuel Comb - Residential - Oil,2104011000,Pyrene,0.01093916,LB
36061,New York,Fuel Comb - Residential - Oil,2104011000,Acenaphthene,0.0545678,LB
36047,Kings,Fuel Comb - Residential - Natural Gas,2104006000,Elemental Carbon portion of PM2.5-PRI,0.972249,TON
36047,Kings,Fuel Comb - Residential - Wood,2104008031,Benzo[e]Pyrene,0.0265586,LB
36047,Kings,Fuel Comb - Residential - Wood,2104008031,2-Methylphenanthrene,0.091476,LB
36047,Kings,Fuel Comb - Residential - Wood,2104008031,1-Methylnaphthalene,0.521316,LB
36047,Kings,Fuel Comb - Residential - Wood,2104008400,Carbon Monoxide,0.0,TON
36047,Kings,Fuel Comb - Residential - Wood,2104008400,Sulfur Dioxide,0.0,TON
36061,New York,Fuel Comb - Residential - Wood,2104008021,Catechol,5.55538,LB
36061,New York,Fuel Comb - Residential - Wood,2104008021,Nitrate portion of PM2.5-PRI,0.000124309,TON
36061,New York,Fuel Comb - Residential - Wood,2104008021,PM2.5 Primary (Filt + Cond),0.06542582,TON
36085,Richmond,Fuel Comb - Residential - Wood,2104008611,Hydroquinone,8.93518e-09,LB
36085,Richmond,Fuel Comb - Residential - Wood,2104008611,2-Methylnaphthalene,7.7923e-09,LB
36085,Richmond,Fuel Comb - Residential - Wood,2104008611,Carbon Monoxide,1.907391e-08,TON
36085,Richmond,Fuel Comb - Residential - Wood,2104008611,Elemental Carbon portion of PM2.5-PRI,1.89213e-10,TON
36085,Richmond,Fuel Comb - Residential - Wood,2104008611,Organic Carbon portion of PM2.5-PRI,1.79108e-09,TON
36085,Richmond,Fuel Comb - Residential - Wood,2104008611,PM2.5 Primary (Filt + Cond),3.390917e-09,TON
36005,Bronx,Fuel Comb - Residential - Wood,2104008611,Phenanthrene,0.0,LB
36005,Bronx,Fuel Comb - Residential - Wood,2104008611,2-Methylnaphthalene,0.0,LB
36005,Bronx,Fuel Comb - Residential - Wood,2104008611,Ammonia,0.0,TON
36005,Bronx,Fuel Comb - Residential - Wood,2104008611,PM2.5 Filterable,0.0,TON
36061,New York,Fuel Comb - Residential - Wood,2104008611,Nickel,0.0,LB
36061,New York,Fuel Comb - Residential - Wood,2104008611,Fluorene,0.0,LB
36061,New York,Fuel Comb - Residential - Wood,2104008611,Naphthalene,0.0,LB
36061,New York,Fuel Comb - Residential - Wood,2104008611,PM Condensible,0.0,TON
36061,New York,Fuel Comb - Residential - Wood,2104008400,m-Xylene,0.0,LB
36061,New York,Fuel Comb - Residential - Wood,2104008400,Anthracene,0.0,LB
36061,New York,Fuel Comb - Residential - Wood,2104008400,Hydroquinone,0.0,LB
36061,New York,Fuel Comb - Residential - Wood,2104008400,Fluoranthene,0.0,LB
36061,New York,Fuel Comb - Residential - Wood,2104008400,Formaldehyde,0.0,LB
36061,New York,Fuel Comb - Residential - Wood,2104008400,1-Methylphenanthrene,0.0,LB
36005,Bronx,Fuel Comb - Residential - Other,2104007000,Phenanthrene,0.01597054,LB
36005,Bronx,Fuel Comb - Residential - Other,2104007000,Ammonia,0.2190054,TON
36085,Richmond,Fuel Comb - Residential - Oil,2104004000,Lead,5.125736,LB
36085,Richmond,Fuel Comb - Residential - Oil,2104004000,Arsenic,2.279006,LB
36085,Richmond,Fuel Comb - Residential - Oil,2104004000,PM10 Primary (Filt + Cond),4.825654,TON
36061,New York,Fuel Comb - Residential - Natural Gas,2104006000,Fluoranthene,0.1032472,LB
36081,Queens,Fuel Comb - Residential - Oil,2104011000,"Indeno[1,2,3-c,d]Pyrene",0.00409318,LB
36081,Queens,Fuel Comb - Residential - Oil,2104011000,Cadmium,0.8157584,LB
36081,Queens,Fuel Comb - Residential - Oil,2104011000,Acenaphthene,0.0409318,LB
36081,Queens,Fuel Comb - Residential - Oil,2104011000,Sulfur Dioxide,0.1642674,TON
36061,New York,Fuel Comb - Residential - Wood,2104008500,Nitrate portion of PM2.5-PRI,0.0,TON
36061,New York,Fuel Comb - Residential - Wood,2104008500,"1,3-Butadiene",0.0,LB
36061,New York,Fuel Comb - Residential - Wood,2104008500,Acenaphthylene,0.0,LB
36005,Bronx,Fuel Comb - Residential - Other,2104002000,Ethylene Dibromide,0.0,LB
36005,Bronx,Fuel Comb - Residential - Other,2104002000,Tetrachloroethylene,0.0,LB
36081,Queens,Fuel Comb - Residential - Wood,2104008400,Acrolein,0.0,LB
36081,Queens,Fuel Comb - Residential - Wood,2104008400,Nickel,0.0,LB
36081,Queens,Fuel Comb - Residential - Wood,2104008400,PM2.5 Primary (Filt + Cond),0.0,TON
36005,Bronx,Fuel Comb - Residential - Other,2104002000,Benz[a]Anthracene,0.0,LB
36005,Bronx,Fuel Comb - Residential - Other,2104002000,Biphenyl,0.0,LB
36081,Queens,Fuel Comb - Residential - Wood,2104008615,m-Xylene,0.0,LB
36081,Queens,Fuel Comb - Residential - Wood,2104008615,Lead,0.0,LB
36005,Bronx,Fuel Comb - Residential - Wood,2104008615,Lead,0.0,LB
36047,Kings,Fuel Comb - Residential - Wood,2104008630,Formaldehyde,0.0,LB
36047,Kings,Fuel Comb - Residential - Wood,2104008630,Ammonia,0.0,TON
36047,Kings,Fuel Comb - Residential - Wood,2104008630,PM10 Filterable,0.0,TON
36047,Kings,Fuel Comb - Residential - Wood,2104008630,Sulfate Portion of PM2.5-PRI,0.0,TON
36047,Kings,Fuel Comb - Residential - Wood,2104008614,Arsenic,0.0,LB
36047,Kings,Fuel Comb - Residential - Wood,2104008614,1-Methylphenanthrene,0.0,LB
36047,Kings,Fuel Comb - Residential - Wood,2104008614,Naphthalene,0.0,LB
36061,New York,Fuel Comb - Residential - Wood,2104008031,Hydroquinone,0.0450272,LB
36061,New York,Fuel Comb - Residential - Wood,2104008031,Organic Carbon portion of PM2.5-PRI,0.00325183,TON
36061,New York,Fuel Comb - Residential - Wood,2104008031,Sulfate Portion of PM2.5-PRI,2.52414e-05,TON
36005,Bronx,Fuel Comb - Residential - Wood,2104008011,Pyrene,0.297632,LB
36005,Bronx,Fuel Comb - Residential - Wood,2104008011,1-Methylnaphthalene,1.687114,LB
36047,Kings,Fuel Comb - Residential - Wood,2104008700,Naphthalene,0.0,LB
36047,Kings,Fuel Comb - Residential - Wood,2104008700,o-Xylene,0.0,LB
36047,Kings,Fuel Comb - Residential - Wood,2104008700,Elemental Carbon portion of PM2.5-PRI,0.0,TON
36081,Queens,Fuel Comb - Residential - Wood,2104009000,PM10 Filterable,2.725307,TON
36047,Kings,Fuel Comb - Residential - Wood,2104008530,Acenaphthene,0.0,LB
36047,Kings,Fuel Comb - Residential - Wood,2104008530,Nitrogen Oxides,0.0,TON
36085,Richmond,Fuel Comb - Residential - Other,2104001000,Styrene,0.0,LB
36085,Richmond,Fuel Comb - Residential - Other,2104001000,Toluene,0.0,LB
36085,Richmond,Fuel Comb - Residential - Other,2104001000,Anthracene,0.0,LB
36085,Richmond,Fuel Comb - Residential - Other,2104001000,"Benzo[g,h,i,]Perylene",0.0,LB
36085,Richmond,Fuel Comb - Residential - Other,2104001000,Chrysene,0.0,LB
36085,Richmond,Fuel Comb - Residential - Other,2104001000,Benzene,0.0,LB
36085,Richmond,Fuel Comb - Residential - Other,2104001000,Volatile Organic Compounds,0.0,TON
36005,Bronx,Fuel Comb - Residential - Wood,2104008612,PM10 Filterable,0.0,TON
36047,Kings,Fuel Comb - Residential - Wood,2104008612,Acrolein,0.0,LB
36047,Kings,Fuel Comb - Residential - Wood,2104008612,Anthracene,0.0,LB
36081,Queens,Fuel Comb - Residential - Wood,2104008612,Toluene,0.0,LB
36081,Queens,Fuel Comb - Residential - Wood,2104008612,Cresol/Cresylic Acid (Mixed Isomers),0.0,LB
36081,Queens,Fuel Comb - Residential - Wood,2104008612,1-Methylphenanthrene,0.0,LB
36085,Richmond,Fuel Comb - Residential - Wood,2104008500,Toluene,9.55038e-09,LB
36085,Richmond,Fuel Comb - Residential - Wood,2104008500,Acetophenone,2.35738e-10,LB
36085,Richmond,Fuel Comb - Residential - Wood,2104008500,PM Condensible,4.606879e-11,TON
36005,Bronx,Fuel Comb - Residential - Wood,2104008500,Acetophenone,0.0,LB
36005,Bronx,Fuel Comb - Residential - Wood,2104008500,Carbon Monoxide,0.0,TON
36061,New York,Fuel Comb - Residential - Wood,2104008615,Acrolein,0.0,LB
36061,New York,Fuel Comb - Residential - Wood,2104008615,Propionaldehyde,0.0,LB
36061,New York,Fuel Comb - Residential - Wood,2104008615,Acenaphthene,0.0,LB
36061,New York,Fuel Comb - Residential - Wood,2104008615,o-Xylene,0.0,LB
36005,Bronx,Fuel Comb - Residential - Wood,2104008500,"1,3-Butadiene",0.0,LB
36005,Bronx,Fuel Comb - Residential - Wood,2104008500,Toluene,0.0,LB
36005,Bronx,Fuel Comb - Residential - Wood,2104008500,Cresol/Cresylic Acid (Mixed Isomers),0.0,LB
36005,Bronx,Fuel Comb - Residential - Wood,2104008500,2-Methylphenanthrene,0.0,LB
36085,Richmond,Fuel Comb - Residential - Wood,2104008021,Methylchrysene,0.1659246,LB
36085,Richmond,Fuel Comb - Residential - Wood,2104008021,1-Methylphenanthrene,5.5058,LB
36085,Richmond,Fuel Comb - Residential - Wood,2104008021,Sulfur Dioxide,0.20296,TON
36085,Richmond,Fuel Comb - Residential - Wood,2104008021,Volatile Organic Compounds,17.04864,TON
36081,Queens,Fuel Comb - Residential - Other,2104002000,Phenol,0.0,LB
36081,Queens,Fuel Comb - Residential - Other,2104002000,5-Methylchrysene,0.0,LB
36081,Queens,Fuel Comb - Residential - Other,2104002000,Benzo[a]Pyrene,0.0,LB
36081,Queens,Fuel Comb - Residential - Other,2104002000,Methylene Chloride,0.0,LB
36081,Queens,Fuel Comb - Residential - Other,2104002000,Acetophenone,0.0,LB
36081,Queens,Fuel Comb - Residential - Other,2104002000,PM10 Primary (Filt + Cond),0.0,TON
36061,New York,Fuel Comb - Residential - Wood,2104008100,Propionaldehyde,1.24331e-07,LB
36061,New York,Fuel Comb - Residential - Wood,2104008100,Formaldehyde,5.68022e-07,LB
36061,New York,Fuel Comb - Residential - Wood,2104008100,Phenanthrene,7.65488e-09,LB
36061,New York,Fuel Comb - Residential - Wood,2104008100,PM2.5 Filterable,3.988457e-09,TON
36085,Richmond,Fuel Comb - Residential - Wood,2104008615,"Benzo(g,h,i)Fluoranthene",1.7861e-13,LB
36085,Richmond,Fuel Comb - Residential - Wood,2104008615,Naphthalene,4.94454e-10,LB
36085,Richmond,Fuel Comb - Residential - Wood,2104008615,PM10 Filterable,3.78696e-12,TON
36085,Richmond,Fuel Comb - Residential - Wood,2104008615,PM2.5 Primary (Filt + Cond),3.97373e-12,TON
36085,Richmond,Fuel Comb - Residential - Wood,2104008615,Volatile Organic Compounds,1.497348e-11,TON
36085,Richmond,Fuel Comb - Residential - Wood,2104008615,Acrolein,1.372274e-10,LB
36005,Bronx,Fuel Comb - Residential - Wood,2104008530,Catechol,0.0,LB
36005,Bronx,Fuel Comb - Residential - Wood,2104008530,Mercury,0.0,LB
36005,Bronx,Fuel Comb - Residential - Wood,2104008530,PM2.5 Primary (Filt + Cond),0.0,TON
36085,Richmond,Fuel Comb - Residential - Wood,2104008700,2-Methylphenanthrene,1.071858e-09,LB
36085,Richmond,Fuel Comb - Residential - Wood,2104008700,Formaldehyde,6.71352e-07,LB
36085,Richmond,Fuel Comb - Residential - Wood,2104008700,Mercury,1.67677e-12,LB
36085,Richmond,Fuel Comb - Residential - Natural Gas,2104006000,Sulfate Portion of PM2.5-PRI,0.357455,TON
36085,Richmond,Fuel Comb - Residential - Wood,2104008011,PM Condensible,0.165799,TON
36081,Queens,Fuel Comb - Residential - Wood,2104008630,Acrolein,0.0,LB
36081,Queens,Fuel Comb - Residential - Wood,2104008630,Manganese,0.0,LB
36081,Queens,Fuel Comb - Residential - Wood,2104008630,Acenaphthene,0.0,LB
36085,Richmond,Fuel Comb - Residential - Other,2104007000,Pyrene,0.001409352,LB
36085,Richmond,Fuel Comb - Residential - Other,2104007000,PM Condensible,0.04282001,TON
36085,Richmond,Fuel Comb - Residential - Other,2104007000,PM10 Primary (Filt + Cond),0.06979325,TON
36085,Richmond,Fuel Comb - Residential - Other,2104007000,Volatile Organic Compounds,0.7387295,TON
36085,Richmond,Fuel Comb - Residential - Oil,2104011000,Chromium (VI),0.011962046,LB
36085,Richmond,Fuel Comb - Residential - Oil,2104011000,PM Condensible,0.102671,TON
36085,Richmond,Fuel Comb - Residential - Oil,2104011000,Sulfur Dioxide,0.01333846,TON
36081,Queens,Fuel Comb - Residential - Wood,2104008011,Remaining PMFINE portion of PM2.5-PRI,1.21107,TON
36081,Queens,Fuel Comb - Residential - Oil,2104004000,Anthracene,0.0609276,LB
36081,Queens,Fuel Comb - Residential - Oil,2104004000,Chromium III,17.279488,LB
36085,Richmond,Fuel Comb - Residential - Wood,2104008614,Benzene,2.16264e-09,LB
36085,Richmond,Fuel Comb - Residential - Wood,2104008614,Arsenic,1.6e-15,LB
36085,Richmond,Fuel Comb - Residential - Wood,2104008614,Elemental Carbon portion of PM2.5-PRI,2.05667e-12,TON
36085,Richmond,Fuel Comb - Residential - Wood,2104008630,Fluoranthene,3.74082e-12,LB
36081,Queens,Fuel Comb - Residential - Wood,2104008611,m-Xylene,0.0,LB
36081,Queens,Fuel Comb - Residential - Wood,2104008611,Cresol/Cresylic Acid (Mixed Isomers),0.0,LB
36085,Richmond,Fuel Comb - Residential - Wood,2104008031,Benzo(a)Fluoranthene,0.1072014,LB
36047,Kings,Fuel Comb - Residential - Other,2104002000,Benzyl Chloride,0.0,LB
36061,New York,Fuel Comb - Residential - Wood,2104008011,PM10 Primary (Filt + Cond),0.02532657,TON
36061,New York,Fuel Comb - Residential - Wood,2104008011,1-Methylphenanthrene,0.018319,LB
36061,New York,Fuel Comb - Residential - Wood,2104008011,Fluorene,0.036638,LB
36061,New York,Fuel Comb - Residential - Wood,2104008011,o-Xylene,0.1493576,LB
36081,Queens,Fuel Comb - Residential - Wood,2104008021,"Indeno[1,2,3-c,d]Pyrene",0.971188,LB
36081,Queens,Fuel Comb - Residential - Wood,2104008021,1-Methylphenanthrene,4.60988,LB
36085,Richmond,Fuel Comb - Residential - Wood,2104008011,Toluene,181.599,LB
36081,Queens,Fuel Comb - Residential - Wood,2104008500,Phenol,0.0,LB
36085,Richmond,Fuel Comb - Residential - Wood,2104008011,Propionaldehyde,293.086,LB
36061,New York,Fuel Comb - Residential - Wood,2104008530,Arsenic,0.0,LB
36061,New York,Fuel Comb - Residential - Wood,2104008530,Acetaldehyde,0.0,LB
36061,New York,Fuel Comb - Residential - Wood,2104008630,Fluorene,0.0,LB
36085,Richmond,Fuel Comb - Residential - Wood,2104008630,PM10 Filterable,3.77598e-12,TON
36085,Richmond,Fuel Comb - Residential - Wood,2104008630,Nitrate portion of PM2.5-PRI,7.52e-15,TON
36081,Queens,Fuel Comb - Residential - Wood,2104008611,Organic Carbon portion of PM2.5-PRI,0.0,TON
36085,Richmond,Fuel Comb - Residential - Wood,2104008031,Benzo[b]Fluoranthene,0.1978068,LB
36085,Richmond,Fuel Comb - Residential - Wood,2104008031,1-Methylnaphthalene,3.8651,LB
36047,Kings,Fuel Comb - Residential - Other,2104002000,Chrysene,0.0,LB
36005,Bronx,Fuel Comb - Residential - Wood,2104008630,Chrysene,0.0,LB
36005,Bronx,Fuel Comb - Residential - Wood,2104008630,Formaldehyde,0.0,LB
36005,Bronx,Fuel Comb - Residential - Wood,2104008630,Acenaphthene,0.0,LB
36005,Bronx,Fuel Comb - Residential - Wood,2104008630,Nitrogen Oxides,0.0,TON
36005,Bronx,Fuel Comb - Residential - Wood,2104008630,PM Condensible,0.0,TON
36061,New York,Fuel Comb - Residential - Wood,2104008011,Benzo(a)Fluoranthene,0.000687116,LB
36081,Queens,Fuel Comb - Residential - Wood,2104008021,"Benzo[g,h,i,]Perylene",0.479162,LB
36081,Queens,Fuel Comb - Residential - Wood,2104008021,Fluorene,9.21976,LB
36081,Queens,Fuel Comb - Residential - Wood,2104008021,Sulfate Portion of PM2.5-PRI,0.0312832,TON
36047,Kings,Fuel Comb - Residential - Oil,2104011000,Nickel,0.6585842,LB
36047,Kings,Fuel Comb - Residential - Wood,2104009000,PM10 Primary (Filt + Cond),3.322096,TON
36085,Richmond,Fuel Comb - Residential - Wood,2104008011,m-Xylene,68.9616,LB
36081,Queens,Fuel Comb - Residential - Wood,2104008500,Fluoranthene,0.0,LB
36085,Richmond,Fuel Comb - Residential - Wood,2104008011,Naphthalene,260.904,LB
36061,New York,Fuel Comb - Residential - Other,2104001000,Cadmium,0.0,LB
36061,New York,Fuel Comb - Residential - Other,2104001000,Hydrochloric Acid,0.0,LB
36085,Richmond,Fuel Comb - Residential - Other,2104002000,Toluene,0.0,LB
36085,Richmond,Fuel Comb - Residential - Other,2104002000,Dimethyl Sulfate,0.0,LB
36085,Richmond,Fuel Comb - Residential - Other,2104002000,Elemental Carbon portion of PM2.5-PRI,0.0,TON
36085,Richmond,Fuel Comb - Residential - Other,2104002000,PM2.5 Primary (Filt + Cond),0.0,TON
36085,Richmond,Fuel Comb - Residential - Other,2104002000,Sulfate Portion of PM2.5-PRI,0.0,TON
36061,New York,Fuel Comb - Residential - Wood,2104008614,1-Methylphenanthrene,0.0,LB
36061,New York,Fuel Comb - Residential - Wood,2104008614,PM10 Primary (Filt + Cond),0.0,TON
36081,Queens,Fuel Comb - Residential - Other,2104001000,Beryllium,0.0,LB
36081,Queens,Fuel Comb - Residential - Other,2104001000,Carbon Disulfide,0.0,LB
36081,Queens,Fuel Comb - Residential - Other,2104001000,Carbon Monoxide,0.0,TON
36005,Bronx,Fuel Comb - Residential - Wood,2104008700,1-Methylphenanthrene,0.0,LB
36005,Bronx,Fuel Comb - Residential - Oil,2104011000,"Dibenzo(a,h)Anthracene",0.00469546,LB
36005,Bronx,Fuel Comb - Residential - Oil,2104011000,Benz[a]Anthracene,0.01134338,LB
36005,Bronx,Fuel Comb - Residential - Oil,2104011000,Fluorene,0.01251208,LB
36005,Bronx,Fuel Comb - Residential - Wood,2104008021,Ethyl Benzene,7.86474,LB
36005,Bronx,Fuel Comb - Residential - Wood,2104008021,Perylene,0.0611654,LB
36005,Bronx,Fuel Comb - Residential - Wood,2104008021,2-Methylphenanthrene,0.638796,LB
36005,Bronx,Fuel Comb - Residential - Wood,2104008021,Benz[a]Anthracene,0.22711,LB
36005,Bronx,Fuel Comb - Residential - Other,2104001000,Acetophenone,0.0,LB
36005,Bronx,Fuel Comb - Residential - Other,2104001000,Elemental Carbon portion of PM2.5-PRI,0.0,TON
36005,Bronx,Fuel Comb - Residential - Other,2104001000,Ammonia,0.0,TON
36005,Bronx,Fuel Comb - Residential - Other,2104001000,Volatile Organic Compounds,0.0,TON
36085,Richmond,Fuel Comb - Residential - Wood,2104008530,Toluene,2.42234e-10,LB
36085,Richmond,Fuel Comb - Residential - Wood,2104008530,Hydroquinone,2.63698e-11,LB
36085,Richmond,Fuel Comb - Residential - Wood,2104008530,Manganese,3.68578e-12,LB
36085,Richmond,Fuel Comb - Residential - Wood,2104008530,Cadmium,5.759e-14,LB
36085,Richmond,Fuel Comb - Residential - Wood,2104008530,Organic Carbon portion of PM2.5-PRI,2.61605e-12,TON
36081,Queens,Fuel Comb - Residential - Wood,2104008100,"1,3-Butadiene",4.28364,LB
36081,Queens,Fuel Comb - Residential - Wood,2104008100,Toluene,5.78474,LB
36081,Queens,Fuel Comb - Residential - Wood,2104008100,Cresol/Cresylic Acid (Mixed Isomers),17.19312,LB
36081,Queens,Fuel Comb - Residential - Wood,2104008100,Nickel,0.000292513,LB
36081,Queens,Fuel Comb - Residential - Wood,2104008100,Acetaldehyde,62.3872,LB
36081,Queens,Fuel Comb - Residential - Wood,2104008100,PM2.5 Primary (Filt + Cond),0.3142673,TON
36047,Kings,Fuel Comb - Residential - Wood,2104008021,Ethyl Benzene,7.66024,LB
36047,Kings,Fuel Comb - Residential - Wood,2104008021,Benzo[a]Pyrene,0.375582,LB
36047,Kings,Fuel Comb - Residential - Wood,2104008021,PM Condensible,0.05776894,TON
36081,Queens,Fuel Comb - Residential - Wood,2104008530,Pyrene,0.0,LB
36081,Queens,Fuel Comb - Residential - Wood,2104008530,Chrysene,0.0,LB
36081,Queens,Fuel Comb - Residential - Wood,2104008530,Arsenic,0.0,LB
36081,Queens,Fuel Comb - Residential - Wood,2104008530,Acetophenone,0.0,LB
36081,Queens,Fuel Comb - Residential - Wood,2104008530,Sulfate Portion of PM2.5-PRI,0.0,TON
36081,Queens,Fuel Comb - Residential - Wood,2104008530,Volatile Organic Compounds,0.0,TON
36047,Kings,Fuel Comb - Residential - Wood,2104008611,Formaldehyde,0.0,LB
36047,Kings,Fuel Comb - Residential - Wood,2104008611,Lead,0.0,LB
36047,Kings,Fuel Comb - Residential - Wood,2104008611,Acenaphthene,0.0,LB
36047,Kings,Fuel Comb - Residential - Wood,2104008611,o-Xylene,0.0,LB
36047,Kings,Fuel Comb - Residential - Wood,2104008500,Acrolein,0.0,LB
36047,Kings,Fuel Comb - Residential - Wood,2104008500,1-Methylnaphthalene,0.0,LB
36005,Bronx,Fuel Comb - Residential - Wood,2104008031,Benzo[k]Fluoranthene,0.023541,LB
36005,Bronx,Fuel Comb - Residential - Wood,2104008031,"Dibenzo(a,h)Anthracene",0.001813708,LB
36061,New York,Fuel Comb - Residential - Other,2104002000,Ethylene Dibromide,0.0,LB
36061,New York,Fuel Comb - Residential - Other,2104002000,Anthracene,0.0,LB
36061,New York,Fuel Comb - Residential - Other,2104002000,Acetaldehyde,0.0,LB
36061,New York,Fuel Comb - Residential - Other,2104002000,Elemental Carbon portion of PM2.5-PRI,0.0,TON
36061,New York,Fuel Comb - Residential - Other,2104002000,Remaining PMFINE portion of PM2.5-PRI,0.0,TON
36005,Bronx,Fuel Comb - Residential - Wood,2104008400,1-Methylnaphthalene,0.0,LB
36005,Bronx,Fuel Comb - Residential - Wood,2104008400,Acetophenone,0.0,LB
36005,Bronx,Fuel Comb - Residential - Wood,2104008400,PM10 Primary (Filt + Cond),0.0,TON
36047,Kings,Fuel Comb - Residential - Wood,2104008615,"Benzo(g,h,i)Fluoranthene",0.0,LB
36047,Kings,Fuel Comb - Residential - Wood,2104008615,Benzene,0.0,LB
36047,Kings,Fuel Comb - Residential - Wood,2104008615,Carbon Monoxide,0.0,TON
36047,Kings,Fuel Comb - Residential - Wood,2104008615,Ammonia,0.0,TON
36047,Kings,Fuel Comb - Residential - Wood,2104008011,Acrolein,9.76644,LB
36047,Kings,Fuel Comb - Residential - Wood,2104008011,Acenaphthene,0.313146,LB
36047,Kings,Fuel Comb - Residential - Wood,2104008011,Volatile Organic Compounds,1.06566,TON
36005,Bronx,Fuel Comb - Residential - Oil,2104004000,Benzene,15.31138,LB
36005,Bronx,Fuel Comb - Residential - Oil,2104004000,Volatile Organic Compounds,25.50704,TON
36061,New York,Fuel Comb - Residential - Wood,2104008612,Arsenic,0.0,LB
36085,Richmond,Fuel Comb - Residential - Wood,2104008612,PM Condensible,3.7353e-13,TON
36085,Richmond,Fuel Comb - Residential - Wood,2104008400,Mercury,0.0,LB
36085,Richmond,Fuel Comb - Residential - Wood,2104008400,Ethyl Benzene,0.0,LB
36085,Richmond,Fuel Comb - Residential - Wood,2104008400,Formaldehyde,0.0,LB
36005,Bronx,Fuel Comb - Residential - Wood,2104008614,Benzo[a]Pyrene,0.0,LB
36005,Bronx,Fuel Comb - Residential - Wood,2104009000,"Benzo[g,h,i,]Perylene",0.0809042,LB
36005,Bronx,Fuel Comb - Residential - Wood,2104009000,Carbon Monoxide,7.440792,TON
36081,Queens,Fuel Comb - Residential - Wood,2104008614,Hydroquinone,0.0,LB
36081,Queens,Fuel Comb - Residential - Wood,2104008614,Benzene,0.0,LB
36081,Queens,Fuel Comb - Residential - Wood,2104008614,Naphthalene,0.0,LB
36081,Queens,Fuel Comb - Residential - Wood,2104008614,Sulfate Portion of PM2.5-PRI,0.0,TON
36081,Queens,Fuel Comb - Residential - Natural Gas,2104006000,Fluoranthene,0.1677118,LB
36081,Queens,Fuel Comb - Residential - Natural Gas,2104006000,Nitrate portion of PM2.5-PRI,0.40986,TON
36081,Queens,Fuel Comb - Residential - Natural Gas,2104006000,PM10 Filterable,5.590398,TON
36081,Queens,Fuel Comb - Residential - Natural Gas,2104006000,Sulfur Dioxide,16.77119,TON
36061,New York,Fuel Comb - Residential - Wood,2104008700,Acenaphthene,0.0,LB
36061,New York,Fuel Comb - Residential - Wood,2104008700,Acetophenone,0.0,LB
36061,New York,Fuel Comb - Residential - Wood,2104008700,PM Condensible,0.0,TON
36061,New York,Fuel Comb - Residential - Wood,2104008700,Anthracene,0.0,LB
36061,New York,Fuel Comb - Residential - Wood,2104008700,Catechol,0.0,LB
36047,Kings,Fuel Comb - Residential - Other,2104001000,Carbon Disulfide,0.0,LB
36047,Kings,Fuel Comb - Residential - Other,2104001000,Acenaphthene,0.0,LB
36047,Kings,Fuel Comb - Residential - Other,2104001000,Carbon Monoxide,0.0,TON
36047,Kings,Fuel Comb - Residential - Other,2104001000,Toluene,0.0,LB
36047,Kings,Fuel Comb - Residential - Other,2104001000,Manganese,0.0,LB
36081,Queens,Fuel Comb - Residential - Wood,2104008031,Propionaldehyde,77.8512,LB
36081,Queens,Fuel Comb - Residential - Wood,2104008031,"Benzo[g,h,i,]Perylene",0.0563334,LB
36081,Queens,Fuel Comb - Residential - Wood,2104008031,Benzo[e]Pyrene,0.1648682,LB
36081,Queens,Fuel Comb - Residential - Wood,2104008031,Benzo[b]Fluoranthene,0.1656194,LB
36081,Queens,Fuel Comb - Residential - Wood,2104008031,Benzene,116.9294,LB
36081,Queens,Fuel Comb - Residential - Other,2104007000,PM2.5 Primary (Filt + Cond),0.3468701,TON
36081,Queens,Fuel Comb - Residential - Other,2104007000,Lead,0.754278,LB
36047,Kings,Fuel Comb - Residential - Oil,2104004000,Benz[a]Anthracene,0.1616772,LB
36047,Kings,Fuel Comb - Residential - Oil,2104004000,Phenanthrene,0.423344,LB
36047,Kings,Fuel Comb - Residential - Oil,2104004000,PM2.5 Primary (Filt + Cond),42.93922,TON
36047,Kings,Fuel Comb - Residential - Oil,2104004000,Chromium III,13.950206,LB
36047,Kings,Fuel Comb - Residential - Oil,2104004000,Acenaphthylene,0.01020058,LB
36005,Bronx,Fuel Comb - Residential - Wood,2104008100,Fluoranthene,0.00094357,LB
36005,Bronx,Fuel Comb - Residential - Wood,2104008100,Cadmium,3.800176e-05,LB
36005,Bronx,Fuel Comb - Residential - Wood,2104008100,Remaining PMFINE portion of PM2.5-PRI,0.00108883,TON
36047,Kings,Fuel Comb - Residential - Wood,2104008031,PM2.5 Filterable,0.1102224,TON
36061,New York,Fuel Comb - Residential - Oil,2104011000,Chromium (VI),0.19639318,LB
36061,New York,Fuel Comb - Residential - Oil,2104011000,Nitrate portion of PM2.5-PRI,0.00314959,TON
36047,Kings,Fuel Comb - Residential - Wood,2104008031,Anthracene,0.1691816,LB
36061,New York,Fuel Comb - Residential - Wood,2104009000,"Indeno[1,2,3-c,d]Pyrene",0.0,LB
36047,Kings,Fuel Comb - Residential - Wood,2104008400,Hydroquinone,0.0,LB
36047,Kings,Fuel Comb - Residential - Wood,2104008400,Acetophenone,0.0,LB
36061,New York,Fuel Comb - Residential - Wood,2104008021,Benzo(a)Fluoranthene,0.00653534,LB
36061,New York,Fuel Comb - Residential - Wood,2104008021,Acenaphthene,0.0359676,LB
36085,Richmond,Fuel Comb - Residential - Wood,2104008611,Propionaldehyde,1.324692e-07,LB
36085,Richmond,Fuel Comb - Residential - Wood,2104008611,Manganese,1.43979e-11,LB
36005,Bronx,Fuel Comb - Residential - Wood,2104008611,m-Xylene,0.0,LB
36005,Bronx,Fuel Comb - Residential - Wood,2104008611,Arsenic,0.0,LB
36005,Bronx,Fuel Comb - Residential - Wood,2104008611,Elemental Carbon portion of PM2.5-PRI,0.0,TON
36005,Bronx,Fuel Comb - Residential - Wood,2104008611,Sulfate Portion of PM2.5-PRI,0.0,TON
36061,New York,Fuel Comb - Residential - Wood,2104008611,m-Xylene,0.0,LB
36061,New York,Fuel Comb - Residential - Wood,2104008611,Ammonia,0.0,TON
36061,New York,Fuel Comb - Residential - Wood,2104008400,Toluene,0.0,LB
36061,New York,Fuel Comb - Residential - Wood,2104008400,Manganese,0.0,LB
36061,New York,Fuel Comb - Residential - Wood,2104008400,Phenanthrene,0.0,LB
36061,New York,Fuel Comb - Residential - Wood,2104008400,1-Methylnaphthalene,0.0,LB
36061,New York,Fuel Comb - Residential - Wood,2104008400,2-Methylnaphthalene,0.0,LB
36061,New York,Fuel Comb - Residential - Wood,2104008400,Ammonia,0.0,TON
36061,New York,Fuel Comb - Residential - Wood,2104008400,PM2.5 Primary (Filt + Cond),0.0,TON
36061,New York,Fuel Comb - Residential - Wood,2104008400,Volatile Organic Compounds,0.0,TON
36005,Bronx,Fuel Comb - Residential - Other,2104007000,Fluoranthene,0.00283022,LB
36085,Richmond,Fuel Comb - Residential - Oil,2104004000,Anthracene,0.00494732,LB
36085,Richmond,Fuel Comb - Residential - Oil,2104004000,Chrysene,0.00965132,LB
36085,Richmond,Fuel Comb - Residential - Oil,2104004000,"Dibenzo(a,h)Anthracene",0.00677214,LB
36085,Richmond,Fuel Comb - Residential - Oil,2104004000,Acetaldehyde,19.95144,LB
36061,New York,Fuel Comb - Residential - Natural Gas,2104006000,Carbon Monoxide,688.3142,TON
36061,New York,Fuel Comb - Residential - Natural Gas,2104006000,Remaining PMFINE portion of PM2.5-PRI,2.09499,TON
36081,Queens,Fuel Comb - Residential - Oil,2104011000,Chrysene,0.00464022,LB
36081,Queens,Fuel Comb - Residential - Oil,2104011000,Nitrate portion of PM2.5-PRI,0.00236254,TON
36081,Queens,Fuel Comb - Residential - Oil,2104011000,PM10 Primary (Filt + Cond),2.312915,TON
36081,Queens,Fuel Comb - Residential - Oil,2104011000,Remaining PMFINE portion of PM2.5-PRI,0.101631,TON
36061,New York,Fuel Comb - Residential - Wood,2104008500,2-Methylnaphthalene,0.0,LB
36061,New York,Fuel Comb - Residential - Wood,2104008500,Phenol,0.0,LB
36005,Bronx,Fuel Comb - Residential - Other,2104002000,Ethylene Dichloride,0.0,LB
36005,Bronx,Fuel Comb - Residential - Other,2104002000,"2,4-Dinitrotoluene",0.0,LB
36081,Queens,Fuel Comb - Residential - Wood,2104008400,o-Xylene,0.0,LB
36005,Bronx,Fuel Comb - Residential - Other,2104002000,Methyl Bromide,0.0,LB
36005,Bronx,Fuel Comb - Residential - Other,2104002000,Fluorene,0.0,LB
36005,Bronx,Fuel Comb - Residential - Other,2104002000,Elemental Carbon portion of PM2.5-PRI,0.0,TON
36081,Queens,Fuel Comb - Residential - Wood,2104008615,Benzene,0.0,LB
36081,Queens,Fuel Comb - Residential - Wood,2104008615,1-Methylphenanthrene,0.0,LB
36081,Queens,Fuel Comb - Residential - Wood,2104008615,2-Methylnaphthalene,0.0,LB
36081,Queens,Fuel Comb - Residential - Wood,2104008615,Nitrogen Oxides,0.0,TON
36081,Queens,Fuel Comb - Residential - Wood,2104008615,Volatile Organic Compounds,0.0,TON
36047,Kings,Fuel Comb - Residential - Wood,2104008100,1-Methylphenanthrene,0.00059412,LB
36047,Kings,Fuel Comb - Residential - Wood,2104008100,Hydroquinone,0.00460308,LB
36005,Bronx,Fuel Comb - Residential - Wood,2104008615,"1,3-Butadiene",0.0,LB
36005,Bronx,Fuel Comb - Residential - Wood,2104008615,Hydroquinone,0.0,LB
36005,Bronx,Fuel Comb - Residential - Wood,2104008615,Propionaldehyde,0.0,LB
36005,Bronx,Fuel Comb - Residential - Wood,2104008615,Cresol/Cresylic Acid (Mixed Isomers),0.0,LB
36005,Bronx,Fuel Comb - Residential - Wood,2104008615,Benzo[a]Pyrene,0.0,LB
36005,Bronx,Fuel Comb - Residential - Wood,2104008615,Benzene,0.0,LB
36005,Bronx,Fuel Comb - Residential - Wood,2104008615,Phenanthrene,0.0,LB
36005,Bronx,Fuel Comb - Residential - Wood,2104008615,PM2.5 Filterable,0.0,TON
36005,Bronx,Fuel Comb - Residential - Wood,2104008615,Sulfur Dioxide,0.0,TON
36047,Kings,Fuel Comb - Residential - Wood,2104008630,Cresol/Cresylic Acid (Mixed Isomers),0.0,LB
36047,Kings,Fuel Comb - Residential - Wood,2104008630,o-Xylene,0.0,LB
36047,Kings,Fuel Comb - Residential - Wood,2104008630,Nitrate portion of PM2.5-PRI,0.0,TON
36047,Kings,Fuel Comb - Residential - Wood,2104008630,Volatile Organic Compounds,0.0,TON
36061,New York,Fuel Comb - Residential - Wood,2104008031,Acrolein,0.1649254,LB
36047,Kings,Fuel Comb - Residential - Wood,2104008614,Mercury,0.0,LB
36047,Kings,Fuel Comb - Residential - Wood,2104008614,Acenaphthene,0.0,LB
36047,Kings,Fuel Comb - Residential - Wood,2104008614,Nitrate portion of PM2.5-PRI,0.0,TON
36061,New York,Fuel Comb - Residential - Wood,2104008031,Lead,0.0010208056,LB
36061,New York,Fuel Comb - Residential - Wood,2104008031,Volatile Organic Compounds,0.01799574,TON
36005,Bronx,Fuel Comb - Residential - Wood,2104008011,Benzo[k]Fluoranthene,0.0210152,LB
36005,Bronx,Fuel Comb - Residential - Wood,2104008011,2-Methylphenanthrene,0.29604,LB
36005,Bronx,Fuel Comb - Residential - Wood,2104008011,Benzene,60.959,LB
36005,Bronx,Fuel Comb - Residential - Wood,2104008011,Carbon Monoxide,2.924319,TON
36005,Bronx,Fuel Comb - Residential - Wood,2104008011,Ammonia,0.02844017,TON
36047,Kings,Fuel Comb - Residential - Wood,2104008700,Anthracene,0.0,LB
36047,Kings,Fuel Comb - Residential - Wood,2104008700,Cresol/Cresylic Acid (Mixed Isomers),0.0,LB
36047,Kings,Fuel Comb - Residential - Wood,2104008700,PM10 Filterable,0.0,TON
36081,Queens,Fuel Comb - Residential - Wood,2104009000,Chrysene,0.349494,LB
36081,Queens,Fuel Comb - Residential - Wood,2104009000,PM2.5 Filterable,2.639793,TON
36047,Kings,Fuel Comb - Residential - Wood,2104008700,Toluene,0.0,LB
36085,Richmond,Fuel Comb - Residential - Other,2104001000,Pyrene,0.0,LB
36085,Richmond,Fuel Comb - Residential - Other,2104001000,Acenaphthylene,0.0,LB
36085,Richmond,Fuel Comb - Residential - Other,2104001000,Beryllium,0.0,LB
36085,Richmond,Fuel Comb - Residential - Other,2104001000,Elemental Carbon portion of PM2.5-PRI,0.0,TON
36085,Richmond,Fuel Comb - Residential - Other,2104001000,PM Condensible,0.0,TON
36085,Richmond,Fuel Comb - Residential - Other,2104001000,PM2.5 Filterable,0.0,TON
36005,Bronx,Fuel Comb - Residential - Wood,2104008612,Carbon Monoxide,0.0,TON
36005,Bronx,Fuel Comb - Residential - Wood,2104008612,PM10 Primary (Filt + Cond),0.0,TON
36047,Kings,Fuel Comb - Residential - Wood,2104008612,Acetaldehyde,0.0,LB
36047,Kings,Fuel Comb - Residential - Wood,2104008612,Remaining PMFINE portion of PM2.5-PRI,0.0,TON
36081,Queens,Fuel Comb - Residential - Wood,2104008612,Propionaldehyde,0.0,LB
36081,Queens,Fuel Comb - Residential - Wood,2104008612,o-Xylene,0.0,LB
36081,Queens,Fuel Comb - Residential - Wood,2104008612,Acetophenone,0.0,LB
36081,Queens,Fuel Comb - Residential - Wood,2104008612,Nitrogen Oxides,0.0,TON
36085,Richmond,Fuel Comb - Residential - Wood,2104008500,"Benzo(g,h,i)Fluoranthene",4.95652e-12,LB
36085,Richmond,Fuel Comb - Residential - Wood,2104008500,Elemental Carbon portion of PM2.5-PRI,5.46944e-11,TON
36061,New York,Fuel Comb - Residential - Wood,2104008615,2-Methylphenanthrene,0.0,LB
36005,Bronx,Fuel Comb - Residential - Wood,2104008500,Catechol,0.0,LB
36005,Bronx,Fuel Comb - Residential - Wood,2104008500,Acenaphthylene,0.0,LB
36085,Richmond,Fuel Comb - Residential - Wood,2104008021,Benzo[e]Pyrene,1.674606,LB
36085,Richmond,Fuel Comb - Residential - Wood,2104008021,"Benzo(g,h,i)Fluoranthene",0.203368,LB
36085,Richmond,Fuel Comb - Residential - Wood,2104008021,Benzo[b]Fluoranthene,1.682288,LB
36085,Richmond,Fuel Comb - Residential - Wood,2104008021,2-Methylphenanthrene,4.61296,LB
36085,Richmond,Fuel Comb - Residential - Wood,2104008021,Mercury,0.004059201,LB
36085,Richmond,Fuel Comb - Residential - Wood,2104008021,o-Xylene,44.8896,LB
36085,Richmond,Fuel Comb - Residential - Wood,2104008021,PM10 Primary (Filt + Cond),9.112905,TON
36081,Queens,Fuel Comb - Residential - Other,2104002000,Hydrochloric Acid,0.0,LB
36061,New York,Fuel Comb - Residential - Wood,2104008100,Fluoranthene,1.487096e-09,LB
36061,New York,Fuel Comb - Residential - Wood,2104008100,Manganese,4.819054e-11,LB
36061,New York,Fuel Comb - Residential - Wood,2104008100,o-Xylene,8.82506e-09,LB
36061,New York,Fuel Comb - Residential - Wood,2104008100,Elemental Carbon portion of PM2.5-PRI,2.33532e-10,TON
36061,New York,Fuel Comb - Residential - Wood,2104008100,Ammonia,3.192071e-10,TON
36085,Richmond,Fuel Comb - Residential - Wood,2104008615,Pyrene,4.07326e-12,LB
36085,Richmond,Fuel Comb - Residential - Wood,2104008615,Organic Carbon portion of PM2.5-PRI,2.09892e-12,TON
36005,Bronx,Fuel Comb - Residential - Wood,2104008530,Pyrene,0.0,LB
36005,Bronx,Fuel Comb - Residential - Wood,2104008530,2-Methylnaphthalene,0.0,LB
36005,Bronx,Fuel Comb - Residential - Wood,2104008530,Sulfate Portion of PM2.5-PRI,0.0,TON
36085,Richmond,Fuel Comb - Residential - Wood,2104008700,Ethyl Benzene,1.319652e-08,LB
36085,Richmond,Fuel Comb - Residential - Wood,2104008700,Cresol/Cresylic Acid (Mixed Isomers),2.70616e-07,LB
36085,Richmond,Fuel Comb - Residential - Wood,2104008700,Benzene,2.2071e-07,LB
36081,Queens,Fuel Comb - Residential - Wood,2104008500,1-Methylphenanthrene,0.0,LB
36081,Queens,Fuel Comb - Residential - Wood,2104008500,Phenanthrene,0.0,LB
36081,Queens,Fuel Comb - Residential - Wood,2104008500,PM2.5 Primary (Filt + Cond),0.0,TON
36081,Queens,Fuel Comb - Residential - Wood,2104008630,Pyrene,0.0,LB
36081,Queens,Fuel Comb - Residential - Wood,2104008630,Phenanthrene,0.0,LB
36085,Richmond,Fuel Comb - Residential - Other,2104007000,Nitrate portion of PM2.5-PRI,0.00196605,TON
36085,Richmond,Fuel Comb - Residential - Other,2104007000,Sulfur Dioxide,0.08058254,TON
36061,New York,Fuel Comb - Residential - Oil,2104004000,Nickel,28.05592,LB
36081,Queens,Fuel Comb - Residential - Oil,2104004000,Nitrate portion of PM2.5-PRI,0.0,TON
36081,Queens,Fuel Comb - Residential - Wood,2104008011,Nitrogen Oxides,0.1132894,TON
36081,Queens,Fuel Comb - Residential - Wood,2104008011,Anthracene,3.31044,LB
36047,Kings,Fuel Comb - Residential - Other,2104007000,Fluorene,0.00552428,LB
36047,Kings,Fuel Comb - Residential - Other,2104007000,Naphthalene,1.20401,LB
36085,Richmond,Fuel Comb - Residential - Wood,2104009000,PM2.5 Primary (Filt + Cond),5.895934,TON
36081,Queens,Fuel Comb - Residential - Oil,2104004000,Chrysene,0.118859,LB
36085,Richmond,Fuel Comb - Residential - Wood,2104008614,Lead,8.6683e-13,LB
36085,Richmond,Fuel Comb - Residential - Wood,2104008614,Cadmium,1.9449e-13,LB
36061,New York,Fuel Comb - Residential - Wood,2104008530,Pyrene,0.0,LB
36061,New York,Fuel Comb - Residential - Wood,2104008530,Cresol/Cresylic Acid (Mixed Isomers),0.0,LB
36061,New York,Fuel Comb - Residential - Wood,2104008530,Cadmium,0.0,LB
36061,New York,Fuel Comb - Residential - Wood,2104008530,1-Methylnaphthalene,0.0,LB
36061,New York,Fuel Comb - Residential - Wood,2104008530,Acetophenone,0.0,LB
36061,New York,Fuel Comb - Residential - Wood,2104008530,Sulfate Portion of PM2.5-PRI,0.0,TON
36061,New York,Fuel Comb - Residential - Wood,2104008630,Phenanthrene,0.0,LB
36085,Richmond,Fuel Comb - Residential - Wood,2104008630,Chrysene,5.7691e-13,LB
36085,Richmond,Fuel Comb - Residential - Wood,2104008630,Manganese,2.94862e-12,LB
36081,Queens,Fuel Comb - Residential - Wood,2104008611,Mercury,0.0,LB
36081,Queens,Fuel Comb - Residential - Wood,2104008611,Nickel,0.0,LB
36081,Queens,Fuel Comb - Residential - Wood,2104008611,Nitrate portion of PM2.5-PRI,0.0,TON
36085,Richmond,Fuel Comb - Residential - Wood,2104008031,Benzo[a]Pyrene,0.327436,LB
36085,Richmond,Fuel Comb - Residential - Wood,2104008031,PM2.5 Filterable,0.8172033,TON
36047,Kings,Fuel Comb - Residential - Other,2104002000,Anthracene,0.0,LB
36047,Kings,Fuel Comb - Residential - Other,2104002000,Tetrachloroethylene,0.0,LB
36047,Kings,Fuel Comb - Residential - Other,2104002000,2-Chloroacetophenone,0.0,LB
36047,Kings,Fuel Comb - Residential - Other,2104002000,PM10 Primary (Filt + Cond),0.0,TON
36005,Bronx,Fuel Comb - Residential - Wood,2104008630,2-Methylnaphthalene,0.0,LB
36005,Bronx,Fuel Comb - Residential - Wood,2104008630,Nitrate portion of PM2.5-PRI,0.0,TON
36061,New York,Fuel Comb - Residential - Wood,2104008011,Organic Carbon portion of PM2.5-PRI,0.0133775,TON
36061,New York,Fuel Comb - Residential - Wood,2104008011,"Benzo(g,h,i)Fluoranthene",0.000676648,LB
36081,Queens,Fuel Comb - Residential - Wood,2104008021,PM10 Filterable,7.271429,TON
36081,Queens,Fuel Comb - Residential - Wood,2104008021,Volatile Organic Compounds,14.27446,TON
36047,Kings,Fuel Comb - Residential - Oil,2104011000,Lead,1.9757526,LB
36047,Kings,Fuel Comb - Residential - Oil,2104011000,Manganese,1.3171684,LB
36047,Kings,Fuel Comb - Residential - Oil,2104011000,Sulfur Dioxide,0.1326176,TON
36047,Kings,Fuel Comb - Residential - Wood,2104009000,Benz[a]Anthracene,0.271932,LB
36085,Richmond,Fuel Comb - Residential - Wood,2104008011,"Dibenzo(a,h)Anthracene",0.01168744,LB
36085,Richmond,Fuel Comb - Residential - Wood,2104008011,Lead,0.18184054,LB
36085,Richmond,Fuel Comb - Residential - Wood,2104008011,1-Methylphenanthrene,2.55158,LB
36085,Richmond,Fuel Comb - Residential - Wood,2104008614,Phenol,2.96446e-09,LB
36061,New York,Fuel Comb - Residential - Wood,2104008530,PM10 Filterable,0.0,TON
36061,New York,Fuel Comb - Residential - Wood,2104008630,Manganese,0.0,LB
36061,New York,Fuel Comb - Residential - Wood,2104008630,PM10 Primary (Filt + Cond),0.0,TON
36085,Richmond,Fuel Comb - Residential - Wood,2104008630,1-Methylnaphthalene,1.30009e-11,LB
36085,Richmond,Fuel Comb - Residential - Wood,2104008630,o-Xylene,2.21996e-11,LB
36085,Richmond,Fuel Comb - Residential - Wood,2104008630,Elemental Carbon portion of PM2.5-PRI,2.2109e-13,TON
36081,Queens,Fuel Comb - Residential - Wood,2104008611,Ethyl Benzene,0.0,LB
36081,Queens,Fuel Comb - Residential - Wood,2104008611,2-Methylnaphthalene,0.0,LB
36085,Richmond,Fuel Comb - Residential - Wood,2104008031,Anthracene,1.254334,LB
36005,Bronx,Fuel Comb - Residential - Wood,2104008630,Ethyl Benzene,0.0,LB
36047,Kings,Fuel Comb - Residential - Other,2104002000,Styrene,0.0,LB
36047,Kings,Fuel Comb - Residential - Other,2104002000,Bis(2-Ethylhexyl)Phthalate,0.0,LB
36047,Kings,Fuel Comb - Residential - Other,2104002000,"2,4-Dinitrotoluene",0.0,LB
36047,Kings,Fuel Comb - Residential - Other,2104002000,Methylene Chloride,0.0,LB
36047,Kings,Fuel Comb - Residential - Other,2104002000,Sulfate Portion of PM2.5-PRI,0.0,TON
36005,Bronx,Fuel Comb - Residential - Wood,2104008630,Anthracene,0.0,LB
36005,Bronx,Fuel Comb - Residential - Wood,2104008630,Hydroquinone,0.0,LB
36005,Bronx,Fuel Comb - Residential - Wood,2104008630,Mercury,0.0,LB
36081,Queens,Fuel Comb - Residential - Wood,2104008021,m-Xylene,124.5914,LB
36081,Queens,Fuel Comb - Residential - Wood,2104008021,Benzo[e]Pyrene,1.402112,LB
36047,Kings,Fuel Comb - Residential - Oil,2104011000,Benzene,0.330454,LB
36047,Kings,Fuel Comb - Residential - Oil,2104011000,Mercury,0.6585842,LB
36047,Kings,Fuel Comb - Residential - Wood,2104009000,Acenaphthylene,1.69504,LB
36061,New York,Fuel Comb - Residential - Other,2104001000,Ethyl Benzene,0.0,LB
36061,New York,Fuel Comb - Residential - Other,2104001000,Naphthalene,0.0,LB
36061,New York,Fuel Comb - Residential - Other,2104001000,PM10 Filterable,0.0,TON
36061,New York,Fuel Comb - Residential - Other,2104001000,PM10 Primary (Filt + Cond),0.0,TON
36081,Queens,Fuel Comb - Residential - Wood,2104008700,PM10 Filterable,0.0,TON
36085,Richmond,Fuel Comb - Residential - Other,2104002000,Pyrene,0.0,LB
36085,Richmond,Fuel Comb - Residential - Other,2104002000,Phenanthrene,0.0,LB
36085,Richmond,Fuel Comb - Residential - Other,2104002000,PM Condensible,0.0,TON
36085,Richmond,Fuel Comb - Residential - Other,2104002000,Volatile Organic Compounds,0.0,TON
36061,New York,Fuel Comb - Residential - Wood,2104008614,"1,3-Butadiene",0.0,LB
36061,New York,Fuel Comb - Residential - Wood,2104008614,Pyrene,0.0,LB
36061,New York,Fuel Comb - Residential - Wood,2104008614,Cadmium,0.0,LB
36061,New York,Fuel Comb - Residential - Wood,2104008614,Fluorene,0.0,LB
36061,New York,Fuel Comb - Residential - Wood,2104008614,1-Methylnaphthalene,0.0,LB
36061,New York,Fuel Comb - Residential - Wood,2104008614,Ammonia,0.0,TON
36081,Queens,Fuel Comb - Residential - Other,2104001000,Acrolein,0.0,LB
36081,Queens,Fuel Comb - Residential - Other,2104001000,"Benzo[g,h,i,]Perylene",0.0,LB
36081,Queens,Fuel Comb - Residential - Other,2104001000,Fluoranthene,0.0,LB
36081,Queens,Fuel Comb - Residential - Other,2104001000,Cobalt,0.0,LB
36081,Queens,Fuel Comb - Residential - Other,2104001000,Methyl Chloride,0.0,LB
36081,Queens,Fuel Comb - Residential - Other,2104001000,Hydrochloric Acid,0.0,LB
36081,Queens,Fuel Comb - Residential - Other,2104001000,PM Condensible,0.0,TON
36081,Queens,Fuel Comb - Residential - Other,2104001000,Remaining PMFINE portion of PM2.5-PRI,0.0,TON
36005,Bronx,Fuel Comb - Residential - Wood,2104008700,Naphthalene,0.0,LB
36005,Bronx,Fuel Comb - Residential - Wood,2104008700,PM Condensible,0.0,TON
36085,Richmond,Fuel Comb - Residential - Wood,2104008100,Nickel,0.005294753,LB
36085,Richmond,Fuel Comb - Residential - Wood,2104008100,Acenaphthene,1.338684,LB
36085,Richmond,Fuel Comb - Residential - Wood,2104008100,Nitrate portion of PM2.5-PRI,0.0108082,TON
36085,Richmond,Fuel Comb - Residential - Wood,2104008100,PM10 Filterable,5.421165,TON
36085,Richmond,Fuel Comb - Residential - Wood,2104008100,PM2.5 Filterable,5.421165,TON
36005,Bronx,Fuel Comb - Residential - Oil,2104011000,Cadmium,1.1687114,LB
36085,Richmond,Fuel Comb - Residential - Wood,2104008100,Anthracene,2.27974,LB
36005,Bronx,Fuel Comb - Residential - Wood,2104008021,PM10 Primary (Filt + Cond),1.261941,TON
36005,Bronx,Fuel Comb - Residential - Other,2104001000,Benz[a]Anthracene,0.0,LB
36005,Bronx,Fuel Comb - Residential - Other,2104001000,Manganese,0.0,LB
36085,Richmond,Fuel Comb - Residential - Wood,2104008530,Fluorene,6.80708e-12,LB
36085,Richmond,Fuel Comb - Residential - Wood,2104008530,o-Xylene,2.77496e-11,LB
36085,Richmond,Fuel Comb - Residential - Wood,2104008530,Nitrogen Oxides,9.09926e-12,TON
36085,Richmond,Fuel Comb - Residential - Wood,2104008530,PM2.5 Primary (Filt + Cond),4.95276e-12,TON
36005,Bronx,Fuel Comb - Residential - Natural Gas,2104006000,Acetaldehyde,0.33787,LB
36081,Queens,Fuel Comb - Residential - Wood,2104008100,2-Methylphenanthrene,0.0680988,LB
36081,Queens,Fuel Comb - Residential - Wood,2104008100,Benzo[a]Pyrene,0.0266328,LB
36081,Queens,Fuel Comb - Residential - Wood,2104008100,o-Xylene,0.662682,LB
36081,Queens,Fuel Comb - Residential - Wood,2104008100,PM10 Filterable,0.2994968,TON
36047,Kings,Fuel Comb - Residential - Wood,2104008021,Formaldehyde,389.702,LB
36047,Kings,Fuel Comb - Residential - Wood,2104008021,Carbon Monoxide,6.652064,TON
36047,Kings,Fuel Comb - Residential - Wood,2104008021,Sulfur Dioxide,0.02737475,TON
36081,Queens,Fuel Comb - Residential - Wood,2104008530,2-Methylnaphthalene,0.0,LB
36081,Queens,Fuel Comb - Residential - Wood,2104008530,Sulfur Dioxide,0.0,TON
36047,Kings,Fuel Comb - Residential - Wood,2104008611,Fluoranthene,0.0,LB
36047,Kings,Fuel Comb - Residential - Wood,2104008611,Elemental Carbon portion of PM2.5-PRI,0.0,TON
36047,Kings,Fuel Comb - Residential - Wood,2104008611,Ammonia,0.0,TON
36047,Kings,Fuel Comb - Residential - Wood,2104008611,PM10 Primary (Filt + Cond),0.0,TON
36047,Kings,Fuel Comb - Residential - Wood,2104008611,PM2.5 Filterable,0.0,TON
36047,Kings,Fuel Comb - Residential - Wood,2104008500,Cresol/Cresylic Acid (Mixed Isomers),0.0,LB
36047,Kings,Fuel Comb - Residential - Wood,2104008500,"Benzo(g,h,i)Fluoranthene",0.0,LB
36047,Kings,Fuel Comb - Residential - Wood,2104008500,Mercury,0.0,LB
36047,Kings,Fuel Comb - Residential - Wood,2104008500,Cadmium,0.0,LB
36047,Kings,Fuel Comb - Residential - Wood,2104008500,Acetaldehyde,0.0,LB
36047,Kings,Fuel Comb - Residential - Wood,2104008500,Fluorene,0.0,LB
36047,Kings,Fuel Comb - Residential - Wood,2104008500,PM10 Filterable,0.0,TON
36047,Kings,Fuel Comb - Residential - Wood,2104008500,Sulfur Dioxide,0.0,TON
36047,Kings,Fuel Comb - Residential - Wood,2104008500,Volatile Organic Compounds,0.0,TON
36005,Bronx,Fuel Comb - Residential - Wood,2104008031,Catechol,15.75402,LB
36005,Bronx,Fuel Comb - Residential - Wood,2104008031,Chrysene,0.0218018,LB
36005,Bronx,Fuel Comb - Residential - Wood,2104008031,Lead,0.019689412,LB
36005,Bronx,Fuel Comb - Residential - Wood,2104008031,1-Methylphenanthrene,0.112096,LB
36005,Bronx,Fuel Comb - Residential - Wood,2104008400,Benzo[a]Pyrene,0.0,LB
36005,Bronx,Fuel Comb - Residential - Wood,2104008400,Benzene,0.0,LB
36005,Bronx,Fuel Comb - Residential - Wood,2104008400,Lead,0.0,LB
36005,Bronx,Fuel Comb - Residential - Wood,2104008400,m-Xylene,0.0,LB
36047,Kings,Fuel Comb - Residential - Wood,2104008615,Phenol,0.0,LB
36047,Kings,Fuel Comb - Residential - Wood,2104008615,2-Methylphenanthrene,0.0,LB
36047,Kings,Fuel Comb - Residential - Wood,2104008615,Fluorene,0.0,LB
36047,Kings,Fuel Comb - Residential - Wood,2104008615,PM10 Primary (Filt + Cond),0.0,TON
36047,Kings,Fuel Comb - Residential - Wood,2104008615,Sulfate Portion of PM2.5-PRI,0.0,TON
36047,Kings,Fuel Comb - Residential - Wood,2104008011,Benzo[b]Fluoranthene,0.0238064,LB
36047,Kings,Fuel Comb - Residential - Wood,2104008011,Naphthalene,35.1902,LB
36047,Kings,Fuel Comb - Residential - Wood,2104008011,2-Methylnaphthalene,2.32534,LB
36061,New York,Fuel Comb - Residential - Other,2104007000,Formaldehyde,75.9068,LB
36061,New York,Fuel Comb - Residential - Other,2104007000,Naphthalene,0.624394,LB
36061,New York,Fuel Comb - Residential - Other,2104007000,Volatile Organic Compounds,2.682447,TON
36005,Bronx,Fuel Comb - Residential - Oil,2104004000,"Dibenzo(a,h)Anthracene",0.119486,LB
36005,Bronx,Fuel Comb - Residential - Oil,2104004000,Arsenic,40.21026,LB
36005,Bronx,Fuel Comb - Residential - Oil,2104004000,Organic Carbon portion of PM2.5-PRI,19.0498,TON
36061,New York,Fuel Comb - Residential - Wood,2104008612,1-Methylnaphthalene,0.0,LB
36061,New York,Fuel Comb - Residential - Wood,2104008612,Ammonia,0.0,TON
36061,New York,Fuel Comb - Residential - Wood,2104008612,Sulfate Portion of PM2.5-PRI,0.0,TON
36085,Richmond,Fuel Comb - Residential - Wood,2104008612,"Benzo(g,h,i)Fluoranthene",3.5722e-13,LB
36085,Richmond,Fuel Comb - Residential - Wood,2104008612,Manganese,2.7949e-13,LB
36085,Richmond,Fuel Comb - Residential - Wood,2104008612,Nitrate portion of PM2.5-PRI,1.51e-14,TON
36085,Richmond,Fuel Comb - Residential - Wood,2104008612,Sulfate Portion of PM2.5-PRI,3.258e-14,TON
36085,Richmond,Fuel Comb - Residential - Wood,2104008612,"1,3-Butadiene",5.09702e-10,LB
36085,Richmond,Fuel Comb - Residential - Wood,2104008612,Hydroquinone,7.49304e-11,LB
36085,Richmond,Fuel Comb - Residential - Wood,2104008400,Lead,0.0,LB
36085,Richmond,Fuel Comb - Residential - Wood,2104008400,1-Methylphenanthrene,0.0,LB
36085,Richmond,Fuel Comb - Residential - Wood,2104008400,2-Methylphenanthrene,0.0,LB
36085,Richmond,Fuel Comb - Residential - Wood,2104008400,Benzo[a]Pyrene,0.0,LB
36005,Bronx,Fuel Comb - Residential - Wood,2104008614,m-Xylene,0.0,LB
36005,Bronx,Fuel Comb - Residential - Wood,2104008614,Manganese,0.0,LB
36005,Bronx,Fuel Comb - Residential - Wood,2104008614,PM2.5 Filterable,0.0,TON
36005,Bronx,Fuel Comb - Residential - Wood,2104009000,Benzo[b]Fluoranthene,0.1332536,LB
36005,Bronx,Fuel Comb - Residential - Wood,2104009000,PM10 Filterable,1.744196,TON
36081,Queens,Fuel Comb - Residential - Wood,2104008614,Catechol,0.0,LB
36081,Queens,Fuel Comb - Residential - Wood,2104008614,Nitrate portion of PM2.5-PRI,0.0,TON
36061,New York,Fuel Comb - Residential - Wood,2104008700,PM2.5 Primary (Filt + Cond),0.0,TON
36061,New York,Fuel Comb - Residential - Wood,2104008700,Ethyl Benzene,0.0,LB
36047,Kings,Fuel Comb - Residential - Other,2104001000,Acrolein,0.0,LB
36047,Kings,Fuel Comb - Residential - Other,2104001000,Formaldehyde,0.0,LB
36081,Queens,Fuel Comb - Residential - Wood,2104008031,Fluoranthene,0.93116,LB
36081,Queens,Fuel Comb - Residential - Wood,2104008031,Organic Carbon portion of PM2.5-PRI,0.379233,TON
36081,Queens,Fuel Comb - Residential - Wood,2104008031,Remaining PMFINE portion of PM2.5-PRI,0.294388,TON
36081,Queens,Fuel Comb - Residential - Other,2104007000,Organic Carbon portion of PM2.5-PRI,0.169897,TON
36047,Kings,Fuel Comb - Residential - Oil,2104004000,Acenaphthene,0.850722,LB
36047,Kings,Fuel Comb - Residential - Oil,2104004000,Chromium (VI),3.05832,LB
36047,Kings,Fuel Comb - Residential - Oil,2104004000,"Indeno[1,2,3-c,d]Pyrene",0.0862816,LB
36005,Bronx,Fuel Comb - Residential - Wood,2104008100,Ethyl Benzene,0.0070845,LB
36005,Bronx,Fuel Comb - Residential - Wood,2104008100,Benzo[a]Pyrene,0.000225042,LB
36005,Bronx,Fuel Comb - Residential - Wood,2104008100,Sulfur Dioxide,4.50085e-05,TON
36047,Kings,Fuel Comb - Residential - Natural Gas,2104006000,PM2.5 Primary (Filt + Cond),14.51118,TON
36047,Kings,Fuel Comb - Residential - Wood,2104008031,Hydroquinone,0.845908,LB
36047,Kings,Fuel Comb - Residential - Wood,2104008031,Acetophenone,0.1918046,LB
36061,New York,Fuel Comb - Residential - Wood,2104009000,Acenaphthylene,0.0,LB
36061,New York,Fuel Comb - Residential - Wood,2104009000,Benzo[a]Pyrene,0.0,LB
36047,Kings,Fuel Comb - Residential - Wood,2104008400,Nickel,0.0,LB
36047,Kings,Fuel Comb - Residential - Wood,2104008400,"1,3-Butadiene",0.0,LB
36061,New York,Fuel Comb - Residential - Wood,2104008021,"Benzo(g,h,i)Fluoranthene",0.001460068,LB
36085,Richmond,Fuel Comb - Residential - Wood,2104008611,o-Xylene,9.4027e-09,LB
36085,Richmond,Fuel Comb - Residential - Wood,2104008611,PM10 Primary (Filt + Cond),3.390917e-09,TON
36005,Bronx,Fuel Comb - Residential - Wood,2104008611,Cadmium,0.0,LB
36005,Bronx,Fuel Comb - Residential - Wood,2104008611,Fluorene,0.0,LB
36005,Bronx,Fuel Comb - Residential - Wood,2104008611,Acetophenone,0.0,LB
36005,Bronx,Fuel Comb - Residential - Wood,2104008611,Carbon Monoxide,0.0,TON
36061,New York,Fuel Comb - Residential - Wood,2104008611,Mercury,0.0,LB
36061,New York,Fuel Comb - Residential - Wood,2104008611,Carbon Monoxide,0.0,TON
36061,New York,Fuel Comb - Residential - Wood,2104008611,Volatile Organic Compounds,0.0,TON
36061,New York,Fuel Comb - Residential - Wood,2104008400,Lead,0.0,LB
36061,New York,Fuel Comb - Residential - Wood,2104008400,PM2.5 Filterable,0.0,TON
36005,Bronx,Fuel Comb - Residential - Other,2104007000,Naphthalene,0.572784,LB
36005,Bronx,Fuel Comb - Residential - Other,2104007000,PM Condensible,0.1426343,TON
36005,Bronx,Fuel Comb - Residential - Other,2104007000,PM2.5 Primary (Filt + Cond),0.1920509,TON
36061,New York,Fuel Comb - Residential - Natural Gas,2104006000,Phenanthrene,0.585068,LB
36081,Queens,Fuel Comb - Residential - Oil,2104011000,Fluoranthene,0.00954918,LB
36081,Queens,Fuel Comb - Residential - Oil,2104011000,Beryllium,0.8157584,LB
36081,Queens,Fuel Comb - Residential - Wood,2104008400,Arsenic,0.0,LB
36081,Queens,Fuel Comb - Residential - Wood,2104008400,PM10 Filterable,0.0,TON
36005,Bronx,Fuel Comb - Residential - Other,2104002000,Methyl Chloride,0.0,LB
36081,Queens,Fuel Comb - Residential - Wood,2104008615,"1,3-Butadiene",0.0,LB
36081,Queens,Fuel Comb - Residential - Wood,2104008615,Propionaldehyde,0.0,LB
36081,Queens,Fuel Comb - Residential - Wood,2104008615,2-Methylphenanthrene,0.0,LB
36081,Queens,Fuel Comb - Residential - Wood,2104008615,Elemental Carbon portion of PM2.5-PRI,0.0,TON
36081,Queens,Fuel Comb - Residential - Wood,2104008615,PM10 Filterable,0.0,TON
36047,Kings,Fuel Comb - Residential - Wood,2104008100,o-Xylene,0.00484394,LB
36047,Kings,Fuel Comb - Residential - Wood,2104008100,Elemental Carbon portion of PM2.5-PRI,0.000128182,TON
36047,Kings,Fuel Comb - Residential - Wood,2104008100,Toluene,0.0422842,LB
36047,Kings,Fuel Comb - Residential - Wood,2104008100,Propionaldehyde,0.0682434,LB
36005,Bronx,Fuel Comb - Residential - Wood,2104008615,Phenol,0.0,LB
36005,Bronx,Fuel Comb - Residential - Wood,2104008615,PM10 Filterable,0.0,TON
36047,Kings,Fuel Comb - Residential - Wood,2104008630,Toluene,0.0,LB
36047,Kings,Fuel Comb - Residential - Wood,2104008630,Benzene,0.0,LB
36047,Kings,Fuel Comb - Residential - Wood,2104008630,Manganese,0.0,LB
36047,Kings,Fuel Comb - Residential - Wood,2104008614,Propionaldehyde,0.0,LB
36047,Kings,Fuel Comb - Residential - Wood,2104008614,Pyrene,0.0,LB
36047,Kings,Fuel Comb - Residential - Wood,2104008614,Benzene,0.0,LB
36047,Kings,Fuel Comb - Residential - Wood,2104008614,Elemental Carbon portion of PM2.5-PRI,0.0,TON
36047,Kings,Fuel Comb - Residential - Wood,2104008614,PM10 Primary (Filt + Cond),0.0,TON
36047,Kings,Fuel Comb - Residential - Wood,2104008614,Volatile Organic Compounds,0.0,TON
36061,New York,Fuel Comb - Residential - Wood,2104008031,Benzo[b]Fluoranthene,0.001420148,LB
36061,New York,Fuel Comb - Residential - Wood,2104008031,2-Methylnaphthalene,0.039268,LB
36005,Bronx,Fuel Comb - Residential - Wood,2104008011,"1,3-Butadiene",18.6219,LB
36005,Bronx,Fuel Comb - Residential - Wood,2104008011,Phenol,83.5598,LB
36005,Bronx,Fuel Comb - Residential - Wood,2104008011,Catechol,49.6584,LB
36005,Bronx,Fuel Comb - Residential - Wood,2104008011,Acetaldehyde,271.212,LB
36005,Bronx,Fuel Comb - Residential - Wood,2104008011,Nitrate portion of PM2.5-PRI,0.000928153,TON
36047,Kings,Fuel Comb - Residential - Wood,2104008700,Cadmium,0.0,LB
36047,Kings,Fuel Comb - Residential - Wood,2104008700,1-Methylphenanthrene,0.0,LB
36047,Kings,Fuel Comb - Residential - Wood,2104008700,Fluorene,0.0,LB
36047,Kings,Fuel Comb - Residential - Wood,2104008700,Sulfate Portion of PM2.5-PRI,0.0,TON
36081,Queens,Fuel Comb - Residential - Wood,2104009000,"Indeno[1,2,3-c,d]Pyrene",0.1264128,LB
36081,Queens,Fuel Comb - Residential - Wood,2104009000,Acenaphthene,0.312314,LB
36047,Kings,Fuel Comb - Residential - Wood,2104008530,Acrolein,0.0,LB
36047,Kings,Fuel Comb - Residential - Wood,2104008530,Phenol,0.0,LB
36085,Richmond,Fuel Comb - Residential - Other,2104001000,Chlorobenzene,0.0,LB
36085,Richmond,Fuel Comb - Residential - Other,2104001000,Acetophenone,0.0,LB
36005,Bronx,Fuel Comb - Residential - Wood,2104008612,Fluoranthene,0.0,LB
36005,Bronx,Fuel Comb - Residential - Wood,2104008612,2-Methylphenanthrene,0.0,LB
36005,Bronx,Fuel Comb - Residential - Wood,2104008612,Phenanthrene,0.0,LB
36005,Bronx,Fuel Comb - Residential - Wood,2104008612,Sulfate Portion of PM2.5-PRI,0.0,TON
36047,Kings,Fuel Comb - Residential - Wood,2104008612,"Benzo(g,h,i)Fluoranthene",0.0,LB
36047,Kings,Fuel Comb - Residential - Wood,2104008612,Fluorene,0.0,LB
36047,Kings,Fuel Comb - Residential - Wood,2104008612,Carbon Monoxide,0.0,TON
36081,Queens,Fuel Comb - Residential - Wood,2104008612,Anthracene,0.0,LB
36081,Queens,Fuel Comb - Residential - Wood,2104008612,Pyrene,0.0,LB
36085,Richmond,Fuel Comb - Residential - Wood,2104008500,Volatile Organic Compounds,4.155141e-10,TON
36005,Bronx,Fuel Comb - Residential - Wood,2104008500,1-Methylphenanthrene,0.0,LB
36061,New York,Fuel Comb - Residential - Wood,2104008615,Carbon Monoxide,0.0,TON
36061,New York,Fuel Comb - Residential - Wood,2104008615,PM10 Primary (Filt + Cond),0.0,TON
36085,Richmond,Fuel Comb - Residential - Wood,2104008021,Hydroquinone,42.6576,LB
36085,Richmond,Fuel Comb - Residential - Wood,2104008021,Perylene,0.441696,LB
36085,Richmond,Fuel Comb - Residential - Wood,2104008021,Formaldehyde,2889.3,LB
36085,Richmond,Fuel Comb - Residential - Wood,2104008021,Arsenic,0.001481194,LB
36085,Richmond,Fuel Comb - Residential - Wood,2104008021,Acenaphthene,5.00978,LB
36081,Queens,Fuel Comb - Residential - Other,2104002000,Toluene,0.0,LB
36081,Queens,Fuel Comb - Residential - Other,2104002000,Pyrene,0.0,LB
36081,Queens,Fuel Comb - Residential - Other,2104002000,Benzene,0.0,LB
36081,Queens,Fuel Comb - Residential - Other,2104002000,Mercury,0.0,LB
36081,Queens,Fuel Comb - Residential - Other,2104002000,Methyl Bromide,0.0,LB
36081,Queens,Fuel Comb - Residential - Other,2104002000,Methyl Chloride,0.0,LB
36081,Queens,Fuel Comb - Residential - Other,2104002000,Dimethyl Sulfate,0.0,LB
36081,Queens,Fuel Comb - Residential - Other,2104002000,Fluorene,0.0,LB
36061,New York,Fuel Comb - Residential - Wood,2104008100,Acenaphthylene,9.06884e-09,LB
36061,New York,Fuel Comb - Residential - Wood,2104008100,1-Methylphenanthrene,1.082412e-09,LB
36061,New York,Fuel Comb - Residential - Wood,2104008100,Fluorene,2.16482e-09,LB
36061,New York,Fuel Comb - Residential - Wood,2104008100,Naphthalene,1.10679e-07,LB
36061,New York,Fuel Comb - Residential - Wood,2104008100,Nitrogen Oxides,4.610769e-10,TON
36085,Richmond,Fuel Comb - Residential - Wood,2104008615,Catechol,6.79602e-10,LB
36085,Richmond,Fuel Comb - Residential - Wood,2104008615,Mercury,4.6e-15,LB
36085,Richmond,Fuel Comb - Residential - Wood,2104008615,Elemental Carbon portion of PM2.5-PRI,2.2173e-13,TON
36085,Richmond,Fuel Comb - Residential - Wood,2104008615,Ethyl Benzene,4.9881e-11,LB
36005,Bronx,Fuel Comb - Residential - Wood,2104008530,Ethyl Benzene,0.0,LB
36005,Bronx,Fuel Comb - Residential - Wood,2104008530,PM10 Primary (Filt + Cond),0.0,TON
36005,Bronx,Fuel Comb - Residential - Wood,2104008530,Volatile Organic Compounds,0.0,TON
36085,Richmond,Fuel Comb - Residential - Wood,2104008700,Ammonia,3.772746e-10,TON
36085,Richmond,Fuel Comb - Residential - Natural Gas,2104006000,Fluoranthene,0.0395852,LB
36085,Richmond,Fuel Comb - Residential - Natural Gas,2104006000,Acetaldehyde,0.1807728,LB
36085,Richmond,Fuel Comb - Residential - Natural Gas,2104006000,Nitrate portion of PM2.5-PRI,0.0967398,TON
36081,Queens,Fuel Comb - Residential - Wood,2104008500,PM10 Primary (Filt + Cond),0.0,TON
36085,Richmond,Fuel Comb - Residential - Wood,2104008011,PM10 Filterable,3.36184,TON
36081,Queens,Fuel Comb - Residential - Wood,2104008630,Benzo[a]Pyrene,0.0,LB
36081,Queens,Fuel Comb - Residential - Wood,2104008630,Nickel,0.0,LB
36081,Queens,Fuel Comb - Residential - Wood,2104008630,o-Xylene,0.0,LB
36081,Queens,Fuel Comb - Residential - Wood,2104008630,Acetophenone,0.0,LB
36085,Richmond,Fuel Comb - Residential - Other,2104007000,Fluorene,0.000788968,LB
36061,New York,Fuel Comb - Residential - Oil,2104004000,Cadmium,28.05592,LB
36061,New York,Fuel Comb - Residential - Oil,2104004000,Carbon Monoxide,166.4448,TON
36061,New York,Fuel Comb - Residential - Oil,2104004000,Sulfur Dioxide,7.090547,TON
36081,Queens,Fuel Comb - Residential - Oil,2104004000,PM2.5 Filterable,20.7254,TON
36081,Queens,Fuel Comb - Residential - Wood,2104008011,Elemental Carbon portion of PM2.5-PRI,0.164812,TON
36081,Queens,Fuel Comb - Residential - Wood,2104008011,Sulfate Portion of PM2.5-PRI,0.0121098,TON
36081,Queens,Fuel Comb - Residential - Wood,2104008011,"Dibenzo(a,h)Anthracene",0.00978564,LB
36081,Queens,Fuel Comb - Residential - Wood,2104008011,Acetophenone,3.7531,LB
36085,Richmond,Fuel Comb - Residential - Wood,2104009000,Acenaphthene,0.697546,LB
36081,Queens,Fuel Comb - Residential - Oil,2104004000,Mercury,21.04502,LB
36085,Richmond,Fuel Comb - Residential - Wood,2104008614,Hydroquinone,9.71214e-11,LB
36085,Richmond,Fuel Comb - Residential - Wood,2104008630,PM Condensible,1.8622e-13,TON
36081,Queens,Fuel Comb - Residential - Wood,2104008611,Volatile Organic Compounds,0.0,TON
36085,Richmond,Fuel Comb - Residential - Wood,2104008031,Acenaphthylene,6.78216,LB
36047,Kings,Fuel Comb - Residential - Other,2104002000,Ethyl Benzene,0.0,LB
36047,Kings,Fuel Comb - Residential - Other,2104002000,Isophorone,0.0,LB
36047,Kings,Fuel Comb - Residential - Other,2104002000,Naphthalene,0.0,LB
36047,Kings,Fuel Comb - Residential - Other,2104002000,PM Condensible,0.0,TON
36005,Bronx,Fuel Comb - Residential - Wood,2104008630,Propionaldehyde,0.0,LB
36061,New York,Fuel Comb - Residential - Wood,2104008011,Toluene,1.303784,LB
36061,New York,Fuel Comb - Residential - Wood,2104008011,"Indeno[1,2,3-c,d]Pyrene",0.000873344,LB
36081,Queens,Fuel Comb - Residential - Wood,2104008021,Propionaldehyde,529.514,LB
36047,Kings,Fuel Comb - Residential - Oil,2104011000,Anthracene,0.001917642,LB
36047,Kings,Fuel Comb - Residential - Oil,2104011000,"Benzo[g,h,i,]Perylene",0.00352536,LB
36047,Kings,Fuel Comb - Residential - Oil,2104011000,Beryllium,0.6585842,LB
36047,Kings,Fuel Comb - Residential - Oil,2104011000,Nitrogen Oxides,14.12082,TON
36047,Kings,Fuel Comb - Residential - Wood,2104009000,Organic Carbon portion of PM2.5-PRI,1.69967,TON
36081,Queens,Fuel Comb - Residential - Wood,2104008500,Acenaphthylene,0.0,LB
36085,Richmond,Fuel Comb - Residential - Wood,2104008011,Manganese,0.03282941,LB
36061,New York,Fuel Comb - Residential - Wood,2104008530,m-Xylene,0.0,LB
36061,New York,Fuel Comb - Residential - Wood,2104008530,Fluorene,0.0,LB
36061,New York,Fuel Comb - Residential - Wood,2104008630,o-Xylene,0.0,LB
36061,New York,Fuel Comb - Residential - Wood,2104008630,PM2.5 Primary (Filt + Cond),0.0,TON
36085,Richmond,Fuel Comb - Residential - Wood,2104008630,Sulfur Dioxide,7.3715e-13,TON
36085,Richmond,Fuel Comb - Residential - Wood,2104008630,Volatile Organic Compounds,8.43122e-12,TON
36085,Richmond,Fuel Comb - Residential - Wood,2104008630,Acrolein,7.72696e-11,LB
36081,Queens,Fuel Comb - Residential - Wood,2104008611,Acetophenone,0.0,LB
36081,Queens,Fuel Comb - Residential - Wood,2104008611,Nitrogen Oxides,0.0,TON
36085,Richmond,Fuel Comb - Residential - Wood,2104008031,Ethyl Benzene,8.35008,LB
36085,Richmond,Fuel Comb - Residential - Wood,2104008031,Naphthalene,82.7714,LB
36085,Richmond,Fuel Comb - Residential - Wood,2104008031,Organic Carbon portion of PM2.5-PRI,0.452935,TON
36085,Richmond,Fuel Comb - Residential - Wood,2104008031,Sulfate Portion of PM2.5-PRI,0.00351578,TON
36047,Kings,Fuel Comb - Residential - Other,2104002000,PM10 Filterable,0.0,TON
36047,Kings,Fuel Comb - Residential - Other,2104002000,Volatile Organic Compounds,0.0,TON
36005,Bronx,Fuel Comb - Residential - Wood,2104008630,Phenanthrene,0.0,LB
36005,Bronx,Fuel Comb - Residential - Wood,2104008630,Fluorene,0.0,LB
36005,Bronx,Fuel Comb - Residential - Wood,2104008630,Elemental Carbon portion of PM2.5-PRI,0.0,TON
36061,New York,Fuel Comb - Residential - Wood,2104008011,m-Xylene,0.495108,LB
36061,New York,Fuel Comb - Residential - Wood,2104008011,Acenaphthylene,0.1534834,LB
36061,New York,Fuel Comb - Residential - Wood,2104008011,Chrysene,0.00101034,LB
36061,New York,Fuel Comb - Residential - Wood,2104008011,Acetaldehyde,14.06106,LB
36081,Queens,Fuel Comb - Residential - Wood,2104008021,Cadmium,0.0937467,LB
36081,Queens,Fuel Comb - Residential - Wood,2104008021,Phenanthrene,32.6014,LB
36081,Queens,Fuel Comb - Residential - Wood,2104008021,Elemental Carbon portion of PM2.5-PRI,0.425756,TON
36081,Queens,Fuel Comb - Residential - Wood,2104008021,Nitrogen Oxides,0.5437891,TON
36047,Kings,Fuel Comb - Residential - Oil,2104011000,Chrysene,0.00374618,LB
36047,Kings,Fuel Comb - Residential - Oil,2104011000,"Dibenzo(a,h)Anthracene",0.00264596,LB
36047,Kings,Fuel Comb - Residential - Oil,2104011000,Carbon Monoxide,3.92245,TON
36061,New York,Fuel Comb - Residential - Other,2104001000,Styrene,0.0,LB
36061,New York,Fuel Comb - Residential - Other,2104001000,Pyrene,0.0,LB
36061,New York,Fuel Comb - Residential - Other,2104001000,Carbon Disulfide,0.0,LB
36081,Queens,Fuel Comb - Residential - Wood,2104008700,Benzo[a]Pyrene,0.0,LB
36081,Queens,Fuel Comb - Residential - Wood,2104008700,Mercury,0.0,LB
36085,Richmond,Fuel Comb - Residential - Other,2104002000,Tetrachloroethylene,0.0,LB
36085,Richmond,Fuel Comb - Residential - Other,2104002000,Methylene Chloride,0.0,LB
36085,Richmond,Fuel Comb - Residential - Other,2104002000,Fluorene,0.0,LB
36061,New York,Fuel Comb - Residential - Wood,2104008614,Manganese,0.0,LB
36061,New York,Fuel Comb - Residential - Wood,2104008614,Mercury,0.0,LB
36061,New York,Fuel Comb - Residential - Wood,2104008614,PM10 Filterable,0.0,TON
36081,Queens,Fuel Comb - Residential - Other,2104001000,Formaldehyde,0.0,LB
36081,Queens,Fuel Comb - Residential - Other,2104001000,Acenaphthene,0.0,LB
36081,Queens,Fuel Comb - Residential - Other,2104001000,Volatile Organic Compounds,0.0,TON
36005,Bronx,Fuel Comb - Residential - Wood,2104008700,Toluene,0.0,LB
36005,Bronx,Fuel Comb - Residential - Wood,2104008700,Acenaphthylene,0.0,LB
36085,Richmond,Fuel Comb - Residential - Wood,2104008100,Naphthalene,150.4364,LB
36005,Bronx,Fuel Comb - Residential - Oil,2104011000,Phenanthrene,0.0293552,LB
36005,Bronx,Fuel Comb - Residential - Oil,2104011000,Naphthalene,3.1624,LB
36005,Bronx,Fuel Comb - Residential - Oil,2104011000,Nitrogen Oxides,25.05855,TON
36005,Bronx,Fuel Comb - Residential - Oil,2104011000,PM Condensible,1.811503,TON
36005,Bronx,Fuel Comb - Residential - Oil,2104011000,PM10 Filterable,1.502138,TON
36085,Richmond,Fuel Comb - Residential - Wood,2104008100,Phenol,347.926,LB
36085,Richmond,Fuel Comb - Residential - Wood,2104008100,Propionaldehyde,168.9924,LB
36005,Bronx,Fuel Comb - Residential - Wood,2104008021,Hydroquinone,5.90714,LB
36005,Bronx,Fuel Comb - Residential - Wood,2104008021,Lead,0.06967702,LB
36005,Bronx,Fuel Comb - Residential - Other,2104001000,Toluene,0.0,LB
36005,Bronx,Fuel Comb - Residential - Other,2104001000,Mercury,0.0,LB
36005,Bronx,Fuel Comb - Residential - Other,2104001000,Arsenic,0.0,LB
36005,Bronx,Fuel Comb - Residential - Other,2104001000,Hydrogen Fluoride,0.0,LB
36005,Bronx,Fuel Comb - Residential - Other,2104001000,Nitrate portion of PM2.5-PRI,0.0,TON
36005,Bronx,Fuel Comb - Residential - Other,2104001000,Sulfur Dioxide,0.0,TON
36085,Richmond,Fuel Comb - Residential - Wood,2104008530,Catechol,4.78336e-10,LB
36085,Richmond,Fuel Comb - Residential - Wood,2104008530,Benzene,5.87188e-10,LB
36085,Richmond,Fuel Comb - Residential - Wood,2104008530,Acenaphthene,3.09692e-12,LB
36085,Richmond,Fuel Comb - Residential - Wood,2104008530,Ammonia,8.6385e-13,TON
36085,Richmond,Fuel Comb - Residential - Wood,2104008530,Nitrate portion of PM2.5-PRI,9.41e-15,TON
36085,Richmond,Fuel Comb - Residential - Wood,2104008530,PM10 Primary (Filt + Cond),4.95276e-12,TON
36085,Richmond,Fuel Comb - Residential - Wood,2104008530,PM2.5 Filterable,4.71998e-12,TON
36005,Bronx,Fuel Comb - Residential - Natural Gas,2104006000,PM10 Filterable,2.466204,TON
36081,Queens,Fuel Comb - Residential - Wood,2104008100,Cadmium,0.004497346,LB
36081,Queens,Fuel Comb - Residential - Wood,2104008100,Acenaphthene,0.0739568,LB
36081,Queens,Fuel Comb - Residential - Wood,2104008100,2-Methylnaphthalene,0.549184,LB
36047,Kings,Fuel Comb - Residential - Wood,2104008021,Acrolein,21.074,LB
36047,Kings,Fuel Comb - Residential - Wood,2104008021,Cresol/Cresylic Acid (Mixed Isomers),157.085,LB
36047,Kings,Fuel Comb - Residential - Wood,2104008021,Benzo[e]Pyrene,0.225866,LB
36047,Kings,Fuel Comb - Residential - Wood,2104008021,Manganese,0.01660685,LB
36081,Queens,Fuel Comb - Residential - Wood,2104008530,Acrolein,0.0,LB
36081,Queens,Fuel Comb - Residential - Wood,2104008530,m-Xylene,0.0,LB
36081,Queens,Fuel Comb - Residential - Wood,2104008530,Cresol/Cresylic Acid (Mixed Isomers),0.0,LB
36081,Queens,Fuel Comb - Residential - Wood,2104008530,Acenaphthylene,0.0,LB
36081,Queens,Fuel Comb - Residential - Wood,2104008530,Acetaldehyde,0.0,LB
36081,Queens,Fuel Comb - Residential - Wood,2104008530,1-Methylphenanthrene,0.0,LB
36081,Queens,Fuel Comb - Residential - Wood,2104008530,Ammonia,0.0,TON
36047,Kings,Fuel Comb - Residential - Wood,2104008611,Hydroquinone,0.0,LB
36047,Kings,Fuel Comb - Residential - Wood,2104008611,Nitrate portion of PM2.5-PRI,0.0,TON
36047,Kings,Fuel Comb - Residential - Wood,2104008611,PM2.5 Primary (Filt + Cond),0.0,TON
36047,Kings,Fuel Comb - Residential - Wood,2104008500,Pyrene,0.0,LB
36047,Kings,Fuel Comb - Residential - Wood,2104008500,Ammonia,0.0,TON
36005,Bronx,Fuel Comb - Residential - Wood,2104008031,Arsenic,0.0001063305,LB
36061,New York,Fuel Comb - Residential - Other,2104002000,2-Chloroacetophenone,0.0,LB
36061,New York,Fuel Comb - Residential - Other,2104002000,PM10 Primary (Filt + Cond),0.0,TON
36005,Bronx,Fuel Comb - Residential - Wood,2104008400,2-Methylphenanthrene,0.0,LB
36005,Bronx,Fuel Comb - Residential - Wood,2104008400,Cadmium,0.0,LB
36005,Bronx,Fuel Comb - Residential - Wood,2104008400,Elemental Carbon portion of PM2.5-PRI,0.0,TON
36005,Bronx,Fuel Comb - Residential - Wood,2104008400,PM10 Filterable,0.0,TON
36047,Kings,Fuel Comb - Residential - Wood,2104008615,Cadmium,0.0,LB
36047,Kings,Fuel Comb - Residential - Wood,2104008615,Nitrate portion of PM2.5-PRI,0.0,TON
36047,Kings,Fuel Comb - Residential - Wood,2104008615,PM2.5 Filterable,0.0,TON
36047,Kings,Fuel Comb - Residential - Wood,2104008011,Lead,0.0245262,LB
36047,Kings,Fuel Comb - Residential - Wood,2104008011,Carbon Monoxide,2.848278,TON
36047,Kings,Fuel Comb - Residential - Wood,2104008011,Nitrate portion of PM2.5-PRI,0.000904018,TON
36047,Kings,Fuel Comb - Residential - Wood,2104008011,PM10 Primary (Filt + Cond),0.4757992,TON
36047,Kings,Fuel Comb - Residential - Wood,2104008011,Remaining PMFINE portion of PM2.5-PRI,0.195091,TON
36061,New York,Fuel Comb - Residential - Other,2104007000,Fluorene,0.00286486,LB
36061,New York,Fuel Comb - Residential - Other,2104007000,PM Condensible,0.1554865,TON
36061,New York,Fuel Comb - Residential - Other,2104007000,PM10 Filterable,0.09794422,TON
36005,Bronx,Fuel Comb - Residential - Oil,2104004000,Fluoranthene,0.346294,LB
36005,Bronx,Fuel Comb - Residential - Oil,2104004000,Acenaphthylene,0.01810178,LB
36005,Bronx,Fuel Comb - Residential - Oil,2104004000,Beryllium,30.15054,LB
36005,Bronx,Fuel Comb - Residential - Oil,2104004000,Fluorene,0.319822,LB
36005,Bronx,Fuel Comb - Residential - Oil,2104004000,PM Condensible,46.50652,TON
36061,New York,Fuel Comb - Residential - Wood,2104008612,Catechol,0.0,LB
36061,New York,Fuel Comb - Residential - Wood,2104008612,Propionaldehyde,0.0,LB
36061,New York,Fuel Comb - Residential - Wood,2104008612,"Benzo(g,h,i)Fluoranthene",0.0,LB
36061,New York,Fuel Comb - Residential - Wood,2104008612,Acetaldehyde,0.0,LB
36061,New York,Fuel Comb - Residential - Wood,2104008612,Elemental Carbon portion of PM2.5-PRI,0.0,TON
36085,Richmond,Fuel Comb - Residential - Wood,2104008612,Formaldehyde,5.07524e-09,LB
36085,Richmond,Fuel Comb - Residential - Wood,2104008612,Cadmium,2.5416e-13,LB
36085,Richmond,Fuel Comb - Residential - Wood,2104008400,PM10 Primary (Filt + Cond),0.0,TON
36085,Richmond,Fuel Comb - Residential - Wood,2104008400,Anthracene,0.0,LB
36085,Richmond,Fuel Comb - Residential - Wood,2104008400,Cresol/Cresylic Acid (Mixed Isomers),0.0,LB
36005,Bronx,Fuel Comb - Residential - Wood,2104008614,Benzene,0.0,LB
36005,Bronx,Fuel Comb - Residential - Wood,2104008614,Naphthalene,0.0,LB
36005,Bronx,Fuel Comb - Residential - Wood,2104009000,Anthracene,0.276026,LB
36005,Bronx,Fuel Comb - Residential - Wood,2104009000,Phenanthrene,2.05116,LB
36081,Queens,Fuel Comb - Residential - Wood,2104008614,Acenaphthylene,0.0,LB
36081,Queens,Fuel Comb - Residential - Wood,2104008614,Manganese,0.0,LB
36081,Queens,Fuel Comb - Residential - Wood,2104008614,Ammonia,0.0,TON
36081,Queens,Fuel Comb - Residential - Wood,2104008614,PM Condensible,0.0,TON
36081,Queens,Fuel Comb - Residential - Natural Gas,2104006000,Organic Carbon portion of PM2.5-PRI,5.88708,TON
36061,New York,Fuel Comb - Residential - Wood,2104008700,Fluorene,0.0,LB
36061,New York,Fuel Comb - Residential - Wood,2104008700,Organic Carbon portion of PM2.5-PRI,0.0,TON
36061,New York,Fuel Comb - Residential - Wood,2104008700,Sulfate Portion of PM2.5-PRI,0.0,TON
36061,New York,Fuel Comb - Residential - Wood,2104008700,m-Xylene,0.0,LB
36047,Kings,Fuel Comb - Residential - Other,2104001000,Hydrogen Fluoride,0.0,LB
36047,Kings,Fuel Comb - Residential - Other,2104001000,Naphthalene,0.0,LB
36047,Kings,Fuel Comb - Residential - Other,2104001000,Ammonia,0.0,TON
36047,Kings,Fuel Comb - Residential - Other,2104001000,PM2.5 Primary (Filt + Cond),0.0,TON
36047,Kings,Fuel Comb - Residential - Other,2104001000,Sulfate Portion of PM2.5-PRI,0.0,TON
36047,Kings,Fuel Comb - Residential - Other,2104001000,Pyrene,0.0,LB
36081,Queens,Fuel Comb - Residential - Wood,2104008031,Arsenic,0.0006429035,LB
36081,Queens,Fuel Comb - Residential - Wood,2104008031,Elemental Carbon portion of PM2.5-PRI,0.0400628,TON
36081,Queens,Fuel Comb - Residential - Wood,2104008031,PM2.5 Filterable,0.6842269,TON
36081,Queens,Fuel Comb - Residential - Other,2104007000,Elemental Carbon portion of PM2.5-PRI,0.0232403,TON
36047,Kings,Fuel Comb - Residential - Oil,2104004000,"Benzo[g,h,i,]Perylene",0.0911198,LB
36005,Bronx,Fuel Comb - Residential - Wood,2104008100,Phenanthrene,0.00485706,LB
36047,Kings,Fuel Comb - Residential - Wood,2104008031,Organic Carbon portion of PM2.5-PRI,0.0610907,TON
36061,New York,Fuel Comb - Residential - Oil,2104011000,Chrysene,0.00618606,LB
36061,New York,Fuel Comb - Residential - Oil,2104011000,Benzene,0.545678,LB
36061,New York,Fuel Comb - Residential - Oil,2104011000,PM10 Primary (Filt + Cond),3.083437,TON
36047,Kings,Fuel Comb - Residential - Natural Gas,2104006000,Nitrate portion of PM2.5-PRI,0.494831,TON
36061,New York,Fuel Comb - Residential - Wood,2104009000,Sulfate Portion of PM2.5-PRI,0.0,TON
36047,Kings,Fuel Comb - Residential - Wood,2104008031,Mercury,0.0001368738,LB
36047,Kings,Fuel Comb - Residential - Wood,2104008400,Acrolein,0.0,LB
36047,Kings,Fuel Comb - Residential - Wood,2104008400,Mercury,0.0,LB
36047,Kings,Fuel Comb - Residential - Wood,2104008400,1-Methylnaphthalene,0.0,LB
36047,Kings,Fuel Comb - Residential - Wood,2104008400,Ethyl Benzene,0.0,LB
36061,New York,Fuel Comb - Residential - Wood,2104008021,Manganese,0.000883975,LB
36061,New York,Fuel Comb - Residential - Wood,2104008021,Ammonia,0.002425476,TON
36061,New York,Fuel Comb - Residential - Wood,2104008021,Nitrogen Oxides,0.004662865,TON
36061,New York,Fuel Comb - Residential - Wood,2104008021,Organic Carbon portion of PM2.5-PRI,0.0345579,TON
36061,New York,Fuel Comb - Residential - Wood,2104008021,Volatile Organic Compounds,0.1224002,TON
36085,Richmond,Fuel Comb - Residential - Wood,2104008611,Anthracene,1.787034e-09,LB
36085,Richmond,Fuel Comb - Residential - Wood,2104008611,Nickel,1.16384e-12,LB
36085,Richmond,Fuel Comb - Residential - Wood,2104008611,Fluorene,2.30652e-09,LB
36085,Richmond,Fuel Comb - Residential - Wood,2104008611,1-Methylnaphthalene,5.50656e-09,LB
36085,Richmond,Fuel Comb - Residential - Wood,2104008611,PM10 Filterable,3.231544e-09,TON
36005,Bronx,Fuel Comb - Residential - Wood,2104008611,Acenaphthylene,0.0,LB
36005,Bronx,Fuel Comb - Residential - Wood,2104008611,1-Methylphenanthrene,0.0,LB
36005,Bronx,Fuel Comb - Residential - Wood,2104008611,Organic Carbon portion of PM2.5-PRI,0.0,TON
36061,New York,Fuel Comb - Residential - Wood,2104008611,Propionaldehyde,0.0,LB
36061,New York,Fuel Comb - Residential - Wood,2104008611,Formaldehyde,0.0,LB
36061,New York,Fuel Comb - Residential - Wood,2104008611,Cadmium,0.0,LB
36061,New York,Fuel Comb - Residential - Wood,2104008611,Phenanthrene,0.0,LB
36061,New York,Fuel Comb - Residential - Wood,2104008400,PM Condensible,0.0,TON
36061,New York,Fuel Comb - Residential - Wood,2104008400,PM10 Primary (Filt + Cond),0.0,TON
36005,Bronx,Fuel Comb - Residential - Other,2104007000,PM2.5 Filterable,0.04941661,TON
36085,Richmond,Fuel Comb - Residential - Oil,2104004000,Pyrene,0.01723448,LB
36085,Richmond,Fuel Comb - Residential - Oil,2104004000,Manganese,3.417698,LB
36085,Richmond,Fuel Comb - Residential - Oil,2104004000,Selenium,8.544246,LB
36061,New York,Fuel Comb - Residential - Natural Gas,2104006000,Elemental Carbon portion of PM2.5-PRI,0.495758,TON
36061,New York,Fuel Comb - Residential - Natural Gas,2104006000,Sulfate Portion of PM2.5-PRI,0.932322,TON
36081,Queens,Fuel Comb - Residential - Oil,2104011000,Arsenic,1.094076,LB
36061,New York,Fuel Comb - Residential - Wood,2104008500,Sulfate Portion of PM2.5-PRI,0.0,TON
36005,Bronx,Fuel Comb - Residential - Other,2104002000,Propionaldehyde,0.0,LB
36081,Queens,Fuel Comb - Residential - Wood,2104008400,Ethyl Benzene,0.0,LB
36081,Queens,Fuel Comb - Residential - Wood,2104008400,"1,3-Butadiene",0.0,LB
36081,Queens,Fuel Comb - Residential - Wood,2104008400,Pyrene,0.0,LB
36081,Queens,Fuel Comb - Residential - Wood,2104008400,Organic Carbon portion of PM2.5-PRI,0.0,TON
36005,Bronx,Fuel Comb - Residential - Other,2104002000,Fluoranthene,0.0,LB
36005,Bronx,Fuel Comb - Residential - Other,2104002000,Benzene,0.0,LB
36005,Bronx,Fuel Comb - Residential - Other,2104002000,Acetaldehyde,0.0,LB
36005,Bronx,Fuel Comb - Residential - Other,2104002000,Carbon Disulfide,0.0,LB
36005,Bronx,Fuel Comb - Residential - Other,2104002000,Methyl Methacrylate,0.0,LB
36005,Bronx,Fuel Comb - Residential - Other,2104002000,PM10 Filterable,0.0,TON
36005,Bronx,Fuel Comb - Residential - Other,2104002000,Remaining PMFINE portion of PM2.5-PRI,0.0,TON
36047,Kings,Fuel Comb - Residential - Wood,2104008100,Carbon Monoxide,0.01450334,TON
36047,Kings,Fuel Comb - Residential - Wood,2104008100,PM10 Primary (Filt + Cond),0.002297173,TON
36047,Kings,Fuel Comb - Residential - Wood,2104008100,Volatile Organic Compounds,0.001839685,TON
36047,Kings,Fuel Comb - Residential - Wood,2104008100,Fluoranthene,0.000816246,LB
36005,Bronx,Fuel Comb - Residential - Wood,2104008615,Anthracene,0.0,LB
36005,Bronx,Fuel Comb - Residential - Wood,2104008615,Manganese,0.0,LB
36005,Bronx,Fuel Comb - Residential - Wood,2104008615,Mercury,0.0,LB
36047,Kings,Fuel Comb - Residential - Wood,2104008630,Anthracene,0.0,LB
36047,Kings,Fuel Comb - Residential - Wood,2104008630,"Benzo(g,h,i)Fluoranthene",0.0,LB
36047,Kings,Fuel Comb - Residential - Wood,2104008630,Nickel,0.0,LB
36047,Kings,Fuel Comb - Residential - Wood,2104008630,PM2.5 Primary (Filt + Cond),0.0,TON
36047,Kings,Fuel Comb - Residential - Wood,2104008630,Remaining PMFINE portion of PM2.5-PRI,0.0,TON
36047,Kings,Fuel Comb - Residential - Wood,2104008614,Ethyl Benzene,0.0,LB
36047,Kings,Fuel Comb - Residential - Wood,2104008614,Toluene,0.0,LB
36061,New York,Fuel Comb - Residential - Wood,2104008031,"1,3-Butadiene",0.30629,LB
36047,Kings,Fuel Comb - Residential - Wood,2104008614,Phenol,0.0,LB
36047,Kings,Fuel Comb - Residential - Wood,2104008614,Nickel,0.0,LB
36047,Kings,Fuel Comb - Residential - Wood,2104008614,Acetophenone,0.0,LB
36061,New York,Fuel Comb - Residential - Wood,2104008031,"Benzo[g,h,i,]Perylene",0.000483046,LB
36061,New York,Fuel Comb - Residential - Wood,2104008031,Perylene,0.000373552,LB
36061,New York,Fuel Comb - Residential - Wood,2104008031,PM10 Primary (Filt + Cond),0.006156438,TON
36005,Bronx,Fuel Comb - Residential - Wood,2104008011,Toluene,25.1476,LB
36005,Bronx,Fuel Comb - Residential - Wood,2104008011,"Indeno[1,2,3-c,d]Pyrene",0.01684516,LB
36005,Bronx,Fuel Comb - Residential - Wood,2104008011,Fluoranthene,0.485444,LB
36005,Bronx,Fuel Comb - Residential - Wood,2104008011,Methylchrysene,0.00241118,LB
36005,Bronx,Fuel Comb - Residential - Wood,2104008011,Lead,0.02518098,LB
36005,Bronx,Fuel Comb - Residential - Wood,2104008011,Arsenic,4.659276e-05,LB
36005,Bronx,Fuel Comb - Residential - Wood,2104008011,Organic Carbon portion of PM2.5-PRI,0.258027,TON
36005,Bronx,Fuel Comb - Residential - Wood,2104008011,PM2.5 Primary (Filt + Cond),0.4885017,TON
36047,Kings,Fuel Comb - Residential - Wood,2104008700,Nickel,0.0,LB
36047,Kings,Fuel Comb - Residential - Wood,2104008530,Pyrene,0.0,LB
36047,Kings,Fuel Comb - Residential - Wood,2104008530,Formaldehyde,0.0,LB
36047,Kings,Fuel Comb - Residential - Wood,2104008530,Fluorene,0.0,LB
36085,Richmond,Fuel Comb - Residential - Other,2104001000,Nickel,0.0,LB
36005,Bronx,Fuel Comb - Residential - Wood,2104008612,Acenaphthene,0.0,LB
36047,Kings,Fuel Comb - Residential - Wood,2104008612,Nitrogen Oxides,0.0,TON
36005,Bronx,Fuel Comb - Residential - Wood,2104008612,"1,3-Butadiene",0.0,LB
36081,Queens,Fuel Comb - Residential - Wood,2104008612,Acetaldehyde,0.0,LB
36085,Richmond,Fuel Comb - Residential - Wood,2104008500,Cresol/Cresylic Acid (Mixed Isomers),2.83852e-08,LB
36085,Richmond,Fuel Comb - Residential - Wood,2104008500,Fluoranthene,1.843584e-10,LB
36085,Richmond,Fuel Comb - Residential - Wood,2104008500,o-Xylene,1.094062e-09,LB
