"","county","n","year"
"1","05001",18,2018
"2","05003",4,2018
"3","05005",23,2018
"4","05007",249,2018
"5","05009",8,2018
"6","05011",2,2018
"7","05013",1,2018
"8","05015",13,2018
"9","05017",1,2018
"10","05019",7,2018
"11","05021",7,2018
"12","05023",14,2018
"13","05025",0,2018
"14","05027",0,2018
"15","05029",4,2018
"16","05031",59,2018
"17","05033",14,2018
"18","05035",5,2018
"19","05037",0,2018
"20","05039",0,2018
"21","05041",1,2018
"22","05043",4,2018
"23","05045",51,2018
"24","05047",1,2018
"25","05049",1,2018
"26","05051",54,2018
"27","05053",3,2018
"28","05055",10,2018
"29","05057",5,2018
"30","05059",20,2018
"31","05061",1,2018
"32","05063",5,2018
"33","05065",4,2018
"34","05067",3,2018
"35","05069",12,2018
"36","05071",14,2018
"37","05073",0,2018
"38","05075",3,2018
"39","05077",1,2018
"40","05079",1,2018
"41","05081",1,2018
"42","05083",7,2018
"43","05085",24,2018
"44","05087",5,2018
"45","05089",11,2018
"46","05091",12,2018
"47","05093",2,2018
"48","05095",2,2018
"49","05097",2,2018
"50","05099",0,2018
"51","05101",0,2018
"52","05103",6,2018
"53","05105",1,2018
"54","05107",2,2018
"55","05109",4,2018
"56","05111",3,2018
"57","05113",4,2018
"58","05115",17,2018
"59","05117",2,2018
"60","05119",320,2018
"61","05121",4,2018
"62","05123",2,2018
"63","05125",52,2018
"64","05127",5,2018
"65","05129",3,2018
"66","05131",66,2018
"67","05133",6,2018
"68","05135",5,2018
"69","05137",6,2018
"70","05139",9,2018
"71","05141",9,2018
"72","05143",185,2018
"73","05145",13,2018
"74","05147",1,2018
"75","05149",2,2018
"76","05001",28,2019
"77","05003",4,2019
"78","05005",18,2019
"79","05007",414,2019
"80","05009",8,2019
"81","05011",0,2019
"82","05013",4,2019
"83","05015",21,2019
"84","05017",4,2019
"85","05019",1,2019
"86","05021",5,2019
"87","05023",25,2019
"88","05025",1,2019
"89","05027",1,2019
"90","05029",4,2019
"91","05031",81,2019
"92","05033",26,2019
"93","05035",10,2019
"94","05037",3,2019
"95","05039",0,2019
"96","05041",0,2019
"97","05043",2,2019
"98","05045",79,2019
"99","05047",8,2019
"100","05049",0,2019
"101","05051",74,2019
"102","05053",4,2019
"103","05055",6,2019
"104","05057",5,2019
"105","05059",18,2019
"106","05061",1,2019
"107","05063",7,2019
"108","05065",2,2019
"109","05067",2,2019
"110","05069",17,2019
"111","05071",11,2019
"112","05073",0,2019
"113","05075",0,2019
"114","05077",0,2019
"115","05079",0,2019
"116","05081",2,2019
"117","05083",6,2019
"118","05085",34,2019
"119","05087",9,2019
"120","05089",5,2019
"121","05091",11,2019
"122","05093",2,2019
"123","05095",1,2019
"124","05097",3,2019
"125","05099",0,2019
"126","05101",1,2019
"127","05103",8,2019
"128","05105",2,2019
"129","05107",2,2019
"130","05109",9,2019
"131","05111",3,2019
"132","05113",6,2019
"133","05115",24,2019
"134","05117",8,2019
"135","05119",449,2019
"136","05121",3,2019
"137","05123",5,2019
"138","05125",63,2019
"139","05127",5,2019
"140","05129",1,2019
"141","05131",98,2019
"142","05133",2,2019
"143","05135",4,2019
"144","05137",7,2019
"145","05139",7,2019
"146","05141",8,2019
"147","05143",324,2019
"148","05145",40,2019
"149","05147",1,2019
"150","05149",4,2019
"151","05001",31,2020
"152","05003",4,2020
"153","05005",25,2020
"154","05007",634,2020
"155","05009",10,2020
"156","05011",1,2020
"157","05013",5,2020
"158","05015",30,2020
"159","05017",5,2020
"160","05019",4,2020
"161","05021",6,2020
"162","05023",27,2020
"163","05025",1,2020
"164","05027",3,2020
"165","05029",7,2020
"166","05031",115,2020
"167","05033",35,2020
"168","05035",14,2020
"169","05037",3,2020
"170","05039",2,2020
"171","05041",2,2020
"172","05043",2,2020
"173","05045",134,2020
"174","05047",7,2020
"175","05049",3,2020
"176","05051",97,2020
"177","05053",2,2020
"178","05055",9,2020
"179","05057",3,2020
"180","05059",11,2020
"181","05061",2,2020
"182","05063",16,2020
"183","05065",4,2020
"184","05067",0,2020
"185","05069",16,2020
"186","05071",12,2020
"187","05073",0,2020
"188","05075",0,2020
"189","05077",1,2020
"190","05079",0,2020
"191","05081",2,2020
"192","05083",15,2020
"193","05085",53,2020
"194","05087",10,2020
"195","05089",7,2020
"196","05091",10,2020
"197","05093",5,2020
"198","05095",1,2020
"199","05097",5,2020
"200","05099",0,2020
"201","05101",2,2020
"202","05103",11,2020
"203","05105",3,2020
"204","05107",7,2020
"205","05109",7,2020
"206","05111",4,2020
"207","05113",9,2020
"208","05115",29,2020
"209","05117",2,2020
"210","05119",648,2020
"211","05121",3,2020
"212","05123",6,2020
"213","05125",114,2020
"214","05127",3,2020
"215","05129",0,2020
"216","05131",125,2020
"217","05133",1,2020
"218","05135",7,2020
"219","05137",12,2020
"220","05139",10,2020
"221","05141",1,2020
"222","05143",442,2020
"223","05145",69,2020
"224","05147",4,2020
"225","05149",8,2020
"226","05001",47,2021
"227","05003",11,2021
"228","05005",62,2021
"229","05007",1123,2021
"230","05009",18,2021
"231","05011",3,2021
"232","05013",2,2021
"233","05015",43,2021
"234","05017",4,2021
"235","05019",14,2021
"236","05021",11,2021
"237","05023",36,2021
"238","05025",2,2021
"239","05027",4,2021
"240","05029",10,2021
"241","05031",181,2021
"242","05033",60,2021
"243","05035",24,2021
"244","05037",3,2021
"245","05039",1,2021
"246","05041",4,2021
"247","05043",5,2021
"248","05045",239,2021
"249","05047",8,2021
"250","05049",2,2021
"251","05051",157,2021
"252","05053",5,2021
"253","05055",37,2021
"254","05057",8,2021
"255","05059",25,2021
"256","05061",1,2021
"257","05063",33,2021
"258","05065",10,2021
"259","05067",3,2021
"260","05069",30,2021
"261","05071",35,2021
"262","05073",1,2021
"263","05075",4,2021
"264","05077",3,2021
"265","05079",1,2021
"266","05081",4,2021
"267","05083",12,2021
"268","05085",85,2021
"269","05087",12,2021
"270","05089",14,2021
"271","05091",19,2021
"272","05093",15,2021
"273","05095",2,2021
"274","05097",7,2021
"275","05099",1,2021
"276","05101",5,2021
"277","05103",18,2021
"278","05105",4,2021
"279","05107",7,2021
"280","05109",7,2021
"281","05111",5,2021
"282","05113",13,2021
"283","05115",46,2021
"284","05117",2,2021
"285","05119",1115,2021
"286","05121",6,2021
"287","05123",6,2021
"288","05125",221,2021
"289","05127",2,2021
"290","05129",3,2021
"291","05131",202,2021
"292","05133",9,2021
"293","05135",12,2021
"294","05137",10,2021
"295","05139",23,2021
"296","05141",3,2021
"297","05143",682,2021
"298","05145",85,2021
"299","05147",4,2021
"300","05149",23,2021
"301","05001",60,2022
"302","05003",9,2022
"303","05005",74,2022
"304","05007",1746,2022
"305","05009",23,2022
"306","05011",1,2022
"307","05013",6,2022
"308","05015",52,2022
"309","05017",2,2022
"310","05019",14,2022
"311","05021",15,2022
"312","05023",47,2022
"313","05025",2,2022
"314","05027",4,2022
"315","05029",11,2022
"316","05031",257,2022
"317","05033",89,2022
"318","05035",35,2022
"319","05037",5,2022
"320","05039",6,2022
"321","05041",7,2022
"322","05043",3,2022
"323","05045",353,2022
"324","05047",19,2022
"325","05049",4,2022
"326","05051",198,2022
"327","05053",13,2022
"328","05055",54,2022
"329","05057",9,2022
"330","05059",31,2022
"331","05061",1,2022
"332","05063",57,2022
"333","05065",9,2022
"334","05067",6,2022
"335","05069",36,2022
"336","05071",23,2022
"337","05073",2,2022
"338","05075",10,2022
"339","05077",7,2022
"340","05079",0,2022
"341","05081",7,2022
"342","05083",13,2022
"343","05085",141,2022
"344","05087",12,2022
"345","05089",19,2022
"346","05091",30,2022
"347","05093",21,2022
"348","05095",1,2022
"349","05097",7,2022
"350","05099",2,2022
"351","05101",4,2022
"352","05103",24,2022
"353","05105",3,2022
"354","05107",7,2022
"355","05109",11,2022
"356","05111",3,2022
"357","05113",16,2022
"358","05115",65,2022
"359","05117",6,2022
"360","05119",1602,2022
"361","05121",6,2022
"362","05123",5,2022
"363","05125",304,2022
"364","05127",5,2022
"365","05129",2,2022
"366","05131",265,2022
"367","05133",6,2022
"368","05135",6,2022
"369","05137",15,2022
"370","05139",25,2022
"371","05141",15,2022
"372","05143",1003,2022
"373","05145",103,2022
"374","05147",5,2022
"375","05149",40,2022
"376","05001",57,2023
"377","05003",5,2023
"378","05005",89,2023
"379","05007",2636,2023
"380","05009",40,2023
"381","05011",1,2023
"382","05013",1,2023
"383","05015",54,2023
"384","05017",2,2023
"385","05019",25,2023
"386","05021",13,2023
"387","05023",44,2023
"388","05025",2,2023
"389","05027",11,2023
"390","05029",16,2023
"391","05031",285,2023
"392","05033",112,2023
"393","05035",48,2023
"394","05037",8,2023
"395","05039",4,2023
"396","05041",8,2023
"397","05043",5,2023
"398","05045",458,2023
"399","05047",15,2023
"400","05049",7,2023
"401","05051",264,2023
"402","05053",20,2023
"403","05055",62,2023
"404","05057",14,2023
"405","05059",31,2023
"406","05061",5,2023
"407","05063",68,2023
"408","05065",11,2023
"409","05067",12,2023
"410","05069",55,2023
"411","05071",22,2023
"412","05073",0,2023
"413","05075",6,2023
"414","05077",9,2023
"415","05079",3,2023
"416","05081",8,2023
"417","05083",17,2023
"418","05085",177,2023
"419","05087",22,2023
"420","05089",32,2023
"421","05091",39,2023
"422","05093",26,2023
"423","05095",4,2023
"424","05097",11,2023
"425","05099",2,2023
"426","05101",6,2023
"427","05103",34,2023
"428","05105",5,2023
"429","05107",12,2023
"430","05109",6,2023
"431","05111",6,2023
"432","05113",22,2023
"433","05115",93,2023
"434","05117",5,2023
"435","05119",2092,2023
"436","05121",10,2023
"437","05123",8,2023
"438","05125",399,2023
"439","05127",2,2023
"440","05129",7,2023
"441","05131",339,2023
"442","05133",10,2023
"443","05135",11,2023
"444","05137",12,2023
"445","05139",30,2023
"446","05141",16,2023
"447","05143",1413,2023
"448","05145",157,2023
"449","05147",7,2023
"450","05149",29,2023
"451","04001",4,2018
"452","04003",14,2018
"453","04005",70,2018
"454","04007",12,2018
"455","04009",3,2018
"456","04011",1,2018
"457","04012",1,2018
"458","04013",4014,2018
"459","04015",28,2018
"460","04017",12,2018
"461","04019",271,2018
"462","04021",107,2018
"463","04023",9,2018
"464","04025",75,2018
"465","04027",20,2018
"466","49051",44,2018
"467","06009",95,2018
"468","48085",1482,2018
"469","04001",6,2019
"470","04003",32,2019
"471","04005",136,2019
"472","04007",19,2019
"473","04009",8,2019
"474","04011",1,2019
"475","04012",4,2019
"476","04013",9074,2019
"477","04015",59,2019
"478","04017",23,2019
"479","04019",603,2019
"480","04021",259,2019
"481","04023",21,2019
"482","04025",133,2019
"483","04027",44,2019
"484","49051",74,2019
"485","06009",90,2019
"486","48085",2996,2019
"487","04001",19,2020
"488","04003",114,2020
"489","04005",347,2020
"490","04007",76,2020
"491","04009",23,2020
"492","04011",4,2020
"493","04012",24,2020
"494","04013",24687,2020
"495","04015",232,2020
"496","04017",55,2020
"497","04019",2418,2020
"498","04021",941,2020
"499","04023",83,2020
"500","04025",449,2020
"501","04027",141,2020
"502","49051",133,2020
"503","06009",121,2020
"504","48085",4508,2020
"505","04001",35,2021
"506","04003",186,2021
"507","04005",533,2021
"508","04007",101,2021
"509","04009",38,2021
"510","04011",6,2021
"511","04012",33,2021
"512","04013",35986,2021
"513","04015",403,2021
"514","04017",108,2021
"515","04019",3651,2021
"516","04021",1487,2021
"517","04023",143,2021
"518","04025",741,2021
"519","04027",250,2021
"520","49051",258,2021
"521","06009",196,2021
"522","48085",7552,2021
"523","04001",57,2022
"524","04003",288,2022
"525","04005",735,2022
"526","04007",159,2022
"527","04009",46,2022
"528","04011",8,2022
"529","04012",46,2022
"530","04013",51142,2022
"531","04015",669,2022
"532","04017",154,2022
"533","04019",5128,2022
"534","04021",2289,2022
"535","04023",231,2022
"536","04025",1079,2022
"537","04027",389,2022
"538","49051",437,2022
"539","06009",310,2022
"540","48085",11994,2022
"541","04001",76,2023
"542","04003",408,2023
"543","04005",1058,2023
"544","04007",215,2023
"545","04009",58,2023
"546","04011",13,2023
"547","04012",63,2023
"548","04013",75363,2023
"549","04015",959,2023
"550","04017",198,2023
"551","04019",7657,2023
"552","04021",3410,2023
"553","04023",357,2023
"554","04025",1462,2023
"555","04027",580,2023
"556","49051",639,2023
"557","06009",460,2023
"558","48085",19637,2023
"559","06001",16999,2018
"560","06005",42,2018
"561","06007",252,2018
"562","06011",25,2018
"563","06013",10817,2018
"564","06015",25,2018
"565","06017",799,2018
"566","06019",2394,2018
"567","06021",11,2018
"568","06023",359,2018
"569","06025",124,2018
"570","06027",24,2018
"571","06029",1051,2018
"572","06031",270,2018
"573","06033",106,2018
"574","06035",9,2018
"575","06037",50896,2018
"576","06039",526,2018
"577","06041",3823,2018
"578","06043",27,2018
"579","06045",288,2018
"580","06047",265,2018
"581","06049",5,2018
"582","06051",34,2018
"583","06053",1105,2018
"584","06055",1173,2018
"585","06057",306,2018
"586","06059",26097,2018
"587","06061",2255,2018
"588","06063",15,2018
"589","06065",5094,2018
"590","06067",4789,2018
"591","06069",24,2018
"592","06071",3837,2018
"593","06073",19869,2018
"594","06075",6287,2018
"595","06077",1233,2018
"596","06079",1319,2018
"597","06081",10323,2018
"598","06083",1926,2018
"599","06085",34649,2018
"600","06087",2167,2018
"601","06089",222,2018
"602","06093",49,2018
"603","06095",753,2018
"604","06097",3611,2018
"605","06099",776,2018
"606","06101",91,2018
"607","06103",79,2018
"608","06105",9,2018
"609","06107",524,2018
"610","06109",74,2018
"611","06111",4423,2018
"612","06113",1005,2018
"613","06115",27,2018
"614","53011",1280,2018
"615","53033",16692,2018
"616","53053",1688,2018
"617","53055",281,2018
"618","53061",4061,2018
"619","53067",789,2018
"620","53073",607,2018
"621","06003",0,2018
"622","06091",0,2018
"623","53029",212,2018
"624","53035",609,2018
"625","53037",73,2018
"626","53063",467,2018
"627","53009",146,2018
"628","53057",411,2018
"629","53045",262,2018
"630","53077",82,2018
"631","53015",65,2018
"632","53017",61,2018
"633","53059",109,2018
"634","53065",35,2018
"635","53075",36,2018
"636","53005",229,2018
"637","53007",120,2018
"638","53039",10,2018
"639","53071",41,2018
"640","06001",23532,2019
"641","06005",53,2019
"642","06007",282,2019
"643","06011",5,2019
"644","06013",16182,2019
"645","06015",34,2019
"646","06017",1194,2019
"647","06019",2516,2019
"648","06021",14,2019
"649","06023",418,2019
"650","06025",89,2019
"651","06027",7,2019
"652","06029",1134,2019
"653","06031",242,2019
"654","06033",130,2019
"655","06035",5,2019
"656","06037",67325,2019
"657","06039",545,2019
"658","06041",5355,2019
"659","06043",32,2019
"660","06045",332,2019
"661","06047",304,2019
"662","06049",0,2019
"663","06051",40,2019
"664","06053",1548,2019
"665","06055",1730,2019
"666","06057",411,2019
"667","06059",36354,2019
"668","06061",2662,2019
"669","06063",15,2019
"670","06065",7090,2019
"671","06067",6948,2019
"672","06069",35,2019
"673","06071",5748,2019
"674","06073",25193,2019
"675","06075",8775,2019
"676","06077",1739,2019
"677","06079",1737,2019
"678","06081",15197,2019
"679","06083",2480,2019
"680","06085",46934,2019
"681","06087",2915,2019
"682","06089",281,2019
"683","06093",44,2019
"684","06095",1191,2019
"685","06097",4517,2019
"686","06099",864,2019
"687","06101",155,2019
"688","06103",113,2019
"689","06105",12,2019
"690","06107",498,2019
"691","06109",91,2019
"692","06111",6162,2019
"693","06113",1347,2019
"694","06115",50,2019
"695","53011",1696,2019
"696","53033",20554,2019
"697","53053",2216,2019
"698","53055",374,2019
"699","53061",5063,2019
"700","53067",1009,2019
"701","53073",747,2019
"702","06003",1,2019
"703","06091",4,2019
"704","53029",275,2019
"705","53035",749,2019
"706","53037",89,2019
"707","53063",610,2019
"708","53009",201,2019
"709","53057",520,2019
"710","53045",354,2019
"711","53077",116,2019
"712","53015",90,2019
"713","53017",81,2019
"714","53059",154,2019
"715","53065",50,2019
"716","53075",49,2019
"717","53005",305,2019
"718","53007",165,2019
"719","53039",13,2019
"720","53071",58,2019
"721","06001",26318,2020
"722","06005",81,2020
"723","06007",399,2020
"724","06011",13,2020
"725","06013",19495,2020
"726","06015",41,2020
"727","06017",1584,2020
"728","06019",2752,2020
"729","06021",23,2020
"730","06023",506,2020
"731","06025",145,2020
"732","06027",9,2020
"733","06029",1524,2020
"734","06031",241,2020
"735","06033",145,2020
"736","06035",9,2020
"737","06037",84900,2020
"738","06039",607,2020
"739","06041",6419,2020
"740","06043",37,2020
"741","06045",400,2020
"742","06047",427,2020
"743","06049",0,2020
"744","06051",68,2020
"745","06053",1965,2020
"746","06055",2200,2020
"747","06057",531,2020
"748","06059",45694,2020
"749","06061",3683,2020
"750","06063",23,2020
"751","06065",10405,2020
"752","06067",9093,2020
"753","06069",48,2020
"754","06071",8083,2020
"755","06073",32846,2020
"756","06075",10866,2020
"757","06077",2347,2020
"758","06079",2254,2020
"759","06081",17309,2020
"760","06083",3254,2020
"761","06085",51290,2020
"762","06087",3435,2020
"763","06089",370,2020
"764","06093",53,2020
"765","06095",1541,2020
"766","06097",5255,2020
"767","06099",1142,2020
"768","06101",224,2020
"769","06103",168,2020
"770","06105",21,2020
"771","06107",587,2020
"772","06109",124,2020
"773","06111",8067,2020
"774","06113",1694,2020
"775","06115",81,2020
"776","53011",2213,2020
"777","53033",25634,2020
"778","53053",3020,2020
"779","53055",548,2020
"780","53061",6393,2020
"781","53067",1238,2020
"782","53073",942,2020
"783","06003",4,2020
"784","06091",6,2020
"785","53029",377,2020
"786","53035",987,2020
"787","53037",129,2020
"788","53063",856,2020
"789","53009",286,2020
"790","53057",691,2020
"791","53045",433,2020
"792","53077",169,2020
"793","53015",154,2020
"794","53017",112,2020
"795","53059",181,2020
"796","53065",68,2020
"797","53075",57,2020
"798","53005",430,2020
"799","53007",227,2020
"800","53039",21,2020
"801","53071",93,2020
"802","06001",34131,2021
"803","06005",128,2021
"804","06007",587,2021
"805","06011",25,2021
"806","06013",26208,2021
"807","06015",50,2021
"808","06017",2163,2021
"809","06019",4170,2021
"810","06021",40,2021
"811","06023",693,2021
"812","06025",264,2021
"813","06027",16,2021
"814","06029",2653,2021
"815","06031",439,2021
"816","06033",190,2021
"817","06035",21,2021
"818","06037",123386,2021
"819","06039",928,2021
"820","06041",8369,2021
"821","06043",46,2021
"822","06045",526,2021
"823","06047",755,2021
"824","06049",3,2021
"825","06051",110,2021
"826","06053",2901,2021
"827","06055",3273,2021
"828","06057",746,2021
"829","06059",64983,2021
"830","06061",5435,2021
"831","06063",37,2021
"832","06065",17815,2021
"833","06067",13356,2021
"834","06069",80,2021
"835","06071",13675,2021
"836","06073",46789,2021
"837","06075",14503,2021
"838","06077",4000,2021
"839","06079",3219,2021
"840","06081",23588,2021
"841","06083",4515,2021
"842","06085",62553,2021
"843","06087",4389,2021
"844","06089",606,2021
"845","06093",89,2021
"846","06095",2381,2021
"847","06097",7087,2021
"848","06099",1925,2021
"849","06101",436,2021
"850","06103",286,2021
"851","06105",29,2021
"852","06107",923,2021
"853","06109",189,2021
"854","06111",11691,2021
"855","06113",2410,2021
"856","06115",161,2021
"857","53011",3434,2021
"858","53033",34473,2021
"859","53053",4727,2021
"860","53055",727,2021
"861","53061",8894,2021
"862","53067",1747,2021
"863","53073",1276,2021
"864","06003",7,2021
"865","06091",8,2021
"866","53029",535,2021
"867","53035",1462,2021
"868","53037",218,2021
"869","53063",1339,2021
"870","53009",387,2021
"871","53057",1039,2021
"872","53045",646,2021
"873","53077",300,2021
"874","53015",245,2021
"875","53017",158,2021
"876","53059",287,2021
"877","53065",108,2021
"878","53075",91,2021
"879","53005",662,2021
"880","53007",336,2021
"881","53039",30,2021
"882","53071",141,2021
"883","06001",47142,2022
"884","06005",202,2022
"885","06007",859,2022
"886","06011",54,2022
"887","06013",36936,2022
"888","06015",57,2022
"889","06017",3249,2022
"890","06019",6082,2022
"891","06021",52,2022
"892","06023",914,2022
"893","06025",414,2022
"894","06027",25,2022
"895","06029",4162,2022
"896","06031",686,2022
"897","06033",287,2022
"898","06035",30,2022
"899","06037",188604,2022
"900","06039",1322,2022
"901","06041",10908,2022
"902","06043",79,2022
"903","06045",699,2022
"904","06047",1206,2022
"905","06049",2,2022
"906","06051",163,2022
"907","06053",4217,2022
"908","06055",4786,2022
"909","06057",1031,2022
"910","06059",95185,2022
"911","06061",8408,2022
"912","06063",47,2022
"913","06065",28780,2022
"914","06067",20762,2022
"915","06069",131,2022
"916","06071",22881,2022
"917","06073",68359,2022
"918","06075",19723,2022
"919","06077",6719,2022
"920","06079",4480,2022
"921","06081",33250,2022
"922","06083",6125,2022
"923","06085",83265,2022
"924","06087",5687,2022
"925","06089",914,2022
"926","06093",129,2022
"927","06095",3474,2022
"928","06097",9383,2022
"929","06099",2996,2022
"930","06101",659,2022
"931","06103",374,2022
"932","06105",30,2022
"933","06107",1374,2022
"934","06109",268,2022
"935","06111",17430,2022
"936","06113",3422,2022
"937","06115",274,2022
"938","53011",4723,2022
"939","53033",46630,2022
"940","53053",6633,2022
"941","53055",886,2022
"942","53061",12412,2022
"943","53067",2382,2022
"944","53073",1594,2022
"945","06003",9,2022
"946","06091",19,2022
"947","53029",682,2022
"948","53035",1900,2022
"949","53037",322,2022
"950","53063",1903,2022
"951","53009",482,2022
"952","53057",1318,2022
"953","53045",829,2022
"954","53077",429,2022
"955","53015",342,2022
"956","53017",239,2022
"957","53059",403,2022
"958","53065",149,2022
"959","53075",132,2022
"960","53005",911,2022
"961","53007",420,2022
"962","53039",47,2022
"963","53071",196,2022
"964","06001",68805,2023
"965","06005",283,2023
"966","06007",1225,2023
"967","06011",76,2023
"968","06013",52563,2023
"969","06015",88,2023
"970","06017",4482,2023
"971","06019",9003,2023
"972","06021",70,2023
"973","06023",1175,2023
"974","06025",688,2023
"975","06027",34,2023
"976","06029",6254,2023
"977","06031",1034,2023
"978","06033",428,2023
"979","06035",37,2023
"980","06037",280974,2023
"981","06039",1990,2023
"982","06041",14094,2023
"983","06043",116,2023
"984","06045",956,2023
"985","06047",1871,2023
"986","06049",4,2023
"987","06051",215,2023
"988","06053",5937,2023
"989","06055",6733,2023
"990","06057",1365,2023
"991","06059",139302,2023
"992","06061",12353,2023
"993","06063",71,2023
"994","06065",44598,2023
"995","06067",31618,2023
"996","06069",180,2023
"997","06071",35949,2023
"998","06073",100691,2023
"999","06075",27788,2023
"1000","06077",10820,2023
"1001","06079",6303,2023
"1002","06081",45913,2023
"1003","06083",8367,2023
"1004","06085",115269,2023
"1005","06087",7421,2023
"1006","06089",1286,2023
"1007","06093",173,2023
"1008","06095",5391,2023
"1009","06097",12887,2023
"1010","06099",4660,2023
"1011","06101",925,2023
"1012","06103",583,2023
"1013","06105",47,2023
"1014","06107",2003,2023
"1015","06109",411,2023
"1016","06111",24749,2023
"1017","06113",4971,2023
"1018","06115",418,2023
"1019","53011",6992,2023
"1020","53033",68384,2023
"1021","53053",10384,2023
"1022","53055",1196,2023
"1023","53061",19268,2023
"1024","53067",3705,2023
"1025","53073",2251,2023
"1026","06003",13,2023
"1027","06091",26,2023
"1028","53029",982,2023
"1029","53035",2813,2023
"1030","53037",500,2023
"1031","53063",2878,2023
"1032","53009",693,2023
"1033","53057",1958,2023
"1034","53045",1185,2023
"1035","53077",665,2023
"1036","53015",518,2023
"1037","53017",365,2023
"1038","53059",608,2023
"1039","53065",220,2023
"1040","53075",236,2023
"1041","53005",1379,2023
"1042","53007",637,2023
"1043","53039",71,2023
"1044","53071",273,2023
"1045","08001",701,2018
"1046","08005",1912,2018
"1047","08007",5,2018
"1048","08013",2631,2018
"1049","08014",341,2018
"1050","08015",7,2018
"1051","08019",158,2018
"1052","08021",3,2018
"1053","08023",2,2018
"1054","08027",10,2018
"1055","08029",21,2018
"1056","08031",2157,2018
"1057","08033",2,2018
"1058","08035",1180,2018
"1059","08037",201,2018
"1060","08039",137,2018
"1061","08041",972,2018
"1062","08043",12,2018
"1063","08045",108,2018
"1064","08047",5,2018
"1065","08049",57,2018
"1066","08051",23,2018
"1067","08053",6,2018
"1068","08055",1,2018
"1069","08059",1395,2018
"1070","08063",1,2018
"1071","08065",3,2018
"1072","08067",19,2018
"1073","08069",1262,2018
"1074","08071",8,2018
"1075","08075",4,2018
"1076","08077",104,2018
"1077","08081",2,2018
"1078","08083",10,2018
"1079","08085",18,2018
"1080","08087",1,2018
"1081","08091",15,2018
"1082","08093",24,2018
"1083","08097",150,2018
"1084","08099",2,2018
"1085","08101",59,2018
"1086","08103",6,2018
"1087","08105",4,2018
"1088","08107",40,2018
"1089","08109",5,2018
"1090","08111",71,2018
"1091","08113",31,2018
"1092","08115",1,2018
"1093","08117",73,2018
"1094","08119",5,2018
"1095","08121",3,2018
"1096","08123",932,2018
"1097","08057",0,2018
"1098","08089",0,2018
"1099","08095",0,2018
"1100","08125",0,2018
"1101","08025",0,2018
"1102","08061",0,2018
"1103","08003",0,2018
"1104","08011",0,2018
"1105","08017",0,2018
"1106","17031",5443,2018
"1107","17091",36,2018
"1108","17093",76,2018
"1109","17097",1825,2018
"1110","17163",126,2018
"1111","17197",660,2018
"1112","21111",343,2018
"1113","21117",46,2018
"1114","24003",785,2018
"1115","27053",2443,2018
"1116","27137",59,2018
"1117","27171",57,2018
"1118","32003",3858,2018
"1119","37021",359,2018
"1120","37097",100,2018
"1121","37135",421,2018
"1122","37183",2040,2018
"1123","45051",142,2018
"1124","47149",338,2018
"1125","48113",2231,2018
"1126","48221",16,2018
"1127","48325",40,2018
"1128","48339",307,2018
"1129","48439",1240,2018
"1130","48453",2456,2018
"1131","48491",581,2018
"1132","49011",543,2018
"1133","49035",2877,2018
"1134","49043",320,2018
"1135","49049",930,2018
"1136","49053",233,2018
"1137","51085",65,2018
"1138","51107",1392,2018
"1139","51680",17,2018
"1140","08073",0,2018
"1141","17043",2243,2018
"1142","17113",208,2018
"1143","24031",3181,2018
"1144","27141",47,2018
"1145","36081",1034,2018
"1146","37129",162,2018
"1147","45079",155,2018
"1148","45083",79,2018
"1149","48011",8,2018
"1150","48015",8,2018
"1151","48029",680,2018
"1152","48061",31,2018
"1153","48139",82,2018
"1154","48141",108,2018
"1155","48157",660,2018
"1156","48201",2247,2018
"1157","48381",15,2018
"1158","48389",0,2018
"1159","49005",121,2018
"1160","49021",19,2018
"1161","49037",2,2018
"1162","51059",3121,2018
"1163","51153",479,2018
"1164","08009",0,2018
"1165","17143",113,2018
"1166","24005",824,2018
"1167","27003",328,2018
"1168","27037",545,2018
"1169","27123",708,2018
"1170","27163",290,2018
"1171","32031",940,2018
"1172","34005",460,2018
"1173","34021",380,2018
"1174","34025",1008,2018
"1175","34031",400,2018
"1176","36029",446,2018
"1177","36091",195,2018
"1178","36103",1825,2018
"1179","36119",2247,2018
"1180","37025",125,2018
"1181","37059",11,2018
"1182","37093",9,2018
"1183","45033",1,2018
"1184","45063",87,2018
"1185","47037",837,2018
"1186","47087",1,2018
"1187","47163",40,2018
"1188","47187",1361,2018
"1189","48039",136,2018
"1190","48187",112,2018
"1191","48215",73,2018
"1192","48329",5,2018
"1193","48355",42,2018
"1194","48367",20,2018
"1195","48467",3,2018
"1196","50007",466,2018
"1197","50023",104,2018
"1198","08001",785,2019
"1199","08005",2382,2019
"1200","08007",5,2019
"1201","08013",2917,2019
"1202","08014",388,2019
"1203","08015",7,2019
"1204","08019",184,2019
"1205","08021",3,2019
"1206","08023",2,2019
"1207","08027",12,2019
"1208","08029",25,2019
"1209","08031",2493,2019
"1210","08033",2,2019
"1211","08035",1365,2019
"1212","08037",208,2019
"1213","08039",161,2019
"1214","08041",1166,2019
"1215","08043",19,2019
"1216","08045",144,2019
"1217","08047",7,2019
"1218","08049",63,2019
"1219","08051",27,2019
"1220","08053",9,2019
"1221","08055",1,2019
"1222","08059",1621,2019
"1223","08063",1,2019
"1224","08065",5,2019
"1225","08067",18,2019
"1226","08069",1491,2019
"1227","08071",6,2019
"1228","08075",6,2019
"1229","08077",129,2019
"1230","08081",2,2019
"1231","08083",11,2019
"1232","08085",24,2019
"1233","08087",1,2019
"1234","08091",16,2019
"1235","08093",26,2019
"1236","08097",178,2019
"1237","08099",2,2019
"1238","08101",64,2019
"1239","08103",7,2019
"1240","08105",4,2019
"1241","08107",40,2019
"1242","08109",5,2019
"1243","08111",81,2019
"1244","08113",40,2019
"1245","08115",0,2019
"1246","08117",88,2019
"1247","08119",6,2019
"1248","08121",4,2019
"1249","08123",1074,2019
"1250","08057",1,2019
"1251","08089",2,2019
"1252","08095",1,2019
"1253","08125",1,2019
"1254","08025",0,2019
"1255","08061",0,2019
"1256","08003",0,2019
"1257","08011",0,2019
"1258","08017",0,2019
"1259","17031",8115,2019
"1260","17091",50,2019
"1261","17093",137,2019
"1262","17097",2641,2019
"1263","17163",185,2019
"1264","17197",1054,2019
"1265","21111",574,2019
"1266","21117",92,2019
"1267","24003",1355,2019
"1268","27053",3421,2019
"1269","27137",90,2019
"1270","27171",96,2019
"1271","32003",5947,2019
"1272","37021",546,2019
"1273","37097",167,2019
"1274","37135",637,2019
"1275","37183",3310,2019
"1276","45051",172,2019
"1277","47149",412,2019
"1278","48113",3614,2019
"1279","48221",27,2019
"1280","48325",90,2019
"1281","48339",650,2019
"1282","48439",2396,2019
"1283","48453",4905,2019
"1284","48491",1237,2019
"1285","49011",796,2019
"1286","49035",4089,2019
"1287","49043",416,2019
"1288","49049",1480,2019
"1289","49053",355,2019
"1290","51085",98,2019
"1291","51107",2364,2019
"1292","51680",30,2019
"1293","08073",0,2019
"1294","17043",3302,2019
"1295","17113",254,2019
"1296","24031",5185,2019
"1297","27141",59,2019
"1298","36081",1684,2019
"1299","37129",252,2019
"1300","45079",240,2019
"1301","45083",120,2019
"1302","48011",11,2019
"1303","48015",17,2019
"1304","48029",1455,2019
"1305","48061",73,2019
"1306","48139",137,2019
"1307","48141",269,2019
"1308","48157",1476,2019
"1309","48201",4453,2019
"1310","48381",23,2019
"1311","48389",1,2019
"1312","49005",166,2019
"1313","49021",33,2019
"1314","49037",3,2019
"1315","51059",4830,2019
"1316","51153",825,2019
"1317","08009",0,2019
"1318","17143",163,2019
"1319","24005",1288,2019
"1320","27003",314,2019
"1321","27037",695,2019
"1322","27123",988,2019
"1323","27163",512,2019
"1324","32031",1487,2019
"1325","34005",743,2019
"1326","34021",634,2019
"1327","34025",1530,2019
"1328","34031",607,2019
"1329","36029",716,2019
"1330","36091",321,2019
"1331","36103",2797,2019
"1332","36119",3300,2019
"1333","37025",249,2019
"1334","37059",27,2019
"1335","37093",12,2019
"1336","45033",5,2019
"1337","45063",140,2019
"1338","47037",1026,2019
"1339","47087",1,2019
"1340","47163",46,2019
"1341","47187",2181,2019
"1342","48039",285,2019
"1343","48187",203,2019
"1344","48215",153,2019
"1345","48329",15,2019
"1346","48355",89,2019
"1347","48367",49,2019
"1348","48467",10,2019
"1349","50007",708,2019
"1350","50023",174,2019
"1351","08001",993,2020
"1352","08005",3094,2020
"1353","08007",2,2020
"1354","08013",3714,2020
"1355","08014",536,2020
"1356","08015",12,2020
"1357","08019",239,2020
"1358","08021",3,2020
"1359","08023",3,2020
"1360","08027",16,2020
"1361","08029",36,2020
"1362","08031",3275,2020
"1363","08033",2,2020
"1364","08035",1724,2020
"1365","08037",309,2020
"1366","08039",204,2020
"1367","08041",1594,2020
"1368","08043",33,2020
"1369","08045",208,2020
"1370","08047",9,2020
"1371","08049",93,2020
"1372","08051",39,2020
"1373","08053",12,2020
"1374","08055",1,2020
"1375","08059",2146,2020
"1376","08063",1,2020
"1377","08065",9,2020
"1378","08067",23,2020
"1379","08069",1961,2020
"1380","08071",5,2020
"1381","08075",9,2020
"1382","08077",170,2020
"1383","08081",1,2020
"1384","08083",20,2020
"1385","08085",40,2020
"1386","08087",0,2020
"1387","08091",24,2020
"1388","08093",29,2020
"1389","08097",197,2020
"1390","08099",2,2020
"1391","08101",93,2020
"1392","08103",12,2020
"1393","08105",4,2020
"1394","08107",70,2020
"1395","08109",7,2020
"1396","08111",121,2020
"1397","08113",43,2020
"1398","08115",0,2020
"1399","08117",109,2020
"1400","08119",9,2020
"1401","08121",3,2020
"1402","08123",1436,2020
"1403","08057",1,2020
"1404","08089",2,2020
"1405","08095",2,2020
"1406","08125",4,2020
"1407","08025",1,2020
"1408","08061",1,2020
"1409","08003",0,2020
"1410","08011",0,2020
"1411","08017",0,2020
"1412","17031",11026,2020
"1413","17091",67,2020
"1414","17093",188,2020
"1415","17097",3474,2020
"1416","17163",272,2020
"1417","17197",1499,2020
"1418","21111",855,2020
"1419","21117",139,2020
"1420","24003",1825,2020
"1421","27053",5005,2020
"1422","27137",127,2020
"1423","27171",137,2020
"1424","32003",7571,2020
"1425","37021",719,2020
"1426","37097",244,2020
"1427","37135",817,2020
"1428","37183",4337,2020
"1429","45051",270,2020
"1430","47149",685,2020
"1431","48113",5371,2020
"1432","48221",38,2020
"1433","48325",148,2020
"1434","48339",1085,2020
"1435","48439",3719,2020
"1436","48453",7246,2020
"1437","48491",1850,2020
"1438","49011",1056,2020
"1439","49035",5212,2020
"1440","49043",575,2020
"1441","49049",2099,2020
"1442","49053",500,2020
"1443","51085",144,2020
"1444","51107",3214,2020
"1445","51680",61,2020
"1446","08073",0,2020
"1447","17043",4306,2020
"1448","17113",330,2020
"1449","24031",6534,2020
"1450","27141",89,2020
"1451","36081",2374,2020
"1452","37129",380,2020
"1453","45079",370,2020
"1454","45083",180,2020
"1455","48011",13,2020
"1456","48015",30,2020
"1457","48029",2467,2020
"1458","48061",142,2020
"1459","48139",216,2020
"1460","48141",439,2020
"1461","48157",2252,2020
"1462","48201",6709,2020
"1463","48381",43,2020
"1464","48389",2,2020
"1465","49005",226,2020
"1466","49021",51,2020
"1467","49037",4,2020
"1468","51059",6543,2020
"1469","51153",1156,2020
"1470","08009",0,2020
"1471","17143",214,2020
"1472","24005",1784,2020
"1473","27003",572,2020
"1474","27037",1073,2020
"1475","27123",1469,2020
"1476","27163",784,2020
"1477","32031",2161,2020
"1478","34005",1191,2020
"1479","34021",953,2020
"1480","34025",2463,2020
"1481","34031",1003,2020
"1482","36029",973,2020
"1483","36091",418,2020
"1484","36103",4086,2020
"1485","36119",4310,2020
"1486","37025",334,2020
"1487","37059",36,2020
"1488","37093",22,2020
"1489","45033",5,2020
"1490","45063",220,2020
"1491","47037",1268,2020
"1492","47087",0,2020
"1493","47163",55,2020
"1494","47187",2119,2020
"1495","48039",457,2020
"1496","48187",291,2020
"1497","48215",298,2020
"1498","48329",19,2020
"1499","48355",165,2020
"1500","48367",79,2020
"1501","48467",16,2020
"1502","50007",845,2020
"1503","50023",239,2020
"1504","08001",1643,2021
"1505","08005",4835,2021
"1506","08007",5,2021
"1507","08013",4895,2021
"1508","08014",856,2021
"1509","08015",15,2021
"1510","08019",365,2021
"1511","08021",8,2021
"1512","08023",4,2021
"1513","08027",33,2021
"1514","08029",48,2021
"1515","08031",5037,2021
"1516","08033",2,2021
"1517","08035",2991,2021
"1518","08037",409,2021
"1519","08039",323,2021
"1520","08041",2908,2021
"1521","08043",61,2021
"1522","08045",311,2021
"1523","08047",14,2021
"1524","08049",126,2021
"1525","08051",63,2021
"1526","08053",25,2021
"1527","08055",2,2021
"1528","08059",3205,2021
"1529","08063",0,2021
"1530","08065",16,2021
"1531","08067",44,2021
"1532","08069",2753,2021
"1533","08071",13,2021
"1534","08075",12,2021
"1535","08077",288,2021
"1536","08081",1,2021
"1537","08083",29,2021
"1538","08085",64,2021
"1539","08087",1,2021
"1540","08091",37,2021
"1541","08093",43,2021
"1542","08097",247,2021
"1543","08099",3,2021
"1544","08101",194,2021
"1545","08103",18,2021
"1546","08105",8,2021
"1547","08107",116,2021
"1548","08109",9,2021
"1549","08111",148,2021
"1550","08113",49,2021
"1551","08115",0,2021
"1552","08117",173,2021
"1553","08119",24,2021
"1554","08121",7,2021
"1555","08123",2156,2021
"1556","08057",1,2021
"1557","08089",4,2021
"1558","08095",2,2021
"1559","08125",9,2021
"1560","08025",1,2021
"1561","08061",1,2021
"1562","08003",1,2021
"1563","08011",1,2021
"1564","08017",1,2021
"1565","17031",15889,2021
"1566","17091",100,2021
"1567","17093",305,2021
"1568","17097",4710,2021
"1569","17163",429,2021
"1570","17197",2270,2021
"1571","21111",1277,2021
"1572","21117",201,2021
"1573","24003",3045,2021
"1574","27053",6538,2021
"1575","27137",199,2021
"1576","27171",262,2021
"1577","32003",13270,2021
"1578","37021",1113,2021
"1579","37097",458,2021
"1580","37135",1164,2021
"1581","37183",6682,2021
"1582","45051",511,2021
"1583","47149",749,2021
"1584","48113",8733,2021
"1585","48221",81,2021
"1586","48325",309,2021
"1587","48339",1915,2021
"1588","48439",6518,2021
"1589","48453",12370,2021
"1590","48491",3285,2021
"1591","49011",1694,2021
"1592","49035",7467,2021
"1593","49043",838,2021
"1594","49049",3459,2021
"1595","49053",803,2021
"1596","51085",261,2021
"1597","51107",4553,2021
"1598","51680",93,2021
"1599","08073",0,2021
"1600","17043",5959,2021
"1601","17113",523,2021
"1602","24031",8984,2021
"1603","27141",181,2021
"1604","36081",3957,2021
"1605","37129",630,2021
"1606","45079",620,2021
"1607","45083",350,2021
"1608","48011",29,2021
"1609","48015",51,2021
"1610","48029",4655,2021
"1611","48061",402,2021
"1612","48139",411,2021
"1613","48141",1038,2021
"1614","48157",4357,2021
"1615","48201",11676,2021
"1616","48381",75,2021
"1617","48389",2,2021
"1618","49005",324,2021
"1619","49021",89,2021
"1620","49037",9,2021
"1621","51059",9186,2021
"1622","51153",1784,2021
"1623","08009",0,2021
"1624","17143",326,2021
"1625","24005",2545,2021
"1626","27003",1039,2021
"1627","27037",1657,2021
"1628","27123",2065,2021
"1629","27163",1036,2021
"1630","32031",3358,2021
"1631","34005",1978,2021
"1632","34021",1390,2021
"1633","34025",4006,2021
"1634","34031",1754,2021
"1635","36029",1721,2021
"1636","36091",701,2021
"1637","36103",7055,2021
"1638","36119",6719,2021
"1639","37025",557,2021
"1640","37059",66,2021
"1641","37093",37,2021
"1642","45033",6,2021
"1643","45063",390,2021
"1644","47037",1919,2021
"1645","47087",4,2021
"1646","47163",130,2021
"1647","47187",3432,2021
"1648","48039",798,2021
"1649","48187",554,2021
"1650","48215",693,2021
"1651","48329",32,2021
"1652","48355",341,2021
"1653","48367",177,2021
"1654","48467",31,2021
"1655","50007",1295,2021
"1656","50023",364,2021
"1657","08001",2488,2022
"1658","08005",7138,2022
"1659","08007",7,2022
"1660","08013",6459,2022
"1661","08014",1288,2022
"1662","08015",45,2022
"1663","08019",549,2022
"1664","08021",21,2022
"1665","08023",5,2022
"1666","08027",57,2022
"1667","08029",80,2022
"1668","08031",8132,2022
"1669","08033",2,2022
"1670","08035",4828,2022
"1671","08037",659,2022
"1672","08039",510,2022
"1673","08041",4484,2022
"1674","08043",104,2022
"1675","08045",486,2022
"1676","08047",23,2022
"1677","08049",211,2022
"1678","08051",82,2022
"1679","08053",37,2022
"1680","08055",7,2022
"1681","08059",4596,2022
"1682","08063",1,2022
"1683","08065",20,2022
"1684","08067",69,2022
"1685","08069",3901,2022
"1686","08071",29,2022
"1687","08075",21,2022
"1688","08077",432,2022
"1689","08081",2,2022
"1690","08083",41,2022
"1691","08085",89,2022
"1692","08087",3,2022
"1693","08091",53,2022
"1694","08093",66,2022
"1695","08097",346,2022
"1696","08099",6,2022
"1697","08101",295,2022
"1698","08103",25,2022
"1699","08105",13,2022
"1700","08107",192,2022
"1701","08109",21,2022
"1702","08111",225,2022
"1703","08113",68,2022
"1704","08115",1,2022
"1705","08117",281,2022
"1706","08119",44,2022
"1707","08121",10,2022
"1708","08123",3231,2022
"1709","08057",3,2022
"1710","08089",9,2022
"1711","08095",5,2022
"1712","08125",8,2022
"1713","08025",1,2022
"1714","08061",2,2022
"1715","08003",2,2022
"1716","08011",2,2022
"1717","08017",9,2022
"1718","17031",25967,2022
"1719","17091",155,2022
"1720","17093",496,2022
"1721","17097",6892,2022
"1722","17163",703,2022
"1723","17197",3633,2022
"1724","21111",2047,2022
"1725","21117",302,2022
"1726","24003",4866,2022
"1727","27053",9126,2022
"1728","27137",287,2022
"1729","27171",436,2022
"1730","32003",22300,2022
"1731","37021",1676,2022
"1732","37097",688,2022
"1733","37135",1586,2022
"1734","37183",10177,2022
"1735","45051",850,2022
"1736","47149",949,2022
"1737","48113",12654,2022
"1738","48221",171,2022
"1739","48325",496,2022
"1740","48339",2973,2022
"1741","48439",11853,2022
"1742","48453",18557,2022
"1743","48491",5177,2022
"1744","49011",2745,2022
"1745","49035",11114,2022
"1746","49043",1285,2022
"1747","49049",5536,2022
"1748","49053",1339,2022
"1749","51085",444,2022
"1750","51107",7261,2022
"1751","51680",143,2022
"1752","08073",2,2022
"1753","17043",8835,2022
"1754","17113",849,2022
"1755","24031",13607,2022
"1756","27141",283,2022
"1757","36081",6959,2022
"1758","37129",909,2022
"1759","45079",962,2022
"1760","45083",611,2022
"1761","48011",56,2022
"1762","48015",76,2022
"1763","48029",6804,2022
"1764","48061",671,2022
"1765","48139",714,2022
"1766","48141",1730,2022
"1767","48157",7431,2022
"1768","48201",17642,2022
"1769","48381",113,2022
"1770","48389",9,2022
"1771","49005",547,2022
"1772","49021",143,2022
"1773","49037",11,2022
"1774","51059",14010,2022
"1775","51153",2944,2022
"1776","08009",0,2022
"1777","17143",504,2022
"1778","24005",4018,2022
"1779","27003",1546,2022
"1780","27037",2429,2022
"1781","27123",2942,2022
"1782","27163",1581,2022
"1783","32031",4837,2022
"1784","34005",2997,2022
"1785","34021",1991,2022
"1786","34025",5759,2022
"1787","34031",2540,2022
"1788","36029",2534,2022
"1789","36091",1074,2022
"1790","36103",9806,2022
"1791","36119",9375,2022
"1792","37025",935,2022
"1793","37059",103,2022
"1794","37093",81,2022
"1795","45033",0,2022
"1796","45063",760,2022
"1797","47037",3191,2022
"1798","47087",4,2022
"1799","47163",195,2022
"1800","47187",3413,2022
"1801","48039",1281,2022
"1802","48187",872,2022
"1803","48215",1179,2022
"1804","48329",53,2022
"1805","48355",494,2022
"1806","48367",333,2022
"1807","48467",49,2022
"1808","50007",1762,2022
"1809","50023",495,2022
"1810","08001",3830,2023
"1811","08005",10880,2023
"1812","08007",8,2023
"1813","08013",8722,2023
"1814","08014",1965,2023
"1815","08015",76,2023
"1816","08019",798,2023
"1817","08021",35,2023
"1818","08023",13,2023
"1819","08027",93,2023
"1820","08029",106,2023
"1821","08031",13097,2023
"1822","08033",5,2023
"1823","08035",7691,2023
"1824","08037",931,2023
"1825","08039",799,2023
"1826","08041",6791,2023
"1827","08043",155,2023
"1828","08045",701,2023
"1829","08047",31,2023
"1830","08049",323,2023
"1831","08051",117,2023
"1832","08053",58,2023
"1833","08055",13,2023
"1834","08059",6762,2023
"1835","08063",1,2023
"1836","08065",38,2023
"1837","08067",97,2023
"1838","08069",5397,2023
"1839","08071",39,2023
"1840","08075",31,2023
"1841","08077",676,2023
"1842","08081",8,2023
"1843","08083",60,2023
"1844","08085",149,2023
"1845","08087",9,2023
"1846","08091",86,2023
"1847","08093",101,2023
"1848","08097",460,2023
"1849","08099",11,2023
"1850","08101",506,2023
"1851","08103",44,2023
"1852","08105",24,2023
"1853","08107",291,2023
"1854","08109",31,2023
"1855","08111",309,2023
"1856","08113",95,2023
"1857","08115",1,2023
"1858","08117",408,2023
"1859","08119",52,2023
"1860","08121",16,2023
"1861","08123",5071,2023
"1862","08057",5,2023
"1863","08089",16,2023
"1864","08095",2,2023
"1865","08125",16,2023
"1866","08025",0,2023
"1867","08061",3,2023
"1868","08003",3,2023
"1869","08011",2,2023
"1870","08017",10,2023
"1871","17031",41667,2023
"1872","17091",232,2023
"1873","17093",861,2023
"1874","17097",10480,2023
"1875","17163",1142,2023
"1876","17197",6216,2023
"1877","21111",3181,2023
"1878","21117",465,2023
"1879","24003",7876,2023
"1880","27053",13899,2023
"1881","27137",482,2023
"1882","27171",707,2023
"1883","32003",35691,2023
"1884","37021",2548,2023
"1885","37097",1050,2023
"1886","37135",2308,2023
"1887","37183",16986,2023
"1888","45051",1476,2023
"1889","47149",1493,2023
"1890","48113",18991,2023
"1891","48221",248,2023
"1892","48325",758,2023
"1893","48339",4542,2023
"1894","48439",20804,2023
"1895","48453",26388,2023
"1896","48491",7809,2023
"1897","49011",4110,2023
"1898","49035",16149,2023
"1899","49043",1704,2023
"1900","49049",8334,2023
"1901","49053",1847,2023
"1902","51085",687,2023
"1903","51107",11785,2023
"1904","51680",197,2023
"1905","08073",4,2023
"1906","17043",14044,2023
"1907","17113",1384,2023
"1908","24031",20851,2023
"1909","27141",391,2023
"1910","36081",15285,2023
"1911","37129",1266,2023
"1912","45079",1606,2023
"1913","45083",1026,2023
"1914","48011",64,2023
"1915","48015",114,2023
"1916","48029",9909,2023
"1917","48061",907,2023
"1918","48139",1078,2023
"1919","48141",2547,2023
"1920","48157",12824,2023
"1921","48201",27518,2023
"1922","48381",157,2023
"1923","48389",14,2023
"1924","49005",753,2023
"1925","49021",214,2023
"1926","49037",11,2023
"1927","51059",22151,2023
"1928","51153",5032,2023
"1929","08009",2,2023
"1930","17143",825,2023
"1931","24005",6371,2023
"1932","27003",2404,2023
"1933","27037",3874,2023
"1934","27123",4566,2023
"1935","27163",2517,2023
"1936","32031",6991,2023
"1937","34005",5056,2023
"1938","34021",3495,2023
"1939","34025",9637,2023
"1940","34031",4410,2023
"1941","36029",3598,2023
"1942","36091",1610,2023
"1943","36103",14003,2023
"1944","36119",13227,2023
"1945","37025",1769,2023
"1946","37059",140,2023
"1947","37093",136,2023
"1948","45033",12,2023
"1949","45063",1166,2023
"1950","47037",4257,2023
"1951","47087",11,2023
"1952","47163",295,2023
"1953","47187",5351,2023
"1954","48039",2076,2023
"1955","48187",1161,2023
"1956","48215",1710,2023
"1957","48329",81,2023
"1958","48355",730,2023
"1959","48367",484,2023
"1960","48467",77,2023
"1961","50007",2283,2023
"1962","50023",663,2023
"1963","17001",13,2018
"1964","17003",2,2018
"1965","17005",3,2018
"1966","17007",18,2018
"1967","17009",0,2018
"1968","17011",5,2018
"1969","17013",1,2018
"1970","17015",2,2018
"1971","17017",0,2018
"1972","17019",152,2018
"1973","17021",4,2018
"1974","17023",1,2018
"1975","17025",0,2018
"1976","17027",12,2018
"1977","17029",12,2018
"1978","17033",2,2018
"1979","17035",2,2018
"1980","17037",40,2018
"1981","17039",3,2018
"1982","17041",4,2018
"1983","17045",5,2018
"1984","17047",2,2018
"1985","17049",9,2018
"1986","17051",1,2018
"1987","17053",9,2018
"1988","17055",3,2018
"1989","17057",3,2018
"1990","17059",0,2018
"1991","17061",2,2018
"1992","17063",26,2018
"1993","17065",1,2018
"1994","17067",3,2018
"1995","17069",0,2018
"1996","17071",1,2018
"1997","17073",13,2018
"1998","17075",9,2018
"1999","17077",17,2018
"2000","17079",0,2018
"2001","17081",6,2018
"2002","17083",5,2018
"2003","17085",19,2018
"2004","17087",0,2018
"2005","17089",488,2018
"2006","17095",15,2018
"2007","17099",32,2018
"2008","17101",3,2018
"2009","17103",5,2018
"2010","17105",6,2018
"2011","17107",3,2018
"2012","17109",7,2018
"2013","17111",278,2018
"2014","17115",28,2018
"2015","17117",12,2018
"2016","17119",123,2018
"2017","17121",7,2018
"2018","17123",2,2018
"2019","17125",1,2018
"2020","17127",2,2018
"2021","17129",3,2018
"2022","17131",0,2018
"2023","17133",20,2018
"2024","17135",4,2018
"2025","17137",3,2018
"2026","17139",5,2018
"2027","17141",15,2018
"2028","17145",3,2018
"2029","17147",5,2018
"2030","17149",1,2018
"2031","17151",0,2018
"2032","17153",0,2018
"2033","17155",4,2018
"2034","17157",5,2018
"2035","17159",1,2018
"2036","17161",41,2018
"2037","17165",2,2018
"2038","17167",160,2018
"2039","17169",2,2018
"2040","17171",1,2018
"2041","17173",2,2018
"2042","17175",1,2018
"2043","17177",11,2018
"2044","17179",43,2018
"2045","17181",2,2018
"2046","17183",12,2018
"2047","17185",0,2018
"2048","17187",2,2018
"2049","17189",3,2018
"2050","17191",0,2018
"2051","17193",0,2018
"2052","17195",10,2018
"2053","17199",13,2018
"2054","17201",122,2018
"2055","17203",18,2018
"2056","17001",18,2019
"2057","17003",1,2019
"2058","17005",4,2019
"2059","17007",36,2019
"2060","17009",0,2019
"2061","17011",5,2019
"2062","17013",2,2019
"2063","17015",4,2019
"2064","17017",0,2019
"2065","17019",232,2019
"2066","17021",6,2019
"2067","17023",4,2019
"2068","17025",0,2019
"2069","17027",20,2019
"2070","17029",18,2019
"2071","17033",4,2019
"2072","17035",3,2019
"2073","17037",66,2019
"2074","17039",5,2019
"2075","17041",5,2019
"2076","17045",10,2019
"2077","17047",2,2019
"2078","17049",10,2019
"2079","17051",1,2019
"2080","17053",8,2019
"2081","17055",7,2019
"2082","17057",4,2019
"2083","17059",0,2019
"2084","17061",2,2019
"2085","17063",37,2019
"2086","17065",2,2019
"2087","17067",4,2019
"2088","17069",0,2019
"2089","17071",1,2019
"2090","17073",18,2019
"2091","17075",10,2019
"2092","17077",29,2019
"2093","17079",0,2019
"2094","17081",7,2019
"2095","17083",9,2019
"2096","17085",22,2019
"2097","17087",1,2019
"2098","17089",739,2019
"2099","17095",17,2019
"2100","17099",39,2019
"2101","17101",4,2019
"2102","17103",9,2019
"2103","17105",9,2019
"2104","17107",4,2019
"2105","17109",9,2019
"2106","17111",417,2019
"2107","17115",38,2019
"2108","17117",12,2019
"2109","17119",196,2019
"2110","17121",10,2019
"2111","17123",3,2019
"2112","17125",4,2019
"2113","17127",3,2019
"2114","17129",7,2019
"2115","17131",0,2019
"2116","17133",30,2019
"2117","17135",6,2019
"2118","17137",9,2019
"2119","17139",5,2019
"2120","17141",21,2019
"2121","17145",4,2019
"2122","17147",6,2019
"2123","17149",2,2019
"2124","17151",0,2019
"2125","17153",1,2019
"2126","17155",4,2019
"2127","17157",7,2019
"2128","17159",1,2019
"2129","17161",56,2019
"2130","17165",2,2019
"2131","17167",182,2019
"2132","17169",2,2019
"2133","17171",1,2019
"2134","17173",3,2019
"2135","17175",2,2019
"2136","17177",15,2019
"2137","17179",73,2019
"2138","17181",3,2019
"2139","17183",17,2019
"2140","17185",0,2019
"2141","17187",3,2019
"2142","17189",3,2019
"2143","17191",0,2019
"2144","17193",0,2019
"2145","17195",14,2019
"2146","17199",22,2019
"2147","17201",173,2019
"2148","17203",22,2019
"2149","17001",25,2020
"2150","17003",1,2020
"2151","17005",10,2020
"2152","17007",56,2020
"2153","17009",0,2020
"2154","17011",13,2020
"2155","17013",2,2020
"2156","17015",5,2020
"2157","17017",0,2020
"2158","17019",313,2020
"2159","17021",11,2020
"2160","17023",6,2020
"2161","17025",1,2020
"2162","17027",28,2020
"2163","17029",28,2020
"2164","17033",4,2020
"2165","17035",5,2020
"2166","17037",102,2020
"2167","17039",6,2020
"2168","17041",8,2020
"2169","17045",12,2020
"2170","17047",2,2020
"2171","17049",11,2020
"2172","17051",4,2020
"2173","17053",9,2020
"2174","17055",7,2020
"2175","17057",4,2020
"2176","17059",0,2020
"2177","17061",2,2020
"2178","17063",48,2020
"2179","17065",3,2020
"2180","17067",5,2020
"2181","17069",0,2020
"2182","17071",1,2020
"2183","17073",21,2020
"2184","17075",15,2020
"2185","17077",44,2020
"2186","17079",0,2020
"2187","17081",14,2020
"2188","17083",11,2020
"2189","17085",28,2020
"2190","17087",3,2020
"2191","17089",1006,2020
"2192","17095",23,2020
"2193","17099",54,2020
"2194","17101",5,2020
"2195","17103",9,2020
"2196","17105",11,2020
"2197","17107",6,2020
"2198","17109",12,2020
"2199","17111",576,2020
"2200","17115",45,2020
"2201","17117",18,2020
"2202","17119",279,2020
"2203","17121",14,2020
"2204","17123",3,2020
"2205","17125",6,2020
"2206","17127",4,2020
"2207","17129",10,2020
"2208","17131",1,2020
"2209","17133",44,2020
"2210","17135",9,2020
"2211","17137",13,2020
"2212","17139",6,2020
"2213","17141",30,2020
"2214","17145",4,2020
"2215","17147",13,2020
"2216","17149",3,2020
"2217","17151",0,2020
"2218","17153",2,2020
"2219","17155",4,2020
"2220","17157",10,2020
"2221","17159",2,2020
"2222","17161",74,2020
"2223","17165",3,2020
"2224","17167",234,2020
"2225","17169",2,2020
"2226","17171",2,2020
"2227","17173",4,2020
"2228","17175",3,2020
"2229","17177",19,2020
"2230","17179",107,2020
"2231","17181",4,2020
"2232","17183",27,2020
"2233","17185",1,2020
"2234","17187",4,2020
"2235","17189",5,2020
"2236","17191",0,2020
"2237","17193",1,2020
"2238","17195",25,2020
"2239","17199",27,2020
"2240","17201",241,2020
"2241","17203",29,2020
"2242","17001",47,2021
"2243","17003",1,2021
"2244","17005",15,2021
"2245","17007",81,2021
"2246","17009",1,2021
"2247","17011",22,2021
"2248","17013",3,2021
"2249","17015",6,2021
"2250","17017",1,2021
"2251","17019",426,2021
"2252","17021",15,2021
"2253","17023",9,2021
"2254","17025",5,2021
"2255","17027",39,2021
"2256","17029",39,2021
"2257","17033",6,2021
"2258","17035",4,2021
"2259","17037",138,2021
"2260","17039",11,2021
"2261","17041",15,2021
"2262","17045",18,2021
"2263","17047",2,2021
"2264","17049",20,2021
"2265","17051",5,2021
"2266","17053",10,2021
"2267","17055",16,2021
"2268","17057",7,2021
"2269","17059",1,2021
"2270","17061",1,2021
"2271","17063",66,2021
"2272","17065",2,2021
"2273","17067",9,2021
"2274","17069",0,2021
"2275","17071",3,2021
"2276","17073",34,2021
"2277","17075",20,2021
"2278","17077",61,2021
"2279","17079",0,2021
"2280","17081",25,2021
"2281","17083",18,2021
"2282","17085",41,2021
"2283","17087",3,2021
"2284","17089",1533,2021
"2285","17095",35,2021
"2286","17099",88,2021
"2287","17101",6,2021
"2288","17103",22,2021
"2289","17105",20,2021
"2290","17107",9,2021
"2291","17109",13,2021
"2292","17111",878,2021
"2293","17115",79,2021
"2294","17117",31,2021
"2295","17119",407,2021
"2296","17121",19,2021
"2297","17123",8,2021
"2298","17125",10,2021
"2299","17127",9,2021
"2300","17129",13,2021
"2301","17131",6,2021
"2302","17133",62,2021
"2303","17135",11,2021
"2304","17137",16,2021
"2305","17139",9,2021
"2306","17141",53,2021
"2307","17145",5,2021
"2308","17147",21,2021
"2309","17149",5,2021
"2310","17151",0,2021
"2311","17153",2,2021
"2312","17155",8,2021
"2313","17157",23,2021
"2314","17159",6,2021
"2315","17161",114,2021
"2316","17165",5,2021
"2317","17167",356,2021
"2318","17169",2,2021
"2319","17171",6,2021
"2320","17173",8,2021
"2321","17175",2,2021
"2322","17177",37,2021
"2323","17179",170,2021
"2324","17181",9,2021
"2325","17183",48,2021
"2326","17185",3,2021
"2327","17187",8,2021
"2328","17189",11,2021
"2329","17191",1,2021
"2330","17193",3,2021
"2331","17195",42,2021
"2332","17199",51,2021
"2333","17201",386,2021
"2334","17203",43,2021
"2335","17001",81,2022
"2336","17003",15,2022
"2337","17005",20,2022
"2338","17007",129,2022
"2339","17009",2,2022
"2340","17011",46,2022
"2341","17013",3,2022
"2342","17015",13,2022
"2343","17017",2,2022
"2344","17019",642,2022
"2345","17021",28,2022
"2346","17023",19,2022
"2347","17025",10,2022
"2348","17027",58,2022
"2349","17029",59,2022
"2350","17033",8,2022
"2351","17035",4,2022
"2352","17037",230,2022
"2353","17039",18,2022
"2354","17041",20,2022
"2355","17045",24,2022
"2356","17047",4,2022
"2357","17049",29,2022
"2358","17051",9,2022
"2359","17053",11,2022
"2360","17055",26,2022
"2361","17057",18,2022
"2362","17059",2,2022
"2363","17061",4,2022
"2364","17063",115,2022
"2365","17065",2,2022
"2366","17067",13,2022
"2367","17069",1,2022
"2368","17071",2,2022
"2369","17073",61,2022
"2370","17075",30,2022
"2371","17077",81,2022
"2372","17079",3,2022
"2373","17081",41,2022
"2374","17083",31,2022
"2375","17085",57,2022
"2376","17087",3,2022
"2377","17089",2317,2022
"2378","17095",46,2022
"2379","17099",136,2022
"2380","17101",8,2022
"2381","17103",37,2022
"2382","17105",34,2022
"2383","17107",26,2022
"2384","17109",23,2022
"2385","17111",1385,2022
"2386","17115",120,2022
"2387","17117",46,2022
"2388","17119",708,2022
"2389","17121",35,2022
"2390","17123",14,2022
"2391","17125",24,2022
"2392","17127",13,2022
"2393","17129",16,2022
"2394","17131",8,2022
"2395","17133",111,2022
"2396","17135",21,2022
"2397","17137",28,2022
"2398","17139",9,2022
"2399","17141",81,2022
"2400","17145",7,2022
"2401","17147",36,2022
"2402","17149",5,2022
"2403","17151",0,2022
"2404","17153",2,2022
"2405","17155",11,2022
"2406","17157",22,2022
"2407","17159",5,2022
"2408","17161",180,2022
"2409","17165",19,2022
"2410","17167",537,2022
"2411","17169",3,2022
"2412","17171",6,2022
"2413","17173",16,2022
"2414","17175",5,2022
"2415","17177",43,2022
"2416","17179",291,2022
"2417","17181",15,2022
"2418","17183",75,2022
"2419","17185",3,2022
"2420","17187",14,2022
"2421","17189",12,2022
"2422","17191",3,2022
"2423","17193",6,2022
"2424","17195",65,2022
"2425","17199",79,2022
"2426","17201",585,2022
"2427","17203",77,2022
"2428","17001",166,2023
"2429","17003",60,2023
"2430","17005",23,2023
"2431","17007",208,2023
"2432","17009",1,2023
"2433","17011",59,2023
"2434","17013",3,2023
"2435","17015",20,2023
"2436","17017",7,2023
"2437","17019",1061,2023
"2438","17021",49,2023
"2439","17023",27,2023
"2440","17025",15,2023
"2441","17027",77,2023
"2442","17029",88,2023
"2443","17033",13,2023
"2444","17035",11,2023
"2445","17037",364,2023
"2446","17039",35,2023
"2447","17041",31,2023
"2448","17045",34,2023
"2449","17047",7,2023
"2450","17049",46,2023
"2451","17051",12,2023
"2452","17053",21,2023
"2453","17055",37,2023
"2454","17057",51,2023
"2455","17059",4,2023
"2456","17061",7,2023
"2457","17063",178,2023
"2458","17065",6,2023
"2459","17067",19,2023
"2460","17069",1,2023
"2461","17071",2,2023
"2462","17073",107,2023
"2463","17075",42,2023
"2464","17077",140,2023
"2465","17079",3,2023
"2466","17081",54,2023
"2467","17083",48,2023
"2468","17085",77,2023
"2469","17087",8,2023
"2470","17089",3727,2023
"2471","17095",74,2023
"2472","17099",213,2023
"2473","17101",10,2023
"2474","17103",58,2023
"2475","17105",48,2023
"2476","17107",41,2023
"2477","17109",28,2023
"2478","17111",2152,2023
"2479","17115",202,2023
"2480","17117",75,2023
"2481","17119",1066,2023
"2482","17121",55,2023
"2483","17123",20,2023
"2484","17125",31,2023
"2485","17127",17,2023
"2486","17129",22,2023
"2487","17131",20,2023
"2488","17133",169,2023
"2489","17135",45,2023
"2490","17137",41,2023
"2491","17139",9,2023
"2492","17141",124,2023
"2493","17145",13,2023
"2494","17147",71,2023
"2495","17149",9,2023
"2496","17151",4,2023
"2497","17153",4,2023
"2498","17155",18,2023
"2499","17157",35,2023
"2500","17159",10,2023
"2501","17161",295,2023
"2502","17165",27,2023
"2503","17167",871,2023
"2504","17169",3,2023
"2505","17171",8,2023
"2506","17173",21,2023
"2507","17175",9,2023
"2508","17177",69,2023
"2509","17179",470,2023
"2510","17181",22,2023
"2511","17183",110,2023
"2512","17185",4,2023
"2513","17187",19,2023
"2514","17189",19,2023
"2515","17191",9,2023
"2516","17193",7,2023
"2517","17195",106,2023
"2518","17199",116,2023
"2519","17201",904,2023
"2520","17203",135,2023
"2521","21001",1,2018
"2522","21003",3,2018
"2523","21005",1,2018
"2524","21007",0,2018
"2525","21009",5,2018
"2526","21011",1,2018
"2527","21013",1,2018
"2528","21015",35,2018
"2529","21017",2,2018
"2530","21019",4,2018
"2531","21021",4,2018
"2532","21023",0,2018
"2533","21025",0,2018
"2534","21027",2,2018
"2535","21029",9,2018
"2536","21031",2,2018
"2537","21033",0,2018
"2538","21035",13,2018
"2539","21037",30,2018
"2540","21039",0,2018
"2541","21041",0,2018
"2542","21043",1,2018
"2543","21045",0,2018
"2544","21047",7,2018
"2545","21049",10,2018
"2546","21051",1,2018
"2547","21053",0,2018
"2548","21055",0,2018
"2549","21057",1,2018
"2550","21059",8,2018
"2551","21061",0,2018
"2552","21063",1,2018
"2553","21065",1,2018
"2554","21067",108,2018
"2555","21069",4,2018
"2556","21071",0,2018
"2557","21073",11,2018
"2558","21075",0,2018
"2559","21077",0,2018
"2560","21079",3,2018
"2561","21081",0,2018
"2562","21083",1,2018
"2563","21085",1,2018
"2564","21087",0,2018
"2565","21089",3,2018
"2566","21091",0,2018
"2567","21093",10,2018
"2568","21095",0,2018
"2569","21097",3,2018
"2570","21099",0,2018
"2571","21101",5,2018
"2572","21103",0,2018
"2573","21105",0,2018
"2574","21107",4,2018
"2575","21109",0,2018
"2576","21113",12,2018
"2577","21115",0,2018
"2578","21119",1,2018
"2579","21121",0,2018
"2580","21123",2,2018
"2581","21125",4,2018
"2582","21127",1,2018
"2583","21129",1,2018
"2584","21131",0,2018
"2585","21133",1,2018
"2586","21135",1,2018
"2587","21137",1,2018
"2588","21139",0,2018
"2589","21141",1,2018
"2590","21143",2,2018
"2591","21145",6,2018
"2592","21147",0,2018
"2593","21149",1,2018
"2594","21151",23,2018
"2595","21153",0,2018
"2596","21155",2,2018
"2597","21157",1,2018
"2598","21159",0,2018
"2599","21161",1,2018
"2600","21163",0,2018
"2601","21165",0,2018
"2602","21167",5,2018
"2603","21169",0,2018
"2604","21171",0,2018
"2605","21173",3,2018
"2606","21175",1,2018
"2607","21177",3,2018
"2608","21179",1,2018
"2609","21181",0,2018
"2610","21183",0,2018
"2611","21185",45,2018
"2612","21187",0,2018
"2613","21189",0,2018
"2614","21191",0,2018
"2615","21193",2,2018
"2616","21195",5,2018
"2617","21197",1,2018
"2618","21199",5,2018
"2619","21201",0,2018
"2620","21203",0,2018
"2621","21205",5,2018
"2622","21207",0,2018
"2623","21209",12,2018
"2624","21211",14,2018
"2625","21213",1,2018
"2626","21215",2,2018
"2627","21217",1,2018
"2628","21219",0,2018
"2629","21221",0,2018
"2630","21223",0,2018
"2631","21225",0,2018
"2632","21227",33,2018
"2633","21229",1,2018
"2634","21231",0,2018
"2635","21233",0,2018
"2636","21235",4,2018
"2637","21237",0,2018
"2638","21239",8,2018
"2639","21001",1,2019
"2640","21003",4,2019
"2641","21005",2,2019
"2642","21007",0,2019
"2643","21009",9,2019
"2644","21011",1,2019
"2645","21013",1,2019
"2646","21015",77,2019
"2647","21017",9,2019
"2648","21019",8,2019
"2649","21021",10,2019
"2650","21023",1,2019
"2651","21025",0,2019
"2652","21027",4,2019
"2653","21029",17,2019
"2654","21031",1,2019
"2655","21033",1,2019
"2656","21035",13,2019
"2657","21037",57,2019
"2658","21039",0,2019
"2659","21041",2,2019
"2660","21043",2,2019
"2661","21045",0,2019
"2662","21047",8,2019
"2663","21049",14,2019
"2664","21051",0,2019
"2665","21053",0,2019
"2666","21055",0,2019
"2667","21057",1,2019
"2668","21059",17,2019
"2669","21061",1,2019
"2670","21063",1,2019
"2671","21065",2,2019
"2672","21067",172,2019
"2673","21069",5,2019
"2674","21071",3,2019
"2675","21073",24,2019
"2676","21075",0,2019
"2677","21077",1,2019
"2678","21079",2,2019
"2679","21081",3,2019
"2680","21083",1,2019
"2681","21085",2,2019
"2682","21087",0,2019
"2683","21089",3,2019
"2684","21091",0,2019
"2685","21093",13,2019
"2686","21095",0,2019
"2687","21097",1,2019
"2688","21099",2,2019
"2689","21101",6,2019
"2690","21103",0,2019
"2691","21105",0,2019
"2692","21107",5,2019
"2693","21109",0,2019
"2694","21113",20,2019
"2695","21115",0,2019
"2696","21119",1,2019
"2697","21121",1,2019
"2698","21123",2,2019
"2699","21125",7,2019
"2700","21127",2,2019
"2701","21129",2,2019
"2702","21131",0,2019
"2703","21133",2,2019
"2704","21135",1,2019
"2705","21137",2,2019
"2706","21139",0,2019
"2707","21141",1,2019
"2708","21143",2,2019
"2709","21145",8,2019
"2710","21147",1,2019
"2711","21149",1,2019
"2712","21151",28,2019
"2713","21153",0,2019
"2714","21155",2,2019
"2715","21157",2,2019
"2716","21159",0,2019
"2717","21161",3,2019
"2718","21163",2,2019
"2719","21165",0,2019
"2720","21167",6,2019
"2721","21169",0,2019
"2722","21171",0,2019
"2723","21173",6,2019
"2724","21175",1,2019
"2725","21177",5,2019
"2726","21179",10,2019
"2727","21181",0,2019
"2728","21183",1,2019
"2729","21185",56,2019
"2730","21187",0,2019
"2731","21189",0,2019
"2732","21191",1,2019
"2733","21193",1,2019
"2734","21195",4,2019
"2735","21197",0,2019
"2736","21199",9,2019
"2737","21201",0,2019
"2738","21203",1,2019
"2739","21205",6,2019
"2740","21207",0,2019
"2741","21209",24,2019
"2742","21211",28,2019
"2743","21213",2,2019
"2744","21215",2,2019
"2745","21217",4,2019
"2746","21219",0,2019
"2747","21221",2,2019
"2748","21223",0,2019
"2749","21225",0,2019
"2750","21227",46,2019
"2751","21229",1,2019
"2752","21231",0,2019
"2753","21233",0,2019
"2754","21235",4,2019
"2755","21237",1,2019
"2756","21239",13,2019
"2757","21001",2,2020
"2758","21003",6,2020
"2759","21005",6,2020
"2760","21007",0,2020
"2761","21009",12,2020
"2762","21011",2,2020
"2763","21013",2,2020
"2764","21015",120,2020
"2765","21017",11,2020
"2766","21019",11,2020
"2767","21021",15,2020
"2768","21023",1,2020
"2769","21025",0,2020
"2770","21027",3,2020
"2771","21029",27,2020
"2772","21031",2,2020
"2773","21033",1,2020
"2774","21035",22,2020
"2775","21037",82,2020
"2776","21039",0,2020
"2777","21041",2,2020
"2778","21043",2,2020
"2779","21045",2,2020
"2780","21047",7,2020
"2781","21049",20,2020
"2782","21051",0,2020
"2783","21053",0,2020
"2784","21055",0,2020
"2785","21057",1,2020
"2786","21059",29,2020
"2787","21061",1,2020
"2788","21063",1,2020
"2789","21065",3,2020
"2790","21067",263,2020
"2791","21069",3,2020
"2792","21071",4,2020
"2793","21073",32,2020
"2794","21075",0,2020
"2795","21077",1,2020
"2796","21079",3,2020
"2797","21081",3,2020
"2798","21083",2,2020
"2799","21085",3,2020
"2800","21087",1,2020
"2801","21089",8,2020
"2802","21091",2,2020
"2803","21093",31,2020
"2804","21095",2,2020
"2805","21097",3,2020
"2806","21099",3,2020
"2807","21101",15,2020
"2808","21103",0,2020
"2809","21105",0,2020
"2810","21107",11,2020
"2811","21109",2,2020
"2812","21113",32,2020
"2813","21115",0,2020
"2814","21119",2,2020
"2815","21121",3,2020
"2816","21123",2,2020
"2817","21125",6,2020
"2818","21127",1,2020
"2819","21129",2,2020
"2820","21131",0,2020
"2821","21133",2,2020
"2822","21135",1,2020
"2823","21137",2,2020
"2824","21139",0,2020
"2825","21141",1,2020
"2826","21143",4,2020
"2827","21145",16,2020
"2828","21147",0,2020
"2829","21149",1,2020
"2830","21151",42,2020
"2831","21153",0,2020
"2832","21155",3,2020
"2833","21157",1,2020
"2834","21159",0,2020
"2835","21161",6,2020
"2836","21163",2,2020
"2837","21165",0,2020
"2838","21167",5,2020
"2839","21169",0,2020
"2840","21171",0,2020
"2841","21173",9,2020
"2842","21175",1,2020
"2843","21177",4,2020
"2844","21179",19,2020
"2845","21181",0,2020
"2846","21183",2,2020
"2847","21185",99,2020
"2848","21187",1,2020
"2849","21189",0,2020
"2850","21191",2,2020
"2851","21193",2,2020
"2852","21195",5,2020
"2853","21197",0,2020
"2854","21199",16,2020
"2855","21201",0,2020
"2856","21203",1,2020
"2857","21205",10,2020
"2858","21207",0,2020
"2859","21209",34,2020
"2860","21211",37,2020
"2861","21213",2,2020
"2862","21215",5,2020
"2863","21217",8,2020
"2864","21219",2,2020
"2865","21221",5,2020
"2866","21223",0,2020
"2867","21225",1,2020
"2868","21227",64,2020
"2869","21229",1,2020
"2870","21231",0,2020
"2871","21233",1,2020
"2872","21235",7,2020
"2873","21237",0,2020
"2874","21239",21,2020
"2875","21001",6,2021
"2876","21003",9,2021
"2877","21005",10,2021
"2878","21007",0,2021
"2879","21009",16,2021
"2880","21011",2,2021
"2881","21013",3,2021
"2882","21015",190,2021
"2883","21017",19,2021
"2884","21019",20,2021
"2885","21021",23,2021
"2886","21023",1,2021
"2887","21025",0,2021
"2888","21027",3,2021
"2889","21029",47,2021
"2890","21031",3,2021
"2891","21033",3,2021
"2892","21035",26,2021
"2893","21037",121,2021
"2894","21039",0,2021
"2895","21041",3,2021
"2896","21043",3,2021
"2897","21045",2,2021
"2898","21047",15,2021
"2899","21049",32,2021
"2900","21051",2,2021
"2901","21053",0,2021
"2902","21055",1,2021
"2903","21057",1,2021
"2904","21059",49,2021
"2905","21061",1,2021
"2906","21063",0,2021
"2907","21065",2,2021
"2908","21067",453,2021
"2909","21069",5,2021
"2910","21071",4,2021
"2911","21073",46,2021
"2912","21075",0,2021
"2913","21077",1,2021
"2914","21079",5,2021
"2915","21081",5,2021
"2916","21083",8,2021
"2917","21085",5,2021
"2918","21087",1,2021
"2919","21089",9,2021
"2920","21091",2,2021
"2921","21093",72,2021
"2922","21095",3,2021
"2923","21097",6,2021
"2924","21099",6,2021
"2925","21101",27,2021
"2926","21103",3,2021
"2927","21105",0,2021
"2928","21107",14,2021
"2929","21109",1,2021
"2930","21113",59,2021
"2931","21115",1,2021
"2932","21119",3,2021
"2933","21121",9,2021
"2934","21123",3,2021
"2935","21125",11,2021
"2936","21127",2,2021
"2937","21129",2,2021
"2938","21131",0,2021
"2939","21133",2,2021
"2940","21135",1,2021
"2941","21137",2,2021
"2942","21139",3,2021
"2943","21141",1,2021
"2944","21143",2,2021
"2945","21145",20,2021
"2946","21147",1,2021
"2947","21149",0,2021
"2948","21151",82,2021
"2949","21153",1,2021
"2950","21155",4,2021
"2951","21157",2,2021
"2952","21159",0,2021
"2953","21161",7,2021
"2954","21163",10,2021
"2955","21165",1,2021
"2956","21167",13,2021
"2957","21169",1,2021
"2958","21171",0,2021
"2959","21173",10,2021
"2960","21175",1,2021
"2961","21177",7,2021
"2962","21179",30,2021
"2963","21181",1,2021
"2964","21183",4,2021
"2965","21185",156,2021
"2966","21187",2,2021
"2967","21189",1,2021
"2968","21191",3,2021
"2969","21193",6,2021
"2970","21195",8,2021
"2971","21197",0,2021
"2972","21199",36,2021
"2973","21201",0,2021
"2974","21203",1,2021
"2975","21205",15,2021
"2976","21207",1,2021
"2977","21209",67,2021
"2978","21211",48,2021
"2979","21213",9,2021
"2980","21215",12,2021
"2981","21217",8,2021
"2982","21219",3,2021
"2983","21221",5,2021
"2984","21223",2,2021
"2985","21225",1,2021
"2986","21227",131,2021
"2987","21229",3,2021
"2988","21231",1,2021
"2989","21233",2,2021
"2990","21235",11,2021
"2991","21237",1,2021
"2992","21239",29,2021
"2993","21001",12,2022
"2994","21003",15,2022
"2995","21005",10,2022
"2996","21007",1,2022
"2997","21009",17,2022
"2998","21011",3,2022
"2999","21013",5,2022
"3000","21015",384,2022
"3001","21017",25,2022
"3002","21019",29,2022
"3003","21021",35,2022
"3004","21023",3,2022
"3005","21025",0,2022
"3006","21027",9,2022
"3007","21029",69,2022
"3008","21031",5,2022
"3009","21033",7,2022
"3010","21035",31,2022
"3011","21037",173,2022
"3012","21039",1,2022
"3013","21041",9,2022
"3014","21043",7,2022
"3015","21045",3,2022
"3016","21047",25,2022
"3017","21049",45,2022
"3018","21051",3,2022
"3019","21053",0,2022
"3020","21055",2,2022
"3021","21057",1,2022
"3022","21059",85,2022
"3023","21061",6,2022
"3024","21063",1,2022
"3025","21065",6,2022
"3026","21067",685,2022
"3027","21069",5,2022
"3028","21071",13,2022
"3029","21073",87,2022
"3030","21075",0,2022
"3031","21077",6,2022
"3032","21079",6,2022
"3033","21081",11,2022
"3034","21083",17,2022
"3035","21085",9,2022
"3036","21087",2,2022
"3037","21089",16,2022
"3038","21091",4,2022
"3039","21093",140,2022
"3040","21095",6,2022
"3041","21097",7,2022
"3042","21099",10,2022
"3043","21101",32,2022
"3044","21103",6,2022
"3045","21105",1,2022
"3046","21107",20,2022
"3047","21109",1,2022
"3048","21113",142,2022
"3049","21115",5,2022
"3050","21119",3,2022
"3051","21121",13,2022
"3052","21123",7,2022
"3053","21125",27,2022
"3054","21127",3,2022
"3055","21129",3,2022
"3056","21131",0,2022
"3057","21133",4,2022
"3058","21135",3,2022
"3059","21137",6,2022
"3060","21139",3,2022
"3061","21141",3,2022
"3062","21143",4,2022
"3063","21145",39,2022
"3064","21147",2,2022
"3065","21149",1,2022
"3066","21151",124,2022
"3067","21153",1,2022
"3068","21155",4,2022
"3069","21157",7,2022
"3070","21159",1,2022
"3071","21161",11,2022
"3072","21163",13,2022
"3073","21165",2,2022
"3074","21167",10,2022
"3075","21169",1,2022
"3076","21171",1,2022
"3077","21173",16,2022
"3078","21175",2,2022
"3079","21177",7,2022
"3080","21179",51,2022
"3081","21181",2,2022
"3082","21183",3,2022
"3083","21185",266,2022
"3084","21187",2,2022
"3085","21189",1,2022
"3086","21191",5,2022
"3087","21193",8,2022
"3088","21195",7,2022
"3089","21197",0,2022
"3090","21199",62,2022
"3091","21201",0,2022
"3092","21203",1,2022
"3093","21205",19,2022
"3094","21207",2,2022
"3095","21209",93,2022
"3096","21211",75,2022
"3097","21213",19,2022
"3098","21215",24,2022
"3099","21217",14,2022
"3100","21219",6,2022
"3101","21221",11,2022
"3102","21223",2,2022
"3103","21225",3,2022
"3104","21227",200,2022
"3105","21229",3,2022
"3106","21231",5,2022
"3107","21233",3,2022
"3108","21235",14,2022
"3109","21237",1,2022
"3110","21239",46,2022
"3111","21001",17,2023
"3112","21003",19,2023
"3113","21005",12,2023
"3114","21007",2,2023
"3115","21009",41,2023
"3116","21011",6,2023
"3117","21013",8,2023
"3118","21015",804,2023
"3119","21017",36,2023
"3120","21019",41,2023
"3121","21021",54,2023
"3122","21023",6,2023
"3123","21025",1,2023
"3124","21027",10,2023
"3125","21029",117,2023
"3126","21031",11,2023
"3127","21033",8,2023
"3128","21035",53,2023
"3129","21037",270,2023
"3130","21039",0,2023
"3131","21041",9,2023
"3132","21043",29,2023
"3133","21045",7,2023
"3134","21047",48,2023
"3135","21049",72,2023
"3136","21051",3,2023
"3137","21053",3,2023
"3138","21055",4,2023
"3139","21057",3,2023
"3140","21059",137,2023
"3141","21061",11,2023
"3142","21063",1,2023
"3143","21065",11,2023
"3144","21067",1152,2023
"3145","21069",8,2023
"3146","21071",23,2023
"3147","21073",118,2023
"3148","21075",1,2023
"3149","21077",12,2023
"3150","21079",19,2023
"3151","21081",13,2023
"3152","21083",27,2023
"3153","21085",17,2023
"3154","21087",3,2023
"3155","21089",30,2023
"3156","21091",5,2023
"3157","21093",214,2023
"3158","21095",9,2023
"3159","21097",15,2023
"3160","21099",15,2023
"3161","21101",40,2023
"3162","21103",8,2023
"3163","21105",1,2023
"3164","21107",32,2023
"3165","21109",4,2023
"3166","21113",180,2023
"3167","21115",13,2023
"3168","21119",3,2023
"3169","21121",21,2023
"3170","21123",12,2023
"3171","21125",53,2023
"3172","21127",5,2023
"3173","21129",5,2023
"3174","21131",1,2023
"3175","21133",6,2023
"3176","21135",3,2023
"3177","21137",8,2023
"3178","21139",6,2023
"3179","21141",10,2023
"3180","21143",7,2023
"3181","21145",78,2023
"3182","21147",4,2023
"3183","21149",2,2023
"3184","21151",171,2023
"3185","21153",2,2023
"3186","21155",12,2023
"3187","21157",15,2023
"3188","21159",0,2023
"3189","21161",15,2023
"3190","21163",34,2023
"3191","21165",3,2023
"3192","21167",26,2023
"3193","21169",3,2023
"3194","21171",2,2023
"3195","21173",24,2023
"3196","21175",4,2023
"3197","21177",7,2023
"3198","21179",65,2023
"3199","21181",2,2023
"3200","21183",6,2023
"3201","21185",405,2023
"3202","21187",5,2023
"3203","21189",1,2023
"3204","21191",8,2023
"3205","21193",12,2023
"3206","21195",35,2023
"3207","21197",1,2023
"3208","21199",91,2023
"3209","21201",0,2023
"3210","21203",2,2023
"3211","21205",25,2023
"3212","21207",3,2023
"3213","21209",134,2023
"3214","21211",111,2023
"3215","21213",32,2023
"3216","21215",42,2023
"3217","21217",16,2023
"3218","21219",8,2023
"3219","21221",19,2023
"3220","21223",7,2023
"3221","21225",2,2023
"3222","21227",320,2023
"3223","21229",4,2023
"3224","21231",6,2023
"3225","21233",1,2023
"3226","21235",24,2023
"3227","21237",4,2023
"3228","21239",85,2023
"3229","27001",4,2018
"3230","27005",6,2018
"3231","27007",4,2018
"3232","27011",1,2018
"3233","27013",8,2018
"3234","27015",5,2018
"3235","27017",3,2018
"3236","27019",214,2018
"3237","27021",4,2018
"3238","27023",1,2018
"3239","27025",22,2018
"3240","27027",7,2018
"3241","27031",2,2018
"3242","27033",1,2018
"3243","27035",13,2018
"3244","27039",6,2018
"3245","27041",7,2018
"3246","27045",4,2018
"3247","27047",6,2018
"3248","27049",33,2018
"3249","27051",6,2018
"3250","27055",8,2018
"3251","27057",5,2018
"3252","27059",6,2018
"3253","27061",11,2018
"3254","27063",3,2018
"3255","27067",13,2018
"3256","27069",1,2018
"3257","27075",3,2018
"3258","27079",15,2018
"3259","27081",1,2018
"3260","27083",2,2018
"3261","27085",2,2018
"3262","27089",2,2018
"3263","27091",2,2018
"3264","27093",5,2018
"3265","27097",8,2018
"3266","27099",3,2018
"3267","27101",1,2018
"3268","27103",25,2018
"3269","27107",2,2018
"3270","27109",106,2018
"3271","27111",8,2018
"3272","27113",5,2018
"3273","27115",3,2018
"3274","27119",2,2018
"3275","27127",1,2018
"3276","27129",9,2018
"3277","27131",12,2018
"3278","27133",2,2018
"3279","27135",1,2018
"3280","27139",56,2018
"3281","27143",2,2018
"3282","27145",30,2018
"3283","27147",13,2018
"3284","27149",3,2018
"3285","27153",3,2018
"3286","27155",1,2018
"3287","27157",37,2018
"3288","27159",3,2018
"3289","27161",9,2018
"3290","27167",11,2018
"3291","27169",10,2018
"3292","27173",1,2018
"3293","27009",0,2018
"3294","27043",0,2018
"3295","27065",0,2018
"3296","27073",0,2018
"3297","27095",0,2018
"3298","27105",0,2018
"3299","27117",0,2018
"3300","27121",0,2018
"3301","27125",0,2018
"3302","27151",0,2018
"3303","27165",0,2018
"3304","24027",1015,2018
"3305","27029",0,2018
"3306","27071",0,2018
"3307","27087",0,2018
"3308","36061",1474,2018
"3309","37141",10,2018
"3310","51510",315,2018
"3311","36047",689,2018
"3312","27077",0,2018
"3313","34023",1601,2018
"3314","47093",285,2018
"3315","51149",6,2018
"3316","27001",0,2019
"3317","27005",5,2019
"3318","27007",7,2019
"3319","27011",1,2019
"3320","27013",32,2019
"3321","27015",10,2019
"3322","27017",1,2019
"3323","27019",211,2019
"3324","27021",13,2019
"3325","27023",1,2019
"3326","27025",27,2019
"3327","27027",16,2019
"3328","27031",3,2019
"3329","27033",2,2019
"3330","27035",21,2019
"3331","27039",9,2019
"3332","27041",7,2019
"3333","27045",4,2019
"3334","27047",6,2019
"3335","27049",20,2019
"3336","27051",1,2019
"3337","27055",8,2019
"3338","27057",6,2019
"3339","27059",17,2019
"3340","27061",8,2019
"3341","27063",0,2019
"3342","27067",14,2019
"3343","27069",1,2019
"3344","27075",3,2019
"3345","27079",18,2019
"3346","27081",1,2019
"3347","27083",2,2019
"3348","27085",10,2019
"3349","27089",1,2019
"3350","27091",3,2019
"3351","27093",6,2019
"3352","27097",5,2019
"3353","27099",6,2019
"3354","27101",2,2019
"3355","27103",21,2019
"3356","27107",3,2019
"3357","27109",213,2019
"3358","27111",19,2019
"3359","27113",2,2019
"3360","27115",2,2019
"3361","27119",4,2019
"3362","27127",0,2019
"3363","27129",3,2019
"3364","27131",40,2019
"3365","27133",1,2019
"3366","27135",0,2019
"3367","27139",220,2019
"3368","27143",6,2019
"3369","27145",52,2019
"3370","27147",13,2019
"3371","27149",5,2019
"3372","27153",3,2019
"3373","27155",1,2019
"3374","27157",12,2019
"3375","27159",3,2019
"3376","27161",14,2019
"3377","27167",0,2019
"3378","27169",11,2019
"3379","27173",1,2019
"3380","27009",9,2019
"3381","27043",2,2019
"3382","27065",2,2019
"3383","27073",1,2019
"3384","27095",6,2019
"3385","27105",4,2019
"3386","27117",1,2019
"3387","27121",2,2019
"3388","27125",3,2019
"3389","27151",1,2019
"3390","27165",2,2019
"3391","24027",1691,2019
"3392","27029",0,2019
"3393","27071",0,2019
"3394","27087",0,2019
"3395","36061",1967,2019
"3396","37141",15,2019
"3397","51510",442,2019
"3398","36047",1175,2019
"3399","27077",0,2019
"3400","34023",2689,2019
"3401","47093",391,2019
"3402","51149",10,2019
"3403","27001",3,2020
"3404","27005",7,2020
"3405","27007",15,2020
"3406","27011",1,2020
"3407","27013",45,2020
"3408","27015",14,2020
"3409","27017",6,2020
"3410","27019",301,2020
"3411","27021",20,2020
"3412","27023",2,2020
"3413","27025",47,2020
"3414","27027",25,2020
"3415","27031",9,2020
"3416","27033",4,2020
"3417","27035",32,2020
"3418","27039",12,2020
"3419","27041",14,2020
"3420","27045",5,2020
"3421","27047",12,2020
"3422","27049",30,2020
"3423","27051",1,2020
"3424","27055",12,2020
"3425","27057",9,2020
"3426","27059",23,2020
"3427","27061",15,2020
"3428","27063",1,2020
"3429","27067",22,2020
"3430","27069",0,2020
"3431","27075",7,2020
"3432","27079",25,2020
"3433","27081",3,2020
"3434","27083",2,2020
"3435","27085",25,2020
"3436","27089",1,2020
"3437","27091",4,2020
"3438","27093",6,2020
"3439","27097",12,2020
"3440","27099",11,2020
"3441","27101",2,2020
"3442","27103",35,2020
"3443","27107",0,2020
"3444","27109",330,2020
"3445","27111",21,2020
"3446","27113",0,2020
"3447","27115",3,2020
"3448","27119",2,2020
"3449","27127",0,2020
"3450","27129",4,2020
"3451","27131",66,2020
"3452","27133",4,2020
"3453","27135",2,2020
"3454","27139",356,2020
"3455","27143",8,2020
"3456","27145",93,2020
"3457","27147",19,2020
"3458","27149",6,2020
"3459","27153",4,2020
"3460","27155",1,2020
"3461","27157",20,2020
"3462","27159",4,2020
"3463","27161",6,2020
"3464","27167",1,2020
"3465","27169",23,2020
"3466","27173",0,2020
"3467","27009",16,2020
"3468","27043",3,2020
"3469","27065",5,2020
"3470","27073",0,2020
"3471","27095",10,2020
"3472","27105",4,2020
"3473","27117",0,2020
"3474","27121",5,2020
"3475","27125",2,2020
"3476","27151",3,2020
"3477","27165",2,2020
"3478","24027",2188,2020
"3479","27029",0,2020
"3480","27071",0,2020
"3481","27087",0,2020
"3482","36061",2553,2020
"3483","37141",37,2020
"3484","51510",603,2020
"3485","36047",1887,2020
"3486","27077",0,2020
"3487","34023",4135,2020
"3488","47093",514,2020
"3489","51149",12,2020
"3490","27001",16,2021
"3491","27005",18,2021
"3492","27007",32,2021
"3493","27011",3,2021
"3494","27013",49,2021
"3495","27015",5,2021
"3496","27017",11,2021
"3497","27019",625,2021
"3498","27021",23,2021
"3499","27023",7,2021
"3500","27025",84,2021
"3501","27027",16,2021
"3502","27031",11,2021
"3503","27033",5,2021
"3504","27035",41,2021
"3505","27039",24,2021
"3506","27041",24,2021
"3507","27045",9,2021
"3508","27047",18,2021
"3509","27049",122,2021
"3510","27051",16,2021
"3511","27055",26,2021
"3512","27057",18,2021
"3513","27059",23,2021
"3514","27061",30,2021
"3515","27063",7,2021
"3516","27067",44,2021
"3517","27069",1,2021
"3518","27075",9,2021
"3519","27079",30,2021
"3520","27081",5,2021
"3521","27083",5,2021
"3522","27085",17,2021
"3523","27089",3,2021
"3524","27091",5,2021
"3525","27093",10,2021
"3526","27097",39,2021
"3527","27099",16,2021
"3528","27101",2,2021
"3529","27103",96,2021
"3530","27107",2,2021
"3531","27109",381,2021
"3532","27111",21,2021
"3533","27113",10,2021
"3534","27115",11,2021
"3535","27119",8,2021
"3536","27127",6,2021
"3537","27129",29,2021
"3538","27131",54,2021
"3539","27133",9,2021
"3540","27135",7,2021
"3541","27139",189,2021
"3542","27143",21,2021
"3543","27145",164,2021
"3544","27147",36,2021
"3545","27149",7,2021
"3546","27153",9,2021
"3547","27155",1,2021
"3548","27157",102,2021
"3549","27159",6,2021
"3550","27161",15,2021
"3551","27167",35,2021
"3552","27169",41,2021
"3553","27173",1,2021
"3554","27009",4,2021
"3555","27043",3,2021
"3556","27065",4,2021
"3557","27073",3,2021
"3558","27095",2,2021
"3559","27105",4,2021
"3560","27117",1,2021
"3561","27121",0,2021
"3562","27125",3,2021
"3563","27151",0,2021
"3564","27165",2,2021
"3565","24027",3057,2021
"3566","27029",1,2021
"3567","27071",1,2021
"3568","27087",1,2021
"3569","36061",3435,2021
"3570","37141",73,2021
"3571","51510",894,2021
"3572","36047",3072,2021
"3573","27077",0,2021
"3574","34023",6483,2021
"3575","47093",1097,2021
"3576","51149",31,2021
"3577","27001",14,2022
"3578","27005",29,2022
"3579","27007",39,2022
"3580","27011",2,2022
"3581","27013",66,2022
"3582","27015",10,2022
"3583","27017",18,2022
"3584","27019",945,2022
"3585","27021",37,2022
"3586","27023",10,2022
"3587","27025",139,2022
"3588","27027",19,2022
"3589","27031",15,2022
"3590","27033",8,2022
"3591","27035",69,2022
"3592","27039",45,2022
"3593","27041",42,2022
"3594","27045",13,2022
"3595","27047",23,2022
"3596","27049",196,2022
"3597","27051",32,2022
"3598","27055",35,2022
"3599","27057",23,2022
"3600","27059",36,2022
"3601","27061",33,2022
"3602","27063",14,2022
"3603","27067",67,2022
"3604","27069",3,2022
"3605","27075",17,2022
"3606","27079",52,2022
"3607","27081",6,2022
"3608","27083",9,2022
"3609","27085",26,2022
"3610","27089",3,2022
"3611","27091",15,2022
"3612","27093",12,2022
"3613","27097",56,2022
"3614","27099",41,2022
"3615","27101",4,2022
"3616","27103",148,2022
"3617","27107",2,2022
"3618","27109",536,2022
"3619","27111",33,2022
"3620","27113",9,2022
"3621","27115",24,2022
"3622","27119",10,2022
"3623","27127",8,2022
"3624","27129",41,2022
"3625","27131",77,2022
"3626","27133",11,2022
"3627","27135",10,2022
"3628","27139",280,2022
"3629","27143",30,2022
"3630","27145",222,2022
"3631","27147",61,2022
"3632","27149",11,2022
"3633","27153",17,2022
"3634","27155",1,2022
"3635","27157",150,2022
"3636","27159",8,2022
"3637","27161",26,2022
"3638","27167",46,2022
"3639","27169",62,2022
"3640","27173",1,2022
"3641","27009",8,2022
"3642","27043",6,2022
"3643","27065",8,2022
"3644","27073",1,2022
"3645","27095",4,2022
"3646","27105",6,2022
"3647","27117",6,2022
"3648","27121",3,2022
"3649","27125",5,2022
"3650","27151",2,2022
"3651","27165",2,2022
"3652","24027",4971,2022
"3653","27029",5,2022
"3654","27071",8,2022
"3655","27087",0,2022
"3656","36061",4723,2022
"3657","37141",147,2022
"3658","51510",1414,2022
"3659","36047",4394,2022
"3660","27077",0,2022
"3661","34023",9505,2022
"3662","47093",2367,2022
"3663","51149",43,2022
"3664","27001",22,2023
"3665","27005",37,2023
"3666","27007",47,2023
"3667","27011",4,2023
"3668","27013",88,2023
"3669","27015",16,2023
"3670","27017",39,2023
"3671","27019",1430,2023
"3672","27021",55,2023
"3673","27023",17,2023
"3674","27025",208,2023
"3675","27027",25,2023
"3676","27031",22,2023
"3677","27033",10,2023
"3678","27035",105,2023
"3679","27039",76,2023
"3680","27041",79,2023
"3681","27045",20,2023
"3682","27047",34,2023
"3683","27049",292,2023
"3684","27051",48,2023
"3685","27055",49,2023
"3686","27057",38,2023
"3687","27059",53,2023
"3688","27061",54,2023
"3689","27063",18,2023
"3690","27067",108,2023
"3691","27069",4,2023
"3692","27075",26,2023
"3693","27079",69,2023
"3694","27081",8,2023
"3695","27083",14,2023
"3696","27085",41,2023
"3697","27089",5,2023
"3698","27091",26,2023
"3699","27093",18,2023
"3700","27097",77,2023
"3701","27099",62,2023
"3702","27101",5,2023
"3703","27103",206,2023
"3704","27107",6,2023
"3705","27109",795,2023
"3706","27111",70,2023
"3707","27113",11,2023
"3708","27115",33,2023
"3709","27119",12,2023
"3710","27127",13,2023
"3711","27129",53,2023
"3712","27131",131,2023
"3713","27133",11,2023
"3714","27135",14,2023
"3715","27139",459,2023
"3716","27143",54,2023
"3717","27145",347,2023
"3718","27147",91,2023
"3719","27149",14,2023
"3720","27153",28,2023
"3721","27155",0,2023
"3722","27157",219,2023
"3723","27159",7,2023
"3724","27161",31,2023
"3725","27167",65,2023
"3726","27169",98,2023
"3727","27173",3,2023
"3728","27009",12,2023
"3729","27043",9,2023
"3730","27065",11,2023
"3731","27073",3,2023
"3732","27095",9,2023
"3733","27105",7,2023
"3734","27117",10,2023
"3735","27121",6,2023
"3736","27125",8,2023
"3737","27151",2,2023
"3738","27165",4,2023
"3739","24027",7870,2023
"3740","27029",7,2023
"3741","27071",9,2023
"3742","27087",2,2023
"3743","36061",6317,2023
"3744","37141",229,2023
"3745","51510",2335,2023
"3746","36047",8076,2023
"3747","27077",1,2023
"3748","34023",18806,2023
"3749","47093",4002,2023
"3750","51149",65,2023
"3751","23001",29,2018
"3752","23003",1,2018
"3753","23005",194,2018
"3754","23007",2,2018
"3755","23009",31,2018
"3756","23011",19,2018
"3757","23013",15,2018
"3758","23015",14,2018
"3759","23017",26,2018
"3760","23019",26,2018
"3761","23021",1,2018
"3762","23023",41,2018
"3763","23025",3,2018
"3764","23027",21,2018
"3765","23029",2,2018
"3766","23031",66,2018
"3767","24033",589,2018
"3768","36059",2193,2018
"3769","51710",147,2018
"3770","34039",1015,2018
"3771","51013",572,2018
"3772","34029",252,2018
"3773","34007",606,2018
"3774","48041",62,2018
"3775","23001",44,2019
"3776","23003",2,2019
"3777","23005",384,2019
"3778","23007",3,2019
"3779","23009",55,2019
"3780","23011",42,2019
"3781","23013",34,2019
"3782","23015",37,2019
"3783","23017",40,2019
"3784","23019",45,2019
"3785","23021",2,2019
"3786","23023",73,2019
"3787","23025",9,2019
"3788","23027",37,2019
"3789","23029",4,2019
"3790","23031",149,2019
"3791","24033",993,2019
"3792","36059",3274,2019
"3793","51710",176,2019
"3794","34039",1567,2019
"3795","51013",863,2019
"3796","34029",461,2019
"3797","34007",994,2019
"3798","48041",111,2019
"3799","23001",58,2020
"3800","23003",3,2020
"3801","23005",575,2020
"3802","23007",3,2020
"3803","23009",78,2020
"3804","23011",65,2020
"3805","23013",52,2020
"3806","23015",60,2020
"3807","23017",53,2020
"3808","23019",63,2020
"3809","23021",2,2020
"3810","23023",104,2020
"3811","23025",14,2020
"3812","23027",53,2020
"3813","23029",5,2020
"3814","23031",232,2020
"3815","24033",1403,2020
"3816","36059",4497,2020
"3817","51710",250,2020
"3818","34039",2278,2020
"3819","51013",1151,2020
"3820","34029",1033,2020
"3821","34007",1498,2020
"3822","48041",163,2020
"3823","23001",92,2021
"3824","23003",9,2021
"3825","23005",1013,2021
"3826","23007",10,2021
"3827","23009",124,2021
"3828","23011",93,2021
"3829","23013",80,2021
"3830","23015",106,2021
"3831","23017",76,2021
"3832","23019",110,2021
"3833","23021",11,2021
"3834","23023",164,2021
"3835","23025",24,2021
"3836","23027",71,2021
"3837","23029",11,2021
"3838","23031",394,2021
"3839","24033",2170,2021
"3840","36059",7644,2021
"3841","51710",407,2021
"3842","34039",3887,2021
"3843","51013",1701,2021
"3844","34029",1986,2021
"3845","34007",2169,2021
"3846","48041",278,2021
"3847","23001",166,2022
"3848","23003",20,2022
"3849","23005",1601,2022
"3850","23007",19,2022
"3851","23009",183,2022
"3852","23011",141,2022
"3853","23013",138,2022
"3854","23015",156,2022
"3855","23017",104,2022
"3856","23019",185,2022
"3857","23021",21,2022
"3858","23023",254,2022
"3859","23025",38,2022
"3860","23027",118,2022
"3861","23029",20,2022
"3862","23031",652,2022
"3863","24033",3778,2022
"3864","36059",11184,2022
"3865","51710",567,2022
"3866","34039",7947,2022
"3867","51013",2478,2022
"3868","34029",3184,2022
"3869","34007",3011,2022
"3870","48041",418,2022
"3871","23001",212,2023
"3872","23003",32,2023
"3873","23005",2157,2023
"3874","23007",33,2023
"3875","23009",267,2023
"3876","23011",184,2023
"3877","23013",203,2023
"3878","23015",221,2023
"3879","23017",139,2023
"3880","23019",273,2023
"3881","23021",21,2023
"3882","23023",369,2023
"3883","23025",54,2023
"3884","23027",164,2023
"3885","23029",23,2023
"3886","23031",924,2023
"3887","24033",6218,2023
"3888","36059",17069,2023
"3889","51710",868,2023
"3890","34039",13840,2023
"3891","51013",3635,2023
"3892","34029",4960,2023
"3893","34007",5029,2023
"3894","48041",2322,2023
"3895","24001",17,2018
"3896","24009",56,2018
"3897","24011",13,2018
"3898","24013",124,2018
"3899","24015",39,2018
"3900","24017",84,2018
"3901","24019",15,2018
"3902","24021",334,2018
"3903","24023",5,2018
"3904","24025",146,2018
"3905","24029",8,2018
"3906","24035",49,2018
"3907","24037",58,2018
"3908","24039",5,2018
"3909","24041",49,2018
"3910","24043",67,2018
"3911","24045",25,2018
"3912","24047",21,2018
"3913","24510",628,2018
"3914","24001",26,2019
"3915","24009",118,2019
"3916","24011",8,2019
"3917","24013",249,2019
"3918","24015",73,2019
"3919","24017",159,2019
"3920","24019",18,2019
"3921","24021",597,2019
"3922","24023",7,2019
"3923","24025",256,2019
"3924","24029",14,2019
"3925","24035",70,2019
"3926","24037",110,2019
"3927","24039",3,2019
"3928","24041",55,2019
"3929","24043",117,2019
"3930","24045",43,2019
"3931","24047",36,2019
"3932","24510",700,2019
"3933","24001",37,2020
"3934","24009",162,2020
"3935","24011",7,2020
"3936","24013",359,2020
"3937","24015",99,2020
"3938","24017",229,2020
"3939","24019",24,2020
"3940","24021",840,2020
"3941","24023",15,2020
"3942","24025",378,2020
"3943","24029",16,2020
"3944","24035",96,2020
"3945","24037",166,2020
"3946","24039",3,2020
"3947","24041",88,2020
"3948","24043",156,2020
"3949","24045",59,2020
"3950","24047",54,2020
"3951","24510",855,2020
"3952","24001",46,2021
"3953","24009",242,2021
"3954","24011",25,2021
"3955","24013",520,2021
"3956","24015",154,2021
"3957","24017",422,2021
"3958","24019",32,2021
"3959","24021",1235,2021
"3960","24023",26,2021
"3961","24025",578,2021
"3962","24029",33,2021
"3963","24035",145,2021
"3964","24037",261,2021
"3965","24039",5,2021
"3966","24041",132,2021
"3967","24043",226,2021
"3968","24045",88,2021
"3969","24047",76,2021
"3970","24510",1231,2021
"3971","24001",98,2022
"3972","24009",406,2022
"3973","24011",70,2022
"3974","24013",815,2022
"3975","24015",239,2022
"3976","24017",763,2022
"3977","24019",58,2022
"3978","24021",2097,2022
"3979","24023",34,2022
"3980","24025",979,2022
"3981","24029",47,2022
"3982","24035",242,2022
"3983","24037",424,2022
"3984","24039",9,2022
"3985","24041",225,2022
"3986","24043",343,2022
"3987","24045",157,2022
"3988","24047",159,2022
"3989","24510",2110,2022
"3990","24001",198,2023
"3991","24009",632,2023
"3992","24011",128,2023
"3993","24013",1201,2023
"3994","24015",331,2023
"3995","24017",1223,2023
"3996","24019",83,2023
"3997","24021",3465,2023
"3998","24023",51,2023
"3999","24025",1512,2023
"4000","24029",75,2023
"4001","24035",341,2023
"4002","24037",606,2023
"4003","24039",25,2023
"4004","24041",307,2023
"4005","24043",562,2023
"4006","24045",248,2023
"4007","24047",282,2023
"4008","24510",2811,2023
"4009","37001",80,2018
"4010","37003",5,2018
"4011","37005",2,2018
"4012","37007",1,2018
"4013","37009",8,2018
"4014","37011",10,2018
"4015","37013",18,2018
"4016","37015",0,2018
"4017","37017",4,2018
"4018","37019",62,2018
"4019","37023",22,2018
"4020","37027",21,2018
"4021","37029",2,2018
"4022","37031",36,2018
"4023","37033",1,2018
"4024","37035",64,2018
"4025","37037",157,2018
"4026","37039",3,2018
"4027","37041",5,2018
"4028","37043",3,2018
"4029","37045",10,2018
"4030","37047",1,2018
"4031","37049",28,2018
"4032","37051",63,2018
"4033","37053",6,2018
"4034","37055",18,2018
"4035","37057",20,2018
"4036","37061",6,2018
"4037","37063",514,2018
"4038","37065",3,2018
"4039","37067",152,2018
"4040","37069",10,2018
"4041","37071",64,2018
"4042","37073",2,2018
"4043","37075",0,2018
"4044","37077",13,2018
"4045","37079",1,2018
"4046","37081",298,2018
"4047","37083",4,2018
"4048","37085",25,2018
"4049","37087",28,2018
"4050","37089",54,2018
"4051","37091",0,2018
"4052","37095",5,2018
"4053","37099",13,2018
"4054","37101",51,2018
"4055","37103",0,2018
"4056","37105",15,2018
"4057","37107",10,2018
"4058","37109",30,2018
"4059","37111",16,2018
"4060","37113",11,2018
"4061","37115",1,2018
"4062","37117",10,2018
"4063","37119",1077,2018
"4064","37121",4,2018
"4065","37123",4,2018
"4066","37125",61,2018
"4067","37127",18,2018
"4068","37131",0,2018
"4069","37133",26,2018
"4070","37137",6,2018
"4071","37139",8,2018
"4072","37143",1,2018
"4073","37145",7,2018
"4074","37147",55,2018
"4075","37149",10,2018
"4076","37151",29,2018
"4077","37153",4,2018
"4078","37155",7,2018
"4079","37157",11,2018
"4080","37159",32,2018
"4081","37161",13,2018
"4082","37163",2,2018
"4083","37165",1,2018
"4084","37167",11,2018
"4085","37169",5,2018
"4086","37171",9,2018
"4087","37173",3,2018
"4088","37175",29,2018
"4089","37177",1,2018
"4090","37179",189,2018
"4091","37181",9,2018
"4092","37185",8,2018
"4093","37187",0,2018
"4094","37189",24,2018
"4095","37191",15,2018
"4096","37193",9,2018
"4097","37195",10,2018
"4098","37197",3,2018
"4099","37199",6,2018
"4100","37001",114,2019
"4101","37003",8,2019
"4102","37005",3,2019
"4103","37007",3,2019
"4104","37009",9,2019
"4105","37011",10,2019
"4106","37013",17,2019
"4107","37015",1,2019
"4108","37017",5,2019
"4109","37019",119,2019
"4110","37023",28,2019
"4111","37027",26,2019
"4112","37029",3,2019
"4113","37031",57,2019
"4114","37033",2,2019
"4115","37035",95,2019
"4116","37037",260,2019
"4117","37039",7,2019
"4118","37041",9,2019
"4119","37043",3,2019
"4120","37045",22,2019
"4121","37047",1,2019
"4122","37049",38,2019
"4123","37051",121,2019
"4124","37053",11,2019
"4125","37055",31,2019
"4126","37057",39,2019
"4127","37061",7,2019
"4128","37063",728,2019
"4129","37065",8,2019
"4130","37067",250,2019
"4131","37069",27,2019
"4132","37071",118,2019
"4133","37073",4,2019
"4134","37075",0,2019
"4135","37077",28,2019
"4136","37079",1,2019
"4137","37081",487,2019
"4138","37083",9,2019
"4139","37085",48,2019
"4140","37087",41,2019
"4141","37089",92,2019
"4142","37091",1,2019
"4143","37095",5,2019
"4144","37099",14,2019
"4145","37101",98,2019
"4146","37103",2,2019
"4147","37105",28,2019
"4148","37107",14,2019
"4149","37109",54,2019
"4150","37111",20,2019
"4151","37113",14,2019
"4152","37115",1,2019
"4153","37117",16,2019
"4154","37119",1827,2019
"4155","37121",7,2019
"4156","37123",8,2019
"4157","37125",88,2019
"4158","37127",24,2019
"4159","37131",2,2019
"4160","37133",48,2019
"4161","37137",6,2019
"4162","37139",10,2019
"4163","37143",3,2019
"4164","37145",14,2019
"4165","37147",83,2019
"4166","37149",11,2019
"4167","37151",37,2019
"4168","37153",11,2019
"4169","37155",8,2019
"4170","37157",16,2019
"4171","37159",48,2019
"4172","37161",17,2019
"4173","37163",8,2019
"4174","37165",2,2019
"4175","37167",17,2019
"4176","37169",7,2019
"4177","37171",20,2019
"4178","37173",4,2019
"4179","37175",34,2019
"4180","37177",0,2019
"4181","37179",363,2019
"4182","37181",13,2019
"4183","37185",11,2019
"4184","37187",0,2019
"4185","37189",43,2019
"4186","37191",22,2019
"4187","37193",12,2019
"4188","37195",18,2019
"4189","37197",5,2019
"4190","37199",7,2019
"4191","37001",146,2020
"4192","37003",14,2020
"4193","37005",3,2020
"4194","37007",2,2020
"4195","37009",11,2020
"4196","37011",10,2020
"4197","37013",25,2020
"4198","37015",1,2020
"4199","37017",7,2020
"4200","37019",156,2020
"4201","37023",39,2020
"4202","37027",38,2020
"4203","37029",5,2020
"4204","37031",74,2020
"4205","37033",4,2020
"4206","37035",110,2020
"4207","37037",357,2020
"4208","37039",9,2020
"4209","37041",13,2020
"4210","37043",4,2020
"4211","37045",32,2020
"4212","37047",4,2020
"4213","37049",57,2020
"4214","37051",181,2020
"4215","37053",23,2020
"4216","37055",51,2020
"4217","37057",62,2020
"4218","37061",10,2020
"4219","37063",969,2020
"4220","37065",17,2020
"4221","37067",368,2020
"4222","37069",45,2020
"4223","37071",157,2020
"4224","37073",3,2020
"4225","37075",1,2020
"4226","37077",36,2020
"4227","37079",4,2020
"4228","37081",670,2020
"4229","37083",14,2020
"4230","37085",80,2020
"4231","37087",51,2020
"4232","37089",128,2020
"4233","37091",1,2020
"4234","37095",3,2020
"4235","37099",19,2020
"4236","37101",151,2020
"4237","37103",2,2020
"4238","37105",43,2020
"4239","37107",22,2020
"4240","37109",74,2020
"4241","37111",30,2020
"4242","37113",27,2020
"4243","37115",1,2020
"4244","37117",16,2020
"4245","37119",2557,2020
"4246","37121",7,2020
"4247","37123",15,2020
"4248","37125",143,2020
"4249","37127",33,2020
"4250","37131",4,2020
"4251","37133",83,2020
"4252","37137",7,2020
"4253","37139",12,2020
"4254","37143",3,2020
"4255","37145",14,2020
"4256","37147",117,2020
"4257","37149",16,2020
"4258","37151",47,2020
"4259","37153",18,2020
"4260","37155",16,2020
"4261","37157",27,2020
"4262","37159",72,2020
"4263","37161",22,2020
"4264","37163",8,2020
"4265","37165",7,2020
"4266","37167",21,2020
"4267","37169",9,2020
"4268","37171",31,2020
"4269","37173",7,2020
"4270","37175",55,2020
"4271","37177",0,2020
"4272","37179",516,2020
"4273","37181",19,2020
"4274","37185",13,2020
"4275","37187",2,2020
"4276","37189",68,2020
"4277","37191",42,2020
"4278","37193",16,2020
"4279","37195",31,2020
"4280","37197",9,2020
"4281","37199",7,2020
"4282","37001",249,2021
"4283","37003",25,2021
"4284","37005",9,2021
"4285","37007",2,2021
"4286","37009",18,2021
"4287","37011",15,2021
"4288","37013",41,2021
"4289","37015",4,2021
"4290","37017",14,2021
"4291","37019",266,2021
"4292","37023",68,2021
"4293","37027",70,2021
"4294","37029",10,2021
"4295","37031",124,2021
"4296","37033",7,2021
"4297","37035",181,2021
"4298","37037",530,2021
"4299","37039",19,2021
"4300","37041",16,2021
"4301","37043",13,2021
"4302","37045",58,2021
"4303","37047",11,2021
"4304","37049",108,2021
"4305","37051",372,2021
"4306","37053",45,2021
"4307","37055",83,2021
"4308","37057",144,2021
"4309","37061",17,2021
"4310","37063",1519,2021
"4311","37065",24,2021
"4312","37067",597,2021
"4313","37069",77,2021
"4314","37071",276,2021
"4315","37073",6,2021
"4316","37075",3,2021
"4317","37077",68,2021
"4318","37079",5,2021
"4319","37081",1024,2021
"4320","37083",23,2021
"4321","37085",159,2021
"4322","37087",86,2021
"4323","37089",229,2021
"4324","37091",7,2021
"4325","37095",3,2021
"4326","37099",45,2021
"4327","37101",315,2021
"4328","37103",3,2021
"4329","37105",70,2021
"4330","37107",35,2021
"4331","37109",159,2021
"4332","37111",58,2021
"4333","37113",31,2021
"4334","37115",1,2021
"4335","37117",52,2021
"4336","37119",4224,2021
"4337","37121",14,2021
"4338","37123",20,2021
"4339","37125",276,2021
"4340","37127",60,2021
"4341","37131",4,2021
"4342","37133",143,2021
"4343","37137",15,2021
"4344","37139",22,2021
"4345","37143",11,2021
"4346","37145",27,2021
"4347","37147",187,2021
"4348","37149",35,2021
"4349","37151",84,2021
"4350","37153",17,2021
"4351","37155",34,2021
"4352","37157",47,2021
"4353","37159",127,2021
"4354","37161",44,2021
"4355","37163",15,2021
"4356","37165",13,2021
"4357","37167",39,2021
"4358","37169",28,2021
"4359","37171",46,2021
"4360","37173",14,2021
"4361","37175",85,2021
"4362","37177",1,2021
"4363","37179",841,2021
"4364","37181",25,2021
"4365","37185",14,2021
"4366","37187",3,2021
"4367","37189",124,2021
"4368","37191",80,2021
"4369","37193",30,2021
"4370","37195",55,2021
"4371","37197",23,2021
"4372","37199",16,2021
"4373","37001",376,2022
"4374","37003",29,2022
"4375","37005",15,2022
"4376","37007",8,2022
"4377","37009",27,2022
"4378","37011",30,2022
"4379","37013",64,2022
"4380","37015",6,2022
"4381","37017",21,2022
"4382","37019",399,2022
"4383","37023",114,2022
"4384","37027",94,2022
"4385","37029",18,2022
"4386","37031",174,2022
"4387","37033",12,2022
"4388","37035",312,2022
"4389","37037",783,2022
"4390","37039",30,2022
"4391","37041",17,2022
"4392","37043",21,2022
"4393","37045",94,2022
"4394","37047",20,2022
"4395","37049",152,2022
"4396","37051",578,2022
"4397","37053",84,2022
"4398","37055",138,2022
"4399","37057",222,2022
"4400","37061",28,2022
"4401","37063",2116,2022
"4402","37065",23,2022
"4403","37067",924,2022
"4404","37069",136,2022
"4405","37071",439,2022
"4406","37073",6,2022
"4407","37075",5,2022
"4408","37077",97,2022
"4409","37079",8,2022
"4410","37081",1621,2022
"4411","37083",36,2022
"4412","37085",274,2022
"4413","37087",127,2022
"4414","37089",345,2022
"4415","37091",13,2022
"4416","37095",2,2022
"4417","37099",83,2022
"4418","37101",520,2022
"4419","37103",6,2022
"4420","37105",115,2022
"4421","37107",42,2022
"4422","37109",250,2022
"4423","37111",93,2022
"4424","37113",51,2022
"4425","37115",6,2022
"4426","37117",76,2022
"4427","37119",6605,2022
"4428","37121",22,2022
"4429","37123",39,2022
"4430","37125",435,2022
"4431","37127",98,2022
"4432","37131",7,2022
"4433","37133",265,2022
"4434","37137",21,2022
"4435","37139",42,2022
"4436","37143",15,2022
"4437","37145",49,2022
"4438","37147",273,2022
"4439","37149",62,2022
"4440","37151",144,2022
"4441","37153",30,2022
"4442","37155",60,2022
"4443","37157",74,2022
"4444","37159",205,2022
"4445","37161",71,2022
"4446","37163",21,2022
"4447","37165",17,2022
"4448","37167",72,2022
"4449","37169",44,2022
"4450","37171",79,2022
"4451","37173",19,2022
"4452","37175",142,2022
"4453","37177",1,2022
"4454","37179",1367,2022
"4455","37181",34,2022
"4456","37185",26,2022
"4457","37187",10,2022
"4458","37189",161,2022
"4459","37191",122,2022
"4460","37193",46,2022
"4461","37195",76,2022
"4462","37197",36,2022
"4463","37199",23,2022
"4464","37001",561,2023
"4465","37003",54,2023
"4466","37005",16,2023
"4467","37007",11,2023
"4468","37009",53,2023
"4469","37011",44,2023
"4470","37013",103,2023
"4471","37015",14,2023
"4472","37017",24,2023
"4473","37019",648,2023
"4474","37023",153,2023
"4475","37027",133,2023
"4476","37029",19,2023
"4477","37031",267,2023
"4478","37033",22,2023
"4479","37035",503,2023
"4480","37037",1177,2023
"4481","37039",47,2023
"4482","37041",29,2023
"4483","37043",25,2023
"4484","37045",141,2023
"4485","37047",33,2023
"4486","37049",243,2023
"4487","37051",969,2023
"4488","37053",131,2023
"4489","37055",198,2023
"4490","37057",320,2023
"4491","37061",30,2023
"4492","37063",3317,2023
"4493","37065",35,2023
"4494","37067",1503,2023
"4495","37069",240,2023
"4496","37071",748,2023
"4497","37073",14,2023
"4498","37075",13,2023
"4499","37077",146,2023
"4500","37079",23,2023
"4501","37081",2504,2023
"4502","37083",50,2023
"4503","37085",427,2023
"4504","37087",203,2023
"4505","37089",550,2023
"4506","37091",16,2023
"4507","37095",4,2023
"4508","37099",114,2023
"4509","37101",858,2023
"4510","37103",9,2023
"4511","37105",181,2023
"4512","37107",63,2023
"4513","37109",392,2023
"4514","37111",134,2023
"4515","37113",85,2023
"4516","37115",9,2023
"4517","37117",119,2023
"4518","37119",11563,2023
"4519","37121",32,2023
"4520","37123",55,2023
"4521","37125",645,2023
"4522","37127",160,2023
"4523","37131",16,2023
"4524","37133",385,2023
"4525","37137",30,2023
"4526","37139",59,2023
"4527","37143",28,2023
"4528","37145",71,2023
"4529","37147",454,2023
"4530","37149",101,2023
"4531","37151",249,2023
"4532","37153",54,2023
"4533","37155",89,2023
"4534","37157",124,2023
"4535","37159",341,2023
"4536","37161",106,2023
"4537","37163",43,2023
"4538","37165",31,2023
"4539","37167",115,2023
"4540","37169",62,2023
"4541","37171",122,2023
"4542","37173",42,2023
"4543","37175",196,2023
"4544","37177",1,2023
"4545","37179",2342,2023
"4546","37181",54,2023
"4547","37185",31,2023
"4548","37187",16,2023
"4549","37189",248,2023
"4550","37191",216,2023
"4551","37193",77,2023
"4552","37195",120,2023
"4553","37197",56,2023
"4554","37199",49,2023
"4555","34001",193,2018
"4556","34003",1911,2018
"4557","34009",95,2018
"4558","34011",29,2018
"4559","34013",693,2018
"4560","34015",185,2018
"4561","34017",439,2018
"4562","34019",251,2018
"4563","34027",1151,2018
"4564","34033",34,2018
"4565","34035",917,2018
"4566","34037",72,2018
"4567","34041",80,2018
"4568","36085",210,2018
"4569","36087",364,2018
"4570","45045",302,2018
"4571","36001",532,2018
"4572","47125",59,2018
"4573","48121",999,2018
"4574","51087",352,2018
"4575","36019",40,2018
"4576","36005",119,2018
"4577","36071",217,2018
"4578","51109",18,2018
"4579","36021",62,2018
"4580","36055",622,2018
"4581","36067",249,2018
"4582","36111",237,2018
"4583","51041",220,2018
"4584","51740",17,2018
"4585","36079",164,2018
"4586","45013",158,2018
"4587","48181",43,2018
"4588","51075",45,2018
"4589","34001",314,2019
"4590","34003",2771,2019
"4591","34009",130,2019
"4592","34011",41,2019
"4593","34013",1101,2019
"4594","34015",293,2019
"4595","34017",786,2019
"4596","34019",375,2019
"4597","34027",1781,2019
"4598","34033",49,2019
"4599","34035",1416,2019
"4600","34037",130,2019
"4601","34041",126,2019
"4602","36085",382,2019
"4603","36087",564,2019
"4604","45045",461,2019
"4605","36001",688,2019
"4606","47125",77,2019
"4607","48121",2133,2019
"4608","51087",549,2019
"4609","36019",60,2019
"4610","36005",221,2019
"4611","36071",358,2019
"4612","51109",33,2019
"4613","36021",111,2019
"4614","36055",1025,2019
"4615","36067",377,2019
"4616","36111",366,2019
"4617","51041",373,2019
"4618","51740",27,2019
"4619","36079",272,2019
"4620","45013",200,2019
"4621","48181",80,2019
"4622","51075",58,2019
"4623","34001",476,2020
"4624","34003",4211,2020
"4625","34009",183,2020
"4626","34011",56,2020
"4627","34013",1633,2020
"4628","34015",464,2020
"4629","34017",1404,2020
"4630","34019",534,2020
"4631","34027",2622,2020
"4632","34033",77,2020
"4633","34035",1954,2020
"4634","34037",225,2020
"4635","34041",176,2020
"4636","36085",557,2020
"4637","36087",754,2020
"4638","45045",651,2020
"4639","36001",835,2020
"4640","47125",94,2020
"4641","48121",3209,2020
"4642","51087",809,2020
"4643","36019",74,2020
"4644","36005",317,2020
"4645","36071",497,2020
"4646","51109",49,2020
"4647","36021",162,2020
"4648","36055",1385,2020
"4649","36067",495,2020
"4650","36111",490,2020
"4651","51041",550,2020
"4652","51740",50,2020
"4653","36079",346,2020
"4654","45013",310,2020
"4655","48181",156,2020
"4656","51075",74,2020
"4657","34001",855,2021
"4658","34003",6808,2021
"4659","34009",302,2021
"4660","34011",90,2021
"4661","34013",2678,2021
"4662","34015",840,2021
"4663","34017",2412,2021
"4664","34019",796,2021
"4665","34027",3987,2021
"4666","34033",130,2021
"4667","34035",2855,2021
"4668","34037",350,2021
"4669","34041",297,2021
"4670","36085",1126,2021
"4671","36087",1273,2021
"4672","45045",1051,2021
"4673","36001",1233,2021
"4674","47125",195,2021
"4675","48121",5519,2021
"4676","51087",1149,2021
"4677","36019",116,2021
"4678","36005",613,2021
"4679","36071",904,2021
"4680","51109",76,2021
"4681","36021",282,2021
"4682","36055",2292,2021
"4683","36067",827,2021
"4684","36111",737,2021
"4685","51041",898,2021
"4686","51740",71,2021
"4687","36079",606,2021
"4688","45013",521,2021
"4689","48181",321,2021
"4690","51075",120,2021
"4691","34001",1241,2022
"4692","34003",9936,2022
"4693","34009",434,2022
"4694","34011",149,2022
"4695","34013",3910,2022
"4696","34015",1255,2022
"4697","34017",3544,2022
"4698","34019",1110,2022
"4699","34027",5646,2022
"4700","34033",189,2022
"4701","34035",4128,2022
"4702","34037",520,2022
"4703","34041",451,2022
"4704","36085",1843,2022
"4705","36087",1878,2022
"4706","45045",1701,2022
"4707","36001",1725,2022
"4708","47125",369,2022
"4709","48121",9109,2022
"4710","51087",1873,2022
"4711","36019",167,2022
"4712","36005",855,2022
"4713","36071",1406,2022
"4714","51109",136,2022
"4715","36021",407,2022
"4716","36055",3267,2022
"4717","36067",1156,2022
"4718","36111",1117,2022
"4719","51041",1487,2022
"4720","51740",102,2022
"4721","36079",881,2022
"4722","45013",1003,2022
"4723","48181",595,2022
"4724","51075",195,2022
"4725","34001",2053,2023
"4726","34003",16936,2023
"4727","34009",605,2023
"4728","34011",238,2023
"4729","34013",6413,2023
"4730","34015",2030,2023
"4731","34017",5921,2023
"4732","34019",1838,2023
"4733","34027",9572,2023
"4734","34033",284,2023
"4735","34035",7544,2023
"4736","34037",808,2023
"4737","34041",752,2023
"4738","36085",3230,2023
"4739","36087",2736,2023
"4740","45045",2776,2023
"4741","36001",2532,2023
"4742","47125",599,2023
"4743","48121",15806,2023
"4744","51087",3136,2023
"4745","36019",222,2023
"4746","36005",2560,2023
"4747","36071",2068,2023
"4748","51109",209,2023
"4749","36021",566,2023
"4750","36055",4626,2023
"4751","36067",1775,2023
"4752","36111",1566,2023
"4753","51041",2369,2023
"4754","51740",159,2023
"4755","36079",1218,2023
"4756","45013",1385,2023
"4757","48181",1096,2023
"4758","51075",290,2023
"4759","32001",7,2018
"4760","32005",81,2018
"4761","32007",13,2018
"4762","32009",2,2018
"4763","32011",1,2018
"4764","32013",2,2018
"4765","32015",1,2018
"4766","32017",4,2018
"4767","32019",24,2018
"4768","32021",3,2018
"4769","32023",31,2018
"4770","32027",2,2018
"4771","32029",21,2018
"4772","32033",3,2018
"4773","32510",50,2018
"4774","32001",10,2019
"4775","32005",115,2019
"4776","32007",11,2019
"4777","32009",2,2019
"4778","32011",1,2019
"4779","32013",5,2019
"4780","32015",1,2019
"4781","32017",4,2019
"4782","32019",51,2019
"4783","32021",7,2019
"4784","32023",37,2019
"4785","32027",2,2019
"4786","32029",30,2019
"4787","32033",3,2019
"4788","32510",81,2019
"4789","32001",14,2020
"4790","32005",170,2020
"4791","32007",16,2020
"4792","32009",2,2020
"4793","32011",1,2020
"4794","32013",8,2020
"4795","32015",3,2020
"4796","32017",5,2020
"4797","32019",85,2020
"4798","32021",8,2020
"4799","32023",65,2020
"4800","32027",3,2020
"4801","32029",26,2020
"4802","32033",4,2020
"4803","32510",105,2020
"4804","32001",23,2021
"4805","32005",274,2021
"4806","32007",25,2021
"4807","32009",3,2021
"4808","32011",2,2021
"4809","32013",15,2021
"4810","32015",4,2021
"4811","32017",5,2021
"4812","32019",130,2021
"4813","32021",11,2021
"4814","32023",109,2021
"4815","32027",6,2021
"4816","32029",23,2021
"4817","32033",3,2021
"4818","32510",167,2021
"4819","32001",49,2022
"4820","32005",393,2022
"4821","32007",36,2022
"4822","32009",3,2022
"4823","32011",3,2022
"4824","32013",20,2022
"4825","32015",3,2022
"4826","32017",11,2022
"4827","32019",220,2022
"4828","32021",12,2022
"4829","32023",183,2022
"4830","32027",14,2022
"4831","32029",25,2022
"4832","32033",2,2022
"4833","32510",251,2022
"4834","32001",84,2023
"4835","32005",554,2023
"4836","32007",103,2023
"4837","32009",6,2023
"4838","32011",3,2023
"4839","32013",22,2023
"4840","32015",4,2023
"4841","32017",12,2023
"4842","32019",304,2023
"4843","32021",12,2023
"4844","32023",269,2023
"4845","32027",13,2023
"4846","32029",33,2023
"4847","32033",4,2023
"4848","32510",356,2023
"4849","36003",8,2018
"4850","36007",76,2018
"4851","36009",7,2018
"4852","36011",46,2018
"4853","36013",51,2018
"4854","36015",18,2018
"4855","36017",6,2018
"4856","36023",39,2018
"4857","36025",29,2018
"4858","36027",239,2018
"4859","36031",39,2018
"4860","36033",9,2018
"4861","36035",18,2018
"4862","36037",19,2018
"4863","36039",26,2018
"4864","36041",1,2018
"4865","36043",35,2018
"4866","36045",29,2018
"4867","36049",5,2018
"4868","36051",47,2018
"4869","36053",43,2018
"4870","36057",1,2018
"4871","36063",86,2018
"4872","36065",44,2018
"4873","36069",43,2018
"4874","36073",7,2018
"4875","36075",38,2018
"4876","36077",18,2018
"4877","36083",116,2018
"4878","36089",28,2018
"4879","36093",47,2018
"4880","36095",6,2018
"4881","36097",25,2018
"4882","36099",9,2018
"4883","36101",21,2018
"4884","36105",44,2018
"4885","36107",46,2018
"4886","36109",144,2018
"4887","36113",36,2018
"4888","36115",23,2018
"4889","36117",34,2018
"4890","36121",4,2018
"4891","36123",12,2018
"4892","51193",6,2018
"4893","45091",170,2018
"4894","47065",200,2018
"4895","50025",65,2018
"4896","47007",0,2018
"4897","48209",200,2018
"4898","50003",45,2018
"4899","50017",47,2018
"4900","51800",29,2018
"4901","45003",45,2018
"4902","45035",44,2018
"4903","50015",42,2018
"4904","50027",91,2018
"4905","36003",9,2019
"4906","36007",77,2019
"4907","36009",17,2019
"4908","36011",64,2019
"4909","36013",76,2019
"4910","36015",23,2019
"4911","36017",10,2019
"4912","36023",44,2019
"4913","36025",38,2019
"4914","36027",378,2019
"4915","36031",43,2019
"4916","36033",22,2019
"4917","36035",31,2019
"4918","36037",34,2019
"4919","36039",34,2019
"4920","36041",1,2019
"4921","36043",61,2019
"4922","36045",43,2019
"4923","36049",4,2019
"4924","36051",72,2019
"4925","36053",54,2019
"4926","36057",4,2019
"4927","36063",132,2019
"4928","36065",76,2019
"4929","36069",64,2019
"4930","36073",12,2019
"4931","36075",51,2019
"4932","36077",30,2019
"4933","36083",168,2019
"4934","36089",39,2019
"4935","36093",66,2019
"4936","36095",10,2019
"4937","36097",40,2019
"4938","36099",13,2019
"4939","36101",35,2019
"4940","36105",72,2019
"4941","36107",79,2019
"4942","36109",222,2019
"4943","36113",55,2019
"4944","36115",33,2019
"4945","36117",73,2019
"4946","36121",10,2019
"4947","36123",12,2019
"4948","51193",10,2019
"4949","45091",280,2019
"4950","47065",264,2019
"4951","50025",108,2019
"4952","47007",0,2019
"4953","48209",425,2019
"4954","50003",70,2019
"4955","50017",71,2019
"4956","51800",48,2019
"4957","45003",50,2019
"4958","45035",80,2019
"4959","50015",53,2019
"4960","50027",159,2019
"4961","36003",11,2020
"4962","36007",102,2020
"4963","36009",17,2020
"4964","36011",80,2020
"4965","36013",90,2020
"4966","36015",27,2020
"4967","36017",19,2020
"4968","36023",51,2020
"4969","36025",48,2020
"4970","36027",520,2020
"4971","36031",62,2020
"4972","36033",27,2020
"4973","36035",34,2020
"4974","36037",52,2020
"4975","36039",59,2020
"4976","36041",2,2020
"4977","36043",72,2020
"4978","36045",56,2020
"4979","36049",6,2020
"4980","36051",86,2020
"4981","36053",60,2020
"4982","36057",3,2020
"4983","36063",167,2020
"4984","36065",97,2020
"4985","36069",109,2020
"4986","36073",17,2020
"4987","36075",65,2020
"4988","36077",42,2020
"4989","36083",213,2020
"4990","36089",54,2020
"4991","36093",82,2020
"4992","36095",12,2020
"4993","36097",51,2020
"4994","36099",17,2020
"4995","36101",45,2020
"4996","36105",115,2020
"4997","36107",108,2020
"4998","36109",297,2020
"4999","36113",84,2020
"5000","36115",46,2020
"5001","36117",95,2020
"5002","36121",11,2020
"5003","36123",26,2020
"5004","51193",16,2020
"5005","45091",410,2020
"5006","47065",313,2020
"5007","50025",151,2020
"5008","47007",2,2020
"5009","48209",623,2020
"5010","50003",87,2020
"5011","50017",84,2020
"5012","51800",88,2020
"5013","45003",80,2020
"5014","45035",100,2020
"5015","50015",70,2020
"5016","50027",208,2020
"5017","36003",20,2021
"5018","36007",154,2021
"5019","36009",30,2021
"5020","36011",138,2021
"5021","36013",118,2021
"5022","36015",54,2021
"5023","36017",27,2021
"5024","36023",70,2021
"5025","36025",81,2021
"5026","36027",858,2021
"5027","36031",87,2021
"5028","36033",43,2021
"5029","36035",63,2021
"5030","36037",92,2021
"5031","36039",82,2021
"5032","36041",5,2021
"5033","36043",114,2021
"5034","36045",107,2021
"5035","36049",18,2021
"5036","36051",141,2021
"5037","36053",106,2021
"5038","36057",10,2021
"5039","36063",285,2021
"5040","36065",159,2021
"5041","36069",186,2021
"5042","36073",24,2021
"5043","36075",101,2021
"5044","36077",69,2021
"5045","36083",312,2021
"5046","36089",81,2021
"5047","36093",125,2021
"5048","36095",20,2021
"5049","36097",75,2021
"5050","36099",32,2021
"5051","36101",73,2021
"5052","36105",197,2021
"5053","36107",163,2021
"5054","36109",471,2021
"5055","36113",146,2021
"5056","36115",66,2021
"5057","36117",147,2021
"5058","36121",32,2021
"5059","36123",45,2021
"5060","51193",20,2021
"5061","45091",711,2021
"5062","47065",580,2021
"5063","50025",240,2021
"5064","47007",2,2021
"5065","48209",1222,2021
"5066","50003",171,2021
"5067","50017",133,2021
"5068","51800",161,2021
"5069","45003",170,2021
"5070","45035",190,2021
"5071","50015",110,2021
"5072","50027",293,2021
"5073","36003",29,2022
"5074","36007",195,2022
"5075","36009",49,2022
"5076","36011",207,2022
"5077","36013",152,2022
"5078","36015",79,2022
"5079","36017",37,2022
"5080","36023",100,2022
"5081","36025",123,2022
"5082","36027",1244,2022
"5083","36031",129,2022
"5084","36033",60,2022
"5085","36035",116,2022
"5086","36037",140,2022
"5087","36039",111,2022
"5088","36041",7,2022
"5089","36043",172,2022
"5090","36045",140,2022
"5091","36049",25,2022
"5092","36051",228,2022
"5093","36053",155,2022
"5094","36057",21,2022
"5095","36063",454,2022
"5096","36065",269,2022
"5097","36069",273,2022
"5098","36073",35,2022
"5099","36075",153,2022
"5100","36077",105,2022
"5101","36083",443,2022
"5102","36089",127,2022
"5103","36093",168,2022
"5104","36095",29,2022
"5105","36097",114,2022
"5106","36099",51,2022
"5107","36101",107,2022
"5108","36105",328,2022
"5109","36107",235,2022
"5110","36109",622,2022
"5111","36113",196,2022
"5112","36115",106,2022
"5113","36117",199,2022
"5114","36121",51,2022
"5115","36123",61,2022
"5116","51193",31,2022
"5117","45091",1704,2022
"5118","47065",890,2022
"5119","50025",312,2022
"5120","47007",8,2022
"5121","48209",2046,2022
"5122","50003",249,2022
"5123","50017",197,2022
"5124","51800",279,2022
"5125","45003",290,2022
"5126","45035",310,2022
"5127","50015",173,2022
"5128","50027",418,2022
"5129","36003",43,2023
"5130","36007",322,2023
"5131","36009",78,2023
"5132","36011",282,2023
"5133","36013",229,2023
"5134","36015",115,2023
"5135","36017",59,2023
"5136","36023",122,2023
"5137","36025",200,2023
"5138","36027",1773,2023
"5139","36031",181,2023
"5140","36033",78,2023
"5141","36035",154,2023
"5142","36037",187,2023
"5143","36039",173,2023
"5144","36041",11,2023
"5145","36043",275,2023
"5146","36045",181,2023
"5147","36049",42,2023
"5148","36051",285,2023
"5149","36053",256,2023
"5150","36057",25,2023
"5151","36063",664,2023
"5152","36065",431,2023
"5153","36069",405,2023
"5154","36073",44,2023
"5155","36075",201,2023
"5156","36077",151,2023
"5157","36083",697,2023
"5158","36089",186,2023
"5159","36093",272,2023
"5160","36095",42,2023
"5161","36097",164,2023
"5162","36099",82,2023
"5163","36101",160,2023
"5164","36105",478,2023
"5165","36107",333,2023
"5166","36109",886,2023
"5167","36113",298,2023
"5168","36115",168,2023
"5169","36117",275,2023
"5170","36121",71,2023
"5171","36123",87,2023
"5172","51193",47,2023
"5173","45091",2466,2023
"5174","47065",1462,2023
"5175","50025",426,2023
"5176","47007",12,2023
"5177","48209",2779,2023
"5178","50003",311,2023
"5179","50017",246,2023
"5180","51800",437,2023
"5181","45003",491,2023
"5182","45035",550,2023
"5183","50015",217,2023
"5184","50027",531,2023
"5185","45000",0,2018
"5186","45001",3,2018
"5187","45005",0,2018
"5188","45007",48,2018
"5189","45009",0,2018
"5190","45011",0,2018
"5191","45015",75,2018
"5192","45017",1,2018
"5193","45019",379,2018
"5194","45021",3,2018
"5195","45023",3,2018
"5196","45025",1,2018
"5197","45027",1,2018
"5198","45029",5,2018
"5199","45031",6,2018
"5200","45037",6,2018
"5201","45039",2,2018
"5202","45041",30,2018
"5203","45043",26,2018
"5204","45047",9,2018
"5205","45049",0,2018
"5206","45053",7,2018
"5207","45055",11,2018
"5208","45057",45,2018
"5209","45059",6,2018
"5210","45061",1,2018
"5211","45065",1,2018
"5212","45067",3,2018
"5213","45069",2,2018
"5214","45071",3,2018
"5215","45073",26,2018
"5216","45075",6,2018
"5217","45077",30,2018
"5218","45081",2,2018
"5219","45085",18,2018
"5220","45087",5,2018
"5221","45089",0,2018
"5222","45000",0,2019
"5223","45001",5,2019
"5224","45005",0,2019
"5225","45007",70,2019
"5226","45009",0,2019
"5227","45011",0,2019
"5228","45015",110,2019
"5229","45017",5,2019
"5230","45019",570,2019
"5231","45021",10,2019
"5232","45023",5,2019
"5233","45025",5,2019
"5234","45027",5,2019
"5235","45029",10,2019
"5236","45031",10,2019
"5237","45037",5,2019
"5238","45039",5,2019
"5239","45041",30,2019
"5240","45043",30,2019
"5241","45047",10,2019
"5242","45049",0,2019
"5243","45053",10,2019
"5244","45055",10,2019
"5245","45057",80,2019
"5246","45059",5,2019
"5247","45061",5,2019
"5248","45065",5,2019
"5249","45067",5,2019
"5250","45069",5,2019
"5251","45071",5,2019
"5252","45073",30,2019
"5253","45075",10,2019
"5254","45077",50,2019
"5255","45081",5,2019
"5256","45085",20,2019
"5257","45087",10,2019
"5258","45089",5,2019
"5259","45000",0,2020
"5260","45001",5,2020
"5261","45005",0,2020
"5262","45007",100,2020
"5263","45009",0,2020
"5264","45011",5,2020
"5265","45015",200,2020
"5266","45017",5,2020
"5267","45019",810,2020
"5268","45021",10,2020
"5269","45023",5,2020
"5270","45025",5,2020
"5271","45027",5,2020
"5272","45029",10,2020
"5273","45031",10,2020
"5274","45037",10,2020
"5275","45039",10,2020
"5276","45041",60,2020
"5277","45043",40,2020
"5278","45047",20,2020
"5279","45049",0,2020
"5280","45053",10,2020
"5281","45055",30,2020
"5282","45057",110,2020
"5283","45059",10,2020
"5284","45061",5,2020
"5285","45065",5,2020
"5286","45067",5,2020
"5287","45069",5,2020
"5288","45071",10,2020
"5289","45073",60,2020
"5290","45075",10,2020
"5291","45077",80,2020
"5292","45081",5,2020
"5293","45085",40,2020
"5294","45087",5,2020
"5295","45089",5,2020
"5296","45000",0,2021
"5297","45001",10,2021
"5298","45005",5,2021
"5299","45007",200,2021
"5300","45009",5,2021
"5301","45011",5,2021
"5302","45015",370,2021
"5303","45017",10,2021
"5304","45019",1250,2021
"5305","45021",20,2021
"5306","45023",5,2021
"5307","45025",10,2021
"5308","45027",10,2021
"5309","45029",10,2021
"5310","45031",20,2021
"5311","45037",10,2021
"5312","45039",10,2021
"5313","45041",100,2021
"5314","45043",90,2021
"5315","45047",40,2021
"5316","45049",5,2021
"5317","45053",30,2021
"5318","45055",50,2021
"5319","45057",180,2021
"5320","45059",20,2021
"5321","45061",5,2021
"5322","45065",10,2021
"5323","45067",5,2021
"5324","45069",10,2021
"5325","45071",10,2021
"5326","45073",110,2021
"5327","45075",20,2021
"5328","45077",120,2021
"5329","45081",10,2021
"5330","45085",70,2021
"5331","45087",10,2021
"5332","45089",5,2021
"5333","45000",0,2022
"5334","45001",10,2022
"5335","45005",0,2022
"5336","45007",360,2022
"5337","45009",0,2022
"5338","45011",0,2022
"5339","45015",671,2022
"5340","45017",10,2022
"5341","45019",1913,2022
"5342","45021",40,2022
"5343","45023",20,2022
"5344","45025",10,2022
"5345","45027",30,2022
"5346","45029",20,2022
"5347","45031",40,2022
"5348","45037",20,2022
"5349","45039",20,2022
"5350","45041",150,2022
"5351","45043",140,2022
"5352","45047",70,2022
"5353","45049",0,2022
"5354","45053",70,2022
"5355","45055",100,2022
"5356","45057",390,2022
"5357","45059",40,2022
"5358","45061",0,2022
"5359","45065",10,2022
"5360","45067",10,2022
"5361","45069",10,2022
"5362","45071",20,2022
"5363","45073",180,2022
"5364","45075",30,2022
"5365","45077",220,2022
"5366","45081",0,2022
"5367","45085",131,2022
"5368","45087",10,2022
"5369","45089",0,2022
"5370","45000",0,2023
"5371","45001",23,2023
"5372","45005",3,2023
"5373","45007",515,2023
"5374","45009",4,2023
"5375","45011",11,2023
"5376","45015",1093,2023
"5377","45017",25,2023
"5378","45019",3185,2023
"5379","45021",73,2023
"5380","45023",34,2023
"5381","45025",31,2023
"5382","45027",28,2023
"5383","45029",44,2023
"5384","45031",74,2023
"5385","45037",60,2023
"5386","45039",24,2023
"5387","45041",271,2023
"5388","45043",198,2023
"5389","45047",118,2023
"5390","45049",8,2023
"5391","45053",126,2023
"5392","45055",157,2023
"5393","45057",756,2023
"5394","45059",71,2023
"5395","45061",9,2023
"5396","45065",16,2023
"5397","45067",16,2023
"5398","45069",18,2023
"5399","45071",51,2023
"5400","45073",271,2023
"5401","45075",74,2023
"5402","45077",323,2023
"5403","45081",19,2023
"5404","45085",181,2023
"5405","45087",19,2023
"5406","45089",17,2023
"5407","47001",36,2018
"5408","47003",6,2018
"5409","47009",46,2018
"5410","47011",15,2018
"5411","47013",3,2018
"5412","47015",1,2018
"5413","47017",1,2018
"5414","47019",6,2018
"5415","47021",9,2018
"5416","47023",1,2018
"5417","47027",1,2018
"5418","47029",1,2018
"5419","47031",8,2018
"5420","47035",6,2018
"5421","47039",1,2018
"5422","47041",1,2018
"5423","47043",3,2018
"5424","47045",4,2018
"5425","47047",18,2018
"5426","47051",6,2018
"5427","47053",6,2018
"5428","47055",3,2018
"5429","47057",1,2018
"5430","47059",4,2018
"5431","47061",1,2018
"5432","47063",6,2018
"5433","47069",1,2018
"5434","47073",8,2018
"5435","47077",3,2018
"5436","47079",5,2018
"5437","47081",3,2018
"5438","47085",3,2018
"5439","47089",4,2018
"5440","47091",5,2018
"5441","47099",4,2018
"5442","47101",2,2018
"5443","47103",3,2018
"5444","47105",14,2018
"5445","47107",6,2018
"5446","47113",20,2018
"5447","47115",2,2018
"5448","47117",6,2018
"5449","47119",27,2018
"5450","47123",2,2018
"5451","47127",1,2018
"5452","47131",2,2018
"5453","47135",1,2018
"5454","47141",17,2018
"5455","47143",2,2018
"5456","47145",8,2018
"5457","47147",15,2018
"5458","47151",1,2018
"5459","47155",26,2018
"5460","47157",398,2018
"5461","47159",4,2018
"5462","47165",75,2018
"5463","47167",4,2018
"5464","47169",1,2018
"5465","47177",9,2018
"5466","47179",39,2018
"5467","47183",2,2018
"5468","47185",5,2018
"5469","47189",87,2018
"5470","47005",0,2018
"5471","47025",0,2018
"5472","47033",0,2018
"5473","47097",0,2018
"5474","47121",0,2018
"5475","47129",0,2018
"5476","47133",0,2018
"5477","47153",0,2018
"5478","47161",0,2018
"5479","47171",0,2018
"5480","47173",0,2018
"5481","47175",0,2018
"5482","47071",0,2018
"5483","47075",0,2018
"5484","47181",0,2018
"5485","47067",0,2018
"5486","47083",0,2018
"5487","47109",0,2018
"5488","47111",0,2018
"5489","47139",0,2018
"5490","47049",0,2018
"5491","47137",0,2018
"5492","47095",0,2018
"5493","47001",53,2019
"5494","47003",9,2019
"5495","47009",63,2019
"5496","47011",21,2019
"5497","47013",7,2019
"5498","47015",2,2019
"5499","47017",1,2019
"5500","47019",8,2019
"5501","47021",13,2019
"5502","47023",1,2019
"5503","47027",1,2019
"5504","47029",2,2019
"5505","47031",10,2019
"5506","47035",10,2019
"5507","47039",1,2019
"5508","47041",2,2019
"5509","47043",14,2019
"5510","47045",6,2019
"5511","47047",26,2019
"5512","47051",8,2019
"5513","47053",6,2019
"5514","47055",5,2019
"5515","47057",4,2019
"5516","47059",4,2019
"5517","47061",1,2019
"5518","47063",11,2019
"5519","47069",1,2019
"5520","47073",10,2019
"5521","47077",3,2019
"5522","47079",6,2019
"5523","47081",4,2019
"5524","47085",1,2019
"5525","47089",14,2019
"5526","47091",5,2019
"5527","47099",6,2019
"5528","47101",3,2019
"5529","47103",5,2019
"5530","47105",21,2019
"5531","47107",11,2019
"5532","47113",31,2019
"5533","47115",4,2019
"5534","47117",5,2019
"5535","47119",24,2019
"5536","47123",5,2019
"5537","47127",1,2019
"5538","47131",4,2019
"5539","47135",1,2019
"5540","47141",25,2019
"5541","47143",3,2019
"5542","47145",11,2019
"5543","47147",16,2019
"5544","47151",0,2019
"5545","47155",46,2019
"5546","47157",561,2019
"5547","47159",7,2019
"5548","47165",109,2019
"5549","47167",8,2019
"5550","47169",1,2019
"5551","47177",12,2019
"5552","47179",49,2019
"5553","47183",4,2019
"5554","47185",6,2019
"5555","47189",126,2019
"5556","47005",1,2019
"5557","47025",3,2019
"5558","47033",2,2019
"5559","47097",1,2019
"5560","47121",1,2019
"5561","47129",1,2019
"5562","47133",1,2019
"5563","47153",4,2019
"5564","47161",1,2019
"5565","47171",3,2019
"5566","47173",3,2019
"5567","47175",2,2019
"5568","47071",0,2019
"5569","47075",0,2019
"5570","47181",0,2019
"5571","47067",0,2019
"5572","47083",0,2019
"5573","47109",0,2019
"5574","47111",0,2019
"5575","47139",0,2019
"5576","47049",0,2019
"5577","47137",0,2019
"5578","47095",0,2019
"5579","47001",62,2020
"5580","47003",15,2020
"5581","47009",71,2020
"5582","47011",28,2020
"5583","47013",7,2020
"5584","47015",1,2020
"5585","47017",1,2020
"5586","47019",12,2020
"5587","47021",22,2020
"5588","47023",2,2020
"5589","47027",1,2020
"5590","47029",2,2020
"5591","47031",18,2020
"5592","47035",21,2020
"5593","47039",1,2020
"5594","47041",3,2020
"5595","47043",17,2020
"5596","47045",7,2020
"5597","47047",31,2020
"5598","47051",11,2020
"5599","47053",8,2020
"5600","47055",6,2020
"5601","47057",4,2020
"5602","47059",11,2020
"5603","47061",2,2020
"5604","47063",9,2020
"5605","47069",1,2020
"5606","47073",9,2020
"5607","47077",3,2020
"5608","47079",8,2020
"5609","47081",5,2020
"5610","47085",1,2020
"5611","47089",13,2020
"5612","47091",4,2020
"5613","47099",7,2020
"5614","47101",5,2020
"5615","47103",7,2020
"5616","47105",35,2020
"5617","47107",16,2020
"5618","47113",34,2020
"5619","47115",7,2020
"5620","47117",6,2020
"5621","47119",39,2020
"5622","47123",5,2020
"5623","47127",1,2020
"5624","47131",4,2020
"5625","47135",2,2020
"5626","47141",28,2020
"5627","47143",3,2020
"5628","47145",14,2020
"5629","47147",23,2020
"5630","47151",1,2020
"5631","47155",54,2020
"5632","47157",688,2020
"5633","47159",5,2020
"5634","47165",155,2020
"5635","47167",8,2020
"5636","47169",1,2020
"5637","47177",12,2020
"5638","47179",75,2020
"5639","47183",6,2020
"5640","47185",8,2020
"5641","47189",152,2020
"5642","47005",3,2020
"5643","47025",5,2020
"5644","47033",4,2020
"5645","47097",2,2020
"5646","47121",2,2020
"5647","47129",1,2020
"5648","47133",3,2020
"5649","47153",5,2020
"5650","47161",4,2020
"5651","47171",3,2020
"5652","47173",5,2020
"5653","47175",4,2020
"5654","47071",1,2020
"5655","47075",2,2020
"5656","47181",1,2020
"5657","47067",0,2020
"5658","47083",0,2020
"5659","47109",0,2020
"5660","47111",0,2020
"5661","47139",0,2020
"5662","47049",0,2020
"5663","47137",0,2020
"5664","47095",0,2020
"5665","47001",83,2021
"5666","47003",26,2021
"5667","47009",120,2021
"5668","47011",62,2021
"5669","47013",15,2021
"5670","47015",1,2021
"5671","47017",10,2021
"5672","47019",14,2021
"5673","47021",38,2021
"5674","47023",3,2021
"5675","47027",2,2021
"5676","47029",8,2021
"5677","47031",36,2021
"5678","47035",29,2021
"5679","47039",4,2021
"5680","47041",11,2021
"5681","47043",29,2021
"5682","47045",7,2021
"5683","47047",50,2021
"5684","47051",21,2021
"5685","47053",15,2021
"5686","47055",12,2021
"5687","47057",4,2021
"5688","47059",22,2021
"5689","47061",4,2021
"5690","47063",29,2021
"5691","47069",6,2021
"5692","47073",21,2021
"5693","47077",4,2021
"5694","47079",16,2021
"5695","47081",8,2021
"5696","47085",1,2021
"5697","47089",29,2021
"5698","47091",7,2021
"5699","47099",10,2021
"5700","47101",6,2021
"5701","47103",12,2021
"5702","47105",68,2021
"5703","47107",24,2021
"5704","47113",68,2021
"5705","47115",17,2021
"5706","47117",13,2021
"5707","47119",90,2021
"5708","47123",13,2021
"5709","47127",1,2021
"5710","47131",7,2021
"5711","47135",4,2021
"5712","47141",54,2021
"5713","47143",7,2021
"5714","47145",36,2021
"5715","47147",42,2021
"5716","47151",3,2021
"5717","47155",70,2021
"5718","47157",1110,2021
"5719","47159",7,2021
"5720","47165",242,2021
"5721","47167",21,2021
"5722","47169",4,2021
"5723","47177",22,2021
"5724","47179",140,2021
"5725","47183",4,2021
"5726","47185",10,2021
"5727","47189",236,2021
"5728","47005",3,2021
"5729","47025",5,2021
"5730","47033",4,2021
"5731","47097",2,2021
"5732","47121",7,2021
"5733","47129",3,2021
"5734","47133",6,2021
"5735","47153",4,2021
"5736","47161",7,2021
"5737","47171",9,2021
"5738","47173",8,2021
"5739","47175",6,2021
"5740","47071",4,2021
"5741","47075",2,2021
"5742","47181",6,2021
"5743","47067",1,2021
"5744","47083",1,2021
"5745","47109",5,2021
"5746","47111",4,2021
"5747","47139",2,2021
"5748","47049",0,2021
"5749","47137",0,2021
"5750","47095",0,2021
"5751","47001",133,2022
"5752","47003",40,2022
"5753","47009",215,2022
"5754","47011",117,2022
"5755","47013",24,2022
"5756","47015",6,2022
"5757","47017",14,2022
"5758","47019",31,2022
"5759","47021",68,2022
"5760","47023",7,2022
"5761","47027",3,2022
"5762","47029",15,2022
"5763","47031",65,2022
"5764","47035",48,2022
"5765","47039",4,2022
"5766","47041",15,2022
"5767","47043",53,2022
"5768","47045",10,2022
"5769","47047",66,2022
"5770","47051",41,2022
"5771","47053",32,2022
"5772","47055",17,2022
"5773","47057",7,2022
"5774","47059",37,2022
"5775","47061",3,2022
"5776","47063",44,2022
"5777","47069",9,2022
"5778","47073",35,2022
"5779","47077",10,2022
"5780","47079",18,2022
"5781","47081",17,2022
"5782","47085",8,2022
"5783","47089",53,2022
"5784","47091",8,2022
"5785","47099",16,2022
"5786","47101",6,2022
"5787","47103",33,2022
"5788","47105",118,2022
"5789","47107",34,2022
"5790","47113",117,2022
"5791","47115",27,2022
"5792","47117",23,2022
"5793","47119",162,2022
"5794","47123",31,2022
"5795","47127",3,2022
"5796","47131",7,2022
"5797","47135",6,2022
"5798","47141",110,2022
"5799","47143",22,2022
"5800","47145",63,2022
"5801","47147",79,2022
"5802","47151",8,2022
"5803","47155",128,2022
"5804","47157",2115,2022
"5805","47159",11,2022
"5806","47165",408,2022
"5807","47167",33,2022
"5808","47169",7,2022
"5809","47177",29,2022
"5810","47179",239,2022
"5811","47183",10,2022
"5812","47185",13,2022
"5813","47189",444,2022
"5814","47005",7,2022
"5815","47025",14,2022
"5816","47033",5,2022
"5817","47097",4,2022
"5818","47121",10,2022
"5819","47129",63,2022
"5820","47133",7,2022
"5821","47153",7,2022
"5822","47161",11,2022
"5823","47171",13,2022
"5824","47173",14,2022
"5825","47175",8,2022
"5826","47071",8,2022
"5827","47075",14,2022
"5828","47181",5,2022
"5829","47067",2,2022
"5830","47083",3,2022
"5831","47109",10,2022
"5832","47111",7,2022
"5833","47139",6,2022
"5834","47049",3,2022
"5835","47137",1,2022
"5836","47095",0,2022
"5837","47001",209,2023
"5838","47003",79,2023
"5839","47009",350,2023
"5840","47011",177,2023
"5841","47013",46,2023
"5842","47015",7,2023
"5843","47017",21,2023
"5844","47019",49,2023
"5845","47021",95,2023
"5846","47023",11,2023
"5847","47027",5,2023
"5848","47029",19,2023
"5849","47031",90,2023
"5850","47035",93,2023
"5851","47039",6,2023
"5852","47041",22,2023
"5853","47043",80,2023
"5854","47045",13,2023
"5855","47047",148,2023
"5856","47051",60,2023
"5857","47053",52,2023
"5858","47055",19,2023
"5859","47057",21,2023
"5860","47059",64,2023
"5861","47061",5,2023
"5862","47063",72,2023
"5863","47069",16,2023
"5864","47073",46,2023
"5865","47077",14,2023
"5866","47079",43,2023
"5867","47081",24,2023
"5868","47085",10,2023
"5869","47089",92,2023
"5870","47091",17,2023
"5871","47099",22,2023
"5872","47101",11,2023
"5873","47103",48,2023
"5874","47105",190,2023
"5875","47107",53,2023
"5876","47113",174,2023
"5877","47115",46,2023
"5878","47117",46,2023
"5879","47119",265,2023
"5880","47123",51,2023
"5881","47127",5,2023
"5882","47131",12,2023
"5883","47135",6,2023
"5884","47141",599,2023
"5885","47143",38,2023
"5886","47145",96,2023
"5887","47147",131,2023
"5888","47151",14,2023
"5889","47155",207,2023
"5890","47157",3318,2023
"5891","47159",17,2023
"5892","47165",696,2023
"5893","47167",52,2023
"5894","47169",9,2023
"5895","47177",63,2023
"5896","47179",331,2023
"5897","47183",17,2023
"5898","47185",23,2023
"5899","47189",784,2023
"5900","47005",16,2023
"5901","47025",24,2023
"5902","47033",11,2023
"5903","47097",5,2023
"5904","47121",14,2023
"5905","47129",81,2023
"5906","47133",15,2023
"5907","47153",18,2023
"5908","47161",11,2023
"5909","47171",20,2023
"5910","47173",27,2023
"5911","47175",9,2023
"5912","47071",17,2023
"5913","47075",15,2023
"5914","47181",8,2023
"5915","47067",2,2023
"5916","47083",4,2023
"5917","47109",20,2023
"5918","47111",7,2023
"5919","47139",15,2023
"5920","47049",8,2023
"5921","47137",7,2023
"5922","47095",4,2023
"5923","48001",4,2018
"5924","48003",3,2018
"5925","48005",5,2018
"5926","48007",5,2018
"5927","48009",2,2018
"5928","48013",9,2018
"5929","48019",39,2018
"5930","48021",22,2018
"5931","48023",1,2018
"5932","48025",3,2018
"5933","48027",66,2018
"5934","48031",16,2018
"5935","48035",1,2018
"5936","48037",2,2018
"5937","48051",1,2018
"5938","48053",16,2018
"5939","48055",100,2018
"5940","48059",5,2018
"5941","48065",1,2018
"5942","48071",1,2018
"5943","48073",2,2018
"5944","48083",1,2018
"5945","48089",1,2018
"5946","48091",124,2018
"5947","48093",2,2018
"5948","48097",4,2018
"5949","48099",15,2018
"5950","48117",2,2018
"5951","48123",2,2018
"5952","48129",1,2018
"5953","48133",1,2018
"5954","48135",22,2018
"5955","48137",3,2018
"5956","48143",5,2018
"5957","48145",2,2018
"5958","48147",5,2018
"5959","48149",11,2018
"5960","48165",1,2018
"5961","48167",89,2018
"5962","48183",5,2018
"5963","48189",1,2018
"5964","48197",1,2018
"5965","48199",5,2018
"5966","48203",13,2018
"5967","48213",6,2018
"5968","48217",7,2018
"5969","48223",5,2018
"5970","48229",5,2018
"5971","48231",19,2018
"5972","48233",1,2018
"5973","48235",5,2018
"5974","48237",2,2018
"5975","48239",1,2018
"5976","48241",1,2018
"5977","48245",33,2018
"5978","48251",49,2018
"5979","48253",3,2018
"5980","48255",1,2018
"5981","48257",30,2018
"5982","48263",3,2018
"5983","48265",7,2018
"5984","48267",1,2018
"5985","48273",2,2018
"5986","48277",1,2018
"5987","48279",1,2018
"5988","48281",6,2018
"5989","48287",2,2018
"5990","48289",1,2018
"5991","48291",2,2018
"5992","48293",2,2018
"5993","48299",15,2018
"5994","48303",47,2018
"5995","48305",1,2018
"5996","48309",43,2018
"5997","48311",1,2018
"5998","48315",3,2018
"5999","48317",7,2018
"6000","48321",3,2018
"6001","48323",2,2018
"6002","48331",3,2018
"6003","48333",1,2018
"6004","48335",1,2018
"6005","48337",1,2018
"6006","48343",1,2018
"6007","48345",1,2018
"6008","48347",5,2018
"6009","48349",8,2018
"6010","48351",2,2018
"6011","48353",1,2018
"6012","48361",2,2018
"6013","48365",1,2018
"6014","48373",5,2018
"6015","48375",27,2018
"6016","48377",3,2018
"6017","48379",1,2018
"6018","48385",2,2018
"6019","48395",4,2018
"6020","48397",49,2018
"6021","48401",1,2018
"6022","48403",1,2018
"6023","48407",4,2018
"6024","48409",3,2018
"6025","48423",41,2018
"6026","48425",1,2018
"6027","48441",4,2018
"6028","48451",8,2018
"6029","48459",4,2018
"6030","48465",1,2018
"6031","48469",9,2018
"6032","48471",5,2018
"6033","48473",8,2018
"6034","48479",19,2018
"6035","48481",3,2018
"6036","48485",21,2018
"6037","48493",4,2018
"6038","48497",4,2018
"6039","48499",2,2018
"6040","48503",2,2018
"6041","48043",0,2018
"6042","48069",0,2018
"6043","48077",0,2018
"6044","48119",0,2018
"6045","48131",0,2018
"6046","48163",0,2018
"6047","48171",0,2018
"6048","48205",0,2018
"6049","48219",0,2018
"6050","48225",0,2018
"6051","48249",0,2018
"6052","48259",0,2018
"6053","48283",0,2018
"6054","48285",0,2018
"6055","48297",0,2018
"6056","48313",0,2018
"6057","48319",0,2018
"6058","48357",0,2018
"6059","48363",0,2018
"6060","48369",0,2018
"6061","48371",0,2018
"6062","48387",0,2018
"6063","48399",0,2018
"6064","48413",0,2018
"6065","48455",0,2018
"6066","48463",0,2018
"6067","48475",0,2018
"6068","48477",0,2018
"6069","48483",0,2018
"6070","48489",0,2018
"6071","48507",0,2018
"6072","48033",0,2018
"6073","48045",0,2018
"6074","48049",0,2018
"6075","48067",0,2018
"6076","48105",0,2018
"6077","48109",0,2018
"6078","48153",0,2018
"6079","48159",0,2018
"6080","48185",0,2018
"6081","48193",0,2018
"6082","48243",0,2018
"6083","48271",0,2018
"6084","48275",0,2018
"6085","48295",0,2018
"6086","48341",0,2018
"6087","48415",0,2018
"6088","48421",0,2018
"6089","48427",0,2018
"6090","48447",0,2018
"6091","48487",0,2018
"6092","48495",0,2018
"6093","48501",0,2018
"6094","48095",0,2018
"6095","48107",0,2018
"6096","48111",0,2018
"6097","48161",0,2018
"6098","48175",0,2018
"6099","48177",0,2018
"6100","48179",0,2018
"6101","48195",0,2018
"6102","48247",0,2018
"6103","48391",0,2018
"6104","48405",0,2018
"6105","48429",0,2018
"6106","48449",0,2018
"6107","48457",0,2018
"6108","48461",0,2018
"6109","48505",0,2018
"6110","48057",0,2018
"6111","48087",0,2018
"6112","48151",0,2018
"6113","48155",0,2018
"6114","48207",0,2018
"6115","48269",0,2018
"6116","48359",0,2018
"6117","48411",0,2018
"6118","48433",0,2018
"6119","48445",0,2018
"6120","48047",0,2018
"6121","48125",0,2018
"6122","48127",0,2018
"6123","48191",0,2018
"6124","48001",11,2019
"6125","48003",3,2019
"6126","48005",14,2019
"6127","48007",10,2019
"6128","48009",2,2019
"6129","48013",9,2019
"6130","48019",66,2019
"6131","48021",32,2019
"6132","48023",1,2019
"6133","48025",3,2019
"6134","48027",123,2019
"6135","48031",30,2019
"6136","48035",2,2019
"6137","48037",7,2019
"6138","48051",1,2019
"6139","48053",19,2019
"6140","48055",137,2019
"6141","48059",11,2019
"6142","48065",5,2019
"6143","48071",5,2019
"6144","48073",5,2019
"6145","48083",2,2019
"6146","48089",1,2019
"6147","48091",270,2019
"6148","48093",1,2019
"6149","48097",6,2019
"6150","48099",45,2019
"6151","48117",5,2019
"6152","48123",4,2019
"6153","48129",3,2019
"6154","48133",2,2019
"6155","48135",44,2019
"6156","48137",11,2019
"6157","48143",7,2019
"6158","48145",3,2019
"6159","48147",5,2019
"6160","48149",14,2019
"6161","48165",4,2019
"6162","48167",160,2019
"6163","48183",10,2019
"6164","48189",3,2019
"6165","48197",1,2019
"6166","48199",10,2019
"6167","48203",31,2019
"6168","48213",14,2019
"6169","48217",10,2019
"6170","48223",9,2019
"6171","48229",31,2019
"6172","48231",35,2019
"6173","48233",2,2019
"6174","48235",14,2019
"6175","48237",4,2019
"6176","48239",0,2019
"6177","48241",2,2019
"6178","48245",59,2019
"6179","48251",105,2019
"6180","48253",5,2019
"6181","48255",1,2019
"6182","48257",61,2019
"6183","48263",3,2019
"6184","48265",13,2019
"6185","48267",2,2019
"6186","48273",7,2019
"6187","48277",9,2019
"6188","48279",1,2019
"6189","48281",9,2019
"6190","48287",3,2019
"6191","48289",1,2019
"6192","48291",2,2019
"6193","48293",4,2019
"6194","48299",36,2019
"6195","48303",79,2019
"6196","48305",0,2019
"6197","48309",87,2019
"6198","48311",2,2019
"6199","48315",3,2019
"6200","48317",14,2019
"6201","48321",7,2019
"6202","48323",2,2019
"6203","48331",4,2019
"6204","48333",1,2019
"6205","48335",1,2019
"6206","48337",2,2019
"6207","48343",3,2019
"6208","48345",1,2019
"6209","48347",11,2019
"6210","48349",18,2019
"6211","48351",8,2019
"6212","48353",0,2019
"6213","48361",6,2019
"6214","48365",1,2019
"6215","48373",10,2019
"6216","48375",38,2019
"6217","48377",2,2019
"6218","48379",2,2019
"6219","48385",6,2019
"6220","48395",8,2019
"6221","48397",93,2019
"6222","48401",5,2019
"6223","48403",1,2019
"6224","48407",2,2019
"6225","48409",5,2019
"6226","48423",70,2019
"6227","48425",0,2019
"6228","48441",16,2019
"6229","48451",13,2019
"6230","48459",8,2019
"6231","48465",1,2019
"6232","48469",21,2019
"6233","48471",12,2019
"6234","48473",16,2019
"6235","48479",47,2019
"6236","48481",3,2019
"6237","48485",35,2019
"6238","48493",11,2019
"6239","48497",15,2019
"6240","48499",3,2019
"6241","48503",2,2019
"6242","48043",1,2019
"6243","48069",1,2019
"6244","48077",2,2019
"6245","48119",1,2019
"6246","48131",2,2019
"6247","48163",3,2019
"6248","48171",1,2019
"6249","48205",2,2019
"6250","48219",3,2019
"6251","48225",2,2019
"6252","48249",1,2019
"6253","48259",1,2019
"6254","48283",1,2019
"6255","48285",3,2019
"6256","48297",2,2019
"6257","48313",2,2019
"6258","48319",2,2019
"6259","48357",2,2019
"6260","48363",1,2019
"6261","48369",1,2019
"6262","48371",2,2019
"6263","48387",1,2019
"6264","48399",1,2019
"6265","48413",1,2019
"6266","48455",1,2019
"6267","48463",1,2019
"6268","48475",1,2019
"6269","48477",2,2019
"6270","48483",1,2019
"6271","48489",1,2019
"6272","48507",3,2019
"6273","48033",0,2019
"6274","48045",0,2019
"6275","48049",0,2019
"6276","48067",0,2019
"6277","48105",0,2019
"6278","48109",0,2019
"6279","48153",0,2019
"6280","48159",0,2019
"6281","48185",0,2019
"6282","48193",0,2019
"6283","48243",0,2019
"6284","48271",0,2019
"6285","48275",0,2019
"6286","48295",0,2019
"6287","48341",0,2019
"6288","48415",0,2019
"6289","48421",0,2019
"6290","48427",0,2019
"6291","48447",0,2019
"6292","48487",0,2019
"6293","48495",0,2019
"6294","48501",0,2019
"6295","48095",0,2019
"6296","48107",0,2019
"6297","48111",0,2019
"6298","48161",0,2019
"6299","48175",0,2019
"6300","48177",0,2019
"6301","48179",0,2019
"6302","48195",0,2019
"6303","48247",0,2019
"6304","48391",0,2019
"6305","48405",0,2019
"6306","48429",0,2019
"6307","48449",0,2019
"6308","48457",0,2019
"6309","48461",0,2019
"6310","48505",0,2019
"6311","48057",0,2019
"6312","48087",0,2019
"6313","48151",0,2019
"6314","48155",0,2019
"6315","48207",0,2019
"6316","48269",0,2019
"6317","48359",0,2019
"6318","48411",0,2019
"6319","48433",0,2019
"6320","48445",0,2019
"6321","48047",0,2019
"6322","48125",0,2019
"6323","48127",0,2019
"6324","48191",0,2019
"6325","48001",15,2020
"6326","48003",7,2020
"6327","48005",17,2020
"6328","48007",14,2020
"6329","48009",6,2020
"6330","48013",17,2020
"6331","48019",125,2020
"6332","48021",43,2020
"6333","48023",2,2020
"6334","48025",10,2020
"6335","48027",203,2020
"6336","48031",55,2020
"6337","48035",4,2020
"6338","48037",14,2020
"6339","48051",3,2020
"6340","48053",43,2020
"6341","48055",120,2020
"6342","48059",18,2020
"6343","48065",3,2020
"6344","48071",12,2020
"6345","48073",9,2020
"6346","48083",3,2020
"6347","48089",2,2020
"6348","48091",480,2020
"6349","48093",2,2020
"6350","48097",14,2020
"6351","48099",72,2020
"6352","48117",12,2020
"6353","48123",11,2020
"6354","48129",3,2020
"6355","48133",4,2020
"6356","48135",78,2020
"6357","48137",19,2020
"6358","48143",15,2020
"6359","48145",4,2020
"6360","48147",13,2020
"6361","48149",24,2020
"6362","48165",2,2020
"6363","48167",257,2020
"6364","48183",16,2020
"6365","48189",4,2020
"6366","48197",1,2020
"6367","48199",9,2020
"6368","48203",55,2020
"6369","48213",23,2020
"6370","48217",12,2020
"6371","48223",16,2020
"6372","48229",54,2020
"6373","48231",47,2020
"6374","48233",2,2020
"6375","48235",21,2020
"6376","48237",10,2020
"6377","48239",2,2020
"6378","48241",3,2020
"6379","48245",98,2020
"6380","48251",172,2020
"6381","48253",7,2020
"6382","48255",2,2020
"6383","48257",98,2020
"6384","48263",3,2020
"6385","48265",22,2020
"6386","48267",1,2020
"6387","48273",12,2020
"6388","48277",14,2020
"6389","48279",1,2020
"6390","48281",19,2020
"6391","48287",11,2020
"6392","48289",2,2020
"6393","48291",6,2020
"6394","48293",5,2020
"6395","48299",51,2020
"6396","48303",149,2020
"6397","48305",2,2020
"6398","48309",147,2020
"6399","48311",3,2020
"6400","48315",5,2020
"6401","48317",18,2020
"6402","48321",12,2020
"6403","48323",6,2020
"6404","48331",6,2020
"6405","48333",3,2020
"6406","48335",2,2020
"6407","48337",2,2020
"6408","48343",5,2020
"6409","48345",1,2020
"6410","48347",18,2020
"6411","48349",29,2020
"6412","48351",13,2020
"6413","48353",0,2020
"6414","48361",12,2020
"6415","48365",1,2020
"6416","48373",17,2020
"6417","48375",58,2020
"6418","48377",2,2020
"6419","48379",3,2020
"6420","48385",9,2020
"6421","48395",18,2020
"6422","48397",143,2020
"6423","48401",11,2020
"6424","48403",1,2020
"6425","48407",4,2020
"6426","48409",11,2020
"6427","48423",131,2020
"6428","48425",3,2020
"6429","48441",28,2020
"6430","48451",26,2020
"6431","48459",16,2020
"6432","48465",0,2020
"6433","48469",37,2020
"6434","48471",17,2020
"6435","48473",26,2020
"6436","48479",71,2020
"6437","48481",3,2020
"6438","48485",52,2020
"6439","48493",17,2020
"6440","48497",18,2020
"6441","48499",4,2020
"6442","48503",2,2020
"6443","48043",2,2020
"6444","48069",0,2020
"6445","48077",2,2020
"6446","48119",2,2020
"6447","48131",4,2020
"6448","48163",5,2020
"6449","48171",2,2020
"6450","48205",4,2020
"6451","48219",4,2020
"6452","48225",3,2020
"6453","48249",7,2020
"6454","48259",2,2020
"6455","48283",2,2020
"6456","48285",6,2020
"6457","48297",3,2020
"6458","48313",8,2020
"6459","48319",2,2020
"6460","48357",1,2020
"6461","48363",2,2020
"6462","48369",0,2020
"6463","48371",3,2020
"6464","48387",0,2020
"6465","48399",1,2020
"6466","48413",2,2020
"6467","48455",1,2020
"6468","48463",1,2020
"6469","48475",1,2020
"6470","48477",3,2020
"6471","48483",2,2020
"6472","48489",1,2020
"6473","48507",2,2020
"6474","48033",1,2020
"6475","48045",1,2020
"6476","48049",2,2020
"6477","48067",1,2020
"6478","48105",1,2020
"6479","48109",2,2020
"6480","48153",3,2020
"6481","48159",1,2020
"6482","48185",1,2020
"6483","48193",1,2020
"6484","48243",1,2020
"6485","48271",1,2020
"6486","48275",1,2020
"6487","48295",1,2020
"6488","48341",2,2020
"6489","48415",3,2020
"6490","48421",1,2020
"6491","48427",5,2020
"6492","48447",2,2020
"6493","48487",2,2020
"6494","48495",1,2020
"6495","48501",1,2020
"6496","48095",0,2020
"6497","48107",0,2020
"6498","48111",0,2020
"6499","48161",0,2020
"6500","48175",0,2020
"6501","48177",0,2020
"6502","48179",0,2020
"6503","48195",0,2020
"6504","48247",0,2020
"6505","48391",0,2020
"6506","48405",0,2020
"6507","48429",0,2020
"6508","48449",0,2020
"6509","48457",0,2020
"6510","48461",0,2020
"6511","48505",0,2020
"6512","48057",0,2020
"6513","48087",0,2020
"6514","48151",0,2020
"6515","48155",0,2020
"6516","48207",0,2020
"6517","48269",0,2020
"6518","48359",0,2020
"6519","48411",0,2020
"6520","48433",0,2020
"6521","48445",0,2020
"6522","48047",0,2020
"6523","48125",0,2020
"6524","48127",0,2020
"6525","48191",0,2020
"6526","48001",23,2021
"6527","48003",10,2021
"6528","48005",38,2021
"6529","48007",27,2021
"6530","48009",13,2021
"6531","48013",39,2021
"6532","48019",219,2021
"6533","48021",100,2021
"6534","48023",2,2021
"6535","48025",21,2021
"6536","48027",386,2021
"6537","48031",92,2021
"6538","48035",11,2021
"6539","48037",40,2021
"6540","48051",8,2021
"6541","48053",72,2021
"6542","48055",144,2021
"6543","48059",32,2021
"6544","48065",6,2021
"6545","48071",22,2021
"6546","48073",15,2021
"6547","48083",6,2021
"6548","48089",8,2021
"6549","48091",950,2021
"6550","48093",5,2021
"6551","48097",26,2021
"6552","48099",135,2021
"6553","48117",24,2021
"6554","48123",16,2021
"6555","48129",8,2021
"6556","48133",5,2021
"6557","48135",122,2021
"6558","48137",29,2021
"6559","48143",20,2021
"6560","48145",2,2021
"6561","48147",19,2021
"6562","48149",42,2021
"6563","48165",0,2021
"6564","48167",511,2021
"6565","48183",32,2021
"6566","48189",11,2021
"6567","48197",1,2021
"6568","48199",25,2021
"6569","48203",108,2021
"6570","48213",50,2021
"6571","48217",24,2021
"6572","48223",35,2021
"6573","48229",133,2021
"6574","48231",105,2021
"6575","48233",6,2021
"6576","48235",34,2021
"6577","48237",13,2021
"6578","48239",2,2021
"6579","48241",3,2021
"6580","48245",142,2021
"6581","48251",308,2021
"6582","48253",15,2021
"6583","48255",3,2021
"6584","48257",222,2021
"6585","48263",2,2021
"6586","48265",35,2021
"6587","48267",2,2021
"6588","48273",16,2021
"6589","48277",21,2021
"6590","48279",2,2021
"6591","48281",41,2021
"6592","48287",17,2021
"6593","48289",4,2021
"6594","48291",19,2021
"6595","48293",11,2021
"6596","48299",96,2021
"6597","48303",261,2021
"6598","48305",4,2021
"6599","48309",242,2021
"6600","48311",5,2021
"6601","48315",9,2021
"6602","48317",35,2021
"6603","48321",15,2021
"6604","48323",14,2021
"6605","48331",13,2021
"6606","48333",8,2021
"6607","48335",1,2021
"6608","48337",6,2021
"6609","48343",21,2021
"6610","48345",1,2021
"6611","48347",25,2021
"6612","48349",51,2021
"6613","48351",17,2021
"6614","48353",1,2021
"6615","48361",19,2021
"6616","48365",3,2021
"6617","48373",29,2021
"6618","48375",87,2021
"6619","48377",3,2021
"6620","48379",5,2021
"6621","48385",15,2021
"6622","48395",36,2021
"6623","48397",292,2021
"6624","48401",18,2021
"6625","48403",3,2021
"6626","48407",8,2021
"6627","48409",28,2021
"6628","48423",250,2021
"6629","48425",9,2021
"6630","48441",70,2021
"6631","48451",51,2021
"6632","48459",35,2021
"6633","48465",0,2021
"6634","48469",65,2021
"6635","48471",26,2021
"6636","48473",60,2021
"6637","48479",142,2021
"6638","48481",8,2021
"6639","48485",89,2021
"6640","48493",35,2021
"6641","48497",32,2021
"6642","48499",17,2021
"6643","48503",3,2021
"6644","48043",5,2021
"6645","48069",4,2021
"6646","48077",4,2021
"6647","48119",5,2021
"6648","48131",15,2021
"6649","48163",8,2021
"6650","48171",2,2021
"6651","48205",3,2021
"6652","48219",7,2021
"6653","48225",4,2021
"6654","48249",13,2021
"6655","48259",3,2021
"6656","48283",1,2021
"6657","48285",4,2021
"6658","48297",9,2021
"6659","48313",13,2021
"6660","48319",6,2021
"6661","48357",2,2021
"6662","48363",7,2021
"6663","48369",2,2021
"6664","48371",6,2021
"6665","48387",2,2021
"6666","48399",2,2021
"6667","48413",2,2021
"6668","48455",3,2021
"6669","48463",1,2021
"6670","48475",2,2021
"6671","48477",4,2021
"6672","48483",3,2021
"6673","48489",1,2021
"6674","48507",3,2021
"6675","48033",0,2021
"6676","48045",1,2021
"6677","48049",3,2021
"6678","48067",4,2021
"6679","48105",2,2021
"6680","48109",2,2021
"6681","48153",2,2021
"6682","48159",4,2021
"6683","48185",6,2021
"6684","48193",3,2021
"6685","48243",2,2021
"6686","48271",1,2021
"6687","48275",1,2021
"6688","48295",1,2021
"6689","48341",4,2021
"6690","48415",2,2021
"6691","48421",1,2021
"6692","48427",13,2021
"6693","48447",6,2021
"6694","48487",4,2021
"6695","48495",2,2021
"6696","48501",0,2021
"6697","48095",1,2021
"6698","48107",1,2021
"6699","48111",2,2021
"6700","48161",3,2021
"6701","48175",1,2021
"6702","48177",1,2021
"6703","48179",1,2021
"6704","48195",1,2021
"6705","48247",1,2021
"6706","48391",2,2021
"6707","48405",1,2021
"6708","48429",1,2021
"6709","48449",1,2021
"6710","48457",1,2021
"6711","48461",1,2021
"6712","48505",3,2021
"6713","48057",0,2021
"6714","48087",0,2021
"6715","48151",0,2021
"6716","48155",0,2021
"6717","48207",0,2021
"6718","48269",0,2021
"6719","48359",0,2021
"6720","48411",0,2021
"6721","48433",0,2021
"6722","48445",0,2021
"6723","48047",0,2021
"6724","48125",0,2021
"6725","48127",0,2021
"6726","48191",0,2021
"6727","48001",45,2022
"6728","48003",16,2022
"6729","48005",55,2022
"6730","48007",30,2022
"6731","48009",16,2022
"6732","48013",63,2022
"6733","48019",331,2022
"6734","48021",204,2022
"6735","48023",1,2022
"6736","48025",24,2022
"6737","48027",720,2022
"6738","48031",145,2022
"6739","48035",28,2022
"6740","48037",74,2022
"6741","48051",14,2022
"6742","48053",109,2022
"6743","48055",223,2022
"6744","48059",52,2022
"6745","48065",5,2022
"6746","48071",45,2022
"6747","48073",19,2022
"6748","48083",8,2022
"6749","48089",17,2022
"6750","48091",1540,2022
"6751","48093",6,2022
"6752","48097",48,2022
"6753","48099",203,2022
"6754","48117",34,2022
"6755","48123",21,2022
"6756","48129",12,2022
"6757","48133",11,2022
"6758","48135",178,2022
"6759","48137",37,2022
"6760","48143",32,2022
"6761","48145",10,2022
"6762","48147",32,2022
"6763","48149",62,2022
"6764","48165",6,2022
"6765","48167",818,2022
"6766","48183",37,2022
"6767","48189",15,2022
"6768","48197",1,2022
"6769","48199",49,2022
"6770","48203",145,2022
"6771","48213",75,2022
"6772","48217",40,2022
"6773","48223",73,2022
"6774","48229",240,2022
"6775","48231",187,2022
"6776","48233",5,2022
"6777","48235",44,2022
"6778","48237",21,2022
"6779","48239",8,2022
"6780","48241",3,2022
"6781","48245",223,2022
"6782","48251",547,2022
"6783","48253",22,2022
"6784","48255",3,2022
"6785","48257",505,2022
"6786","48263",5,2022
"6787","48265",50,2022
"6788","48267",2,2022
"6789","48273",22,2022
"6790","48277",42,2022
"6791","48279",4,2022
"6792","48281",74,2022
"6793","48287",22,2022
"6794","48289",10,2022
"6795","48291",34,2022
"6796","48293",13,2022
"6797","48299",149,2022
"6798","48303",384,2022
"6799","48305",7,2022
"6800","48309",380,2022
"6801","48311",5,2022
"6802","48315",15,2022
"6803","48317",64,2022
"6804","48321",23,2022
"6805","48323",22,2022
"6806","48331",14,2022
"6807","48333",12,2022
"6808","48335",1,2022
"6809","48337",16,2022
"6810","48343",33,2022
"6811","48345",1,2022
"6812","48347",44,2022
"6813","48349",80,2022
"6814","48351",26,2022
"6815","48353",3,2022
"6816","48361",39,2022
"6817","48365",8,2022
"6818","48373",61,2022
"6819","48375",140,2022
"6820","48377",4,2022
"6821","48379",9,2022
"6822","48385",20,2022
"6823","48395",54,2022
"6824","48397",428,2022
"6825","48401",33,2022
"6826","48403",4,2022
"6827","48407",18,2022
"6828","48409",35,2022
"6829","48423",390,2022
"6830","48425",22,2022
"6831","48441",124,2022
"6832","48451",71,2022
"6833","48459",60,2022
"6834","48465",1,2022
"6835","48469",111,2022
"6836","48471",49,2022
"6837","48473",85,2022
"6838","48479",246,2022
"6839","48481",16,2022
"6840","48485",140,2022
"6841","48493",71,2022
"6842","48497",60,2022
"6843","48499",28,2022
"6844","48503",4,2022
"6845","48043",7,2022
"6846","48069",10,2022
"6847","48077",7,2022
"6848","48119",7,2022
"6849","48131",15,2022
"6850","48163",11,2022
"6851","48171",6,2022
"6852","48205",2,2022
"6853","48219",15,2022
"6854","48225",9,2022
"6855","48249",16,2022
"6856","48259",4,2022
"6857","48283",3,2022
"6858","48285",5,2022
"6859","48297",14,2022
"6860","48313",20,2022
"6861","48319",7,2022
"6862","48357",2,2022
"6863","48363",23,2022
"6864","48369",1,2022
"6865","48371",7,2022
"6866","48387",3,2022
"6867","48399",4,2022
"6868","48413",1,2022
"6869","48455",3,2022
"6870","48463",3,2022
"6871","48475",6,2022
"6872","48477",6,2022
"6873","48483",2,2022
"6874","48489",3,2022
"6875","48507",5,2022
"6876","48033",1,2022
"6877","48045",2,2022
"6878","48049",4,2022
"6879","48067",8,2022
"6880","48105",2,2022
"6881","48109",8,2022
"6882","48153",4,2022
"6883","48159",7,2022
"6884","48185",10,2022
"6885","48193",5,2022
"6886","48243",2,2022
"6887","48271",5,2022
"6888","48275",0,2022
"6889","48295",1,2022
"6890","48341",5,2022
"6891","48415",2,2022
"6892","48421",2,2022
"6893","48427",17,2022
"6894","48447",7,2022
"6895","48487",4,2022
"6896","48495",3,2022
"6897","48501",1,2022
"6898","48095",2,2022
"6899","48107",2,2022
"6900","48111",1,2022
"6901","48161",7,2022
"6902","48175",2,2022
"6903","48177",1,2022
"6904","48179",1,2022
"6905","48195",2,2022
"6906","48247",1,2022
"6907","48391",1,2022
"6908","48405",4,2022
"6909","48429",1,2022
"6910","48449",1,2022
"6911","48457",5,2022
"6912","48461",1,2022
"6913","48505",3,2022
"6914","48057",2,2022
"6915","48087",1,2022
"6916","48151",1,2022
"6917","48155",1,2022
"6918","48207",2,2022
"6919","48269",1,2022
"6920","48359",1,2022
"6921","48411",1,2022
"6922","48433",1,2022
"6923","48445",5,2022
"6924","48047",0,2022
"6925","48125",0,2022
"6926","48127",0,2022
"6927","48191",0,2022
"6928","48001",57,2023
"6929","48003",17,2023
"6930","48005",82,2023
"6931","48007",42,2023
"6932","48009",26,2023
"6933","48013",85,2023
"6934","48019",474,2023
"6935","48021",335,2023
"6936","48023",3,2023
"6937","48025",35,2023
"6938","48027",1018,2023
"6939","48031",217,2023
"6940","48035",35,2023
"6941","48037",107,2023
"6942","48051",15,2023
"6943","48053",163,2023
"6944","48055",250,2023
"6945","48059",63,2023
"6946","48065",5,2023
"6947","48071",74,2023
"6948","48073",31,2023
"6949","48083",16,2023
"6950","48089",21,2023
"6951","48091",2171,2023
"6952","48093",5,2023
"6953","48097",54,2023
"6954","48099",285,2023
"6955","48117",47,2023
"6956","48123",26,2023
"6957","48129",18,2023
"6958","48133",23,2023
"6959","48135",262,2023
"6960","48137",45,2023
"6961","48143",56,2023
"6962","48145",8,2023
"6963","48147",39,2023
"6964","48149",98,2023
"6965","48165",9,2023
"6966","48167",1427,2023
"6967","48183",61,2023
"6968","48189",24,2023
"6969","48197",0,2023
"6970","48199",63,2023
"6971","48203",207,2023
"6972","48213",98,2023
"6973","48217",54,2023
"6974","48223",92,2023
"6975","48229",364,2023
"6976","48231",274,2023
"6977","48233",7,2023
"6978","48235",67,2023
"6979","48237",28,2023
"6980","48239",12,2023
"6981","48241",4,2023
"6982","48245",371,2023
"6983","48251",750,2023
"6984","48253",31,2023
"6985","48255",1,2023
"6986","48257",921,2023
"6987","48263",15,2023
"6988","48265",61,2023
"6989","48267",3,2023
"6990","48273",32,2023
"6991","48277",58,2023
"6992","48279",5,2023
"6993","48281",103,2023
"6994","48287",46,2023
"6995","48289",10,2023
"6996","48291",46,2023
"6997","48293",15,2023
"6998","48299",211,2023
"6999","48303",581,2023
"7000","48305",12,2023
"7001","48309",558,2023
"7002","48311",7,2023
"7003","48315",18,2023
"7004","48317",93,2023
"7005","48321",32,2023
"7006","48323",38,2023
"7007","48331",29,2023
"7008","48333",17,2023
"7009","48335",1,2023
"7010","48337",27,2023
"7011","48343",47,2023
"7012","48345",2,2023
"7013","48347",69,2023
"7014","48349",131,2023
"7015","48351",33,2023
"7016","48353",6,2023
"7017","48361",58,2023
"7018","48365",18,2023
"7019","48373",67,2023
"7020","48375",201,2023
"7021","48377",5,2023
"7022","48379",13,2023
"7023","48385",25,2023
"7024","48395",98,2023
"7025","48397",641,2023
"7026","48401",64,2023
"7027","48403",8,2023
"7028","48407",21,2023
"7029","48409",58,2023
"7030","48423",511,2023
"7031","48425",22,2023
"7032","48441",161,2023
"7033","48451",93,2023
"7034","48459",88,2023
"7035","48465",1,2023
"7036","48469",140,2023
"7037","48471",83,2023
"7038","48473",146,2023
"7039","48479",329,2023
"7040","48481",19,2023
"7041","48485",186,2023
"7042","48493",111,2023
"7043","48497",98,2023
"7044","48499",42,2023
"7045","48503",7,2023
"7046","48043",12,2023
"7047","48069",12,2023
"7048","48077",12,2023
"7049","48119",6,2023
"7050","48131",27,2023
"7051","48163",14,2023
"7052","48171",8,2023
"7053","48205",6,2023
"7054","48219",20,2023
"7055","48225",12,2023
"7056","48249",20,2023
"7057","48259",4,2023
"7058","48283",4,2023
"7059","48285",8,2023
"7060","48297",18,2023
"7061","48313",26,2023
"7062","48319",9,2023
"7063","48357",5,2023
"7064","48363",34,2023
"7065","48369",1,2023
"7066","48371",6,2023
"7067","48387",3,2023
"7068","48399",4,2023
"7069","48413",4,2023
"7070","48455",2,2023
"7071","48463",3,2023
"7072","48475",8,2023
"7073","48477",5,2023
"7074","48483",2,2023
"7075","48489",5,2023
"7076","48507",8,2023
"7077","48033",1,2023
"7078","48045",1,2023
"7079","48049",12,2023
"7080","48067",17,2023
"7081","48105",1,2023
"7082","48109",11,2023
"7083","48153",7,2023
"7084","48159",7,2023
"7085","48185",15,2023
"7086","48193",4,2023
"7087","48243",5,2023
"7088","48271",5,2023
"7089","48275",0,2023
"7090","48295",1,2023
"7091","48341",6,2023
"7092","48415",3,2023
"7093","48421",3,2023
"7094","48427",29,2023
"7095","48447",16,2023
"7096","48487",8,2023
"7097","48495",2,2023
"7098","48501",1,2023
"7099","48095",11,2023
"7100","48107",4,2023
"7101","48111",1,2023
"7102","48161",13,2023
"7103","48175",3,2023
"7104","48177",3,2023
"7105","48179",0,2023
"7106","48195",2,2023
"7107","48247",1,2023
"7108","48391",2,2023
"7109","48405",9,2023
"7110","48429",1,2023
"7111","48449",2,2023
"7112","48457",7,2023
"7113","48461",2,2023
"7114","48505",4,2023
"7115","48057",9,2023
"7116","48087",0,2023
"7117","48151",2,2023
"7118","48155",6,2023
"7119","48207",2,2023
"7120","48269",1,2023
"7121","48359",1,2023
"7122","48411",2,2023
"7123","48433",1,2023
"7124","48445",8,2023
"7125","48047",1,2023
"7126","48125",1,2023
"7127","48127",2,2023
"7128","48191",1,2023
"7129","49001",0,2018
"7130","49003",28,2018
"7131","49007",5,2018
"7132","49009",1,2018
"7133","49013",7,2018
"7134","49015",0,2018
"7135","49017",3,2018
"7136","49019",9,2018
"7137","49023",2,2018
"7138","49025",3,2018
"7139","49027",4,2018
"7140","49029",15,2018
"7141","49031",1,2018
"7142","49033",1,2018
"7143","49039",11,2018
"7144","49041",3,2018
"7145","49045",49,2018
"7146","49047",3,2018
"7147","49055",2,2018
"7148","49057",225,2018
"7149","49001",1,2019
"7150","49003",38,2019
"7151","49007",4,2019
"7152","49009",1,2019
"7153","49013",6,2019
"7154","49015",1,2019
"7155","49017",4,2019
"7156","49019",12,2019
"7157","49023",4,2019
"7158","49025",1,2019
"7159","49027",2,2019
"7160","49029",25,2019
"7161","49031",1,2019
"7162","49033",1,2019
"7163","49039",13,2019
"7164","49041",4,2019
"7165","49045",71,2019
"7166","49047",7,2019
"7167","49055",2,2019
"7168","49057",343,2019
"7169","49001",2,2020
"7170","49003",58,2020
"7171","49007",6,2020
"7172","49009",0,2020
"7173","49013",9,2020
"7174","49015",0,2020
"7175","49017",6,2020
"7176","49019",13,2020
"7177","49023",5,2020
"7178","49025",8,2020
"7179","49027",5,2020
"7180","49029",36,2020
"7181","49031",1,2020
"7182","49033",3,2020
"7183","49039",24,2020
"7184","49041",9,2020
"7185","49045",95,2020
"7186","49047",12,2020
"7187","49055",2,2020
"7188","49057",482,2020
"7189","49001",3,2021
"7190","49003",93,2021
"7191","49007",11,2021
"7192","49009",0,2021
"7193","49013",9,2021
"7194","49015",2,2021
"7195","49017",7,2021
"7196","49019",21,2021
"7197","49023",12,2021
"7198","49025",15,2021
"7199","49027",6,2021
"7200","49029",68,2021
"7201","49031",1,2021
"7202","49033",5,2021
"7203","49039",34,2021
"7204","49041",14,2021
"7205","49045",176,2021
"7206","49047",25,2021
"7207","49055",2,2021
"7208","49057",735,2021
"7209","49001",4,2022
"7210","49003",161,2022
"7211","49007",20,2022
"7212","49009",1,2022
"7213","49013",16,2022
"7214","49015",3,2022
"7215","49017",15,2022
"7216","49019",32,2022
"7217","49023",25,2022
"7218","49025",29,2022
"7219","49027",15,2022
"7220","49029",117,2022
"7221","49031",1,2022
"7222","49033",4,2022
"7223","49039",53,2022
"7224","49041",17,2022
"7225","49045",281,2022
"7226","49047",39,2022
"7227","49055",6,2022
"7228","49057",1185,2022
"7229","49001",7,2023
"7230","49003",235,2023
"7231","49007",35,2023
"7232","49009",1,2023
"7233","49013",23,2023
"7234","49015",8,2023
"7235","49017",22,2023
"7236","49019",53,2023
"7237","49023",44,2023
"7238","49025",43,2023
"7239","49027",19,2023
"7240","49029",172,2023
"7241","49031",2,2023
"7242","49033",5,2023
"7243","49039",88,2023
"7244","49041",33,2023
"7245","49045",415,2023
"7246","49047",68,2023
"7247","49055",12,2023
"7248","49057",1718,2023
"7249","51001",67,2018
"7250","51003",185,2018
"7251","51007",1,2018
"7252","51009",11,2018
"7253","51015",21,2018
"7254","51017",2,2018
"7255","51019",33,2018
"7256","51021",1,2018
"7257","51023",8,2018
"7258","51029",4,2018
"7259","51031",7,2018
"7260","51033",6,2018
"7261","51035",4,2018
"7262","51036",1,2018
"7263","51037",1,2018
"7264","51043",16,2018
"7265","51047",20,2018
"7266","51051",1,2018
"7267","51053",2,2018
"7268","51061",73,2018
"7269","51063",4,2018
"7270","51065",12,2018
"7271","51067",10,2018
"7272","51069",32,2018
"7273","51073",5,2018
"7274","51077",2,2018
"7275","51079",8,2018
"7276","51083",2,2018
"7277","51089",5,2018
"7278","51091",1,2018
"7279","51093",11,2018
"7280","51095",72,2018
"7281","51099",13,2018
"7282","51101",3,2018
"7283","51103",8,2018
"7284","51105",3,2018
"7285","51113",1,2018
"7286","51115",3,2018
"7287","51117",5,2018
"7288","51119",5,2018
"7289","51121",58,2018
"7290","51125",14,2018
"7291","51127",12,2018
"7292","51131",4,2018
"7293","51133",7,2018
"7294","51135",4,2018
"7295","51137",18,2018
"7296","51139",4,2018
"7297","51141",1,2018
"7298","51143",2,2018
"7299","51145",11,2018
"7300","51147",3,2018
"7301","51155",1,2018
"7302","51157",7,2018
"7303","51159",2,2018
"7304","51161",33,2018
"7305","51163",5,2018
"7306","51165",33,2018
"7307","51167",4,2018
"7308","51171",11,2018
"7309","51173",2,2018
"7310","51177",77,2018
"7311","51179",111,2018
"7312","51181",1,2018
"7313","51187",7,2018
"7314","51191",12,2018
"7315","51195",1,2018
"7316","51197",4,2018
"7317","51199",46,2018
"7318","51520",1,2018
"7319","51530",2,2018
"7320","51540",84,2018
"7321","51550",111,2018
"7322","51570",3,2018
"7323","51590",9,2018
"7324","51610",66,2018
"7325","51630",19,2018
"7326","51640",1,2018
"7327","51650",26,2018
"7328","51660",20,2018
"7329","51670",1,2018
"7330","51683",27,2018
"7331","51700",48,2018
"7332","51730",5,2018
"7333","51735",11,2018
"7334","51750",5,2018
"7335","51760",146,2018
"7336","51770",39,2018
"7337","51775",19,2018
"7338","51790",8,2018
"7339","51810",277,2018
"7340","51820",5,2018
"7341","51830",16,2018
"7342","51840",16,2018
"7343","51005",0,2018
"7344","51011",0,2018
"7345","51025",0,2018
"7346","51045",0,2018
"7347","51071",0,2018
"7348","51081",0,2018
"7349","51111",0,2018
"7350","51169",0,2018
"7351","51183",0,2018
"7352","51185",0,2018
"7353","51620",0,2018
"7354","51690",0,2018
"7355","51175",0,2018
"7356","51027",0,2018
"7357","51057",0,2018
"7358","51097",0,2018
"7359","51049",0,2018
"7360","51720",0,2018
"7361","51001",75,2019
"7362","51003",299,2019
"7363","51007",2,2019
"7364","51009",12,2019
"7365","51015",31,2019
"7366","51017",1,2019
"7367","51019",41,2019
"7368","51021",1,2019
"7369","51023",18,2019
"7370","51029",5,2019
"7371","51031",8,2019
"7372","51033",8,2019
"7373","51035",9,2019
"7374","51036",3,2019
"7375","51037",1,2019
"7376","51043",25,2019
"7377","51047",34,2019
"7378","51051",1,2019
"7379","51053",4,2019
"7380","51061",113,2019
"7381","51063",10,2019
"7382","51065",19,2019
"7383","51067",16,2019
"7384","51069",59,2019
"7385","51073",7,2019
"7386","51077",2,2019
"7387","51079",7,2019
"7388","51083",5,2019
"7389","51089",7,2019
"7390","51091",1,2019
"7391","51093",16,2019
"7392","51095",107,2019
"7393","51099",20,2019
"7394","51101",2,2019
"7395","51103",18,2019
"7396","51105",4,2019
"7397","51113",4,2019
"7398","51115",4,2019
"7399","51117",6,2019
"7400","51119",7,2019
"7401","51121",82,2019
"7402","51125",25,2019
"7403","51127",20,2019
"7404","51131",6,2019
"7405","51133",7,2019
"7406","51135",4,2019
"7407","51137",22,2019
"7408","51139",4,2019
"7409","51141",1,2019
"7410","51143",2,2019
"7411","51145",15,2019
"7412","51147",5,2019
"7413","51155",6,2019
"7414","51157",11,2019
"7415","51159",5,2019
"7416","51161",58,2019
"7417","51163",10,2019
"7418","51165",52,2019
"7419","51167",3,2019
"7420","51171",16,2019
"7421","51173",2,2019
"7422","51177",121,2019
"7423","51179",196,2019
"7424","51181",3,2019
"7425","51187",19,2019
"7426","51191",19,2019
"7427","51195",3,2019
"7428","51197",5,2019
"7429","51199",74,2019
"7430","51520",4,2019
"7431","51530",2,2019
"7432","51540",120,2019
"7433","51550",174,2019
"7434","51570",8,2019
"7435","51590",10,2019
"7436","51610",105,2019
"7437","51630",33,2019
"7438","51640",0,2019
"7439","51650",58,2019
"7440","51660",29,2019
"7441","51670",4,2019
"7442","51683",46,2019
"7443","51700",73,2019
"7444","51730",3,2019
"7445","51735",12,2019
"7446","51750",6,2019
"7447","51760",226,2019
"7448","51770",56,2019
"7449","51775",26,2019
"7450","51790",10,2019
"7451","51810",417,2019
"7452","51820",12,2019
"7453","51830",18,2019
"7454","51840",27,2019
"7455","51005",1,2019
"7456","51011",3,2019
"7457","51025",1,2019
"7458","51045",1,2019
"7459","51071",2,2019
"7460","51081",1,2019
"7461","51111",1,2019
"7462","51169",1,2019
"7463","51183",1,2019
"7464","51185",3,2019
"7465","51620",1,2019
"7466","51690",1,2019
"7467","51175",0,2019
"7468","51027",0,2019
"7469","51057",0,2019
"7470","51097",0,2019
"7471","51049",0,2019
"7472","51720",0,2019
"7473","51001",74,2020
"7474","51003",422,2020
"7475","51007",3,2020
"7476","51009",22,2020
"7477","51015",47,2020
"7478","51017",2,2020
"7479","51019",73,2020
"7480","51021",2,2020
"7481","51023",20,2020
"7482","51029",5,2020
"7483","51031",19,2020
"7484","51033",16,2020
"7485","51035",10,2020
"7486","51036",3,2020
"7487","51037",3,2020
"7488","51043",33,2020
"7489","51047",44,2020
"7490","51051",1,2020
"7491","51053",4,2020
"7492","51061",172,2020
"7493","51063",10,2020
"7494","51065",26,2020
"7495","51067",31,2020
"7496","51069",89,2020
"7497","51073",15,2020
"7498","51077",2,2020
"7499","51079",13,2020
"7500","51083",8,2020
"7501","51089",10,2020
"7502","51091",2,2020
"7503","51093",35,2020
"7504","51095",162,2020
"7505","51099",32,2020
"7506","51101",4,2020
"7507","51103",24,2020
"7508","51105",5,2020
"7509","51113",7,2020
"7510","51115",6,2020
"7511","51117",9,2020
"7512","51119",13,2020
"7513","51121",120,2020
"7514","51125",35,2020
"7515","51127",26,2020
"7516","51131",10,2020
"7517","51133",13,2020
"7518","51135",9,2020
"7519","51137",31,2020
"7520","51139",8,2020
"7521","51141",0,2020
"7522","51143",8,2020
"7523","51145",30,2020
"7524","51147",7,2020
"7525","51155",11,2020
"7526","51157",14,2020
"7527","51159",9,2020
"7528","51161",93,2020
"7529","51163",13,2020
"7530","51165",75,2020
"7531","51167",4,2020
"7532","51171",26,2020
"7533","51173",5,2020
"7534","51177",190,2020
"7535","51179",275,2020
"7536","51181",5,2020
"7537","51187",35,2020
"7538","51191",31,2020
"7539","51195",2,2020
"7540","51197",10,2020
"7541","51199",105,2020
"7542","51520",2,2020
"7543","51530",1,2020
"7544","51540",171,2020
"7545","51550",268,2020
"7546","51570",11,2020
"7547","51590",8,2020
"7548","51610",122,2020
"7549","51630",46,2020
"7550","51640",2,2020
"7551","51650",103,2020
"7552","51660",36,2020
"7553","51670",5,2020
"7554","51683",53,2020
"7555","51700",101,2020
"7556","51730",5,2020
"7557","51735",14,2020
"7558","51750",7,2020
"7559","51760",345,2020
"7560","51770",67,2020
"7561","51775",32,2020
"7562","51790",17,2020
"7563","51810",684,2020
"7564","51820",16,2020
"7565","51830",26,2020
"7566","51840",34,2020
"7567","51005",1,2020
"7568","51011",3,2020
"7569","51025",1,2020
"7570","51045",2,2020
"7571","51071",3,2020
"7572","51081",2,2020
"7573","51111",3,2020
"7574","51169",1,2020
"7575","51183",2,2020
"7576","51185",5,2020
"7577","51620",1,2020
"7578","51690",2,2020
"7579","51175",1,2020
"7580","51027",0,2020
"7581","51057",0,2020
"7582","51097",0,2020
"7583","51049",0,2020
"7584","51720",0,2020
"7585","51001",84,2021
"7586","51003",633,2021
"7587","51007",8,2021
"7588","51009",24,2021
"7589","51015",78,2021
"7590","51017",7,2021
"7591","51019",110,2021
"7592","51021",3,2021
"7593","51023",33,2021
"7594","51029",6,2021
"7595","51031",38,2021
"7596","51033",29,2021
"7597","51035",16,2021
"7598","51036",5,2021
"7599","51037",5,2021
"7600","51043",62,2021
"7601","51047",61,2021
"7602","51051",2,2021
"7603","51053",10,2021
"7604","51061",270,2021
"7605","51063",14,2021
"7606","51065",45,2021
"7607","51067",55,2021
"7608","51069",167,2021
"7609","51073",29,2021
"7610","51077",4,2021
"7611","51079",28,2021
"7612","51083",13,2021
"7613","51089",21,2021
"7614","51091",4,2021
"7615","51093",60,2021
"7616","51095",262,2021
"7617","51099",53,2021
"7618","51101",7,2021
"7619","51103",31,2021
"7620","51105",7,2021
"7621","51113",14,2021
"7622","51115",9,2021
"7623","51117",12,2021
"7624","51119",21,2021
"7625","51121",175,2021
"7626","51125",55,2021
"7627","51127",56,2021
"7628","51131",22,2021
"7629","51133",24,2021
"7630","51135",10,2021
"7631","51137",45,2021
"7632","51139",10,2021
"7633","51141",1,2021
"7634","51143",12,2021
"7635","51145",48,2021
"7636","51147",12,2021
"7637","51155",18,2021
"7638","51157",27,2021
"7639","51159",13,2021
"7640","51161",130,2021
"7641","51163",24,2021
"7642","51165",112,2021
"7643","51167",5,2021
"7644","51171",44,2021
"7645","51173",3,2021
"7646","51177",332,2021
"7647","51179",519,2021
"7648","51181",5,2021
"7649","51187",55,2021
"7650","51191",49,2021
"7651","51195",6,2021
"7652","51197",16,2021
"7653","51199",159,2021
"7654","51520",10,2021
"7655","51530",1,2021
"7656","51540",246,2021
"7657","51550",470,2021
"7658","51570",18,2021
"7659","51590",19,2021
"7660","51610",167,2021
"7661","51630",81,2021
"7662","51640",1,2021
"7663","51650",150,2021
"7664","51660",59,2021
"7665","51670",7,2021
"7666","51683",94,2021
"7667","51700",210,2021
"7668","51730",10,2021
"7669","51735",23,2021
"7670","51750",9,2021
"7671","51760",512,2021
"7672","51770",109,2021
"7673","51775",39,2021
"7674","51790",31,2021
"7675","51810",1034,2021
"7676","51820",25,2021
"7677","51830",40,2021
"7678","51840",47,2021
"7679","51005",3,2021
"7680","51011",2,2021
"7681","51025",2,2021
"7682","51045",1,2021
"7683","51071",4,2021
"7684","51081",2,2021
"7685","51111",3,2021
"7686","51169",2,2021
"7687","51183",3,2021
"7688","51185",10,2021
"7689","51620",3,2021
"7690","51690",6,2021
"7691","51175",2,2021
"7692","51027",2,2021
"7693","51057",2,2021
"7694","51097",1,2021
"7695","51049",0,2021
"7696","51720",0,2021
"7697","51001",99,2022
"7698","51003",963,2022
"7699","51007",12,2022
"7700","51009",43,2022
"7701","51015",142,2022
"7702","51017",7,2022
"7703","51019",171,2022
"7704","51021",3,2022
"7705","51023",56,2022
"7706","51029",12,2022
"7707","51031",64,2022
"7708","51033",51,2022
"7709","51035",29,2022
"7710","51036",10,2022
"7711","51037",5,2022
"7712","51043",97,2022
"7713","51047",126,2022
"7714","51051",5,2022
"7715","51053",21,2022
"7716","51061",444,2022
"7717","51063",26,2022
"7718","51065",77,2022
"7719","51067",86,2022
"7720","51069",303,2022
"7721","51073",60,2022
"7722","51077",8,2022
"7723","51079",40,2022
"7724","51083",24,2022
"7725","51089",32,2022
"7726","51091",5,2022
"7727","51093",102,2022
"7728","51095",478,2022
"7729","51099",103,2022
"7730","51101",12,2022
"7731","51103",49,2022
"7732","51105",9,2022
"7733","51113",27,2022
"7734","51115",11,2022
"7735","51117",22,2022
"7736","51119",31,2022
"7737","51121",310,2022
"7738","51125",61,2022
"7739","51127",85,2022
"7740","51131",30,2022
"7741","51133",40,2022
"7742","51135",12,2022
"7743","51137",72,2022
"7744","51139",22,2022
"7745","51141",4,2022
"7746","51143",28,2022
"7747","51145",93,2022
"7748","51147",17,2022
"7749","51155",34,2022
"7750","51157",39,2022
"7751","51159",17,2022
"7752","51161",235,2022
"7753","51163",44,2022
"7754","51165",166,2022
"7755","51167",7,2022
"7756","51171",72,2022
"7757","51173",9,2022
"7758","51177",536,2022
"7759","51179",871,2022
"7760","51181",5,2022
"7761","51187",90,2022
"7762","51191",81,2022
"7763","51195",16,2022
"7764","51197",16,2022
"7765","51199",270,2022
"7766","51520",19,2022
"7767","51530",0,2022
"7768","51540",383,2022
"7769","51550",769,2022
"7770","51570",35,2022
"7771","51590",32,2022
"7772","51610",294,2022
"7773","51630",155,2022
"7774","51640",5,2022
"7775","51650",236,2022
"7776","51660",74,2022
"7777","51670",16,2022
"7778","51683",176,2022
"7779","51700",333,2022
"7780","51730",15,2022
"7781","51735",38,2022
"7782","51750",16,2022
"7783","51760",780,2022
"7784","51770",163,2022
"7785","51775",59,2022
"7786","51790",61,2022
"7787","51810",1656,2022
"7788","51820",38,2022
"7789","51830",60,2022
"7790","51840",86,2022
"7791","51005",6,2022
"7792","51011",3,2022
"7793","51025",7,2022
"7794","51045",2,2022
"7795","51071",8,2022
"7796","51081",4,2022
"7797","51111",9,2022
"7798","51169",8,2022
"7799","51183",11,2022
"7800","51185",11,2022
"7801","51620",3,2022
"7802","51690",14,2022
"7803","51175",10,2022
"7804","51027",1,2022
"7805","51057",6,2022
"7806","51097",1,2022
"7807","51049",4,2022
"7808","51720",0,2022
"7809","51001",116,2023
"7810","51003",1521,2023
"7811","51007",22,2023
"7812","51009",51,2023
"7813","51015",209,2023
"7814","51017",9,2023
"7815","51019",267,2023
"7816","51021",3,2023
"7817","51023",88,2023
"7818","51029",21,2023
"7819","51031",99,2023
"7820","51033",92,2023
"7821","51035",40,2023
"7822","51036",17,2023
"7823","51037",8,2023
"7824","51043",150,2023
"7825","51047",196,2023
"7826","51051",5,2023
"7827","51053",35,2023
"7828","51061",619,2023
"7829","51063",36,2023
"7830","51065",111,2023
"7831","51067",107,2023
"7832","51069",475,2023
"7833","51073",93,2023
"7834","51077",13,2023
"7835","51079",67,2023
"7836","51083",41,2023
"7837","51089",38,2023
"7838","51091",6,2023
"7839","51093",170,2023
"7840","51095",687,2023
"7841","51099",159,2023
"7842","51101",24,2023
"7843","51103",63,2023
"7844","51105",18,2023
"7845","51113",39,2023
"7846","51115",21,2023
"7847","51117",35,2023
"7848","51119",40,2023
"7849","51121",443,2023
"7850","51125",87,2023
"7851","51127",146,2023
"7852","51131",39,2023
"7853","51133",49,2023
"7854","51135",13,2023
"7855","51137",120,2023
"7856","51139",31,2023
"7857","51141",10,2023
"7858","51143",32,2023
"7859","51145",139,2023
"7860","51147",33,2023
"7861","51155",49,2023
"7862","51157",58,2023
"7863","51159",28,2023
"7864","51161",381,2023
"7865","51163",63,2023
"7866","51165",257,2023
"7867","51167",10,2023
"7868","51171",115,2023
"7869","51173",18,2023
"7870","51177",863,2023
"7871","51179",1400,2023
"7872","51181",7,2023
"7873","51187",132,2023
"7874","51191",117,2023
"7875","51195",27,2023
"7876","51197",30,2023
"7877","51199",460,2023
"7878","51520",21,2023
"7879","51530",4,2023
"7880","51540",498,2023
"7881","51550",1163,2023
"7882","51570",49,2023
"7883","51590",47,2023
"7884","51610",484,2023
"7885","51630",227,2023
"7886","51640",6,2023
"7887","51650",376,2023
"7888","51660",135,2023
"7889","51670",33,2023
"7890","51683",219,2023
"7891","51700",492,2023
"7892","51730",39,2023
"7893","51735",55,2023
"7894","51750",18,2023
"7895","51760",1193,2023
"7896","51770",269,2023
"7897","51775",79,2023
"7898","51790",97,2023
"7899","51810",2474,2023
"7900","51820",61,2023
"7901","51830",89,2023
"7902","51840",115,2023
"7903","51005",10,2023
"7904","51011",10,2023
"7905","51025",11,2023
"7906","51045",6,2023
"7907","51071",12,2023
"7908","51081",7,2023
"7909","51111",7,2023
"7910","51169",14,2023
"7911","51183",13,2023
"7912","51185",20,2023
"7913","51620",8,2023
"7914","51690",28,2023
"7915","51175",18,2023
"7916","51027",1,2023
"7917","51057",19,2023
"7918","51097",3,2023
"7919","51049",4,2023
"7920","51720",3,2023
"7921","50001",80,2018
"7922","50005",7,2018
"7923","50009",6,2018
"7924","50011",23,2018
"7925","50013",10,2018
"7926","50019",13,2018
"7927","50021",53,2018
"7928","50001",118,2019
"7929","50005",13,2019
"7930","50009",12,2019
"7931","50011",37,2019
"7932","50013",21,2019
"7933","50019",19,2019
"7934","50021",69,2019
"7935","50001",153,2020
"7936","50005",20,2020
"7937","50009",18,2020
"7938","50011",46,2020
"7939","50013",26,2020
"7940","50019",34,2020
"7941","50021",105,2020
"7942","50001",254,2021
"7943","50005",38,2021
"7944","50009",31,2021
"7945","50011",92,2021
"7946","50013",37,2021
"7947","50019",59,2021
"7948","50021",215,2021
"7949","50001",344,2022
"7950","50005",69,2022
"7951","50009",47,2022
"7952","50011",136,2022
"7953","50013",60,2022
"7954","50019",108,2022
"7955","50021",304,2022
"7956","50001",449,2023
"7957","50005",87,2023
"7958","50009",63,2023
"7959","50011",167,2023
"7960","50013",68,2023
"7961","50019",137,2023
"7962","50021",395,2023
"7963","53001",2,2018
"7964","53003",3,2018
"7965","53013",3,2018
"7966","53019",1,2018
"7967","53021",53,2018
"7968","53023",2,2018
"7969","53025",22,2018
"7970","53027",61,2018
"7971","53031",168,2018
"7972","53041",93,2018
"7973","53043",5,2018
"7974","53047",42,2018
"7975","53049",21,2018
"7976","53051",2,2018
"7977","53069",2,2018
"7978","53001",2,2019
"7979","53003",4,2019
"7980","53013",2,2019
"7981","53019",1,2019
"7982","53021",56,2019
"7983","53023",3,2019
"7984","53025",34,2019
"7985","53027",89,2019
"7986","53031",210,2019
"7987","53041",101,2019
"7988","53043",3,2019
"7989","53047",58,2019
"7990","53049",30,2019
"7991","53051",6,2019
"7992","53069",6,2019
"7993","53001",2,2020
"7994","53003",8,2020
"7995","53013",6,2020
"7996","53019",1,2020
"7997","53021",95,2020
"7998","53023",5,2020
"7999","53025",49,2020
"8000","53027",115,2020
"8001","53031",275,2020
"8002","53041",118,2020
"8003","53043",6,2020
"8004","53047",93,2020
"8005","53049",34,2020
"8006","53051",8,2020
"8007","53069",8,2020
"8008","53001",6,2021
"8009","53003",8,2021
"8010","53013",7,2021
"8011","53019",4,2021
"8012","53021",181,2021
"8013","53023",8,2021
"8014","53025",99,2021
"8015","53027",188,2021
"8016","53031",382,2021
"8017","53041",222,2021
"8018","53043",14,2021
"8019","53047",135,2021
"8020","53049",65,2021
"8021","53051",10,2021
"8022","53069",20,2021
"8023","53001",8,2022
"8024","53003",7,2022
"8025","53013",8,2022
"8026","53019",9,2022
"8027","53021",271,2022
"8028","53023",12,2022
"8029","53025",153,2022
"8030","53027",226,2022
"8031","53031",478,2022
"8032","53041",263,2022
"8033","53043",16,2022
"8034","53047",196,2022
"8035","53049",77,2022
"8036","53051",16,2022
"8037","53069",32,2022
"8038","53001",11,2023
"8039","53003",7,2023
"8040","53013",10,2023
"8041","53019",9,2023
"8042","53021",405,2023
"8043","53023",16,2023
"8044","53025",256,2023
"8045","53027",358,2023
"8046","53031",682,2023
"8047","53041",402,2023
"8048","53043",32,2023
"8049","53047",296,2023
"8050","53049",107,2023
"8051","53051",23,2023
"8052","53069",40,2023
